EffectId	Index	text_ENG	desc_ENG	Flag	CombatTag	ExplorationTag	ValueTag0	Value0_1	Value0_2	ValueTag1	Value1_1	Value1_2	ValueTag2	Value2_1	Value2_2	ValueTag3	Value3_1	Value3_2	text_JPN	desc_JPN	text_CHS	desc_CHS	text_CHT	desc_CHT	text_KOR	desc_KOR
0	0			0	0	0	0	0	0	0	0	0	0	0	0	0	0	0								
662453033	1	Air Attack Charge S	Boosts air skill power by {1}%.	1	1497229439	0	1593149999	10	20	939730027	5	10	0	0	0	0	0	0	風属性攻撃強化・小	風スキル威力が{1}％上昇する	风属性攻击强化・小	风技能威力提升{1}%。	風屬性攻擊強化‧小	風技能威力上升{1}%。	풍속성공격 강화ㆍ소	풍속성 스킬 위력이 {1}% 상승한다
1099601261	2	Air Attack Charge M	Boosts air skill power by {1}%.	1	1497229439	0	1593149999	30	45	939730027	10	15	0	0	0	0	0	0	風属性攻撃強化・中	風スキル威力が{1}％上昇する	风属性攻击强化・中	风技能威力提升{1}%。	風屬性攻擊強化‧中	風技能威力上升{1}%。	풍속성공격 강화ㆍ중	풍속성 스킬 위력이 {1}% 상승한다
915252731	3	Air Attack Charge L	Boosts air skill power by {1}%.	1	1497229439	0	1593149999	55	75	939730027	15	20	0	0	0	0	0	0	風属性攻撃強化・大	風スキル威力が{1}％上昇する	风属性攻击强化・大	风技能威力提升{1}%。	風屬性攻擊強化‧大	風技能威力上升{1}%。	풍속성공격 강화ㆍ대	풍속성 스킬 위력이 {1}% 상승한다
1461112744	4	Full-Fledged Adventurer	Boosts air skill power by {1}%. Boosts all stats by {2}.	1	1497229439	0	1593149999	100	150	939730027	20	25	1325667581	20	20	0	0	0	いっぱしの冒険者	風スキル威力が{1}％上昇する。全能力が{2}上昇する	有模有样的冒险者	风技能威力提升{1}%。全能力提升{2}。	有模有樣的冒險者	風技能威力上升{1}%。全能力上升{2}。	어엿한 모험가	풍속성 스킬 위력이 {1}% 상승한다.모든 능력이 {2} 상승한다
538050354	5	Full-Fledged Adventurer	Boosts air skill power by {1}%. Boosts all stats by {2}.	0	1497229439	0	1593149999	150	150	939730027	25	25	1325667581	20	20	0	0	0	いっぱしの冒険者	風スキル威力が{1}％上昇する。全能力が{2}上昇する	有模有样的冒险者	风技能威力提升{1}%。全能力提升{2}。	有模有樣的冒險者	風技能威力上升{1}%。全能力上升{2}。	어엿한 모험가	풍속성 스킬 위력이 {1}% 상승한다.모든 능력이 {2} 상승한다
624592242	6	Attack Mastery S	Boost critical rate by {1}%.	1	1497229439	0	1555248248	20	40	977639986	3	8	0	0	0	0	0	0	攻撃の極意・小	クリティカル率が{1}％上昇する	攻击奥义・小	暴击率提升{1}%。	攻擊奧義‧小	重擊率上升{1}%。	공격의 극의ㆍ소	크리티컬 확률이 {1}% 상승한다
1137453876	7	Attack Mastery M	Boost critical rate by {1}%.	1	1497229439	0	1555248248	50	70	977639986	9	15	0	0	0	0	0	0	攻撃の極意・中	クリティカル率が{1}％上昇する	攻击奥义・中	暴击率提升{1}%。	攻擊奧義‧中	重擊率上升{1}%。	공격의 극의ㆍ중	크리티컬 확률이 {1}% 상승한다
885726114	8	Attack Mastery L	Boost critical rate by {1}%.	1	1497229439	0	1555248248	80	100	977639986	16	24	0	0	0	0	0	0	攻撃の極意・大	クリティカル率が{1}％上昇する	攻击奥义・大	暴击率提升{1}%。	攻擊奧義‧大	重擊率上升{1}%。	공격의 극의ㆍ대	크리티컬 확률이 {1}% 상승한다
1431335423	9	Behemoth Blow	Boosts critical rate by {1}%. Increases stun damage by {2}%.	1	1497229439	0	1555248248	110	140	977639986	25	30	1093323775	30	30	0	0	0	大物崩し	クリティカル率が{1}％上昇する。ブレイクダメージが{2}％上昇する	击溃强敌	暴击率提升{1}%。破防伤害提升{2}%。	擊潰強敵	重擊率上升{1}%。破防傷害上升{2}%。	거물 격파	크리티컬 확률이 {1}% 상승한다.브레이크 대미지가 {2}% 상승한다
576143721	10	Behemoth Blow	Boosts critical rate by {1}%. Increases stun damage by {2}%.	0	1497229439	0	1555248248	140	140	977639986	30	30	1093323775	30	30	0	0	0	大物崩し	クリティカル率が{1}％上昇する。ブレイクダメージが{2}％上昇する	击溃强敌	暴击率提升{1}%。破防伤害提升{2}%。	擊潰強敵	重擊率上升{1}%。破防傷害上升{2}%。	거물 격파	크리티컬 확률이 {1}% 상승한다.브레이크 대미지가 {2}% 상승한다
620293959	11	Devastating Strike S	Increases critical damage by {1}%.	1	1497229439	0	1567710785	30	50	998764549	5	10	0	0	0	0	0	0	破壊的な一撃・小	クリティカルダメージが{1}％上昇する	摧枯拉朽的一击・小	暴击伤害提升{1}%。	破壞一擊‧小	重擊傷害上升{1}%。	파괴적인 일격ㆍ소	크리티컬 대미지가 {1}% 상승한다
1108230403	12	Devastating Strike M	Increases critical damage by {1}%.	1	1497229439	0	1567710785	60	80	998764549	10	15	0	0	0	0	0	0	破壊的な一撃・中	クリティカルダメージが{1}％上昇する	摧枯拉朽的一击・中	暴击伤害提升{1}%。	破壞一擊‧中	重擊傷害上升{1}%。	파괴적인 일격ㆍ중	크리티컬 대미지가 {1}% 상승한다
889811349	13	Devastating Strike L	Increases critical damage by {1}%.	1	1497229439	0	1567710785	90	110	998764549	15	20	0	0	0	0	0	0	破壊的な一撃・大	クリティカルダメージが{1}％上昇する	摧枯拉朽的一击・大	暴击伤害提升{1}%。	破壞一擊‧大	重擊傷害上升{1}%。	파괴적인 일격ㆍ대	크리티컬 대미지가 {1}% 상승한다
1418861514	14	Skill Power Amplifier	Increases critical damage by {1}%. Boosts skill power by {2}%.	1	1497229439	0	1567710785	120	140	998764549	20	25	1088987594	20	20	0	0	0	スキル威力増幅	クリティカルダメージが{1}％上昇する。スキル威力が{2}％上昇する	技能威力增幅	暴击伤害提升{1}%。技能威力提升{2}%。	技能威力增幅	重擊傷害上升{1}%。技能威力上升{2}%。	스킬 위력 증폭	크리티컬 대미지가 {1}% 상승한다.스킬 위력이 {2}% 상승한다
596978528	15	Skill Power Amplifier	Increases critical damage by {1}%. Boosts skill power by {2}%.	0	1497229439	0	1567710785	140	140	998764549	25	25	1088987594	20	20	0	0	0	スキル威力増幅	クリティカルダメージが{1}％上昇する。スキル威力が{2}％上昇する	技能威力增幅	暴击伤害提升{1}%。技能威力提升{2}%。	技能威力增幅	重擊傷害上升{1}%。技能威力上升{2}%。	스킬 위력 증폭	크리티컬 대미지가 {1}% 상승한다.스킬 위력이 {2}% 상승한다
565705156	16	Attack Skill Boost S	Boosts skill power by {1}%.	1	1497229439	0	1480476870	40	60	1053353600	5	10	0	0	0	0	0	0	攻撃スキルブースト・小	スキル威力が{1}％上昇する	攻击技能加成・小	技能威力提升{1}%。	攻擊技能加成‧小	技能威力上升{1}%。	공격 스킬 부스트ㆍ소	스킬 위력이 {1}% 상승한다
1195464582	17	Attack Skill Boost M	Boosts skill power by {1}%.	1	1497229439	0	1480476870	70	90	1053353600	10	15	0	0	0	0	0	0	攻撃スキルブースト・中	スキル威力が{1}％上昇する	攻击技能加成・中	技能威力提升{1}%。	攻擊技能加成‧中	技能威力上升{1}%。	공격 스킬 부스트ㆍ중	스킬 위력이 {1}% 상승한다
809920272	18	Attack Skill Boost L	Boosts skill power by {1}%.	1	1497229439	0	1480476870	100	120	1053353600	15	20	0	0	0	0	0	0	攻撃スキルブースト・大	スキル威力が{1}％上昇する	攻击技能加成・大	技能威力提升{1}%。	攻擊技能加成‧大	技能威力上升{1}%。	공격 스킬 부스트ㆍ대	스킬 위력이 {1}% 상승한다
1373441357	19	Vorpal Strike	Boosts skill power by {1}% and reduces skill AP cost by {2}%.	1	1497229439	0	1480476870	130	145	1053353600	20	25	1238357526	20	20	0	0	0	必殺の技能	スキル威力が{1}％上昇する。スキルＡＰ消費量を{2}％減少する	必杀技能	技能威力提升{1}%。技能AP消耗量减少{2}%。	必殺技能	技能威力上升{1}%。技能AP消耗量減少{2}%。	필살의 기술	스킬 위력이 {1}% 상승한다.스킬 AP 소비량을 {2}% 감소한다
651836891	20	Vorpal Strike	Boosts skill power by {1}% and reduces skill AP cost by {2}%.	0	1497229439	0	1480476870	145	145	1053353600	25	25	1238357526	20	20	0	0	0	必殺の技能	スキル威力が{1}％上昇する。スキルＡＰ消費量を{2}％減少する	必杀技能	技能威力提升{1}%。技能AP消耗量减少{2}%。	必殺技能	技能威力上升{1}%。技能AP消耗量減少{2}%。	필살의 기술	스킬 위력이 {1}% 상승한다.스킬 AP 소비량을 {2}% 감소한다
544576501	21	Attack Gleam S	Reduces skill WT by {1}%.	1	1497229439	0	1509696243	50	70	1057655991	5	10	0	0	0	0	0	0	攻撃の閃光・小	スキルのWTが{1}％短縮される	攻击闪光・小	技能的WT缩短{1}%。	攻擊閃光‧小	技能的WT縮短{1}%。	공격의 섬광ㆍ소	스킬의 WT가 {1}% 단축된다
1183006129	22	Attack Gleam M	Reduces skill WT by {1}%.	1	1497229439	0	1509696243	75	95	1057655991	10	15	0	0	0	0	0	0	攻撃の閃光・中	スキルのWTが{1}％短縮される	攻击闪光・中	技能的WT缩短{1}%。	攻擊閃光‧中	技能的WT縮短{1}%。	공격의 섬광ㆍ중	스킬의 WT가 {1}% 단축된다
830737703	23	Attack Gleam L	Reduces skill WT by {1}%.	1	1497229439	0	1509696243	105	120	1057655991	15	20	0	0	0	0	0	0	攻撃の閃光・大	スキルのWTが{1}％短縮される	攻击闪光・大	技能的WT缩短{1}%。	攻擊閃光‧大	技能的WT縮短{1}%。	공격의 섬광ㆍ대	스킬의 WT가 {1}% 단축된다
1344235388	24	White Dragon's Guidance	Reduces skill WT by {1}% and boosts skill power by {2}%. Grants {3} TP upon acting.	1	1497229439	0	1509696243	130	145	1057655991	20	25	1208859681	15	15	697751166	10	10	白き竜の導き	スキルのWTが{1}％短縮される。スキル威力が{2}％上昇する。行動時にＴＰを{3}獲得する	白龙的指引	技能的WT缩短{1}%。技能威力提升{2}%。行动时获得{3}TP。	白龍的導引	技能的WT縮短{1}%。技能威力上升{2}%。行動時，獲得{3}TP。	백룡의 인도	스킬의 WT가 {1}% 단축된다.스킬 위력이 {2}% 상승한다.행동 시 TP를 {3} 획득한다
655906798	25	White Dragon's Guidance	Reduces skill WT by {1}% and boosts skill power by {2}%. Grants {3} TP upon acting.	0	1497229439	0	1509696243	145	145	1057655991	25	25	1208859681	15	15	697751166	10	10	白き竜の導き	スキルのWTが{1}％短縮される。スキル威力が{2}％上昇する。行動時にＴＰを{3}獲得する	白龙的指引	技能的WT缩短{1}%。技能威力提升{2}%。行动时获得{3}TP。	白龍的導引	技能的WT縮短{1}%。技能威力上升{2}%。行動時，獲得{3}TP。	백룡의 인도	스킬의 WT가 {1}% 단축된다.스킬 위력이 {2}% 상승한다.행동 시 TP를 {3} 획득한다
127158653	26	Bolt Attack Charge S	Boosts bolt skill power by {1}%.	1	1497229439	0	1386081140	10	20	1131181480	5	10	0	0	0	0	0	0	雷属性攻撃強化・小	雷スキル威力が{1}％上昇する	雷属性攻击强化・小	雷技能威力提升{1}%。	雷屬性攻擊強化‧小	雷技能威力上升{1}%	뇌속성공격 강화ㆍ소	뇌속성 스킬 위력이 {1}% 상승한다
1633871673	27	Bolt Attack Charge M	Boosts bolt skill power by {1}%.	1	1497229439	0	1386081140	30	45	1131181480	10	15	0	0	0	0	0	0	雷属性攻撃強化・中	雷スキル威力が{1}％上昇する	雷属性攻击强化・中	雷技能威力提升{1}%。	雷屬性攻擊強化‧中	雷技能威力上升{1}%	뇌속성공격 강화ㆍ중	뇌속성 스킬 위력이 {1}% 상승한다
375773103	28	Bolt Attack Charge L	Boosts bolt skill power by {1}%.	1	1497229439	0	1386081140	55	75	1131181480	15	20	0	0	0	0	0	0	雷属性攻撃強化・大	雷スキル威力が{1}％上昇する	雷属性攻击强化・大	雷技能威力提升{1}%。	雷屬性攻擊強化‧大	雷技能威力上升{1}%	뇌속성공격 강화ㆍ대	뇌속성 스킬 위력이 {1}% 상승한다
2013183474	29	Guardian's Pride	Boosts bolt skill power by {1}%. Boosts all stats by {2}.	1	1497229439	0	1386081140	100	150	1131181480	20	25	1325667581	20	20	0	0	0	守人の矜持	雷スキル威力が{1}％上昇する。全能力が{2}上昇する	守护者的骄傲	雷技能威力提升{1}%。全能力提升{2}。	守護者的驕傲	雷技能威力上升{1}%。全能力上升{2}。	수호자의 긍지	뇌속성 스킬 위력이 {1}% 상승한다.모든 능력이 {2} 상승한다
16354660	30	Guardian's Pride	Boosts bolt skill power by {1}%. Boosts all stats by {2}.	0	1497229439	0	1386081140	150	150	1131181480	25	25	1325667581	20	20	0	0	0	守人の矜持	雷スキル威力が{1}％上昇する。全能力が{2}上昇する	守护者的骄傲	雷技能威力提升{1}%。全能力提升{2}。	守護者的驕傲	雷技能威力上升{1}%。全能力上升{2}。	수호자의 긍지	뇌속성 스킬 위력이 {1}% 상승한다.모든 능력이 {2} 상승한다
97711908	31	Attack Mastery S	Boost critical rate by {1}%.	1	1497229439	0	1356551469	20	40	908983145	3	8	0	0	0	0	0	0	攻撃の極意・小	クリティカル率が{1}％上昇する	攻击奥义・小	暴击率提升{1}%。	攻擊奧義‧小	重擊率上升{1}%。	공격의 극의ㆍ소	크리티컬 확률이 {1}% 상승한다
1663326562	32	Attack Mastery M	Boost critical rate by {1}%.	1	1497229439	0	1356551469	50	70	908983145	9	15	0	0	0	0	0	0	攻撃の極意・中	クリティカル率が{1}％上昇する	攻击奥义・中	暴击率提升{1}%。	攻擊奧義‧中	重擊率上升{1}%。	공격의 극의ㆍ중	크리티컬 확률이 {1}% 상승한다
337865208	33	Attack Mastery L	Boost critical rate by {1}%.	1	1497229439	0	1356551469	80	100	908983145	16	24	0	0	0	0	0	0	攻撃の極意・大	クリティカル率が{1}％上昇する	攻击奥义・大	暴击率提升{1}%。	攻擊奧義‧大	重擊率上升{1}%。	공격의 극의ㆍ대	크리티컬 확률이 {1}% 상승한다
1974993835	34	Behemoth Blow	Boosts critical rate by {1}%. Increases stun damage by {2}%.	1	1497229439	0	1356551469	110	140	908983145	25	30	1093323775	20	20	0	0	0	大物崩し	クリティカル率が{1}％上昇する。ブレイクダメージが{2}％上昇する	击溃强敌	暴击率提升{1}%。破防伤害提升{2}%。	擊潰強敵	重擊率上升{1}%。破防傷害上升{2}%。	거물 격파	크리티컬 확률이 {1}% 상승한다.브레이크 대미지가 {2}% 상승한다
46084925	35	Behemoth Blow	Boosts critical rate by {1}%. Increases stun damage by {2}%.	0	1497229439	0	1356551469	140	140	908983145	30	30	1093323775	20	20	0	0	0	大物崩し	クリティカル率が{1}％上昇する。ブレイクダメージが{2}％上昇する	击溃强敌	暴击率提升{1}%。破防伤害提升{2}%。	擊潰強敵	重擊率上升{1}%。破防傷害上升{2}%。	거물 격파	크리티컬 확률이 {1}% 상승한다.브레이크 대미지가 {2}% 상승한다
68197651	36	Devastating Strike S	Increases critical damage by {1}%.	1	1497229439	0	1360609050	30	50	938447200	5	10	0	0	0	0	0	0	破壊的な一撃・小	クリティカルダメージが{1}％上昇する	摧枯拉朽的一击・小	暴击伤害提升{1}%。	破壞一擊‧小	重擊傷害上升{1}%。	파괴적인 일격ㆍ소	크리티컬 대미지가 {1}% 상승한다
1659253591	37	Devastating Strike M	Increases critical damage by {1}%.	1	1497229439	0	1360609050	60	80	938447200	10	15	0	0	0	0	0	0	破壊的な一撃・中	クリティカルダメージが{1}％上昇する	摧枯拉朽的一击・中	暴击伤害提升{1}%。	破壞一擊‧中	重擊傷害上升{1}%。	파괴적인 일격ㆍ중	크리티컬 대미지가 {1}% 상승한다
367068097	38	Devastating Strike L	Increases critical damage by {1}%.	1	1497229439	0	1360609050	90	110	938447200	15	20	0	0	0	0	0	0	破壊的な一撃・大	クリティカルダメージが{1}％上昇する	摧枯拉朽的一击・大	暴击伤害提升{1}%。	破壞一擊‧大	重擊傷害上升{1}%。	파괴적인 일격ㆍ대	크리티컬 대미지가 {1}% 상승한다
1954179484	39	Skill Power Amplifier	Increases critical damage by {1}%. Boosts skill power by {2}%.	1	1497229439	0	1360609050	120	140	938447200	20	25	1088987594	20	20	0	0	0	スキル威力増幅	クリティカルダメージが{1}％上昇する。スキル威力が{2}％上昇する	技能威力增幅	暴击伤害提升{1}%。技能威力提升{2}%。	技能威力增幅	重擊傷害上升{1}%。技能威力上升{2}%。	스킬 위력 증폭	크리티컬 대미지가 {1}% 상승한다.스킬 위력이 {2}% 상승한다
58546442	40	Skill Power Amplifier	Increases critical damage by {1}%. Boosts skill power by {2}%.	0	1497229439	0	1360609050	140	140	938447200	25	25	1088987594	20	20	0	0	0	スキル威力増幅	クリティカルダメージが{1}％上昇する。スキル威力が{2}％上昇する	技能威力增幅	暴击伤害提升{1}%。技能威力提升{2}%。	技能威力增幅	重擊傷害上升{1}%。技能威力上升{2}%。	스킬 위력 증폭	크리티컬 대미지가 {1}% 상승한다.스킬 위력이 {2}% 상승한다
23038870	41	Attack Skill Boost S	Boosts skill power by {1}%.	1	1497229439	0	1414932895	40	60	849381339	5	9	0	0	0	0	0	0	攻撃スキルブースト・小	スキル威力が{1}％上昇する	攻击技能加成・小	技能威力提升{1}%。	攻擊技能加成‧小	技能威力上升{1}%。	공격 스킬 부스트ㆍ소	스킬 위력이 {1}% 상승한다
1739138516	42	Attack Skill Boost M	Boosts skill power by {1}%.	1	1497229439	0	1414932895	70	90	849381339	10	14	0	0	0	0	0	0	攻撃スキルブースト・中	スキル威力が{1}％上昇する	攻击技能加成・中	技能威力提升{1}%。	攻擊技能加成‧中	技能威力上升{1}%。	공격 스킬 부스트ㆍ중	스킬 위력이 {1}% 상승한다
279844166	43	Attack Skill Boost L	Boosts skill power by {1}%.	1	1497229439	0	1414932895	100	120	849381339	15	19	0	0	0	0	0	0	攻撃スキルブースト・大	スキル威力が{1}％上昇する	攻击技能加成・大	技能威力提升{1}%。	攻擊技能加成‧大	技能威力上升{1}%。	공격 스킬 부스트ㆍ대	스킬 위력이 {1}% 상승한다
1899331353	44	Defensive Protection	Boosts skill power by {1}%. Raises the likelihood of being targeted by enemy attacks by {2}%.	1	1497229439	0	1414932895	130	145	849381339	20	25	1168619341	5	5	0	0	0	守りの加護	スキル威力が{1}％上昇する。敵から攻撃を受ける確率が大きく上昇する	守护庇护	技能威力提升{1}%。受到敌人攻击的概率提升{2}%。	守備庇護	技能威力上升{1}%。受到敵人攻擊的機率上升{2}%。	수비의 가호	스킬 위력이 {1}% 상승한다.적의 공격을 받을 확률이 크게 상승한다
103960463	45	Defensive Protection	Boosts skill power by {1}%. Raises the likelihood of being targeted by enemy attacks by {2}%.	0	1497229439	0	1414932895	130	145	849381339	25	25	1168619341	5	5	0	0	0	守りの加護	スキル威力が{1}％上昇する。敵から攻撃を受ける確率が大きく上昇する	守护庇护	技能威力提升{1}%。受到敌人攻击的概率提升{2}%。	守備庇護	技能威力上升{1}%。受到敵人攻擊的機率上升{2}%。	수비의 가호	스킬 위력이 {1}% 상승한다.적의 공격을 받을 확률이 크게 상승한다
10346913	46	Attack Gleam S	Reduces skill WT by {1}%.	1	1497229439	0	1435780008	50	70	862121454	5	10	0	0	0	0	0	0	攻撃の閃光・小	スキルのWTが{1}％短縮される	攻击闪光・小	技能的WT缩短{1}%。	攻擊閃光‧小	技能的WT縮短{1}%。	공격의 섬광ㆍ소	스킬의 WT가 {1}% 단축된다
1718308837	47	Attack Gleam M	Reduces skill WT by {1}%.	1	1497229439	0	1435780008	75	95	862121454	10	15	0	0	0	0	0	0	攻撃の閃光・中	スキルのWTが{1}％短縮される	攻击闪光・中	技能的WT缩短{1}%。	攻擊閃光‧中	技能的WT縮短{1}%。	공격의 섬광ㆍ중	스킬의 WT가 {1}% 단축된다
292323187	48	Attack Gleam L	Reduces skill WT by {1}%.	1	1497229439	0	1435780008	105	120	862121454	15	20	0	0	0	0	0	0	攻撃の閃光・大	スキルのWTが{1}％短縮される	攻击闪光・大	技能的WT缩短{1}%。	攻擊閃光‧大	技能的WT縮短{1}%。	공격의 섬광ㆍ대	스킬의 WT가 {1}% 단축된다
1895241006	49	Holy Guardian Spear	Reduces skill WT by {1}%. Raises physical and magic resistance by {2}%.	1	1497229439	0	1435780008	130	145	862121454	20	25	1147526524	15	15	637450023	15	15	守護の聖槍	スキルのWTが{1}％短縮される。物理・魔法耐性が{2}％上昇する	守护圣枪	技能的WT缩短{1}%。物理、魔法耐性提升{2}%。	守護聖槍	技能的WT縮短{1}%。物理、魔法耐性上升{2}%。	수호의 성창	스킬의 WT가 {1}% 단축된다.물리ㆍ마법내성이 {2}% 상승한다
133178808	50	Holy Guardian Spear	Reduces skill WT by {1}%. Raises physical and magic resistance by {2}%.	0	1497229439	0	1435780008	145	145	862121454	25	25	1147526524	15	15	637450023	15	15	守護の聖槍	スキルのWTが{1}％短縮される。物理・魔法耐性が{2}％上昇する	守护圣枪	技能的WT缩短{1}%。物理、魔法耐性提升{2}%。	守護聖槍	技能的WT縮短{1}%。物理、魔法耐性上升{2}%。	수호의 성창	스킬의 WT가 {1}% 단축된다.물리ㆍ마법내성이 {2}% 상승한다
734082117	51	Phys. Attack Charge S	Boosts physical skill power by {1}%.	1	1497229439	0	2127074894	10	20	406730760	5	10	0	0	0	0	0	0	物理属性攻撃強化・小	物理スキル威力が{1}％上昇する	物理属性攻击强化・小	物理技能威力提升{1}%。	物理屬性攻擊強化‧小	物理技能威力上升{1}%。	물리속성공격 강화ㆍ소	물리속성 스킬 위력이 {1}% 상승한다
1295489537	52	Phys. Attack Charge M	Boosts physical skill power by {1}%.	1	1497229439	0	2127074894	30	45	406730760	10	15	0	0	0	0	0	0	物理属性攻撃強化・中	物理スキル威力が{1}％上昇する	物理属性攻击强化・中	物理技能威力提升{1}%。	物理屬性攻擊強化‧中	物理技能威力上升{1}%。	물리속성공격 강화ㆍ중	물리속성 스킬 위력이 {1}% 상승한다
976267927	53	Phys. Attack Charge L	Boosts physical skill power by {1}%.	1	1497229439	0	2127074894	55	75	406730760	15	20	0	0	0	0	0	0	物理属性攻撃強化・大	物理スキル威力が{1}％上昇する	物理属性攻击强化・大	物理技能威力提升{1}%。	物理屬性攻擊強化‧大	物理技能威力上升{1}%。	물리속성공격 강화ㆍ대	물리속성 스킬 위력이 {1}% 상승한다
1537982668	54	War Realm	Boosts physical skill power by {1}%. Boost all stats by {2}.	1	1497229439	0	2127074894	100	150	406730760	20	25	1325667581	20	20	0	0	0	武の領域	物理スキル威力が{1}％上昇する。全能力が{2}上昇する	武之领域	物理技能威力提升{1}%。全能力提升{2}。	武之領域	物理技能威力上升{1}%。全能力上升{2}。	무의 영역	물리속성 스킬 위력이 {1}% 상승한다.모든 능력이 {2} 상승한다
749531230	55	War Realm	Boosts physical skill power by {1}%. Boost all stats by {2}.	0	1497229439	0	2127074894	150	150	406730760	25	25	1325667581	20	20	0	0	0	武の領域	物理スキル威力が{1}％上昇する。全能力が{2}上昇する	武之领域	物理技能威力提升{1}%。全能力提升{2}。	武之領域	物理技能威力上升{1}%。全能力上升{2}。	무의 영역	물리속성 스킬 위력이 {1}% 상승한다.모든 능력이 {2} 상승한다
696748574	56	Attack Mastery S	Boost critical rate by {1}%.	1	1497229439	0	2089691157	20	40	444106321	3	8	0	0	0	0	0	0	攻撃の極意・小	クリティカル率が{1}％上昇する	攻击奥义・小	暴击率提升{1}%。	攻擊奧義‧小	重擊率上升{1}%。	공격의 극의ㆍ소	크리티컬 확률이 {1}% 상승한다
1332814936	57	Attack Mastery M	Boost critical rate by {1}%.	1	1497229439	0	2089691157	50	70	444106321	9	15	0	0	0	0	0	0	攻撃の極意・中	クリティカル率が{1}％上昇する	攻击奥义・中	暴击率提升{1}%。	攻擊奧義‧中	重擊率上升{1}%。	공격의 극의ㆍ중	크리티컬 확률이 {1}% 상승한다
947262670	58	Attack Mastery L	Boost critical rate by {1}%.	1	1497229439	0	2089691157	80	100	444106321	16	24	0	0	0	0	0	0	攻撃の極意・大	クリティカル率が{1}％上昇する	攻击奥义・大	暴击率提升{1}%。	攻擊奧義‧大	重擊率上升{1}%。	공격의 극의ㆍ대	크리티컬 확률이 {1}% 상승한다
1508736659	59	Behemoth Blow	Boosts critical rate by {1}%. Increases stun damage by {2}%.	1	1497229439	0	2089691157	110	140	444106321	30	30	1837086407	20	20	0	0	0	大物崩し	クリティカル率が{1}％上昇する。ブレイクダメージが{2}％上昇する	击溃强敌	暴击率提升{1}%。破防伤害提升{2}%。	擊潰強敵	重擊率上升{1}%。破防傷害上升{2}%。	거물 격파	크리티컬 확률이 {1}% 상승한다.브레이크 대미지가 {2}% 상승한다
787107333	60	Behemoth Blow	Boosts critical rate by {1}%. Increases stun damage by {2}%.	0	1497229439	0	2089691157	110	140	444106321	30	30	1837086407	20	20	0	0	0	大物崩し	クリティカル率が{1}％上昇する。ブレイクダメージが{2}％上昇する	击溃强敌	暴击率提升{1}%。破防伤害提升{2}%。	擊潰強敵	重擊率上升{1}%。破防傷害上升{2}%。	거물 격파	크리티컬 확률이 {1}% 상승한다.브레이크 대미지가 {2}% 상승한다
675668011	61	Devastating Strike S	Increases critical damage by {1}%.	1	1497229439	0	2102149668	30	50	465235046	5	10	0	0	0	0	0	0	破壊的な一撃・小	クリティカルダメージが{1}％上昇する	摧枯拉朽的一击・小	暴击伤害提升{1}%。	破壞一擊‧小	重擊傷害上升{1}%。	파괴적인 일격ㆍ소	크리티컬 대미지가 {1}% 상승한다
1320373871	62	Devastating Strike M	Increases critical damage by {1}%.	1	1497229439	0	2102149668	60	80	465235046	10	15	0	0	0	0	0	0	破壊的な一撃・中	クリティカルダメージが{1}％上昇する	摧枯拉朽的一击・中	暴击伤害提升{1}%。	破壞一擊‧中	重擊傷害上升{1}%。	파괴적인 일격ㆍ중	크리티컬 대미지가 {1}% 상승한다
968130297	63	Devastating Strike L	Increases critical damage by {1}%.	1	1497229439	0	2102149668	90	110	465235046	15	20	0	0	0	0	0	0	破壊的な一撃・大	クリティカルダメージが{1}％上昇する	摧枯拉朽的一击・大	暴击伤害提升{1}%。	破壞一擊‧大	重擊傷害上升{1}%。	파괴적인 일격ㆍ대	크리티컬 대미지가 {1}% 상승한다
1479480486	64	Skill Power Amplifier	Increases critical damage by {1}%. Boosts skill power by {2}%.	1	1497229439	0	2102149668	120	140	465235046	20	25	1088987594	20	20	0	0	0	スキル威力増幅	クリティカルダメージが{1}％上昇する。スキル威力が{2}％上昇する	技能威力增幅	暴击伤害提升{1}%。技能威力提升{2}%。	技能威力增幅	重擊傷害上升{1}%。技能威力上升{2}%。	스킬 위력 증폭	크리티컬 대미지가 {1}% 상승한다.스킬 위력이 {2}% 상승한다
791159860	65	Skill Power Amplifier	Increases critical damage by {1}%. Boosts skill power by {2}%.	0	1497229439	0	2102149668	140	140	465235046	25	25	1088987594	20	20	0	0	0	スキル威力増幅	クリティカルダメージが{1}％上昇する。スキル威力が{2}％上昇する	技能威力增幅	暴击伤害提升{1}%。技能威力提升{2}%。	技能威力增幅	重擊傷害上升{1}%。技能威力上升{2}%。	스킬 위력 증폭	크리티컬 대미지가 {1}% 상승한다.스킬 위력이 {2}% 상승한다
755693232	66	Attack Skill Boost S	Boosts skill power by {1}%.	1	1497229439	0	2013484199	40	60	519437027	5	10	0	0	0	0	0	0	攻撃スキルブースト・小	スキル威力が{1}％上昇する	攻击技能加成・小	技能威力提升{1}%。	攻擊技能加成‧小	技能威力上升{1}%。	공격 스킬 부스트ㆍ소	스킬 위력이 {1}% 상승한다
1274829034	67	Attack Skill Boost M	Boosts skill power by {1}%.	1	1497229439	0	2013484199	70	90	519437027	10	15	0	0	0	0	0	0	攻撃スキルブースト・中	スキル威力が{1}％上昇する	攻击技能加成・中	技能威力提升{1}%。	攻擊技能加成‧中	技能威力上升{1}%。	공격 스킬 부스트ㆍ중	스킬 위력이 {1}% 상승한다
1023109244	68	Attack Skill Boost L	Boosts skill power by {1}%.	1	1497229439	0	2013484199	100	120	519437027	15	20	0	0	0	0	0	0	攻撃スキルブースト・大	スキル威力が{1}％上昇する	攻击技能加成・大	技能威力提升{1}%。	攻擊技能加成‧大	技能威力上升{1}%。	공격 스킬 부스트ㆍ대	스킬 위력이 {1}% 상승한다
1566573089	69	Solemn Trance	Boosts skill power by {1}%. After defeating an enemy, boosts ATK by {2}%.	1	1497229439	0	2013484199	130	145	519437027	20	25	1777519221	30	30	0	0	0	無我の境地	スキル威力が{1}％上昇する。敵撃破時、攻撃力が{2}％上昇する	无我境界	技能威力提升{1}%。击败敌人时，攻击力提升{2}%。	無我境界	技能威力上升{1}%。擊敗敵人時，攻擊力上升{2}%。	무아지경	스킬 위력이 {1}% 상승한다.적 격파 시, 공격력이 {2}% 상승한다
711406263	70	Solemn Trance	Boosts skill power by {1}%. After defeating an enemy, boosts ATK by {2}%.	0	1497229439	0	2013484199	145	145	519437027	25	25	1777519221	30	30	0	0	0	無我の境地	スキル威力が{1}％上昇する。敵撃破時、攻撃力が{2}％上昇する	无我境界	技能威力提升{1}%。击败敌人时，攻击力提升{2}%。	無我境界	技能威力上升{1}%。擊敗敵人時，攻擊力上升{2}%。	무아지경	스킬 위력이 {1}% 상승한다.적 격파 시, 공격력이 {2}% 상승한다
751344793	71	Attack Gleam S	Reduces skill WT by {1}%.	1	1497229439	0	2042707602	50	70	523735252	5	10	0	0	0	0	0	0	攻撃の閃光・小	スキルのWTが{1}％短縮される	攻击闪光・小	技能的WT缩短{1}%。	攻擊閃光‧小	技能的WT縮短{1}%。	공격의 섬광ㆍ소	스킬의 WT가 {1}% 단축된다
1245590237	72	Attack Gleam M	Reduces skill WT by {1}%.	1	1497229439	0	2042707602	75	95	523735252	10	15	0	0	0	0	0	0	攻撃の閃光・中	スキルのWTが{1}％短縮される	攻击闪光・中	技能的WT缩短{1}%。	攻擊閃光‧中	技能的WT縮短{1}%。	공격의 섬광ㆍ중	스킬의 WT가 {1}% 단축된다
1027146315	73	Attack Gleam L	Reduces skill WT by {1}%.	1	1497229439	0	2042707602	105	120	523735252	15	20	0	0	0	0	0	0	攻撃の閃光・大	スキルのWTが{1}％短縮される	攻击闪光・大	技能的WT缩短{1}%。	攻擊閃光‧大	技能的WT縮短{1}%。	공격의 섬광ㆍ대	스킬의 WT가 {1}% 단축된다
1554147352	74	Moonlight Strike	Reduces skill WT by {1}%. Increases critical damage by {2}%. Adds {3} power physical damage to attacks.	1	1497229439	0	2042707602	130	145	523735252	20	25	1748017218	30	30	162253343	30	30	月光の一撃	スキルのWTが{1}％短縮される。クリティカルダメージが{2}％上昇する。攻撃時、威力{3}の物理追加ダメージを与える	月光一击	技能的WT缩短{1}%。暴击伤害提升{2}%。攻击时追加造成威力{3}的物理伤害。	月光一擊	技能的WT縮短{1}%。重擊傷害上升{2}%。攻擊時，可造成威力{3}的物理追加傷害。	월광의 일격	스킬의 WT가 {1}% 단축된다.크리티컬 대미지가 {2}% 상승한다.공격 시 위력 {3}만큼 물리속성 추가 대미지를 준다
732256386	75	Moonlight Strike	Reduces skill WT by {1}%. Increases critical damage by {2}%. Adds {3} power physical damage to attacks.	0	1497229439	0	2042707602	145	145	523735252	25	25	1748017218	30	30	162253343	30	30	月光の一撃	スキルのWTが{1}％短縮される。クリティカルダメージが{2}％上昇する。攻撃時、威力{3}の物理追加ダメージを与える	月光一击	技能的WT缩短{1}%。暴击伤害提升{2}%。攻击时追加造成威力{3}的物理伤害。	月光一擊	技能的WT縮短{1}%。重擊傷害上升{2}%。攻擊時，可造成威力{3}的物理追加傷害。	월광의 일격	스킬의 WT가 {1}% 단축된다.크리티컬 대미지가 {2}% 상승한다.공격 시 위력 {3}만큼 물리속성 추가 대미지를 준다
1956329031	76	Fire Attack Charge S	Boosts fire skill power by {1}%.	1	1497229439	0	430763761	10	20	2136621237	5	10	0	0	0	0	0	0	火属性攻撃強化・小	火スキル威力が{1}％上昇する	火属性攻击强化・小	火技能威力提升{1}%。	火屬性攻擊強化‧小	火技能威力上升{1}%。	화속성공격 강화ㆍ소	화속성 스킬 위력이 {1}% 상승한다
309172227	77	Fire Attack Charge M	Boosts fire skill power by {1}%.	1	1497229439	0	430763761	30	45	2136621237	10	15	0	0	0	0	0	0	火属性攻撃強化・中	火スキル威力が{1}％上昇する	火属性攻击强化・中	火技能威力提升{1}%。	火屬性攻擊強化‧中	火技能威力上升{1}%。	화속성공격 강화ㆍ중	화속성 스킬 위력이 {1}% 상승한다
1701488789	78	Fire Attack Charge L	Boosts fire skill power by {1}%.	1	1497229439	0	430763761	55	75	2136621237	15	20	0	0	0	0	0	0	火属性攻撃強化・大	火スキル威力が{1}％上昇する	火属性攻击强化・大	火技能威力提升{1}%。	火屬性攻擊強化‧大	火技能威力上升{1}%。	화속성공격 강화ㆍ대	화속성 스킬 위력이 {1}% 상승한다
82952906	79	Swishy Sweeper	Boosts fire skill power by {1}% and all stats by {2}.	1	1497229439	0	430763761	100	150	2136621237	20	25	1325667581	20	20	0	0	0	良い掃き心地	火スキル威力が{1}％上昇する。全能力が{2}上昇する	舒适清扫	火技能威力提升{1}%。全能力提升{2}。	舒適清掃	火技能威力上升{1}%。全能力上升{2}。	쓸기 맛 일품	화속성 스킬 위력이 {1}% 상승한다.모든 능력이 {2} 상승한다
1945563744	80	Swishy Sweeper	Boosts fire skill power by {1}% and all stats by {2}.	0	1497229439	0	430763761	150	150	2136621237	25	25	1325667581	20	20	0	0	0	良い掃き心地	火スキル威力が{1}％上昇する。全能力が{2}上昇する	舒适清扫	火技能威力提升{1}%。全能力提升{2}。	舒適清掃	火技能威力上升{1}%。全能力上升{2}。	쓸기 맛 일품	화속성 스킬 위력이 {1}% 상승한다.모든 능력이 {2} 상승한다
1994229792	81	Attack Mastery S	Boost critical rate by {1}%.	1	1497229439	0	468340906	20	40	2099052268	3	8	0	0	0	0	0	0	攻撃の極意・小	クリティカル率が{1}％上昇する	攻击奥义・小	暴击率提升{1}%。	攻擊奧義‧小	重擊率上升{1}%。	공격의 극의ㆍ소	크리티컬 확률이 {1}% 상승한다
271263322	82	Attack Mastery M	Boost critical rate by {1}%.	1	1497229439	0	468340906	50	70	2099052268	9	15	0	0	0	0	0	0	攻撃の極意・中	クリティカル率が{1}％上昇する	攻击奥义・中	暴击率提升{1}%。	攻擊奧義‧中	重擊率上升{1}%。	공격의 극의ㆍ중	크리티컬 확률이 {1}% 상승한다
1730942668	83	Attack Mastery L	Boost critical rate by {1}%.	1	1497229439	0	468340906	80	100	2099052268	16	24	0	0	0	0	0	0	攻撃の極意・大	クリティカル率が{1}％上昇する	攻击奥义・大	暴击率提升{1}%。	攻擊奧義‧大	重擊率上升{1}%。	공격의 극의ㆍ대	크리티컬 확률이 {1}% 상승한다
112688273	84	Behemoth Blow	Boosts critical rate by {1}%. Increases stun damage by {2}%.	1	1497229439	0	468340906	110	140	2099052268	25	30	1093323775	20	20	0	0	0	大物崩し	クリティカル率が{1}％上昇する。ブレイクダメージが{2}％上昇する	击溃强敌	暴击率提升{1}%。破防伤害提升{2}%。	擊潰強敵	重擊率上升{1}%。破防傷害上升{2}%。	거물 격파	크리티컬 확률이 {1}% 상승한다.브레이크 대미지가 {2}% 상승한다
1907379207	85	Behemoth Blow	Boosts critical rate by {1}%. Increases stun damage by {2}%.	0	1497229439	0	468340906	140	140	2099052268	30	30	1093323775	20	20	0	0	0	大物崩し	クリティカル率が{1}％上昇する。ブレイクダメージが{2}％上昇する	击溃强敌	暴击率提升{1}%。破防伤害提升{2}%。	擊潰強敵	重擊率上升{1}%。破防傷害上升{2}%。	거물 격파	크리티컬 확률이 {1}% 상승한다.브레이크 대미지가 {2}% 상승한다
1998578217	86	Devastating Strike S	Increases critical damage by {1}%.	1	1497229439	0	438844063	30	50	2094961883	5	10	0	0	0	0	0	0	破壊的な一撃・小	クリティカルダメージが{1}％上昇する	摧枯拉朽的一击・小	暴击伤害提升{1}%。	破壞一擊‧小	重擊傷害上升{1}%。	파괴적인 일격ㆍ소	크리티컬 대미지가 {1}% 상승한다
300502125	87	Devastating Strike M	Increases critical damage by {1}%.	1	1497229439	0	438844063	60	80	2094961883	10	15	0	0	0	0	0	0	破壊的な一撃・中	クリティカルダメージが{1}％上昇する	摧枯拉朽的一击・中	暴击伤害提升{1}%。	破壞一擊‧中	重擊傷害上升{1}%。	파괴적인 일격ㆍ중	크리티컬 대미지가 {1}% 상승한다
1726905595	88	Devastating Strike L	Increases critical damage by {1}%.	1	1497229439	0	438844063	90	110	2094961883	15	20	0	0	0	0	0	0	破壊的な一撃・大	クリティカルダメージが{1}％上昇する	摧枯拉朽的一击・大	暴击伤害提升{1}%。	破壞一擊‧大	重擊傷害上升{1}%。	파괴적인 일격ㆍ대	크리티컬 대미지가 {1}% 상승한다
125114024	89	Skill Power Amplifier	Increases critical damage by {1}%. Boosts skill power by {2}%.	1	1497229439	0	438844063	120	140	2094961883	20	25	1088987594	20	20	0	0	0	スキル威力増幅	クリティカルダメージが{1}％上昇する。スキル威力が{2}％上昇する	技能威力增幅	暴击伤害提升{1}%。技能威力提升{2}%。	技能威力增幅	重擊傷害上升{1}%。技能威力上升{2}%。	스킬 위력 증폭	크리티컬 대미지가 {1}% 상승한다.스킬 위력이 {2}% 상승한다
1886529074	90	Skill Power Amplifier	Increases critical damage by {1}%. Boosts skill power by {2}%.	0	1497229439	0	438844063	140	140	2094961883	25	25	1088987594	20	20	0	0	0	スキル威力増幅	クリティカルダメージが{1}％上昇する。スキル威力が{2}％上昇する	技能威力增幅	暴击伤害提升{1}%。技能威力提升{2}%。	技能威力增幅	重擊傷害上升{1}%。技能威力上升{2}%。	스킬 위력 증폭	크리티컬 대미지가 {1}% 상승한다.스킬 위력이 {2}% 상승한다
1917908142	91	Attack Skill Boost S	Boosts skill power by {1}%.	1	1497229439	0	526855196	40	60	2039579230	5	10	0	0	0	0	0	0	攻撃スキルブースト・小	スキル威力が{1}％上昇する	攻击技能加成・小	技能威力提升{1}%。	攻擊技能加成‧小	技能威力上升{1}%。	공격 스킬 부스트ㆍ소	스킬 위력이 {1}% 상승한다
346446568	92	Attack Skill Boost M	Boosts skill power by {1}%.	1	1497229439	0	526855196	70	90	2039579230	10	15	0	0	0	0	0	0	攻撃スキルブースト・中	スキル威力が{1}％上昇する	攻击技能加成・中	技能威力提升{1}%。	攻擊技能加成‧中	技能威力上升{1}%。	공격 스킬 부스트ㆍ중	스킬 위력이 {1}% 상승한다
1671522942	93	Attack Skill Boost L	Boosts skill power by {1}%.	1	1497229439	0	526855196	100	120	2039579230	15	20	0	0	0	0	0	0	攻撃スキルブースト・大	スキル威力が{1}％上昇する	攻击技能加成・大	技能威力提升{1}%。	攻擊技能加成‧大	技能威力上升{1}%。	공격 스킬 부스트ㆍ대	스킬 위력이 {1}% 상승한다
37355555	94	Maiden Strike	Boosts skill power by {1}% and AP gain by {2}%.	1	1497229439	0	526855196	130	145	2039579230	20	25	244757192	20	20	0	0	0	黒乙女の一撃	スキル威力が{1}％上昇する。ＡＰ獲得量が{2}％上昇する	黑衣少女一击	技能威力提升{1}%。AP获得量提升{2}%。	黑衣少女一擊	技能威力上升{1}%。AP獲得量上升{2}%。	검은 소녀의 일격	스킬 위력이 {1}% 상승한다.AP 획득량이 {2}% 상승한다
1966944437	95	Maiden Strike	Boosts skill power by {1}% and AP gain by {2}%.	0	1497229439	0	526855196	145	145	2039579230	25	25	244757192	20	20	0	0	0	黒乙女の一撃	スキル威力が{1}％上昇する。ＡＰ獲得量が{2}％上昇する	黑衣少女一击	技能威力提升{1}%。AP获得量提升{2}%。	黑衣少女一擊	技能威力上升{1}%。AP獲得量上升{2}%。	검은 소녀의 일격	스킬 위력이 {1}% 상승한다.AP 획득량이 {2}% 상승한다
1938988699	96	Attack Gleam S	Reduces skill WT by {1}%.	1	1497229439	0	514147885	50	70	2018764905	5	10	0	0	0	0	0	0	攻撃の閃光・小	スキルのWTが{1}％短縮される	攻击闪光・小	技能的WT缩短{1}%。	攻擊閃光‧小	技能的WT縮短{1}%。	공격의 섬광ㆍ소	스킬의 WT가 {1}% 단축된다
358887647	97	Attack Gleam M	Reduces skill WT by {1}%.	1	1497229439	0	514147885	75	95	2018764905	10	15	0	0	0	0	0	0	攻撃の閃光・中	スキルのWTが{1}％短縮される	攻击闪光・中	技能的WT缩短{1}%。	攻擊閃光‧中	技能的WT縮短{1}%。	공격의 섬광ㆍ중	스킬의 WT가 {1}% 단축된다
1650655305	98	Attack Gleam L	Reduces skill WT by {1}%.	1	1497229439	0	514147885	105	120	2018764905	15	20	0	0	0	0	0	0	攻撃の閃光・大	スキルのWTが{1}％短縮される	攻击闪光・大	技能的WT缩短{1}%。	攻擊閃光‧大	技能的WT縮短{1}%。	공격의 섬광ㆍ대	스킬의 WT가 {1}% 단축된다
66611734	99	Meteor Broom	Reduces skill WT by {1}% and skill AP cost by {2}%. Deals an additional {3} power fire damage when attacking.	1	1497229439	0	514147885	130	145	2018764905	20	25	1859105444	20	20	257218815	30	30	流星のほうき	スキルのWTが{1}％短縮される。スキル消費ＡＰが{2}％減少する。攻撃時、威力{3}の火追加ダメージを与える	流星扫把	技能的WT缩短{1}%。技能AP消耗量减少{2}%。攻击时追加造成威力{3}的火伤害。	流星掃帚	技能的WT縮短{1}%。技能AP消耗量減少{2}%。攻擊時，可造成威力{3}的火追加傷害。	유성의 빗자루	스킬의 WT가 {1}% 단축된다.스킬 소비AP가 {2}% 감소한다.공격 시 위력 {3}만큼 화속성 추가 대미지를 준다
1962891908	100	Meteor Broom	Reduces skill WT by {1}% and skill AP cost by {2}%. Deals an additional {3} power fire damage when attacking.	0	1497229439	0	514147885	145	145	2018764905	25	25	1859105444	20	20	257218815	30	30	流星のほうき	スキルのWTが{1}％短縮される。スキル消費ＡＰが{2}％減少する。攻撃時、威力{3}の火追加ダメージを与える	流星扫把	技能的WT缩短{1}%。技能AP消耗量减少{2}%。攻击时追加造成威力{3}的火伤害。	流星掃帚	技能的WT縮短{1}%。技能AP消耗量減少{2}%。攻擊時，可造成威力{3}的火追加傷害。	유성의 빗자루	스킬의 WT가 {1}% 단축된다.스킬 소비AP가 {2}% 감소한다.공격 시 위력 {3}만큼 화속성 추가 대미지를 준다
2043963496	101	Ice Attack Charge S	Boosts ice skill power by {1}%.	1	1497229439	0	1865530140	10	20	164042074	5	10	0	0	0	0	0	0	氷属性攻撃強化・小	氷スキル威力が{1}％上昇する	攻击力提升·小	冰技能威力提升{1}%。	冰屬性攻擊強化‧小	冰技能威力上升{1}%。	빙속성공격 강화ㆍ소	빙속성 스킬 위력이 {1}% 상승한다
522372642	102	Ice Attack Charge M	Boosts ice skill power by {1}%.	1	1497229439	0	1865530140	30	45	164042074	10	15	0	0	0	0	0	0	氷属性攻撃強化・中	氷スキル威力が{1}％上昇する	攻击力提升·中	冰技能威力提升{1}%。	冰屬性攻擊強化‧中	冰技能威力上升{1}%。	빙속성공격 강화ㆍ중	빙속성 스킬 위력이 {1}% 상승한다
1747318452	103	Ice Attack Charge L	Boosts ice skill power by {1}%.	1	1497229439	0	1865530140	55	75	164042074	15	20	0	0	0	0	0	0	氷属性攻撃強化・大	氷スキル威力が{1}％上昇する	攻击力提升·大	冰技能威力提升{1}%。	冰屬性攻擊強化‧大	冰技能威力上升{1}%。	빙속성공격 강화ㆍ대	빙속성 스킬 위력이 {1}% 상승한다
163486953	104	Extreme Concentration	Boosts ice skill power by {1}% and all stats by {2}.	1	1497229439	0	1865530140	100	150	164042074	20	25	1325667581	20	20	0	0	0	極限集中	氷スキル威力が{1}％上昇する。全能力が{2}上昇する	极限专注	冰技能威力提升{1}%。全能力提升{2}。	極限專注	冰技能威力上升{1}%。全能力上升{2}。	극한집중	빙속성 스킬 위력이 {1}% 상승한다.모든 능력이 {2} 상승한다
2126097535	105	Extreme Concentration	Boosts ice skill power by {1}% and all stats by {2}.	0	1497229439	0	1865530140	150	150	164042074	25	25	1325667581	20	20	0	0	0	極限集中	氷スキル威力が{1}％上昇する。全能力が{2}上昇する	极限专注	冰技能威力提升{1}%。全能力提升{2}。	極限專注	冰技能威力上升{1}%。全能力上升{2}。	극한집중	빙속성 스킬 위력이 {1}% 상승한다.모든 능력이 {2} 상승한다
2073220671	106	Attack Mastery S	Boost critical rate by {1}%.	1	1497229439	0	1836516677	20	40	193047297	3	8	0	0	0	0	0	0	攻撃の極意・小	クリティカル率が{1}％上昇する	攻击奥义・小	暴击率提升{1}%。	攻擊奧義‧小	重擊率上升{1}%。	공격의 극의ㆍ소	크리티컬 확률이 {1}% 상승한다
493123707	107	Attack Mastery M	Boost critical rate by {1}%.	1	1497229439	0	1836516677	50	70	193047297	9	15	0	0	0	0	0	0	攻撃の極意・中	クリティカル率が{1}％上昇する	攻击奥义・中	暴击率提升{1}%。	攻擊奧義‧中	重擊率上升{1}%。	공격의 극의ㆍ중	크리티컬 확률이 {1}% 상승한다
1784891629	108	Attack Mastery L	Boost critical rate by {1}%.	1	1497229439	0	1836516677	80	100	193047297	16	24	0	0	0	0	0	0	攻撃の極意・大	クリティカル率が{1}％上昇する	攻击奥义・大	暴击率提升{1}%。	攻擊奧義‧大	重擊率上升{1}%。	공격의 극의ㆍ대	크리티컬 확률이 {1}% 상승한다
200811186	109	Behemoth Blow	Boosts critical rate by {1}%. Increases stun damage by {2}%.	1	1497229439	0	1836516677	110	140	193047297	25	30	2089196439	20	30	0	0	0	大物崩し	クリティカル率が{1}％上昇する。ブレイクダメージが{2}％上昇する	击溃强敌	暴击率提升{1}%。破防伤害提升{2}%。	擊潰強敵	重擊率上升{1}%。破防傷害上升{2}%。	거물 격파	크리티컬 확률이 {1}% 상승한다.브레이크 대미지가 {2}% 상승한다
2097091112	110	Behemoth Blow	Boosts critical rate by {1}%. Increases stun damage by {2}%.	0	1497229439	0	1836516677	140	140	193047297	30	30	2089196439	30	30	0	0	0	大物崩し	クリティカル率が{1}％上昇する。ブレイクダメージが{2}％上昇する	击溃强敌	暴击率提升{1}%。破防伤害提升{2}%。	擊潰強敵	重擊率上升{1}%。破防傷害上升{2}%。	거물 격파	크리티컬 확률이 {1}% 상승한다.브레이크 대미지가 {2}% 상승한다
2052111370	111	Devastating Strike S	Increases critical damage by {1}%.	1	1497229439	0	1823829874	30	50	172212536	5	10	0	0	0	0	0	0	破壊的な一撃・小	クリティカルダメージが{1}％上昇する	摧枯拉朽的一击・小	暴击伤害提升{1}%。	破壞一擊‧小	重擊傷害上升{1}%。	파괴적인 일격ㆍ소	크리티컬 대미지가 {1}% 상승한다
480645708	112	Devastating Strike M	Increases critical damage by {1}%.	1	1497229439	0	1823829874	60	80	172212536	10	15	0	0	0	0	0	0	破壊的な一撃・中	クリティカルダメージが{1}％上昇する	摧枯拉朽的一击・中	暴击伤害提升{1}%。	破壞一擊‧中	重擊傷害上升{1}%。	파괴적인 일격ㆍ중	크리티컬 대미지가 {1}% 상승한다
1805722330	113	Devastating Strike L	Increases critical damage by {1}%.	1	1497229439	0	1823829874	90	110	172212536	15	20	0	0	0	0	0	0	破壊的な一撃・大	クリティカルダメージが{1}％上昇する	摧枯拉朽的一击・大	暴击伤害提升{1}%。	破壞一擊‧大	重擊傷害上升{1}%。	파괴적인 일격ㆍ대	크리티컬 대미지가 {1}% 상승한다
171591815	114	Skill Power Amplifier	Increases critical damage by {1}%. Boosts skill power by {2}%.	1	1497229439	0	1823829874	120	140	172212536	20	25	1088987594	20	20	0	0	0	スキル威力増幅	クリティカルダメージが{1}％上昇する。スキル威力が{2}％上昇する	技能威力增幅	暴击伤害提升{1}%。技能威力提升{2}%。	技能威力增幅	重擊傷害上升{1}%。技能威力上升{2}%。	스킬 위력 증폭	크리티컬 대미지가 {1}% 상승한다.스킬 위력이 {2}% 상승한다
2101180433	115	Skill Power Amplifier	Increases critical damage by {1}%. Boosts skill power by {2}%.	0	1497229439	0	1823829874	140	140	172212536	25	25	1088987594	20	20	0	0	0	スキル威力増幅	クリティカルダメージが{1}％上昇する。スキル威力が{2}％上昇する	技能威力增幅	暴击伤害提升{1}%。技能威力提升{2}%。	技能威力增幅	重擊傷害上升{1}%。技能威力上升{2}%。	스킬 위력 증폭	크리티컬 대미지가 {1}% 상승한다.스킬 위력이 {2}% 상승한다
2132781709	116	Attack Skill Boost S	Boosts skill power by {1}%.	1	1497229439	0	1778022903	40	60	252499891	5	10	0	0	0	0	0	0	攻撃スキルブースト・小	スキル威力が{1}％上昇する	攻击技能加成・小	技能威力提升{1}%。	攻擊技能加成‧小	技能威力上升{1}%。	공격 스킬 부스트ㆍ소	스킬 위력이 {1}% 상승한다
434701513	117	Attack Skill Boost M	Boosts skill power by {1}%.	1	1497229439	0	1778022903	70	90	252499891	10	15	0	0	0	0	0	0	攻撃スキルブースト・中	スキル威力が{1}％上昇する	攻击技能加成・中	技能威力提升{1}%。	攻擊技能加成‧中	技能威力上升{1}%。	공격 스킬 부스트ㆍ중	스킬 위력이 {1}% 상승한다
1861104735	118	Attack Skill Boost L	Boosts skill power by {1}%.	1	1497229439	0	1778022903	100	120	252499891	15	20	0	0	0	0	0	0	攻撃スキルブースト・大	スキル威力が{1}％上昇する	攻击技能加成・大	技能威力提升{1}%。	攻擊技能加成‧大	技能威力上升{1}%。	공격 스킬 부스트ㆍ대	스킬 위력이 {1}% 상승한다
259350020	119	AP Acquisition Master	Boosts skill power by {1}% and AP gain by {2}%.	1	1497229439	0	1778022903	130	145	252499891	20	25	2014045989	20	20	0	0	0	ＡＰ獲得の達人	スキル威力が{1}％上昇する。ＡＰ獲得量が{2}％上昇する	ＡＰ获得专家	技能威力提升{1}%。AP获得量提升{2}%。	ＡＰ獲得專家	技能威力上升{1}%。AP獲得量上升{2}%。	ＡＰ 획득의 달인	스킬 위력이 {1}% 상승한다.AP 획득량이 {2}% 상승한다
2020765334	120	AP Acquisition Master	Boosts skill power by {1}% and AP gain by {2}%.	0	1497229439	0	1778022903	145	145	252499891	25	25	2014045989	20	20	0	0	0	ＡＰ獲得の達人	スキル威力が{1}％上昇する。ＡＰ獲得量が{2}％上昇する	ＡＰ获得专家	技能威力提升{1}%。AP获得量提升{2}%。	ＡＰ獲得專家	技能威力上升{1}%。AP獲得量上升{2}%。	ＡＰ 획득의 달인	스킬 위력이 {1}% 상승한다.AP 획득량이 {2}% 상승한다
2128462012	121	Attack Gleam S	Reduces skill WT by {1}%.	1	1497229439	0	1748505536	50	70	2018764905	5	10	0	0	0	0	0	0	攻撃の閃光・小	スキルのWTが{1}％短縮される	攻击闪光・小	技能的WT缩短{1}%。	攻擊閃光‧小	技能的WT縮短{1}%。	공격의 섬광ㆍ소	스킬의 WT가 {1}% 단축된다
405499646	122	Attack Gleam M	Reduces skill WT by {1}%.	1	1497229439	0	1748505536	75	95	2018764905	10	15	0	0	0	0	0	0	攻撃の閃光・中	スキルのWTが{1}％短縮される	攻击闪光・中	技能的WT缩短{1}%。	攻擊閃光‧中	技能的WT縮短{1}%。	공격의 섬광ㆍ중	스킬의 WT가 {1}% 단축된다
1865178728	123	Attack Gleam L	Reduces skill WT by {1}%.	1	1497229439	0	1748505536	105	120	2018764905	15	20	0	0	0	0	0	0	攻撃の閃光・大	スキルのWTが{1}％短縮される	攻击闪光・大	技能的WT缩短{1}%。	攻擊閃光‧大	技能的WT縮短{1}%。	공격의 섬광ㆍ대	스킬의 WT가 {1}% 단축된다
246887477	124	Burst of Light	Reduces skill WT by {1}%. Boosts fire, ice, bolt, and air skill power by {3}%.	1	1497229439	0	1748505536	130	145	2018764905	25	30	408086351	15	15	1867896793	15	15	一陣の光	スキルのWTが{1}％短縮される。火・氷・雷・風スキル威力が{3}％上昇する	一阵光芒	技能的WT缩短{1}%。火、冰、雷、风技能威力提升{3}%。	一陣光芒	技能的WT縮短{1}%。火、冰、雷、風技能威力上升{3}%。	한줄기의 빛	스킬의 WT가 {1}% 단축된다.화ㆍ빙ㆍ뇌ㆍ풍속성 스킬 위력이 {3}% 상승한다
2041578659	125	Burst of Light	Reduces skill WT by {1}%. Boosts fire, ice, bolt, and air skill power by {3}%.	0	1497229439	0	1748505536	145	145	2018764905	30	30	408086351	15	15	1867896793	15	15	一陣の光	スキルのWTが{1}％短縮される。火・氷・雷・風スキル威力が{3}％上昇する	一阵光芒	技能的WT缩短{1}%。火、冰、雷、风技能威力提升{3}%。	一陣光芒	技能的WT縮短{1}%。火、冰、雷、風技能威力上升{3}%。	한줄기의 빛	스킬의 WT가 {1}% 단축된다.화ㆍ빙ㆍ뇌ㆍ풍속성 스킬 위력이 {3}% 상승한다
2034824365	126	Magic Attack Charge S	Boosts magic skill power by {1}%.	1	1497229439	0	1873618903	10	20	156993939	5	10	0	0	0	0	0	0	魔法属性攻撃強化・小	魔法スキル威力が{1}％上昇する	魔法属性攻击强化・小	魔法技能威力提升{1}%。	魔法屬性攻擊強化‧小	魔法技能威力上升{1}%。	마법속성공격 강화ㆍ소	마법속성 스킬 위력이 {1}% 상승한다
532568809	127	Magic Attack Charge M	Boosts magic skill power by {1}%.	1	1497229439	0	1873618903	30	45	156993939	10	15	0	0	0	0	0	0	魔法属性攻撃強化・中	魔法スキル威力が{1}％上昇する	魔法属性攻击强化・中	魔法技能威力提升{1}%。	魔法屬性攻擊強化‧中	魔法技能威力上升{1}%。	마법속성공격 강화ㆍ중	마법속성 스킬 위력이 {1}% 상승한다
1756981887	128	Magic Attack Charge L	Boosts magic skill power by {1}%.	1	1497229439	0	1873618903	55	75	156993939	15	20	0	0	0	0	0	0	魔法属性攻撃強化・大	魔法スキル威力が{1}％上昇する	魔法属性攻击强化・大	魔法技能威力提升{1}%。	魔法屬性攻擊強化‧大	魔法技能威力上升{1}%。	마법속성공격 강화ㆍ대	마법속성 스킬 위력이 {1}% 상승한다
153223202	129	Guiding Star	Boosts magic skill power by {1}% and all stats by {2}.	1	1497229439	0	1873618903	100	150	156993939	20	25	1325667581	20	20	0	0	0	先導の星	魔法スキル威力が{1}％上昇する。全能力が{2}上昇する	先导之星	魔法技能威力提升{1}%。全能力提升{2}。	先導之星	魔法技能威力上升{1}%。全能力上升{2}。	선도의 별	마법속성 스킬 위력이 {1}% 상승한다.모든 능력이 {2} 상승한다
2116366516	130	Guiding Star	Boosts magic skill power by {1}% and all stats by {2}.	0	1497229439	0	1873618903	100	150	156993939	25	25	1325667581	20	20	0	0	0	先導の星	魔法スキル威力が{1}％上昇する。全能力が{2}上昇する	先导之星	魔法技能威力提升{1}%。全能力提升{2}。	先導之星	魔法技能威力上升{1}%。全能力上升{2}。	선도의 별	마법속성 스킬 위력이 {1}% 상승한다.모든 능력이 {2} 상승한다
2064534260	131	Attack Mastery S	Boost critical rate by {1}%.	1	1497229439	0	1844156816	20	40	186464202	3	8	0	0	0	0	0	0	攻撃の極意・小	クリティカル率が{1}％上昇する	攻击奥义・小	暴击率提升{1}%。	攻擊奧義‧小	重擊率上升{1}%。	공격의 극의ㆍ소	크리티컬 확률이 {1}% 상승한다
502850738	132	Attack Mastery M	Boost critical rate by {1}%.	1	1497229439	0	1844156816	50	70	186464202	9	15	0	0	0	0	0	0	攻撃の極意・中	クリティカル率が{1}％上昇する	攻击奥义・中	暴击率提升{1}%。	攻擊奧義‧中	重擊率上升{1}%。	공격의 극의ㆍ중	크리티컬 확률이 {1}% 상승한다
1795150888	133	Attack Mastery L	Boost critical rate by {1}%.	1	1497229439	0	1844156816	80	100	186464202	16	24	0	0	0	0	0	0	攻撃の極意・大	クリティカル率が{1}％上昇する	攻击奥义・大	暴击率提升{1}%。	攻擊奧義‧大	重擊率上升{1}%。	공격의 극의ㆍ대	크리티컬 확률이 {1}% 상승한다
191151739	134	Behemoth Blow	Boosts critical rate by {1}%. Increases stun damage by {2}%.	1	1497229439	0	1844156816	110	140	186464202	25	30	1093323775	30	30	0	0	0	大物崩し	クリティカル率が{1}％上昇する。ブレイクダメージが{2}％上昇する	击溃强敌	暴击率提升{1}%。破防伤害提升{2}%。	擊潰強敵	重擊率上升{1}%。破防傷害上升{2}%。	거물 격파	크리티컬 확률이 {1}% 상승한다.브레이크 대미지가 {2}% 상승한다
2086899437	135	Behemoth Blow	Boosts critical rate by {1}%. Increases stun damage by {2}%.	0	1497229439	0	1844156816	140	140	186464202	30	30	1093323775	30	30	0	0	0	大物崩し	クリティカル率が{1}％上昇する。ブレイクダメージが{2}％上昇する	击溃强敌	暴击率提升{1}%。破防伤害提升{2}%。	擊潰強敵	重擊率上升{1}%。破防傷害上升{2}%。	거물 격파	크리티컬 확률이 {1}% 상승한다.브레이크 대미지가 {2}% 상승한다
2060198083	136	Devastating Strike S	Increases critical damage by {1}%.	1	1497229439	0	1814688697	30	50	182410749	5	10	0	0	0	0	0	0	破壊的な一撃・小	クリティカルダメージが{1}％上昇する	摧枯拉朽的一击・小	暴击伤害提升{1}%。	破壞一擊‧小	重擊傷害上升{1}%。	파괴적인 일격ㆍ소	크리티컬 대미지가 {1}% 상승한다
473599623	137	Devastating Strike M	Increases critical damage by {1}%.	1	1497229439	0	1814688697	60	80	182410749	10	15	0	0	0	0	0	0	破壊的な一撃・中	クリティカルダメージが{1}％上昇する	摧枯拉朽的一击・中	暴击伤害提升{1}%。	破壞一擊‧中	重擊傷害上升{1}%。	파괴적인 일격ㆍ중	크리티컬 대미지가 {1}% 상승한다
1799208465	138	Devastating Strike L	Increases critical damage by {1}%.	1	1497229439	0	1814688697	90	110	182410749	15	20	0	0	0	0	0	0	破壊的な一撃・大	クリティカルダメージが{1}％上昇する	摧枯拉朽的一击・大	暴击伤害提升{1}%。	破壞一擊‧大	重擊傷害上升{1}%。	파괴적인 일격ㆍ대	크리티컬 대미지가 {1}% 상승한다
178705484	139	Skill Power Amplifier	Increases critical damage by {1}%. Boosts skill power by {2}%.	1	1497229439	0	1814688697	120	140	182410749	20	25	1088987594	20	20	0	0	0	スキル威力増幅	クリティカルダメージが{1}％上昇する。スキル威力が{2}％上昇する	技能威力增幅	暴击伤害提升{1}%。技能威力提升{2}%。	技能威力增幅	重擊傷害上升{1}%。技能威力上升{2}%。	스킬 위력 증폭	크리티컬 대미지가 {1}% 상승한다.스킬 위력이 {2}% 상승한다
2107761882	140	Skill Power Amplifier	Increases critical damage by {1}%. Boosts skill power by {2}%.	0	1497229439	0	1814688697	140	140	182410749	25	25	1088987594	20	20	0	0	0	スキル威力増幅	クリティカルダメージが{1}％上昇する。スキル威力が{2}％上昇する	技能威力增幅	暴击伤害提升{1}%。技能威力提升{2}%。	技能威力增幅	重擊傷害上升{1}%。技能威力上升{2}%。	스킬 위력 증폭	크리티컬 대미지가 {1}% 상승한다.스킬 위력이 {2}% 상승한다
2139305542	141	Attack Skill Boost S	Boosts skill power by {1}%.	1	1497229439	0	1768351038	40	60	261114744	5	10	0	0	0	0	0	0	攻撃スキルブースト・小	スキル威力が{1}％上昇する	攻击技能加成・小	技能威力提升{1}%。	攻擊技能加成‧小	技能威力上升{1}%。	공격 스킬 부스트ㆍ소	스킬 위력이 {1}% 상승한다
427137028	142	Attack Skill Boost M	Boosts skill power by {1}%.	1	1497229439	0	1768351038	70	90	261114744	10	15	0	0	0	0	0	0	攻撃スキルブースト・中	スキル威力が{1}％上昇する	攻击技能加成・中	技能威力提升{1}%。	攻擊技能加成‧中	技能威力上升{1}%。	공격 스킬 부스트ㆍ중	스킬 위력이 {1}% 상승한다
1853008022	143	Attack Skill Boost L	Boosts skill power by {1}%.	1	1497229439	0	1768351038	100	120	261114744	15	20	0	0	0	0	0	0	攻撃スキルブースト・大	スキル威力が{1}％上昇する	攻击技能加成・大	技能威力提升{1}%。	攻擊技能加成‧大	技能威力上升{1}%。	공격 스킬 부스트ㆍ대	스킬 위력이 {1}% 상승한다
266977993	144	Mysterious Power	Boosts skill power by {1}%. Increases stun damage by {2}% on a critical hit.	1	1497229439	0	1768351038	130	145	261114744	20	25	2023193582	100	100	0	0	0	不思議な力	スキル威力が{1}％上昇する。クリティカル時、与えるブレイクダメージが{2}％上昇する	不可思议的力量	技能威力提升{1}%。暴击时造成的破防伤害提升{2}%。	不可思議的力量	技能威力上升{1}%。重擊時，造成的破防傷害上升{2}%。	신비한 힘	스킬 위력이 {1}% 상승한다.크리티컬 시 주는 브레이크 대미지가 {2}% 상승한다
2028925535	145	Mysterious Power	Boosts skill power by {1}%. Increases stun damage by {2}% on a critical hit.	0	1497229439	0	1768351038	145	145	261114744	25	25	2023193582	100	100	0	0	0	不思議な力	スキル威力が{1}％上昇する。クリティカル時、与えるブレイクダメージが{2}％上昇する	不可思议的力量	技能威力提升{1}%。暴击时造成的破防伤害提升{2}%。	不可思議的力量	技能威力上升{1}%。重擊時，造成的破防傷害上升{2}%。	신비한 힘	스킬 위력이 {1}% 상승한다.크리티컬 시 주는 브레이크 대미지가 {2}% 상승한다
2118212721	146	Attack Gleam S	Reduces skill WT by {1}%.	1	1497229439	0	1755614987	50	70	240263503	5	10	0	0	0	0	0	0	攻撃の閃光・小	スキルのWTが{1}％短縮される	攻击闪光・小	技能的WT缩短{1}%。	攻擊閃光‧小	技能的WT縮短{1}%。	공격의 섬광ㆍ소	스킬의 WT가 {1}% 단축된다
414708277	147	Attack Gleam M	Reduces skill WT by {1}%.	1	1497229439	0	1755614987	75	95	240263503	10	15	0	0	0	0	0	0	攻撃の閃光・中	スキルのWTが{1}％短縮される	攻击闪光・中	技能的WT缩短{1}%。	攻擊閃光‧中	技能的WT縮短{1}%。	공격의 섬광ㆍ중	스킬의 WT가 {1}% 단축된다
1873855139	148	Attack Gleam L	Reduces skill WT by {1}%.	1	1497229439	0	1755614987	105	120	240263503	15	20	0	0	0	0	0	0	攻撃の閃光・大	スキルのWTが{1}％短縮される	攻击闪光・大	技能的WT缩短{1}%。	攻擊閃光‧大	技能的WT縮短{1}%。	공격의 섬광ㆍ대	스킬의 WT가 {1}% 단축된다
237742334	149	Limitless Wisdom	Reduces skill WT by {1}%. Deals an additional {2} power magic damage when attacking.	1	1497229439	0	1755614987	130	145	240263503	25	30	2035618265	30	30	0	0	0	終わりなき叡智	スキルのWTが{1}％短縮される。攻撃時、威力{2}の魔法追加ダメージを与える	无穷睿智	技能的WT缩短{1}%。攻击时追加造成威力{2}的魔法伤害。	無窮睿智	技能的WT縮短{1}%。攻擊時，可造成威力{2}的魔法追加傷害。	끝없는 지혜	스킬의 WT가 {1}% 단축된다.공격 시, 위력 {2}만큼 마법속성 추가 대미지를 준다
2032965736	150	Limitless Wisdom	Reduces skill WT by {1}%. Deals an additional {2} power magic damage when attacking.	0	1497229439	0	1755614987	145	145	240263503	30	30	2035618265	30	30	0	0	0	終わりなき叡智	スキルのWTが{1}％短縮される。攻撃時、威力{2}の魔法追加ダメージを与える	无穷睿智	技能的WT缩短{1}%。攻击时追加造成威力{2}的魔法伤害。	無窮睿智	技能的WT縮短{1}%。攻擊時，可造成威力{2}的魔法追加傷害。	끝없는 지혜	스킬의 WT가 {1}% 단축된다.공격 시, 위력 {2}만큼 마법속성 추가 대미지를 준다
1757759729	151	HP Up S	Boosts HP by {1}.	1	862284095	0	726860999	10	20	983734805	20	25	0	0	0	0	0	0	ＨＰ上昇・小	ＨＰが{1}上昇する	HP提升·小	HP提升{1}。	HP上升‧小	HP上升{1}。	HP 상승ㆍ소	HP가 {1} 상승한다
238282421	152	HP Up M	Boosts HP by {1}.	1	862284095	0	726860999	20	30	983734805	30	35	0	0	0	0	0	0	ＨＰ上昇・中	ＨＰが{1}上昇する	HP提升·中	HP提升{1}。	HP上升‧中	HP上升{1}。	HP 상승ㆍ중	HP가 {1} 상승한다
2033505827	153	HP Up L	Boosts HP by {1}.	1	862284095	0	726860999	30	50	983734805	40	45	0	0	0	0	0	0	ＨＰ上昇・大	ＨＰが{1}上昇する	HP提升·大	HP提升{1}。	HP上升‧大	HP上升{1}。	HP 상승ㆍ대	HP가 {1} 상승한다
414170240	154	Fast Move	Boosts HP by {1}. Reduces skill WT by {2}%.	1	862284095	0	726860999	80	120	983734805	50	55	1302702723	20	20	0	0	0	高速移動	ＨＰが{1}上昇する。スキルのＷＴが{2}％短縮される	高速移动	HP提升{1}。技能的WT缩短{2}%。	高速移動	HP上升{1}。技能的WT縮短{2}%。	고속이동	HP가 {1} 상승한다.스킬의 WT가 {2}% 단축된다
1873317098	155	Fast Move	Boosts HP by {1}. Reduces skill WT by {2}%.	0	862284095	0	726860999	120	120	983734805	55	55	1302702723	20	20	0	0	0	高速移動	ＨＰが{1}上昇する。スキルのＷＴが{2}％短縮される	高速移动	HP提升{1}。技能的WT缩短{2}%。	高速移動	HP上升{1}。技能的WT縮短{2}%。	고속이동	HP가 {1} 상승한다.스킬의 WT가 {2}% 단축된다
1787033258	156	HP Up S	Boosts HP by {1}.	1	862284095	0	689289886	15	25	983734805	20	25	0	0	0	0	0	0	ＨＰ上昇・小	ＨＰが{1}上昇する	HP提升·小	HP提升{1}。	HP上升‧小	HP上升{1}。	HP 상승ㆍ소	HP가 {1} 상승한다
209017068	157	HP Up M	Boosts HP by {1}.	1	862284095	0	689289886	25	35	983734805	30	35	0	0	0	0	0	0	ＨＰ上昇・中	ＨＰが{1}上昇する	HP提升·中	HP提升{1}。	HP上升‧中	HP上升{1}。	HP 상승ㆍ중	HP가 {1} 상승한다
2071095418	158	HP Up L	Boosts HP by {1}.	1	862284095	0	689289886	35	55	983734805	40	45	0	0	0	0	0	0	ＨＰ上昇・大	ＨＰが{1}上昇する	HP提升·大	HP提升{1}。	HP上升‧大	HP上升{1}。	HP 상승ㆍ대	HP가 {1} 상승한다
451478055	159	Defensive Power	Boosts HP by {1} and skill power by {2}%.	1	862284095	0	689289886	80	120	983734805	50	55	1340282076	20	20	0	0	0	堅守の力	ＨＰが{1}上昇する。スキル威力が{2}％上昇する	坚守的力量	HP提升{1}。技能威力提升{2}%。	堅守的力量	HP上升{1}。技能威力上升{2}%。	견수의 힘	HP가 {1} 상승한다.스킬 위력이 {2}% 상승한다
1844327089	160	Defensive Power	Boosts HP by {1} and skill power by {2}%.	0	862284095	0	689289886	120	120	983734805	55	55	1340282076	20	20	0	0	0	堅守の力	ＨＰが{1}上昇する。スキル威力が{2}％上昇する	坚守的力量	HP提升{1}。技能威力提升{2}%。	堅守的力量	HP上升{1}。技能威力上升{2}%。	견수의 힘	HP가 {1} 상승한다.스킬 위력이 {2}% 상승한다
1799462047	161	Fire Resistance Up S	Raises fire resistance by {1}%.	1	862284095	0	685232297	20	30	1310818029	5	10	0	0	0	0	0	0	火属性耐性上昇・小	火耐性が{1}％上昇する	火属性耐性提升·小	火耐性提升{1}%。	火屬性耐性上升‧小	火耐性上升{1}%。	화속성내성 상승ㆍ소	화내성이 {1}% 상승한다
230109915	162	Fire Resistance Up M	Raises fire resistance by {1}%.	1	862284095	0	685232297	30	40	1310818029	10	15	0	0	0	0	0	0	火属性耐性上昇・中	火耐性が{1}％上昇する	火属性耐性提升·中	火耐性提升{1}%。	火屬性耐性上升‧中	火耐性上升{1}%。	화속성내성 상승ㆍ중	화내성이 {1}% 상승한다
2058355277	163	Fire Resistance Up L	Raises fire resistance by {1}%.	1	862284095	0	685232297	40	60	1310818029	15	20	0	0	0	0	0	0	火属性耐性上昇・大	火耐性が{1}％上昇する	火属性耐性提升·大	火耐性提升{1}%。	火屬性耐性上升‧大	火耐性上升{1}%。	화속성내성 상승ㆍ대	화내성이 {1}% 상승한다
455829522	164	Fireproof Attire	Raises fire resistance by {1}% and boosts evasion rate by {2}%.	1	862284095	0	685232297	80	130	1310818029	20	40	958811771	5	5	0	0	0	防炎の衣	火耐性が{1}％上昇する。回避率が{2}％上昇する	防灾服	火耐性提升{1}%。回避率提升{2}%。	防炎服	火耐性上升{1}%。迴避率上升{2}%。	화염을 막는 옷	화내성이 {1}% 상승한다.회피율이 {2}% 상승한다
1814845576	165	Fireproof Attire	Raises fire resistance by {1}% and boosts evasion rate by {2}%.	0	862284095	0	685232297	130	130	1310818029	40	40	958811771	5	5	0	0	0	防炎の衣	火耐性が{1}％上昇する。回避率が{2}％上昇する	防灾服	火耐性提升{1}%。回避率提升{2}%。	防炎服	火耐性上升{1}%。迴避率上升{2}%。	화염을 막는 옷	화내성이 {1}% 상승한다.회피율이 {2}% 상승한다
1846446620	166	Defense Link S	High DEF, but reduces SPD by {1}.	1	862284095	0	764986924	30	40	1013537024	-20	-15	0	0	0	0	0	0	守護の心得・小	防御力が高いが、素早さが{1}減少する	防灾联手・小	防御力较高，但敏捷会减少{1}。	防禦聯手‧小	防禦力較高，但敏捷會減少{1}。	수호의 소양ㆍ소	방어력이 높지만 민첩성이 {1} 감소한다
150479966	167	Defense Link M	High DEF, but reduces SPD by {1}.	1	862284095	0	764986924	40	50	1013537024	-15	-10	0	0	0	0	0	0	守護の心得・中	防御力が高いが、素早さが{1}減少する	防灾联手・中	防御力较高，但敏捷会减少{1}。	防禦聯手‧中	防禦力較高，但敏捷會減少{1}。	수호의 소양ㆍ중	방어력이 높지만 민첩성이 {1} 감소한다
2147423432	168	Defense Link L	High DEF, but reduces SPD by {1}.	1	862284095	0	764986924	50	70	1013537024	-10	-5	0	0	0	0	0	0	守護の心得・大	防御力が高いが、素早さが{1}減少する	防灾联手・大	防御力较高，但敏捷会减少{1}。	防禦聯手‧大	防禦力較高，但敏捷會減少{1}。	수호의 소양ㆍ대	방어력이 높지만 민첩성이 {1} 감소한다
509902485	169	Awakened Protection	High DEF, but reduces SPD by {1}. Boosts skill power by {2}% upon performing a Multi-Action.	1	862284095	0	764986924	70	135	1013537024	-5	-1	1265526890	20	20	0	0	0	守護の覚醒	防御力が高いが、素早さが{1}減少する。マルチアクション時、スキル威力が{2}％上昇する	守护的觉醒	防御力较高，但敏捷会减少{1}。进行多重行动时，技能威力提升{2}%。	守護的覺醒	防禦力較高，但敏捷會減少{1}。展開多重行動時，技能威力上升{2}%。	수호 각성	방어력이 높지만 민첩성이 {1} 감소한다. 멀티 액션 시, 스킬 위력이 {2}% 상승한다
1768115715	170	Awakened Protection	High DEF, but reduces SPD by {1}. Boosts skill power by {2}% upon performing a Multi-Action.	0	862284095	0	764986924	135	135	1013537024	-1	-1	1265526890	20	20	0	0	0	守護の覚醒	防御力が高いが、素早さが{1}減少する。マルチアクション時、スキル威力が{2}％上昇する	守护的觉醒	防御力较高，但敏捷会减少{1}。进行多重行动时，技能威力提升{2}%。	守護的覺醒	防禦力較高，但敏捷會減少{1}。展開多重行動時，技能威力上升{2}%。	수호 각성	방어력이 높지만 민첩성이 {1} 감소한다. 멀티 액션 시, 스킬 위력이 {2}% 상승한다
1875697709	171	Air Resistance Up S	Raises air resistance by {1}%.	1	862284095	0	744139803	25	35	1252786783	5	10	0	0	0	0	0	0	風属性耐性上昇・小	風耐性が{1}％上昇する	风属性耐性提升·小	风耐性提升{1}%。	風屬性耐性上升‧小	風耐性上升{1}%。	풍속성내성 상승ㆍ소	풍내성이 {1}% 상승한다
154816105	172	Air Resistance Up M	Raises air resistance by {1}%.	1	862284095	0	744139803	35	45	1252786783	10	15	0	0	0	0	0	0	風属性耐性上昇・中	風耐性が{1}％上昇する	风属性耐性提升·中	风耐性提升{1}%。	風屬性耐性上升‧中	風耐性上升{1}%。	풍속성내성 상승ㆍ중	풍내성이 {1}% 상승한다
2117959423	173	Air Resistance Up L	Raises air resistance by {1}%.	1	862284095	0	744139803	45	65	1252786783	15	20	0	0	0	0	0	0	風属性耐性上昇・大	風耐性が{1}％上昇する	风属性耐性提升·大	风耐性提升{1}%。	風屬性耐性上升‧大	風耐性上升{1}%。	풍속성내성 상승ㆍ대	풍내성이 {1}% 상승한다
530977956	174	Soothing Breeze	Raises air resistance by {1}%. Restores {2} AP upon acting.	1	862284095	0	744139803	65	120	1252786783	20	40	1034629833	10	10	0	0	0	癒しの風	風耐性が{1}％上昇する。行動時にＡＰが{2}回復する	治愈之风	风耐性提升{1}%。行动时恢复{2}AP。	治癒之風	風耐性上升{1}%。行動時，回復{2}AP。	치유의 바람	풍내성이 {1}% 상승한다.행동 시 AP가 {2} 회복한다
1755391030	175	Soothing Breeze	Raises air resistance by {1}%. Restores {2} AP upon acting.	0	862284095	0	744139803	120	120	1252786783	40	40	1034629833	10	10	0	0	0	癒しの風	風耐性が{1}％上昇する。行動時にＡＰが{2}回復する	治愈之风	风耐性提升{1}%。行动时恢复{2}AP。	治癒之風	風耐性上升{1}%。行動時，回復{2}AP。	치유의 바람	풍내성이 {1}% 상승한다.행동 시 AP가 {2} 회복한다
1837784694	176	Phys. Resistance Up S	Raises physical resistance by {1}%.	1	862284095	0	773591618	30	40	1072532626	5	10	0	0	0	0	0	0	物理属性耐性上昇・小	物理耐性が{1}％上昇する	物理属性耐性提升・小	物理耐性提升{1}%。	物理屬性耐性上升‧小	物理耐性上升{1}%。	물리속성내성 상승ㆍ소	물리내성이 {1}% 상승한다
192737328	177	Phys. Resistance Up M	Raises physical resistance by {1}%.	1	862284095	0	773591618	40	50	1072532626	10	15	0	0	0	0	0	0	物理属性耐性上昇・中	物理耐性が{1}％上昇する	物理属性耐性提升・中	物理耐性提升{1}%。	物理屬性耐性上升‧中	物理耐性上升{1}%。	물리속성내성 상승ㆍ중	물리내성이 {1}% 상승한다
2088485030	178	Phys. Resistance Up L	Raises physical resistance by {1}%.	1	862284095	0	773591618	50	70	1072532626	15	20	0	0	0	0	0	0	物理属性耐性上昇・大	物理耐性が{1}％上昇する	物理属性耐性提升・大	物理耐性提升{1}%。	物理屬性耐性上升‧大	物理耐性上升{1}%。	물리속성내성 상승ㆍ대	물리내성이 {1}% 상승한다
501263099	179	Unyielding Protection	Raises physical resistance by {1}%. Boosts physical skill power by {2}%.	1	862284095	0	773591618	70	135	1072532626	20	40	1223343112	20	20	0	0	0	強靭な守り	物理耐性が{1}％上昇する。物理スキル威力が{2}％上昇する	强韧守护	物理耐性提升{1}%。物理技能威力提升{2}%。	強韌守備	物理耐性上升{1}%。物理技能威力上升{2}%。	강인한 수비	물리내성이 {1}% 상승한다.물리속성 스킬 위력이 {2}% 상승한다
1793563245	180	Unyielding Protection	Raises physical resistance by {1}%. Boosts physical skill power by {2}%.	0	862284095	0	773591618	135	135	1072532626	40	40	1223343112	20	20	0	0	0	強靭な守り	物理耐性が{1}％上昇する。物理スキル威力が{2}％上昇する	强韧守护	物理耐性提升{1}%。物理技能威力提升{2}%。	強韌守備	物理耐性上升{1}%。物理技能威力上升{2}%。	강인한 수비	물리내성이 {1}% 상승한다.물리속성 스킬 위력이 {2}% 상승한다
1816671299	181	Ambush Tactics S	Slightly lowers the likelihood of being targeted by enemy attacks.	1	862284095	0	803108981	30	40	1227413041	-3	-3	0	0	0	0	0	0	潜伏の秘訣・小	攻撃を受ける確率が少し減少する	潜伏秘诀·小	受到攻击的概率略微减少。	潛伏秘訣‧小	受到攻擊的機率略微減少。	잠복의 비결ㆍ소	공격을 받을 확률이 조금 감소한다
180263431	182	Ambush Tactics M	Lowers the likelihood of being targeted by enemy attacks.	1	862284095	0	803108981	40	50	1227413041	-4	-4	0	0	0	0	0	0	潜伏の秘訣・中	攻撃を受ける確率が減少する	潜伏秘诀·中	受到攻击的概率略减少。	潛伏秘訣‧中	受到攻擊的機率略減少。	잠복의 비결ㆍ중	공격을 받을 확률이 감소한다
2109319825	183	Ambush Tactics L	Greatly lowers the likelihood of being targeted by enemy attacks.	1	862284095	0	803108981	50	70	1227413041	-5	-5	0	0	0	0	0	0	潜伏の秘訣・大	攻撃を受ける確率が大きく減少する	潜伏秘诀·大	受到攻击的概率大幅减少。	潛伏秘訣‧大	受到攻擊的機率大幅減少。	잠복의 비결ㆍ대	공격을 받을 확률이 크게 감소한다
472039630	184	Elegant Breeze	Greatly lowers the likelihood of being targeted by enemy attacks. Reduces skill WT by {2}%.	1	862284095	0	803108981	70	130	1227413041	-5	-5	1043326631	10	10	0	0	0	優雅な緑風	攻撃を受ける確率が大きく減少する。スキルのＷＴが{2}％短縮される	优雅绿风	受到攻击的概率大幅减少。技能的WT缩短{2}%。	優雅綠風	受到攻擊的機率大幅減少。技能的WT縮短{2}%。	우아한 녹풍	공격을 받을 확률이 크게 감소한다.스킬의 WT가 {2}% 단축된다
1797648476	185	Elegant Breeze	Greatly lowers the likelihood of being targeted by enemy attacks. Reduces skill WT by {2}%.	0	862284095	0	803108981	130	130	1227413041	-5	-5	1043326631	10	10	0	0	0	優雅な緑風	攻撃を受ける確率が大きく減少する。スキルのＷＴが{2}％短縮される	优雅绿风	受到攻击的概率大幅减少。技能的WT缩短{2}%。	優雅綠風	受到攻擊的機率大幅減少。技能的WT縮短{2}%。	우아한 녹풍	공격을 받을 확률이 크게 감소한다.스킬의 WT가 {2}% 단축된다
1729393536	186	Commander's Shield S	Increases critical damage by {1}%.	1	862284095	0	612515656	35	45	1114935566	5	10	0	0	0	0	0	0	指揮官の盾・小	クリティカルダメージが{1}％上昇する	指挥官之盾·小	暴击伤害提升{1}%。	指揮官之盾‧小	重擊傷害上升{1}%。	지휘관의 방패ㆍ소	크리티컬 대미지가 {1}% 상승한다
31644986	187	Commander's Shield M	Increases critical damage by {1}%.	1	862284095	0	612515656	45	55	1114935566	10	15	0	0	0	0	0	0	指揮官の盾・中	クリティカルダメージが{1}％上昇する	指挥官之盾·中	暴击伤害提升{1}%。	指揮官之盾‧中	重擊傷害上升{1}%。	지휘관의 방패ㆍ중	크리티컬 대미지가 {1}% 상승한다
1994780076	188	Commander's Shield L	Increases critical damage by {1}%.	1	862284095	0	612515656	55	75	1114935566	15	20	0	0	0	0	0	0	指揮官の盾・大	クリティカルダメージが{1}％上昇する	指挥官之盾·大	暴击伤害提升{1}%。	指揮官之盾‧大	重擊傷害上升{1}%。	지휘관의 방패ㆍ대	크리티컬 대미지가 {1}% 상승한다
394168305	189	Sturdy Strike	Increases critical damage by {1}%. Boosts skill power by {2}%.	1	862284095	0	612515656	75	135	1114935566	20	25	896770460	10	15	0	0	0	堅牢なる一撃	クリティカルダメージが{1}％上昇する。スキル威力が{2}％上昇する	坚如磐石的一击	暴击伤害提升{1}%。技能威力提升{2}%。	牢固一擊	重擊傷害上升{1}%。技能威力上升{2}%。	견고한 일격	크리티컬 대미지가 {1}% 상승한다.스킬 위력이 {2}% 상승한다
1618589543	190	Sturdy Strike	Increases critical damage by {1}%. Boosts skill power by {2}%.	0	862284095	0	612515656	135	135	1114935566	25	25	896770460	15	20	0	0	0	堅牢なる一撃	クリティカルダメージが{1}％上昇する。スキル威力が{2}％上昇する	坚如磐石的一击	暴击伤害提升{1}%。技能威力提升{2}%。	牢固一擊	重擊傷害上升{1}%。技能威力上升{2}%。	견고한 일격	크리티컬 대미지가 {1}% 상승한다.스킬 위력이 {2}% 상승한다
1725307209	191	DEF Boost S	Boosts evasion rate by {1}%.	1	862284095	0	624973183	35	45	1136065339	1	2	0	0	0	0	0	0	防避上昇・小	回避率が{1}％上昇する	防避提升·小	回避率提升{1}%。	防避上升‧小	迴避率上升{1}%。	방피 상승ㆍ소	회피율이 {1}% 상승한다
2144013	192	DEF Boost M	Boosts evasion rate by {1}%.	1	862284095	0	624973183	45	55	1136065339	2	3	0	0	0	0	0	0	防避上昇・中	回避率が{1}％上昇する	防避提升·中	回避率提升{1}%。	防避上升‧中	迴避率上升{1}%。	방피 상승ㆍ중	회피율이 {1}% 상승한다
1999079323	193	DEF Boost L	Boosts evasion rate by {1}%.	1	862284095	0	624973183	55	75	1136065339	4	5	0	0	0	0	0	0	防避上昇・大	回避率が{1}％上昇する	防避提升·大	回避率提升{1}%。	防避上升‧大	迴避率上升{1}%。	방피 상승ㆍ대	회피율이 {1}% 상승한다
381480392	194	Magnificent Defense	Boosts evasion rate by {1}%. Lowers the likelihood of being targeted by enemy attacks by {2}%.	1	862284095	0	624973183	75	135	1136065339	6	8	884067245	-4	-4	0	0	0	防御の妙技	回避率が{1}％上昇する。攻撃を受ける確率が減少する	防御奇技	回避率提升{1}%。受到攻击的概率下降{2}%。	防禦奇技	迴避率上升{1}%。受到攻擊的機率減少{2}%。	방어의 묘기	회피율이 {1}% 상승한다.공격을 받을 확률이 감소한다
1639701842	195	Magnificent Defense	Boosts evasion rate by {1}%. Lowers the likelihood of being targeted by enemy attacks by {2}%.	0	862284095	0	624973183	130	130	1136065339	8	8	884067245	-4	-4	0	0	0	防御の妙技	回避率が{1}％上昇する。攻撃を受ける確率が減少する	防御奇技	回避率提升{1}%。受到攻击的概率下降{2}%。	防禦奇技	迴避率上升{1}%。受到攻擊的機率減少{2}%。	방어의 묘기	회피율이 {1}% 상승한다.공격을 받을 확률이 감소한다
776256093	196	Bolt Resistance Up S	Raises bolt resistance by {1}%.	1	862284095	0	1842542187	40	50	186931247	5	10	0	0	0	0	0	0	雷属性耐性上昇・小	雷耐性が{1}％上昇する	雷属性耐性提升·小	雷耐性提升{1}%。	雷屬性耐性上升‧小	雷耐性上升{1}%。	뇌속성내성 상승ㆍ소	뇌내성이 {1}% 상승한다
1219630105	197	Bolt Resistance Up M	Raises bolt resistance by {1}%.	1	862284095	0	1842542187	50	60	186931247	10	15	0	0	0	0	0	0	雷属性耐性上昇・中	雷耐性が{1}％上昇する	雷属性耐性提升·中	雷耐性提升{1}%。	雷屬性耐性上升‧中	雷耐性上升{1}%。	뇌속성내성 상승ㆍ중	뇌내성이 {1}% 상승한다
1068835983	198	Bolt Resistance Up L	Raises bolt resistance by {1}%.	1	862284095	0	1842542187	60	80	186931247	15	20	0	0	0	0	0	0	雷属性耐性上昇・大	雷耐性が{1}％上昇する	雷属性耐性提升·大	雷耐性提升{1}%。	雷屬性耐性上升‧大	雷耐性上升{1}%。	뇌속성내성 상승ㆍ대	뇌내성이 {1}% 상승한다
1580093138	199	Warrior's Might	Raises bolt resistance by {1}% and boosts skill power by {2}%.	1	862284095	0	1842542187	80	140	186931247	20	40	2082695353	10	15	0	0	0	戦士の剛力	雷耐性が{1}％上昇する。スキル威力を{2}％上昇する	战士的刚力	雷耐性提升{1}%。技能威力提升{2}%。	戰士的剛力	雷耐性上升{1}%。技能威力上升{2}%。	전사의 힘	뇌내성이 {1}% 상승한다.스킬 위력이 {2}% 상승한다
690585156	200	Warrior's Might	Raises bolt resistance by {1}% and boosts skill power by {2}%.	0	862284095	0	1842542187	140	140	186931247	40	40	2082695353	15	15	0	0	0	戦士の剛力	雷耐性が{1}％上昇する。スキル威力を{2}％上昇する	战士的刚力	雷耐性提升{1}%。技能威力提升{2}%。	戰士的剛力	雷耐性上升{1}%。技能威力上升{2}%。	전사의 힘	뇌내성이 {1}% 상승한다.스킬 위력이 {2}% 상승한다
797364330	201	Self-Repair S	Restores HP by {1}% upon acting.	1	862284095	0	1813027934	35	45	2111898254	5	10	0	0	0	0	0	0	自己修復・小	行動時にＨＰが{1}％回復する	自我修复·小	行动时恢复{1}%的HP。	自我修復‧小	行動時，回復HP{1}%。	자기수복ㆍ소	행동 시 HP가 {1}% 회복한다
1232109104	202	Self-Repair M	Restores HP by {1}% upon acting.	1	862284095	0	1813027934	45	60	2111898254	10	15	0	0	0	0	0	0	自己修復・中	行動時にＨＰが{1}％回復する	自我修复·中	行动时恢复{1}%的HP。	自我修復‧中	行動時，回復HP{1}%。	자기수복ㆍ중	행동 시 HP가 {1}% 회복한다
1048006330	203	Self-Repair L	Restores HP by {1}% upon acting.	1	862284095	0	1813027934	60	80	2111898254	15	20	0	0	0	0	0	0	自己修復・大	行動時にＨＰが{1}％回復する	自我修复·大	行动时恢复{1}%的HP。	自我修復‧大	行動時，回復HP{1}%。	자기수복ㆍ대	행동 시 HP가 {1}% 회복한다
1609311461	204	Training Elixir	Restores HP by {1}% upon acting. Boost evasion rate by {2}%.	1	862284095	0	1813027934	80	140	2111898254	20	25	182858264	8	8	0	0	0	仕込み霊薬	行動時にＨＰを{1}％回復する回避率が{2}％上昇する	特制灵药	行动时恢复{1}%的HP。回避率提升{2}%。	特製靈藥	行動時，回復HP{1}%。迴避率上升{2}%。	영약 제조	행동 시 HP가 {1}% 회복한다.회피율이 {2}% 상승한다
686494835	205	Training Elixir	Restores HP by {1}% upon acting. Boost evasion rate by {2}%.	0	862284095	0	1813027934	140	140	2111898254	25	25	182858264	8	8	0	0	0	仕込み霊薬	行動時にＨＰを{1}％回復する回避率が{2}％上昇する	特制灵药	行动时恢复{1}%的HP。回避率提升{2}%。	特製靈藥	行動時，回復HP{1}%。迴避率上升{2}%。	영약 제조	행동 시 HP가 {1}% 회복한다.회피율이 {2}% 상승한다
767585843	206	Ice Resistance Up S	Raises ice resistance by {1}%.	1	862284095	0	1851138565	45	55	2141699287	5	10	0	0	0	0	0	0	氷属性耐性上昇・小	氷耐性が{1}％上昇する	冰属性耐性提升·小	冰耐性提升{1}%。	冰屬性耐性上升‧小	冰耐性上升{1}%。	빙속성내성 상승ㆍ소	빙내성이 {1}% 상승한다
1261879415	207	Ice Resistance Up M	Raises ice resistance by {1}%.	1	862284095	0	1851138565	55	65	2141699287	10	15	0	0	0	0	0	0	氷属性耐性上昇・中	氷耐性が{1}％上昇する	冰属性耐性提升·中	冰耐性提升{1}%。	冰屬性耐性上升‧中	冰耐性上升{1}%。	빙속성내성 상승ㆍ중	빙내성이 {1}% 상승한다
1009905889	208	Ice Resistance Up L	Raises ice resistance by {1}%.	1	862284095	0	1851138565	65	85	2141699287	15	20	0	0	0	0	0	0	氷属性耐性上昇・大	氷耐性が{1}％上昇する	冰属性耐性提升·大	冰耐性提升{1}%。	冰屬性耐性上升‧大	冰耐性上升{1}%。	빙속성내성 상승ㆍ대	빙내성이 {1}% 상승한다
1571461820	209	Magic Rampage	Raises ice resistance by {1}% and boosts skill power by {2}%.	1	862284095	0	1851138565	85	140	2141699287	20	40	507303564	10	15	0	0	0	暴走する魔術	氷耐性が{1}％上昇する。スキル威力が{2}％上昇する	失控魔术	冰耐性提升{1}%。技能威力提升{2}%。	失控魔術	冰耐性上升{1}%。技能威力上升{2}%。	폭주하는 마술	빙내성이 {1}% 상승한다.스킬 위력이 {2}% 상승한다
716024362	210	Magic Rampage	Raises ice resistance by {1}% and boosts skill power by {2}%.	0	862284095	0	1851138565	140	140	2141699287	40	40	507303564	15	15	0	0	0	暴走する魔術	氷耐性が{1}％上昇する。スキル威力が{2}％上昇する	失控魔术	冰耐性提升{1}%。技能威力提升{2}%。	失控魔術	冰耐性上升{1}%。技能威力上升{2}%。	폭주하는 마술	빙내성이 {1}% 상승한다.스킬 위력이 {2}% 상승한다
738329604	211	Beast Leather S	Slightly raises the likelihood of being targeted by enemy attacks.	1	862284095	0	1871988788	50	60	157476470	3	3	0	0	0	0	0	0	魔獣の皮革・小	攻撃を受ける確率が少し上昇する	魔兽皮革·小	受到攻击的概率略微提升。	魔獸皮革‧小	受到攻擊的機率略微上升。	마수의 가죽ㆍ소	공격을 받을 확률이 조금 상승한다
1257548354	212	Beast Leather M	Raises the likelihood of being targeted by enemy attacks by {1}%.	1	862284095	0	1871988788	60	70	157476470	4	4	0	0	0	0	0	0	魔獣の皮革・中	攻撃を受ける確率が上昇する	魔兽皮革·中	受到攻击的概率略提升。	魔獸皮革‧中	受到攻擊的機率略上升。	마수의 가죽ㆍ중	공격을 받을 확률이 상승한다
1039375064	213	Beast Leather L	Greatly raises the likelihood of being targeted by enemy attacks.	1	862284095	0	1871988788	70	90	157476470	5	5	0	0	0	0	0	0	魔獣の皮革・大	攻撃を受ける確率が大きく上昇する	魔兽皮革·大	受到攻击的概率大幅提升。	魔獸皮革‧大	受到攻擊的機率大幅上升。	마수의 가죽ㆍ대	공격을 받을 확률이 크게 상승한다
1550381195	214	Majestic Beast Leather	Greatly raises the likelihood of being targeted by enemy attacks.After defeating an enemy, boosts ATK by {2}%.	1	862284095	0	1871988788	90	140	157476470	5	5	2120603360	20	20	0	0	0	豪獣の皮革	攻撃を受ける確率が大きく上昇する。敵撃破時、攻撃力を{2}％上昇させる	凶兽皮革	受到攻击的概率大幅提升。击败敌人時，攻击力提升{2}%。	凶獸皮革	受到攻擊的機率大幅上升。擊敗敵人時，攻擊力上升{2}%。	호수의 가죽	공격을 받을 확률이 크게 상승한다.적 격파 시, 공격력을 {2}% 상승시킨다
728743965	215	Majestic Beast Leather	Greatly raises the likelihood of being targeted by enemy attacks.After defeating an enemy, boosts ATK by {2}%.	0	862284095	0	1871988788	140	140	157476470	5	5	2120603360	20	20	0	0	0	豪獣の皮革	攻撃を受ける確率が大きく上昇する。敵撃破時、攻撃力を{2}％上昇させる	凶兽皮革	受到攻击的概率大幅提升。击败敌人時，攻击力提升{2}%。	凶獸皮革	受到攻擊的機率大幅上升。擊敗敵人時，攻擊力上升{2}%。	호수의 가죽	공격을 받을 확률이 크게 상승한다.적 격파 시, 공격력을 {2}% 상승시킨다
1279066910	216	HP+SPD Up S	Boosts SPD by {0} and HP by {1}.	1	0	0	714394062	10	20	1281517452	10	15	0	0	0	0	0	0	ＨＰ素早さ上昇・小	素早さが{0}上昇する。ＨＰが{1}上昇する	HP敏捷增加·小	敏捷提升{0}。HP提升{1}。	HP敏捷增加‧小	敏捷上升{0}。HP上升{1}。	HP민첩성 상승ㆍ소	민첩성이 {0} 상승한다.HP가 {1} 상승한다
717991260	217	HP+SPD Up M	Boosts SPD by {0} and HP by {1}.	1	0	0	714394062	20	30	1281517452	15	20	0	0	0	0	0	0	ＨＰ素早さ上昇・中	素早さが{0}上昇する。ＨＰが{1}上昇する	HP敏捷增加·中	敏捷提升{0}。HP提升{1}。	HP敏捷增加‧中	敏捷上升{0}。HP上升{1}。	HP민첩성 상승ㆍ중	민첩성이 {0} 상승한다.HP가 {1} 상승한다
1573690830	218	HP+SPD Up L	Boosts SPD by {0} and HP by {1}.	1	0	0	714394062	30	40	1281517452	20	25	0	0	0	0	0	0	ＨＰ素早さ上昇・大	素早さが{0}上昇する。ＨＰが{1}上昇する	HP敏捷增加·大	敏捷提升{0}。HP提升{1}。	HP敏捷增加‧大	敏捷上升{0}。HP上升{1}。	HP민첩성 상승ㆍ대	민첩성이 {0} 상승한다.HP가 {1} 상승한다
1012397969	219	Luring Target	Boosts SPD by {0} and HP by {1}. Raises the likelihood of being targeted by enemy attacks.	1	0	0	714394062	40	50	1281517452	25	30	1569978712	30	30	0	0	0	ねらいのまと	素早さが{0}上昇する。ＨＰが{1}上昇する攻撃を受ける確率が上昇する	锁定目标	敏捷提升{0}。HP提升{1}。受到敌人攻击的概率提升。	鎖定目標	敏捷上升{0}。HP上升{1}。受到敵人攻擊的機率上升{2}%。	표적	민첩성이 {0} 상승한다.HP가 {1} 상승한다.적의 공격을 받을 확률이 상승한다
1263585031	220	Luring Target	Boosts SPD by {0} and HP by {1}. Raises the likelihood of being targeted by enemy attacks.	0	0	0	714394062	50	50	1281517452	30	30	1569978712	30	30	0	0	0	ねらいのまと	素早さが{0}上昇する。ＨＰが{1}上昇する攻撃を受ける確率が上昇する	锁定目标	敏捷提升{0}。HP提升{1}。受到敌人攻击的概率提升。	鎖定目標	敏捷上升{0}。HP上升{1}。受到敵人攻擊的機率上升{2}%。	표적	민첩성이 {0} 상승한다.HP가 {1} 상승한다.적의 공격을 받을 확률이 상승한다
1316732231	221	HP+Crit Up S	Boosts HP by {0} and critical rate by {1}%.	1	0	0	1311037907	10	20	684881815	5	8	0	0	0	0	0	0	ＨＰ会心上昇・小	ＨＰが{0}上昇する。クリティカル率が{1}％上昇する	HP暴击增加·小	HP提升{0}。暴击率提升{1}%。	HP重擊增加‧小	HP上升{0}。重擊率上升{1}%。	HP회심 상승ㆍ소	HP가 {0} 상승한다.크리티컬 확률이 {1}% 상승한다
680334083	222	HP+Crit Up M	Boosts HP by {0} and critical rate by {1}%.	1	0	0	1311037907	20	30	684881815	8	12	0	0	0	0	0	0	ＨＰ会心上昇・中	ＨＰが{0}上昇する。クリティカル率が{1}％上昇する	HP暴击增加·中	HP提升{0}。暴击率提升{1}%。	HP重擊增加‧中	HP上升{0}。重擊率上升{1}%。	HP회심 상승ㆍ중	HP가 {0} 상승한다.크리티컬 확률이 {1}% 상승한다
1602888597	223	HP+Crit Up L	Boosts HP by {0} and critical rate by {1}%.	1	0	0	1311037907	30	40	684881815	12	16	0	0	0	0	0	0	ＨＰ会心上昇・大	ＨＰが{0}上昇する。クリティカル率が{1}％上昇する	HP暴击增加·大	HP提升{0}。暴击率提升{1}%。	HP重擊增加‧大	HP上升{0}。重擊率上升{1}%。	HP회심 상승ㆍ대	HP가 {0} 상승한다.크리티컬 확률이 {1}% 상승한다
1041320392	224	Know-it-all Glasses	Boosts HP by {0}, critical rate by {1}%, and DEX by {2}.	1	0	0	1311037907	40	50	684881815	16	20	1607812865	10	20	0	0	0	物知りメガネ	ＨＰが{0}上昇する。クリティカル率が{1}％上昇する器用さが{2}上昇する	博学眼镜	HP提升{0}。暴击率提升{1}%。灵巧提升{2}。	博學眼鏡	HP上升{0}。重擊率上升{1}%。靈巧上升{2}。	만물박사 안경	HP가 {0} 상승한다.크리티컬 확률이 {1}% 상승한다.솜씨가 {2} 상승한다
1226209630	225	Know-it-all Glasses	Boosts HP by {0}, critical rate by {1}%, and DEX by {2}.	0	0	0	1311037907	50	50	684881815	20	20	1607812865	20	20	0	0	0	物知りメガネ	ＨＰが{0}上昇する。クリティカル率が{1}％上昇する器用さが{2}上昇する	博学眼镜	HP提升{0}。暴击率提升{1}%。灵巧提升{2}。	博學眼鏡	HP上升{0}。重擊率上升{1}%。靈巧上升{2}。	만물박사 안경	HP가 {0} 상승한다.크리티컬 확률이 {1}% 상승한다.솜씨가 {2} 상승한다
1337579376	226	HP Critical Charge S	Boosts HP by {0} and increases critical damage by {1}%.	1	0	0	1340519398	15	25	1578577206	5	10	0	0	0	0	0	0	ＨＰ会心強化・小	ＨＰが{0}上昇する。クリティカルダメージが{1}％上昇する	HP暴击强化·小	HP提升{0}。暴击伤害提升{1}%。	HP重擊強化‧小	HP上升{0}。重擊傷害上升{1}%。	HP성회심 강화ㆍ소	HP가 {0} 상승한다.크리티컬 대미지가 {1}% 상승한다
693074230	227	HP Critical Charge M	Boosts HP by {0} and increases critical damage by {1}%.	1	0	0	1340519398	25	35	1578577206	10	15	0	0	0	0	0	0	ＨＰ会心強化・中	ＨＰが{0}上昇する。クリティカルダメージが{1}％上昇する	HP暴击强化·中	HP提升{0}。暴击伤害提升{1}%。	HP重擊強化‧中	HP上升{0}。重擊傷害上升{1}%。	HP성회심 강화ㆍ중	HP가 {0} 상승한다.크리티컬 대미지가 {1}% 상승한다
1581795748	228	HP Critical Charge L	Boosts HP by {0} and increases critical damage by {1}%.	1	0	0	1340519398	35	45	1578577206	15	20	0	0	0	0	0	0	ＨＰ会心強化・大	ＨＰが{0}上昇する。クリティカルダメージが{1}％上昇する	HP暴击强化·大	HP提升{0}。暴击伤害提升{1}%。	HP重擊強化‧大	HP上升{0}。重擊傷害上升{1}%。	HP성회심 강화ㆍ대	HP가 {0} 상승한다.크리티컬 대미지가 {1}% 상승한다
1070801919	229	Critical Blaze	Boosts HP by {0} and bolt skill power by {2}%. Increases critical damage by {1}%.	1	0	0	1340519398	45	55	1578577206	20	25	688922016	20	30	0	0	0	クリティカルブレイズ	ＨＰが{0}上昇する。クリティカルダメージが{1}％上昇する。雷スキル威力が{2}％上昇する	暴击烈光	HP提升{0}。暴击伤害提升{1}%。雷技能威力提升{2}%。	重擊烈光	HP上升{0}。重擊傷害上升{1}%。雷技能威力上升{2}%。	크리티컬 블레이즈	HP가 {0} 상승한다.크리티컬 대미지가 {1}% 상승한다.뇌속성 스킬 위력이 {2}% 상승한다
1221858153	230	Critical Blaze	Boosts HP by {0} and bolt skill power by {2}%. Increases critical damage by {1}%.	0	0	0	1340519398	55	55	1578577206	25	25	688922016	30	30	0	0	0	クリティカルブレイズ	ＨＰが{0}上昇する。クリティカルダメージが{1}％上昇する。雷スキル威力が{2}％上昇する	暴击烈光	HP提升{0}。暴击伤害提升{1}%。雷技能威力提升{2}%。	重擊烈光	HP上升{0}。重擊傷害上升{1}%。雷技能威力上升{2}%。	크리티컬 블레이즈	HP가 {0} 상승한다.크리티컬 대미지가 {1}% 상승한다.뇌속성 스킬 위력이 {2}% 상승한다
1257685493	231	AP Recovery S	Boosts SPD by {0} and AP gain by {1}%.	1	0	0	1252631905	15	25	1532509107	10	20	0	0	0	0	0	0	ＡＰ回復・小	素早さが{0}上昇する。ＡＰ獲得量が{1}％上昇する	AP恢复·小	敏捷提升{0}。AP获得量提升{1}%。	AP回復‧小	敏捷上升{0}。AP獲得量上升{1}%。	AP회복ㆍ소	민첩성이 {0} 상승한다.AP 획득량이 {1}% 상승한다
738226097	232	AP Recovery M	Boosts SPD by {0} and AP gain by {1}%.	1	0	0	1252631905	25	35	1532509107	20	30	0	0	0	0	0	0	ＡＰ回復・中	素早さが{0}上昇する。ＡＰ獲得量が{1}％上昇する	AP恢复·中	敏捷提升{0}。AP获得量提升{1}%。	AP回復‧中	敏捷上升{0}。AP獲得量上升{1}%。	AP회복ㆍ중	민첩성이 {0} 상승한다.AP 획득량이 {1}% 상승한다
1527209767	233	AP Recovery L	Boosts SPD by {0} and AP gain by {1}%.	1	0	0	1252631905	35	45	1532509107	30	40	0	0	0	0	0	0	ＡＰ回復・大	素早さが{0}上昇する。ＡＰ獲得量が{1}％上昇する	AP恢复·大	敏捷提升{0}。AP获得量提升{1}%。	AP回復‧大	敏捷上升{0}。AP獲得量上升{1}%。	AP회복ㆍ대	민첩성이 {0} 상승한다.AP 획득량이 {1}% 상승한다
983315834	234	Sublime Speed	Boosts SPD by {0}, AP gain by {1}%, and physical skill power by {2}%.	1	0	0	1252631905	45	55	1532509107	40	50	744426277	20	30	0	0	0	神速の力	素早さが{0}上昇する。ＡＰ獲得量が{1}％上昇する物理スキル威力が{2}％上昇する。	神速之力	敏捷提升{0}。AP获得量提升{1}%。物理技能威力提升{2}%。	神速之力	敏捷上升{0}。AP獲得量上升{1}%。物理技能威力上升{2}%。	신속의 힘	민첩성이 {0} 상승한다.AP 획득량이 {1}% 상승한다.물리속성 스킬 위력이 {2}% 상승한다
1302005228	235	Sublime Speed	Boosts SPD by {0}, AP gain by {1}%, and physical skill power by {2}%.	0	0	0	1252631905	55	55	1532509107	50	50	744426277	30	30	0	0	0	神速の力	素早さが{0}上昇する。ＡＰ獲得量が{1}％上昇する物理スキル威力が{2}％上昇する。	神速之力	敏捷提升{0}。AP获得量提升{1}%。物理技能威力提升{2}%。	神速之力	敏捷上升{0}。AP獲得量上升{1}%。物理技能威力上升{2}%。	신속의 힘	민첩성이 {0} 상승한다.AP 획득량이 {1}% 상승한다.물리속성 스킬 위력이 {2}% 상승한다
1261743042	236	HP Regeneration S	Boosts HP by {0}. Restores HP by {1}% upon acting.	1	0	0	1227714831	20	30	960988546	3	5	0	0	0	0	0	0	ＨＰ継続回復・小	ＨＰが{0}上昇する。行動時にHPを{1}%回復する	HP持续恢复·小	HP提升{0}。行动时，自身HP恢复{1}%。	HP持續回復‧小	HP上升{0}。行動時回復{1}%HP。	HP지속회복ㆍ소	HP가 {0} 상승한다.행동 시, HP를 {1}% 회복한다
767690120	237	HP Regeneration M	Boosts HP by {0}. Restores HP by {1}% upon acting.	1	0	0	1227714831	30	40	960988546	5	10	0	0	0	0	0	0	ＨＰ継続回復・中	ＨＰが{0}上昇する。行動時にHPを{1}%回復する	HP持续恢复·中	HP提升{0}。行动时，自身HP恢复{1}%。	HP持續回復‧中	HP上升{0}。行動時回復{1}%HP。	HP지속회복ㆍ중	HP가 {0} 상승한다.행동 시, HP를 {1}% 회복한다
1522873618	238	HP Regeneration L	Boosts HP by {0}. Restores HP by {1}% upon acting.	1	0	0	1227714831	40	50	960988546	10	15	0	0	0	0	0	0	ＨＰ継続回復・大	ＨＰが{0}上昇する。行動時にHPを{1}%回復する	HP持续恢复·大	HP提升{0}。行动时，自身HP恢复{1}%。	HP持續回復‧大	HP上升{0}。行動時回復{1}%HP。	HP지속회복ㆍ대	HP가 {0} 상승한다.행동 시, HP를 {1}% 회복한다
996040525	239	Airy Force	Boosts HP by {0} and air skill power by {2}%. Restores HP by {1}% upon acting.	1	0	0	1227714831	50	60	960988546	15	20	802938699	20	30	0	0	0	エアリーフォース	ＨＰが{0}上昇する。行動時にHPを{1}%回復する。風スキル威力が{2}％上昇する	空气原力	HP提升{0}。行动时，自身HP恢复{1}%。风技能威力提升{2}%。	空氣原力	HP上升{0}。行動時回復{1}%HP。風技能威力上升{2}%。	에어리 포스	HP가 {0} 상승한다.행동 시, HP를 {1}% 회복한다.풍속성 스킬 위력이 {2}% 상승한다
1280929755	240	Airy Force	Boosts HP by {0} and air skill power by {2}%. Restores HP by {1}% upon acting.	0	0	0	1227714831	60	60	960988546	20	20	802938699	30	30	0	0	0	エアリーフォース	ＨＰが{0}上昇する。行動時にHPを{1}%回復する。風スキル威力が{2}％上昇する	空气原力	HP提升{0}。行动时，自身HP恢复{1}%。风技能威力提升{2}%。	空氣原力	HP上升{0}。行動時回復{1}%HP。風技能威力上升{2}%。	에어리 포스	HP가 {0} 상승한다.행동 시, HP를 {1}% 회복한다.풍속성 스킬 위력이 {2}% 상승한다
1232213403	241	Stun Damage Up S	Boosts SPD by {0} and increases stun damage.	1	0	0	1223629626	20	30	1495172586	5	10	0	0	0	0	0	0	ブレイクダメージ・小	素早さが{0}上昇する。ブレイクダメージが上昇する	破防伤害提升·小	敏捷提升{0}。破防伤害提升。	破防傷害上升‧小	敏捷上升{0}。破防傷害上升。	브레이크 대미지 상승ㆍ소	민첩성이 {0} 상승한다.브레이크 대미지가 상승한다
797227999	242	Stun Damage Up M	Boosts SPD by {0} and increases stun damage.	1	0	0	1223629626	30	40	1495172586	10	20	0	0	0	0	0	0	ブレイクダメージ・中	素早さが{0}上昇する。ブレイクダメージが上昇する	破防伤害提升·中	敏捷提升{0}。破防伤害提升。	破防傷害上升‧中	敏捷上升{0}。破防傷害上升。	브레이크 대미지 상승ㆍ중	민첩성이 {0} 상승한다.브레이크 대미지가 상승한다
1485015881	243	Stun Damage Up L	Boosts SPD by {0} and increases stun damage.	1	0	0	1223629626	40	50	1495172586	20	30	0	0	0	0	0	0	ブレイクダメージ・大	素早さが{0}上昇する。ブレイクダメージが上昇する	破防伤害提升·大	敏捷提升{0}。破防伤害提升。	破防傷害上升‧大	敏捷上升{0}。破防傷害上升。	브레이크 대미지 상승ㆍ대	민첩성이 {0} 상승한다.브레이크 대미지가 상승한다
957931796	244	Frost Barrier	Boosts SPD by {0} and ice skill power by {2}%. Increases stun damage.	1	0	0	1223629626	50	60	1495172586	30	40	773436796	20	30	0	0	0	フロストバリア	素早さが{0}上昇する。ブレイクダメージが上昇する。氷スキル威力が{2}％上昇する	冰霜屏障	敏捷提升{0}。破防伤害提升。冰技能威力提升{2}%。	冰霜屏障	敏捷上升{0}。破防傷害上升。冰技能威力上升{2}%。	프로스트 배리어	민첩성이 {0} 상승한다.브레이크 대미지가 상승한다.빙속성 스킬 위력이 {2}% 상승한다
1310708098	245	Frost Barrier	Boosts SPD by {0} and ice skill power by {2}%. Increases stun damage.	0	0	0	1223629626	60	60	1495172586	40	40	773436796	30	30	0	0	0	フロストバリア	素早さが{0}上昇する。ブレイクダメージが上昇する。氷スキル威力が{2}％上昇する	冰霜屏障	敏捷提升{0}。破防伤害提升。冰技能威力提升{2}%。	冰霜屏障	敏捷上升{0}。破防傷害上升。冰技能威力上升{2}%。	프로스트 배리어	민첩성이 {0} 상승한다.브레이크 대미지가 상승한다.빙속성 스킬 위력이 {2}% 상승한다
1219526572	246	Reduce Skill WT S	Boosts HP by {0} and reduces skill WT by {1}%.	1	0	0	1135827973	25	35	1380106967	5	10	0	0	0	0	0	0	スキルWT短縮・小	ＨＰが{0}上昇する。スキルのＷＴが{1}％短縮される	技能WT缩短·小	HP提升{0}。技能的WT缩短{1}%。	技能WT縮短‧小	HP上升{0}。技能的WT縮短{1}%。	스킬WT 단축ㆍ소	HP가 {0} 상승한다.스킬의 WT가 {1}% 단축된다
776393194	247	Reduce Skill WT M	Boosts HP by {0} and reduces skill WT by {1}%.	1	0	0	1135827973	35	45	1380106967	10	15	0	0	0	0	0	0	スキルWT短縮・中	ＨＰが{0}上昇する。スキルのＷＴが{1}％短縮される	技能WT缩短·中	HP提升{0}。技能的WT缩短{1}%。	技能WT縮短‧中	HP上升{0}。技能的WT縮短{1}%。	스킬WT 단축ㆍ중	HP가 {0} 상승한다.스킬의 WT가 {1}% 단축된다
1497489792	248	Reduce Skill WT L	Boosts HP by {0} and reduces skill WT by {1}%.	1	0	0	1135827973	45	55	1380106967	15	20	0	0	0	0	0	0	スキルWT短縮・大	ＨＰが{0}上昇する。スキルのＷＴが{1}％短縮される	技能WT缩短·大	HP提升{0}。技能的WT缩短{1}%。	技能WT縮短‧大	HP上升{0}。技能的WT縮短{1}%。	스킬WT 단축ㆍ대	HP가 {0} 상승한다.스킬의 WT가 {1}% 단축된다
953846563	249	Flame Blessing	Boosts HP by {0} and fire skill power by {2}%. Reduces skill WT by {1}%.	1	0	0	1135827973	55	65	1380106967	20	25	625340993	20	30	0	0	0	炎撃の祝福	ＨＰが{0}上昇する。スキルのＷＴが{1}％短縮される。火スキル威力が{2}％上昇する	炎击之祝福	HP提升{0}。技能的缩短{1}%。火技能威力提升{2}%。	炎擊之祝福	HP上升{0}。技能的WT縮短{1}%。火技能威力上升{2}%。	화격의 축복	HP가 {0} 상승한다.스킬의 WT가 {1}% 단축된다.화속성 스킬 위력이 {2}% 상승한다
1339931573	250	Flame Blessing	Boosts HP by {0} and fire skill power by {2}%. Reduces skill WT by {1}%.	0	0	0	1135827973	65	65	1380106967	25	25	625340993	30	30	0	0	0	炎撃の祝福	ＨＰが{0}上昇する。スキルのＷＴが{1}％短縮される。火スキル威力が{2}％上昇する	炎击之祝福	HP提升{0}。技能的缩短{1}%。火技能威力提升{2}%。	炎擊之祝福	HP上升{0}。技能的WT縮短{1}%。火技能威力上升{2}%。	화격의 축복	HP가 {0} 상승한다.스킬의 WT가 {1}% 단축된다.화속성 스킬 위력이 {2}% 상승한다
1139554449	251	Evade Boost S	Boosts SPD by {0} and evasion rate by {1}%.	1	0	0	1265356632	25	35	765288722	1	2	0	0	0	0	0	0	回避上昇・小	素早さが{0}上昇する。回避率が{1}％上昇する	回避提升·小	敏捷提升{0}。回避率提升{1}%。	迴避上升‧小	敏捷上升{0}。迴避率上升{1}%。	회피 상승ㆍ소	민첩성이 {0} 상승한다.회피율이 {1}% 상승한다
622499541	252	Evade Boost M	Boosts SPD by {0} and evasion rate by {1}%.	1	0	0	1265356632	35	45	765288722	2	3	0	0	0	0	0	0	回避上昇・中	素早さが{0}上昇する。回避率が{1}％上昇する	回避提升·中	敏捷提升{0}。回避率提升{1}%。	迴避上升‧中	敏捷上升{0}。迴避率上升{1}%。	회피 상승ㆍ중	민첩성이 {0} 상승한다.회피율이 {1}% 상승한다
1377674819	253	Evade Boost L	Boosts SPD by {0} and evasion rate by {1}%.	1	0	0	1265356632	45	55	765288722	4	5	0	0	0	0	0	0	回避上昇・大	素早さが{0}上昇する。回避率が{1}％上昇する	回避提升·大	敏捷提升{0}。回避率提升{1}%。	迴避上升‧大	敏捷上升{0}。迴避率上升{1}%。	회피 상승ㆍ대	민첩성이 {0} 상승한다.회피율이 {1}% 상승한다
864472094	254	Weak Pt Attack Charge	Boosts SPD by {0} and evasion rate by {1}%. Boosts skill power by {2}% when attacking weaknesses.	1	0	0	1265356632	55	65	765288722	6	8	1520062852	20	30	0	0	0	弱点攻撃強化	素早さが{0}上昇する。回避率が{1}％上昇する。弱点攻撃時のスキル威力が{2}％上昇する	弱点攻击强化	敏捷提升{0}。回避率提升{1}%。攻击弱点时技能威力提升{2}%。	弱點攻擊強化	敏捷上升{0}。迴避率上升{1}%。攻擊弱點時，技能威力上升{2}%。	약점공격 강화	민첩성이 {0} 상승한다.회피율이 {1}% 상승한다.약점 공격 시의 스킬 위력이 {2}% 상승한다
1149369480	255	Weak Pt Attack Charge	Boosts SPD by {0} and evasion rate by {1}%. Boosts skill power by {2}% when attacking weaknesses.	0	0	0	1265356632	65	65	765288722	8	8	1520062852	30	30	0	0	0	弱点攻撃強化	素早さが{0}上昇する。回避率が{1}％上昇する。弱点攻撃時のスキル威力が{2}％上昇する	弱点攻击强化	敏捷提升{0}。回避率提升{1}%。攻击弱点时技能威力提升{2}%。	弱點攻擊強化	敏捷上升{0}。迴避率上升{1}%。攻擊弱點時，技能威力上升{2}%。	약점공격 강화	민첩성이 {0} 상승한다.회피율이 {1}% 상승한다.약점 공격 시의 스킬 위력이 {2}% 상승한다
1110332070	256	DEF+Crit Up S	Boosts DEF by {0} and critical rate by {1}%.	1	0	0	1114715700	30	40	1400940768	5	10	0	0	0	0	0	0	防御会心上昇・小	防御力が{0}上昇する。クリティカル率が{1}％上昇する	防御暴击增加·小	防御提升{0}。暴击率提升{1}%。	防禦重擊增加‧小	防禦力上升{0}。重擊率上升{1}%。	방어회심 상승ㆍ소	방어력이 {0} 상승한다.크리티컬 확률이 {1}% 상승한다
618200292	257	DEF+Crit Up M	Boosts DEF by {0} and critical rate by {1}%.	1	0	0	1114715700	40	50	1400940768	10	15	0	0	0	0	0	0	防御会心上昇・中	防御力が{0}上昇する。クリティカル率が{1}％上昇する	防御暴击增加·中	防御提升{0}。暴击率提升{1}%。	防禦重擊增加‧中	防禦力上升{0}。重擊率上升{1}%。	방어회심 상승ㆍ중	방어력이 {0} 상승한다.크리티컬 확률이 {1}% 상승한다
1407175798	258	DEF+Crit Up L	Boosts DEF by {0} and critical rate by {1}%.	1	0	0	1114715700	50	60	1400940768	15	20	0	0	0	0	0	0	防御会心上昇・大	防御力が{0}上昇する。クリティカル率が{1}％上昇する	防御暴击增加·大	防御提升{0}。暴击率提升{1}%。	防禦重擊增加‧大	防禦力上升{0}。重擊率上升{1}%。	방어회심 상승ㆍ대	방어력이 {0} 상승한다.크리티컬 확률이 {1}% 상승한다
843359785	259	Critical Magic	Boosts DEF by {0}, critical rate by {1}%, and magic skill power by {2}%.	1	0	0	1114715700	60	70	1400940768	20	25	612866166	20	30	0	0	0	クリティカルマジック	防御力が{0}上昇する。クリティカル率が{1}％上昇する。魔法スキル威力が{2}％上昇する	暴击魔法	防御提升{0}。暴击率提升{1}%。魔法技能威力提升{2}%。	重擊魔法	防禦力上升{0}。重擊率上升{1}%。魔法技能威力上升{2}%。	크리티컬 매직	방어력이 {0} 상승한다.크리티컬 확률이 {1}% 상승한다.마법속성 스킬 위력이 {2}% 상승한다
1162057407	260	Critical Magic	Boosts DEF by {0}, critical rate by {1}%, and magic skill power by {2}%.	0	0	0	1114715700	70	70	1400940768	25	25	612866166	30	30	0	0	0	クリティカルマジック	防御力が{0}上昇する。クリティカル率が{1}％上昇する。魔法スキル威力が{2}％上昇する	暴击魔法	防御提升{0}。暴击率提升{1}%。魔法技能威力提升{2}%。	重擊魔法	防禦力上升{0}。重擊率上升{1}%。魔法技能威力上升{2}%。	크리티컬 매직	방어력이 {0} 상승한다.크리티컬 확률이 {1}% 상승한다.마법속성 스킬 위력이 {2}% 상승한다
180154804	261	SPD Critical Charge S	Boosts SPD by {0}. Increases critical damage by {1}%.	1	0	0	182687014	30	40	1813330788	5	10	0	0	0	0	0	0	素早さ会心強化・小	素早さが{0}上昇する。クリティカルダメージが{1}％上昇する	敏捷暴击强化・小	敏捷提升{0}。暴击伤害提升{1}%。	敏捷重擊強化‧小	敏捷上升{0}。重擊傷害上升{1}%。	민첩성회심 강화ㆍ소	민첩성이 {0} 상승한다.크리티컬 대미지가 {1}% 상승한다
1816813558	262	SPD Critical Charge M	Boosts SPD by {0}. Increases critical damage by {1}%.	1	0	0	182687014	40	50	1813330788	10	15	0	0	0	0	0	0	素早さ会心強化・中	素早さが{0}上昇する。クリティカルダメージが{1}％上昇する	敏捷暴击强化・中	敏捷提升{0}。暴击伤害提升{1}%。	敏捷重擊強化‧中	敏捷上升{0}。重擊傷害上升{1}%。	민첩성회심 강화ㆍ중	민첩성이 {0} 상승한다.크리티컬 대미지가 {1}% 상승한다
458059616	263	SPD Critical Charge L	Boosts SPD by {0}. Increases critical damage by {1}%.	1	0	0	182687014	50	60	1813330788	15	20	0	0	0	0	0	0	素早さ会心強化・大	素早さが{0}上昇する。クリティカルダメージが{1}％上昇する	敏捷暴击强化・大	敏捷提升{0}。暴击伤害提升{1}%。	敏捷重擊強化‧大	敏捷上升{0}。重擊傷害上升{1}%。	민첩성회심 강화ㆍ대	민첩성이 {0} 상승한다.크리티컬 대미지가 {1}% 상승한다
2060846397	264	Skill Gleam	Boosts SPD by {0}. Increases critical damage by {1}%. Boosts skill power by {2}%.	1	0	0	182687014	60	70	1813330788	20	25	454167542	20	30	0	0	0	スキルの閃光	素早さが{0}上昇する。クリティカルダメージが{1}％上昇する。スキル威力が{2}％上昇する	技能闪光	敏捷提升{0}。暴击伤害提升{1}%。技能威力提升{2}%。	技能閃光	敏捷上升{0}。重擊傷害上升{1}%。技能威力上升{2}%。	스킬의 섬광	민첩성이 {0} 상승한다.크리티컬 대미지가 {1}% 상승한다.스킬 위력이 {2}% 상승한다
231814571	265	Skill Gleam	Boosts SPD by {0}. Increases critical damage by {1}%. Boosts skill power by {2}%.	0	0	0	182687014	70	70	1813330788	25	25	454167542	30	30	0	0	0	スキルの閃光	素早さが{0}上昇する。クリティカルダメージが{1}％上昇する。スキル威力が{2}％上昇する	技能闪光	敏捷提升{0}。暴击伤害提升{1}%。技能威力提升{2}%。	技能閃光	敏捷上升{0}。重擊傷害上升{1}%。技能威力上升{2}%。	스킬의 섬광	민첩성이 {0} 상승한다.크리티컬 대미지가 {1}% 상승한다.스킬 위력이 {2}% 상승한다
192846725	266	HP+ATK Up S	Boosts HP by {0} and ATK by {1}.	1	0	0	186777361	35	45	1842827605	5	10	0	0	0	0	0	0	ＨＰ攻撃上昇・小	ＨＰが{0}上昇する。攻撃力が{1}上昇する	HP攻击增加・小	HP提升{0}。攻击力提升{1}。	HP攻擊增加‧小	HP上升{0}。攻擊力上升{1}。	HP공격 상승ㆍ소	HP가 {0} 상승한다.공격력이 {1} 상승한다
1837643201	267	HP+ATK Up M	Boosts HP by {0} and ATK by {1}.	1	0	0	186777361	45	55	1842827605	10	15	0	0	0	0	0	0	ＨＰ攻撃上昇・中	ＨＰが{0}上昇する。攻撃力が{1}上昇する	HP攻击增加・中	HP提升{0}。攻击力提升{1}。	HP攻擊增加‧中	HP上升{0}。攻擊力上升{1}。	HP공격 상승ㆍ중	HP가 {0} 상승한다.공격력이 {1} 상승한다
445580631	268	HP+ATK Up L	Boosts HP by {0} and ATK by {1}.	1	0	0	186777361	55	65	1842827605	15	20	0	0	0	0	0	0	ＨＰ攻撃上昇・大	ＨＰが{0}上昇する。攻撃力が{1}上昇する	HP攻击增加・大	HP提升{0}。攻击力提升{1}。	HP攻擊增加‧大	HP上升{0}。攻擊力上升{1}。	HP공격 상승ㆍ대	HP가 {0} 상승한다.공격력이 {1} 상승한다
2064936716	269	Enduring Power	Boosts HP by {0} and ATK by {1}. When attacking a stunned enemy, lowers its physical resistance by {2}%.	1	0	0	186777361	65	75	1842827605	20	40	449864131	30	40	0	0	0	耐え忍ぶ力	ＨＰが{0}上昇し、攻撃力が{1}上昇する。ブレイク中の敵に攻撃すると物理耐性を{2}％減少させる	忍耐力	HP提升{0}，且攻击力提升{1}。攻击处于破防状态的敌人时，使其物理耐性降低{2}%。	忍耐力	HP上升{0}、攻擊力上升{1}。攻擊破防狀態的敵人時，使其物理耐性減少{2}%。	인내력	HP가 {0} 상승하고 공격력이 {1} 상승한다. 브레이크 중인 적 공격 시, 물리내성을 {2}% 감소시킨다
202596254	270	Enduring Power	Boosts HP by {0} and ATK by {1}. When attacking a stunned enemy, lowers its physical resistance by {2}%.	0	0	0	186777361	75	75	1842827605	40	40	449864131	40	40	0	0	0	耐え忍ぶ力	ＨＰが{0}上昇し、攻撃力が{1}上昇する。ブレイク中の敵に攻撃すると物理耐性を{2}％減少させる	忍耐力	HP提升{0}，且攻击力提升{1}。攻击处于破防状态的敌人时，使其物理耐性降低{2}%。	忍耐力	HP上升{0}、攻擊力上升{1}。攻擊破防狀態的敵人時，使其物理耐性減少{2}%。	인내력	HP가 {0} 상승하고 공격력이 {1} 상승한다. 브레이크 중인 적 공격 시, 물리내성을 {2}% 감소시킨다
154674654	271	Stun Boost S	Boosts SPD by {0}. Increases damage against stunned enemies by {1}%.	1	0	0	157761864	35	45	1871834894	5	10	0	0	0	0	0	0	ブレイクブースト・小	素早さが{0}上昇する。ブレイク中の敵に与えるダメージが{1}％上昇する	破防加成・小	敏捷提升{0}。对处于破防状态的敌人造成的伤害提升{1}%。	破防加成‧小	敏捷上升{0}。對破防狀態的敵人造成的傷害上升{1}%。	브레이크 부스트ㆍ소	민첩성이 {0} 상승한다.브레이크 중인 적에게 주는 대미지가 {1}% 상승한다
1875807128	272	Stun Boost M	Boosts SPD by {0}. Increases damage against stunned enemies by {1}%.	1	0	0	157761864	45	55	1871834894	10	15	0	0	0	0	0	0	ブレイクブースト・中	素早さが{0}上昇する。ブレイク中の敵に与えるダメージが{1}％上昇する	破防加成・中	敏捷提升{0}。对处于破防状态的敌人造成的伤害提升{1}%。	破防加成‧中	敏捷上升{0}。對破防狀態的敵人造成的傷害上升{1}%。	브레이크 부스트ㆍ중	민첩성이 {0} 상승한다.브레이크 중인 적에게 주는 대미지가 {1}% 상승한다
415873806	273	Stun Boost L	Boosts SPD by {0}. Increases damage against stunned enemies by {1}%.	1	0	0	157761864	55	65	1871834894	15	20	0	0	0	0	0	0	ブレイクブースト・大	素早さが{0}上昇する。ブレイク中の敵に与えるダメージが{1}％上昇する	破防加成・大	敏捷提升{0}。对处于破防状态的敌人造成的伤害提升{1}%。	破防加成‧大	敏捷上升{0}。對破防狀態的敵人造成的傷害上升{1}%。	브레이크 부스트ㆍ대	민첩성이 {0} 상승한다.브레이크 중인 적에게 주는 대미지가 {1}% 상승한다
2035470675	274	Fierce Link Attack	Boosts SPD by {0}. Increases damage to stunned enemies by {1}%. Boosts own ATK by {2}% after activating Unite Burst.	1	0	0	157761864	65	75	1871834894	20	25	412540828	20	30	0	0	0	連携の猛攻	素早さが{0}上昇し、ブレイク中の敵に与えるダメージが{1}％上昇する。ユナイトバースト発動時に自身の攻撃力を{2}％上昇させる	联手猛攻	敏捷提升{0}，并对处于破防状态的敌人造成的伤害提升{1}%。发动合作爆发时，使自身攻击力提升{2}%。	聯手猛攻	敏捷上升{0}。對破防狀態的敵人造成的傷害上升{1}%。發動合作爆發時，使我方全體攻擊力上升{2}%。	연계 맹공	민첩성이 {0} 상승하고 브레이크 중인 적에게 주는 대미지가 {1}% 상승한다. 유나이트 버스트 발동 시, 모든 아군의 공격력을 {2}% 상승시킨다
240509381	275	Fierce Link Attack	Boosts SPD by {0}. Increases damage to stunned enemies by {1}%. Boosts own ATK by {2}% after activating Unite Burst.	0	0	0	157761864	75	75	1871834894	25	25	412540828	30	30	0	0	0	連携の猛攻	素早さが{0}上昇し、ブレイク中の敵に与えるダメージが{1}％上昇する。ユナイトバースト発動時に自身の攻撃力を{2}％上昇させる	联手猛攻	敏捷提升{0}，并对处于破防状态的敌人造成的伤害提升{1}%。发动合作爆发时，使自身攻击力提升{2}%。	聯手猛攻	敏捷上升{0}。對破防狀態的敵人造成的傷害上升{1}%。發動合作爆發時，使我方全體攻擊力上升{2}%。	연계 맹공	민첩성이 {0} 상승하고 브레이크 중인 적에게 주는 대미지가 {1}% 상승한다. 유나이트 버스트 발동 시, 모든 아군의 공격력을 {2}% 상승시킨다
1529109174	276	Link Power Boost S	Boosts skill power by {0}% upon performing a Multi-Action.	1	0	0	1187852538	5	10	0	0	0	0	0	0	0	0	0	連携威力上昇・小	マルチアクション時、スキル威力が{0}％上昇する	联手威力提升・小	进行多重行动时，技能威力提升{0}%。	聯手威力上升‧小	展開多重行動時，技能威力上升{0}%。	연계위력 상승ㆍ소	멀티 액션 시, 스킬 위력이 {0}% 상승한다
1037235440	277	Link Power Boost M	Boosts skill power by {0}% upon performing a Multi-Action.	1	0	0	1187852538	10	15	0	0	0	0	0	0	0	0	0	連携威力上昇・中	マルチアクション時、スキル威力が{0}％上昇する	联手威力提升・中	进行多重行动时，技能威力提升{0}%。	聯手威力上升‧中	展開多重行動時，技能威力上升{0}%。	연계위력 상승ㆍ중	멀티 액션 시, 스킬 위력이 {0}% 상승한다
1255523430	278	Link Power Boost L	Boosts skill power by {0}% upon performing a Multi-Action.	1	0	0	1187852538	15	20	0	0	0	0	0	0	0	0	0	連携威力上昇・大	マルチアクション時、スキル威力が{0}％上昇する	联手威力提升・大	进行多重行动时，技能威力提升{0}%。	聯手威力上升‧大	展開多重行動時，技能威力上升{0}%。	연계위력 상승ㆍ대	멀티 액션 시, 스킬 위력이 {0}% 상승한다
726576699	279	Link Power Boost X	Boosts skill power by {0}% upon performing a Multi-Action.	1	0	0	1187852538	20	25	0	0	0	0	0	0	0	0	0	連携威力上昇・超	マルチアクション時、スキル威力が{0}％上昇する	联手威力提升・超	进行多重行动时，技能威力提升{0}%。	聯手威力上升‧超	展開多重行動時，技能威力上升{0}%。	연계위력 상승ㆍ초	멀티 액션 시, 스킬 위력이 {0}% 상승한다
1548328621	280	Link Power Boost X	Boosts skill power by {0}% upon performing a Multi-Action.	0	0	0	1187852538	25	25	0	0	0	0	0	0	0	0	0	連携威力上昇・超	マルチアクション時、スキル威力が{0}％上昇する	联手威力提升・超	进行多重行动时，技能威力提升{0}%。	聯手威力上升‧超	展開多重行動時，技能威力上升{0}%。	연계위력 상승ㆍ초	멀티 액션 시, 스킬 위력이 {0}% 상승한다
1499653357	281	Link Stats Boost S	Boosts all stats by {0}% upon performing a Multi-Action.	1	0	0	206307548	1	3	2068525134	1	3	498966024	1	3	0	0	0	連携全能力上昇・小	マルチアクション時、全能力が{0}％上昇する	联手全能力提升·小	进行多重行动时，全能力提升{0}%。	聯手全能力上升‧小	展開多重行動時，全能力上升{0}%。	연계전능력 상승ㆍ소	멀티 액션 시, 모든 능력이 {0}% 상승한다
1066683049	282	Link Stats Boost M	Boosts all stats by {0}% upon performing a Multi-Action.	1	0	0	206307548	4	6	2068525134	4	6	498966024	4	6	0	0	0	連携全能力上昇・中	マルチアクション時、全能力が{0}％上昇する	联手全能力提升·中	进行多重行动时，全能力提升{0}%。	聯手全能力上升‧中	展開多重行動時，全能力上升{0}%。	연계전능력 상승ㆍ중	멀티 액션 시, 모든 능력이 {0}% 상승한다
1217624639	283	Link Stats Boost L	Boosts all stats by {0}% upon performing a Multi-Action.	1	0	0	206307548	7	9	2068525134	7	9	498966024	7	9	0	0	0	連携全能力上昇・大	マルチアクション時、全能力が{0}％上昇する	联手全能力提升·大	进行多重行动时，全能力提升{0}%。	聯手全能力上升‧大	展開多重行動時，全能力上升{0}%。	연계전능력 상승ㆍ대	멀티 액션 시, 모든 능력이 {0}% 상승한다
688394340	284	Link Stats Boost X	Boosts all stats by {0}% upon performing a Multi-Action.	1	0	0	206307548	10	15	2068525134	10	15	498966024	10	15	0	0	0	連携全能力上昇・超	マルチアクション時、全能力が{0}％上昇する	联手全能力提升·超	进行多重行动时，全能力提升{0}%。	聯手全能力上升‧超	展開多重行動時，全能力上升{0}%。	연계전능력 상승ㆍ초	멀티 액션 시, 모든 능력이 {0}% 상승한다
1578049782	285	Link Stats Boost X	Boosts all stats by {0}% upon performing a Multi-Action.	0	0	0	206307548	15	15	2068525134	15	15	498966024	15	15	0	0	0	連携全能力上昇・超	マルチアクション時、全能力が{0}％上昇する	联手全能力提升·超	进行多重行动时，全能力提升{0}%。	聯手全能力上升‧超	展開多重行動時，全能力上升{0}%。	연계전능력 상승ㆍ초	멀티 액션 시, 모든 능력이 {0}% 상승한다
1486917340	286	Link Stun Boost S	Increases stun damage by {0}% upon performing a Multi-Action.	1	0	0	1463594538	5	10	0	0	0	0	0	0	0	0	0	連携ブレイク上昇・小	マルチアクション時、ブレイクダメージが{0}％上昇する	联手破防提升・小	进行多重行动时，破防伤害提升{0}%。	聯手破防上升‧小	展開多重行動時，破防傷害上升{0}%。	연계브레이크 상승ㆍ소	멀티 액션 시, 브레이크 대미지가 {0}% 상승한다
1045831838	287	Link Stun Boost M	Increases stun damage by {0}% upon performing a Multi-Action.	1	0	0	1463594538	10	15	0	0	0	0	0	0	0	0	0	連携ブレイク上昇・中	マルチアクション時、ブレイクダメージが{0}％上昇する	联手破防提升・中	进行多重行动时，破防伤害提升{0}%。	聯手破防上升‧中	展開多重行動時，破防傷害上升{0}%。	연계브레이크 상승ㆍ중	멀티 액션 시, 브레이크 대미지가 {0}% 상승한다
1230049288	288	Link Stun Boost L	Increases stun damage by {0}% upon performing a Multi-Action.	1	0	0	1463594538	15	20	0	0	0	0	0	0	0	0	0	連携ブレイク上昇・大	マルチアクション時、ブレイクダメージが{0}％上昇する	联手破防提升・大	进行多重行动时，破防伤害提升{0}%。	聯手破防上升‧大	展開多重行動時，破防傷害上升{0}%。	연계브레이크 상승ㆍ대	멀티 액션 시, 브레이크 대미지가 {0}% 상승한다
684358229	289	Link Stun Boost X	Increases stun damage by {0}% upon performing a Multi-Action.	1	0	0	1463594538	20	25	0	0	0	0	0	0	0	0	0	連携ブレイク上昇・超	マルチアクション時、ブレイクダメージが{0}％上昇する	联手破防提升・超	进行多重行动时，破防伤害提升{0}%。	聯手破防上升‧超	展開多重行動時，破防傷害上升{0}%。	연계브레이크 상승ㆍ초	멀티 액션 시, 브레이크 대미지가 {0}% 상승한다
1607289539	290	Link Stun Boost X	Increases stun damage by {0}% upon performing a Multi-Action.	0	0	0	1463594538	25	25	0	0	0	0	0	0	0	0	0	連携ブレイク上昇・超	マルチアクション時、ブレイクダメージが{0}％上昇する	联手破防提升・超	进行多重行动时，破防伤害提升{0}%。	聯手破防上升‧超	展開多重行動時，破防傷害上升{0}%。	연계브레이크 상승ㆍ초	멀티 액션 시, 브레이크 대미지가 {0}% 상승한다
683896727	291	Mix Power Charge S	Boosts Item Mix power and recovery by {0}%.	1	0	0	916964471	5	10	0	0	0	0	0	0	0	0	0	混合威力強化・小	アイテムミックスの威力と回復力が{0}％上昇する	混合威力强化・小	道具混搭的威力和恢复力增加{0}%。	混合威力強化‧小	道具混搭的威力和回復力上升{0}%。	혼합위력 강화ㆍ소	아이템 믹스의 위력과 회복력이 {0}% 상승한다
1312145875	292	Mix Power Charge M	Boosts Item Mix power and recovery by {0}%.	1	0	0	916964471	10	15	0	0	0	0	0	0	0	0	0	混合威力強化・中	アイテムミックスの威力と回復力が{0}％上昇する	混合威力强化・中	道具混搭的威力和恢复力增加{0}%。	混合威力強化‧中	道具混搭的威力和回復力上升{0}%。	혼합위력 강화ㆍ중	아이템 믹스의 위력과 회복력이 {0}% 상승한다
959639877	293	Mix Power Charge L	Boosts Item Mix power and recovery by {0}%.	1	0	0	916964471	15	20	0	0	0	0	0	0	0	0	0	混合威力強化・大	アイテムミックスの威力と回復力が{0}％上昇する	混合威力强化・大	道具混搭的威力和恢复力增加{0}%。	混合威力強化‧大	道具混搭的威力和回復力上升{0}%。	혼합위력 강화ㆍ대	아이템 믹스의 위력과 회복력이 {0}% 상승한다
1487510298	294	Mix Power Charge X	Boosts Item Mix power and recovery by {0}%.	1	0	0	916964471	20	25	0	0	0	0	0	0	0	0	0	混合威力強化・超	アイテムミックスの威力と回復力が{0}％上昇する	混合威力强化・超	道具混搭的威力和恢复力增加{0}%。	混合威力強化‧超	道具混搭的威力和回復力上升{0}%。	혼합위력 강화ㆍ초	아이템 믹스의 위력과 회복력이 {0}% 상승한다
799976336	295	Mix Power Charge X	Boosts Item Mix power and recovery by {0}%.	0	0	0	916964471	25	25	0	0	0	0	0	0	0	0	0	混合威力強化・超	アイテムミックスの威力と回復力が{0}％上昇する	混合威力强化・超	道具混搭的威力和恢复力增加{0}%。	混合威力強化‧超	道具混搭的威力和回復力上升{0}%。	혼합위력 강화ㆍ초	아이템 믹스의 위력과 회복력이 {0}% 상승한다
713413072	296	Drop Rate Boost S	Boosts item drop rate at the end of battle by {0}%.	1	0	0	1101067489	5	10	0	0	0	0	0	0	0	0	0	ドロップ率上昇・小	戦闘終了時のドロップ率が{0}％上昇する	掉落率提升・小	战斗结束时道具掉落率提升{0}%。	掉落機率上升‧小	戰鬥結束時的掉落機率上升{0}%。	드롭률 상승ㆍ소	전투 종료 시의 드롭률이 {0}% 상승한다
1282637706	297	Drop Rate Boost M	Boosts item drop rate at the end of battle by {0}%.	1	0	0	1101067489	10	20	0	0	0	0	0	0	0	0	0	ドロップ率上昇・中	戦闘終了時のドロップ率が{0}％上昇する	掉落率提升・中	战斗结束时道具掉落率提升{0}%。	掉落機率上升‧中	戰鬥結束時的掉落機率上升{0}%。	드롭률 상승ㆍ중	전투 종료 시의 드롭률이 {0}% 상승한다
997478172	298	Drop Rate Boost L	Boosts item drop rate at the end of battle by {0}%.	1	0	0	1101067489	20	30	0	0	0	0	0	0	0	0	0	ドロップ率上昇・大	戦闘終了時のドロップ率が{0}％上昇する	掉落率提升・大	战斗结束时道具掉落率提升{0}%。	掉落機率上升‧大	戰鬥結束時的掉落機率上升{0}%。	드롭률 상승ㆍ대	전투 종료 시의 드롭률이 {0}% 상승한다
1525622081	299	Drop Rate Boost X	Boosts item drop rate at the end of battle by {0}%.	1	0	0	1101067489	30	40	0	0	0	0	0	0	0	0	0	ドロップ率上昇・超	戦闘終了時のドロップ率が{0}％上昇する	掉落率提升・超	战斗结束时道具掉落率提升{0}%。	掉落機率上升‧超	戰鬥結束時的掉落機率上升{0}%。	드롭률 상승ㆍ초	전투 종료 시의 드롭률이 {0}% 상승한다
770184663	300	Drop Rate Boost X	Boosts item drop rate at the end of battle by {0}%.	0	0	0	1101067489	40	40	0	0	0	0	0	0	0	0	0	ドロップ率上昇・超	戦闘終了時のドロップ率が{0}％上昇する	掉落率提升・超	战斗结束时道具掉落率提升{0}%。	掉落機率上升‧超	戰鬥結束時的掉落機率上升{0}%。	드롭률 상승ㆍ초	전투 종료 시의 드롭률이 {0}% 상승한다
726121465	301	AP Gain on Turn S	Restores {0} AP upon acting.	1	0	0	484491934	1	3	0	0	0	0	0	0	0	0	0	行動時ＡＰ獲得・小	行動時、ＡＰが{0}回復する	行动时获得AP・小	行动时恢复{0}AP。	行動時獲得AP‧小	行動時，回復{0}AP。	행동시 AP획득ㆍ소	행동 시, AP가 {0} 회복한다
1303451069	302	AP Gain on Turn M	Restores {0} AP upon acting.	1	0	0	484491934	4	6	0	0	0	0	0	0	0	0	0	行動時ＡＰ獲得・中	行動時、ＡＰが{0}回復する	行动时获得AP・中	行动时恢复{0}AP。	行動時獲得AP‧中	行動時，回復{0}AP。	행동시 AP획득ㆍ중	행동 시, AP가 {0} 회복한다
985015595	303	AP Gain on Turn L	Restores {0} AP upon acting.	1	0	0	484491934	7	9	0	0	0	0	0	0	0	0	0	行動時ＡＰ獲得・大	行動時、ＡＰが{0}回復する	行动时获得AP・大	行动时恢复{0}AP。	行動時獲得AP‧大	行動時，回復{0}AP。	행동시 AP획득ㆍ대	행동 시, AP가 {0} 회복한다
1529696120	304	AP Gain on Turn X	Restores {0} AP upon acting.	1	0	0	484491934	10	15	0	0	0	0	0	0	0	0	0	行動時ＡＰ獲得・超	行動時、ＡＰが{0}回復する	行动时获得AP・超	行动时恢复{0}AP。	行動時獲得AP‧超	行動時，回復{0}AP。	행동시 AP획득ㆍ초	행동 시, AP가 {0} 회복한다
740982754	305	AP Gain on Turn X	Restores {0} AP upon acting.	0	0	0	484491934	15	15	0	0	0	0	0	0	0	0	0	行動時ＡＰ獲得・超	行動時、ＡＰが{0}回復する	行动时获得AP・超	行动时恢复{0}AP。	行動時獲得AP‧超	行動時，回復{0}AP。	행동시 AP획득ㆍ초	행동 시, AP가 {0} 회복한다
1777434604	306	Power Boost on Block S	Upon performing a Precision Guard, boosts the next skill's power by {0}%.	1	0	0	2048290008	5	10	0	0	0	0	0	0	0	0	0	ガード時威力上昇・小	ジャストガード時、次のスキル威力が{0}％上昇する	防御时威力提升・小	精准防御时，下个技能的威力提升{0}%。	防禦時威力上升‧小	完美防禦時，下個技能威力上升{0}%。	방어시 위력상승ㆍ소	저스트 가드 시, 다음 스킬 위력이 {0}% 상승한다
252170670	307	Power Boost on Block M	Upon performing a Precision Guard, boosts the next skill's power by {0}%.	1	0	0	2048290008	10	15	0	0	0	0	0	0	0	0	0	ガード時威力上昇・中	ジャストガード時、次のスキル威力が{0}％上昇する	防御时威力提升・中	精准防御时，下个技能的威力提升{0}%。	防禦時威力上升‧中	完美防禦時，下個技能威力上升{0}%。	방어시 위력상승ㆍ중	저스트 가드 시, 다음 스킬 위력이 {0}% 상승한다
2013323576	308	Power Boost on Block L	Upon performing a Precision Guard, boosts the next skill's power by {0}%.	1	0	0	2048290008	15	20	0	0	0	0	0	0	0	0	0	ガード時威力上昇・大	ジャストガード時、次のスキル威力が{0}％上昇する	防御时威力提升・大	精准防御时，下个技能的威力提升{0}%。	防禦時威力上升‧大	完美防禦時，下個技能威力上升{0}%。	방어시 위력상승ㆍ대	저스트 가드 시, 다음 스킬 위력이 {0}% 상승한다
429624165	309	Power Boost on Block X	Upon performing a Precision Guard, boosts the next skill's power by {0}%.	1	0	0	2048290008	20	25	0	0	0	0	0	0	0	0	0	ガード時威力上昇・超	ジャストガード時、次のスキル威力が{0}％上昇する	防御时威力提升・超	精准防御时，下个技能的威力提升{0}%。	防禦時威力上升‧超	完美防禦時，下個技能威力上升{0}%。	방어시 위력상승ㆍ초	저스트 가드 시, 다음 스킬 위력이 {0}% 상승한다
1855765491	310	Power Boost on Block X	Upon performing a Precision Guard, boosts the next skill's power by {0}%.	0	0	0	2048290008	25	25	0	0	0	0	0	0	0	0	0	ガード時威力上昇・超	ジャストガード時、次のスキル威力が{0}％上昇する	防御时威力提升・超	精准防御时，下个技能的威力提升{0}%。	防禦時威力上升‧超	完美防禦時，下個技能威力上升{0}%。	방어시 위력상승ㆍ초	저스트 가드 시, 다음 스킬 위력이 {0}% 상승한다
1807204787	311	Stun on Block S	Upon performing a Precision Guard, reduces Stun Gauge by {0}% of max. This attack cannot cause stun.	1	0	0	219241550	10	15	0	0	0	0	0	0	0	0	0	ガード時ブレイク・小	ジャストガード時、ブレイクゲージを最大の{0}％削る。この攻撃でブレイクすることはできない	防御时破防・小	精准防御时，削减与最大值×{0}%等值的破防量表。此攻击无法破防。	防禦時破防‧小	完美防禦時，削減最大值{0}%的破防量表。此攻擊無法破防。	방어시 브레이크ㆍ소	저스트 가드 시, 브레이크 게이지를최대의 {0}% 깎는다. 이 공격으로브레이크시킬 수 없다
222392311	312	Stun on Block M	Upon performing a Precision Guard, reduces Stun Gauge by {0}% of max. This attack cannot cause stun.	1	0	0	219241550	15	20	0	0	0	0	0	0	0	0	0	ガード時ブレイク・中	ジャストガード時、ブレイクゲージを最大の{0}％削る。この攻撃でブレイクすることはできない	防御时破防・中	精准防御时，削减与最大值×{0}%等值的破防量表。此攻击无法破防。	防禦時破防‧中	完美防禦時，削減最大值{0}%的破防量表。此攻擊無法破防。	방어시 브레이크ㆍ중	저스트 가드 시, 브레이크 게이지를최대의 {0}% 깎는다. 이 공격으로브레이크시킬 수 없다
2051432289	313	Stun on Block L	Upon performing a Precision Guard, reduces Stun Gauge by {0}% of max. This attack cannot cause stun.	1	0	0	219241550	20	25	0	0	0	0	0	0	0	0	0	ガード時ブレイク・大	ジャストガード時、ブレイクゲージを最大の{0}％削る。この攻撃でブレイクすることはできない	防御时破防・大	精准防御时，削减与最大值×{0}%等值的破防量表。此攻击无法破防。	防禦時破防‧大	完美防禦時，削減最大值{0}%的破防量表。此攻擊無法破防。	방어시 브레이크ㆍ대	저스트 가드 시, 브레이크 게이지를최대의 {0}% 깎는다. 이 공격으로브레이크시킬 수 없다
467481918	314	Stun on Block X	Upon performing a Precision Guard, reduces Stun Gauge by {0}% of max. This attack cannot cause stun.	1	0	0	219241550	25	30	0	0	0	0	0	0	0	0	0	ガード時ブレイク・超	ジャストガード時、ブレイクゲージを最大の{0}％削る。この攻撃でブレイクすることはできない	防御时破防・超	精准防御时，削减与最大值×{0}%等值的破防量表。此攻击无法破防。	防禦時破防‧超	完美防禦時，削減最大值{0}%的破防量表。此攻擊無法破防。	방어시 브레이크ㆍ초	저스트 가드 시, 브레이크 게이지를최대의 {0}% 깎는다. 이 공격으로브레이크시킬 수 없다
1826227628	315	Stun on Block X	Upon performing a Precision Guard, reduces Stun Gauge by {0}% of max. This attack cannot cause stun.	0	0	0	219241550	30	30	0	0	0	0	0	0	0	0	0	ガード時ブレイク・超	ジャストガード時、ブレイクゲージを最大の{0}％削る。この攻撃でブレイクすることはできない	防御时破防・超	精准防御时，削减与最大值×{0}%等值的破防量表。此攻击无法破防。	防禦時破防‧超	完美防禦時，削減最大值{0}%的破防量表。此攻擊無法破防。	방어시 브레이크ㆍ초	저스트 가드 시, 브레이크 게이지를최대의 {0}% 깎는다. 이 공격으로브레이크시킬 수 없다
1786096518	316	Reuse on Block S	Has a {0}% chance to restore 1 item use upon performing a Precision Guard.	1	0	0	1820997139	10	20	0	0	0	0	0	0	0	0	0	ガード時再利用・小	ジャストガード時、{0}％の確率でアイテムの使用回数を1回分回復する	防御时再利用・小	完美防御时，有{0}%的概率恢复1次道具的使用次数。	防禦時再利用‧小	完美防禦時，有{0}%的機率回復1次道具的使用次數。	방어시 재이용ㆍ소	저스트 가드 시, {0}%의 확률로 아이템의 사용횟수가 1회 회복한다
209913280	317	Reuse on Block M	Has a {0}% chance to restore 1 item use upon performing a Precision Guard.	1	0	0	1820997139	20	30	0	0	0	0	0	0	0	0	0	ガード時再利用・中	ジャストガード時、{0}％の確率でアイテムの使用回数を1回分回復する	防御时再利用・中	完美防御时，有{0}%的概率恢复1次道具的使用次数。	防禦時再利用‧中	完美防禦時，有{0}%的機率回復1次道具的使用次數。	방어시 재이용ㆍ중	저스트 가드 시, {0}%의 확률로 아이템의 사용횟수가 1회 회복한다
2072261974	318	Reuse on Block L	Has a {0}% chance to restore 1 item use upon performing a Precision Guard.	1	0	0	1820997139	30	40	0	0	0	0	0	0	0	0	0	ガード時再利用・大	ジャストガード時、{0}％の確率でアイテムの使用回数を1回分回復する	防御时再利用・大	完美防御时，有{0}%的概率恢复1次道具的使用次数。	防禦時再利用‧大	完美防禦時，有{0}%的機率回復1次道具的使用次數。	방어시 재이용ㆍ대	저스트 가드 시, {0}%의 확률로 아이템의 사용횟수가 1회 회복한다
438263563	319	Reuse on Block X	Has a {0}% chance to restore 1 item use upon performing a Precision Guard.	1	0	0	1820997139	40	50	0	0	0	0	0	0	0	0	0	ガード時再利用・超	ジャストガード時、{0}％の確率でアイテムの使用回数を1回分回復する	防御时再利用・超	完美防御时，有{0}%的概率恢复1次道具的使用次数。	防禦時再利用‧超	完美防禦時，有{0}%的機率回復1次道具的使用次數。	방어시 재이용ㆍ초	저스트 가드 시, {0}%의 확률로 아이템의 사용횟수가 1회 회복한다
1830317981	320	Reuse on Block X	Has a {0}% chance to restore 1 item use upon performing a Precision Guard.	0	0	0	1820997139	50	50	0	0	0	0	0	0	0	0	0	ガード時再利用・超	ジャストガード時、{0}％の確率でアイテムの使用回数を1回分回復する	防御时再利用・超	完美防御时，有{0}%的概率恢复1次道具的使用次数。	防禦時再利用‧超	完美防禦時，有{0}%的機率回復1次道具的使用次數。	방어시 재이용ㆍ초	저스트 가드 시, {0}%의 확률로 아이템의 사용횟수가 1회 회복한다
29163402	321	Interrupt Power Charge S	Boosts item power by {0}% upon performing an Interrupt.	1	0	0	462227077	5	10	0	0	0	0	0	0	0	0	0	割込威力強化・小	インタラプト時、使用アイテムの威力が{0}％上昇する	抢先威力强化・小	中断时，使用道具的威力提升{0}%。	搶先威力強化‧小	中斷時，使用道具的威力上升{0}%。	할입위력 강화ㆍ소	인터럽트 시, 사용 아이템의 위력이 {0}% 상승한다
1732923856	322	Interrupt Power Charge M	Boosts item power by {0}% upon performing an Interrupt.	1	0	0	462227077	10	15	0	0	0	0	0	0	0	0	0	割込威力強化・中	インタラプト時、使用アイテムの威力が{0}％上昇する	抢先威力强化・中	中断时，使用道具的威力提升{0}%。	搶先威力強化‧中	中斷時，使用道具的威力上升{0}%。	할입위력 강화ㆍ중	인터럽트 시, 사용 아이템의 위력이 {0}% 상승한다
273506650	323	Interrupt Power Charge L	Boosts item power by {0}% upon performing an Interrupt.	1	0	0	462227077	15	20	0	0	0	0	0	0	0	0	0	割込威力強化・大	インタラプト時、使用アイテムの威力が{0}％上昇する	抢先威力强化・大	中断时，使用道具的威力提升{0}%。	搶先威力強化‧大	中斷時，使用道具的威力上升{0}%。	할입위력 강화ㆍ대	인터럽트 시, 사용 아이템의 위력이 {0}% 상승한다
1909852933	324	Interrupt Power Charge X	Boosts item power by {0}% upon performing an Interrupt.	1	0	0	462227077	20	25	0	0	0	0	0	0	0	0	0	割込威力強化・超	インタラプト時、使用アイテムの威力が{0}％上昇する	抢先威力强化・超	中断时，使用道具的威力提升{0}%。	搶先威力強化‧超	中斷時，使用道具的威力上升{0}%。	할입위력 강화ㆍ초	인터럽트 시, 사용 아이템의 위력이 {0}% 상승한다
114375571	325	Interrupt Power Charge X	Boosts item power by {0}% upon performing an Interrupt.	0	0	0	462227077	25	25	0	0	0	0	0	0	0	0	0	割込威力強化・超	インタラプト時、使用アイテムの威力が{0}％上昇する	抢先威力强化・超	中断时，使用道具的威力提升{0}%。	搶先威力強化‧超	中斷時，使用道具的威力上升{0}%。	할입위력 강화ㆍ초	인터럽트 시, 사용 아이템의 위력이 {0}% 상승한다
66732499	326	Interrupt Stun Charge S	Increases item stun damage by {0}% upon performing an Interrupt.	1	0	0	147630412	5	10	0	0	0	0	0	0	0	0	0	割込ブレイク強化・小	インタラプト時、使用アイテムのブレイクダメージが{0}％上昇する	抢先破防强化・小	中断时，使用道具的破防伤害提升{0}%。	搶先破防強化‧小	中斷時，使用道具的破防傷害上升{0}%。	할입브레이크 강화ㆍ소	인터럽트 시, 사용 아이템의 브레이크 대미지가{0}% 상승한다
1695346583	327	Interrupt Stun Charge M	Increases item stun damage by {0}% upon performing an Interrupt.	1	0	0	147630412	10	15	0	0	0	0	0	0	0	0	0	割込ブレイク強化・中	インタラプト時、使用アイテムのブレイクダメージが{0}％上昇する	抢先破防强化・中	中断时，使用道具的破防伤害提升{0}%。	搶先破防強化‧中	中斷時，使用道具的破防傷害上升{0}%。	할입브레이크 강화ㆍ중	인터럽트 시, 사용 아이템의 브레이크 대미지가{0}% 상승한다
302767873	328	Interrupt Stun Charge L	Increases item stun damage by {0}% upon performing an Interrupt.	1	0	0	147630412	15	20	0	0	0	0	0	0	0	0	0	割込ブレイク強化・大	インタラプト時、使用アイテムのブレイクダメージが{0}％上昇する	抢先破防强化・大	中断时，使用道具的破防伤害提升{0}%。	搶先破防強化‧大	中斷時，使用道具的破防傷害上升{0}%。	할입브레이크 강화ㆍ대	인터럽트 시, 사용 아이템의 브레이크 대미지가{0}% 상승한다
1938863452	329	Interrupt Stun Charge X	Increases item stun damage by {0}% upon performing an Interrupt.	1	0	0	147630412	20	25	0	0	0	0	0	0	0	0	0	割込ブレイク強化・超	インタラプト時、使用アイテムのブレイクダメージが{0}％上昇する	抢先破防强化・超	中断时，使用道具的破防伤害提升{0}%。	搶先破防強化‧超	中斷時，使用道具的破防傷害上升{0}%。	할입브레이크 강화ㆍ초	인터럽트 시, 사용 아이템의 브레이크 대미지가{0}% 상승한다
77039050	330	Interrupt Stun Charge X	Increases item stun damage by {0}% upon performing an Interrupt.	0	0	0	147630412	25	25	0	0	0	0	0	0	0	0	0	割込ブレイク強化・超	インタラプト時、使用アイテムのブレイクダメージが{0}％上昇する	抢先破防强化・超	中断时，使用道具的破防伤害提升{0}%。	搶先破防強化‧超	中斷時，使用道具的破防傷害上升{0}%。	할입브레이크 강화ㆍ초	인터럽트 시, 사용 아이템의 브레이크 대미지가{0}% 상승한다
37235684	331	Switch - Inst. Action S	Boosts HP by {1}. If the equipped character is in the back row, they can act directly after swapping to the front row.	1	0	0	1849296650	100	100	1135827973	35	45	0	0	0	0	0	0	交代即行動・小	ＨＰが{1}上昇する。装備者が後衛時、前衛と交代したときに即座に行動できる	换人即刻行动・小	HP提升{1}。若装备者为后卫，与前卫交换后可立即行动。	交替即刻行動‧小	HP上升{1}。裝備者為後衛時，與前衛交替後可立刻行動。	교대즉행동ㆍ소	HP가 {1} 상승한다. 장비자가 후열일 경우,전열과 교대하면 즉시 행동할 수 있다
1691256226	332	Switch - Inst. Action M	Boosts HP by {1}. If the equipped character is in the back row, they can act directly after swapping to the front row.	1	0	0	1849296650	100	100	1135827973	45	55	0	0	0	0	0	0	交代即行動・中	ＨＰが{1}上昇する。装備者が後衛時、前衛と交代したときに即座に行動できる	换人即刻行动・中	HP提升{1}。若装备者为后卫，与前卫交换后可立即行动。	交替即刻行動‧中	HP上升{1}。裝備者為後衛時，與前衛交替後可立刻行動。	교대즉행동ㆍ중	HP가 {1} 상승한다. 장비자가 후열일 경우,전열과 교대하면 즉시 행동할 수 있다
331986232	333	Switch - Inst. Action L	Boosts HP by {1}. If the equipped character is in the back row, they can act directly after swapping to the front row.	1	0	0	1849296650	100	100	1135827973	55	65	0	0	0	0	0	0	交代即行動・大	ＨＰが{1}上昇する。装備者が後衛時、前衛と交代したときに即座に行動できる	换人即刻行动・大	HP提升{1}。若装备者为后卫，与前卫交换后可立即行动。	交替即刻行動‧大	HP上升{1}。裝備者為後衛時，與前衛交替後可立刻行動。	교대즉행동ㆍ대	HP가 {1} 상승한다. 장비자가 후열일 경우,전열과 교대하면 즉시 행동할 수 있다
1918033771	334	Switch - Inst. Action X	Boosts HP by {1}. If the equipped character is in the back row, they can act directly after swapping to the front row.	1	0	0	1849296650	100	100	1135827973	65	75	0	0	0	0	0	0	交代即行動・超	ＨＰが{1}上昇する。装備者が後衛時、前衛と交代したときに即座に行動できる	换人即刻行动・超	HP提升{1}。若装备者为后卫，与前卫交换后可立即行动。	交替即刻行動‧超	HP上升{1}。裝備者為後衛時，與前衛交替後可立刻行動。	교대즉행동ㆍ초	HP가 {1} 상승한다. 장비자가 후열일 경우,전열과 교대하면 즉시 행동할 수 있다
89518077	335	Switch - Inst. Action X	Boosts HP by {1}. If the equipped character is in the back row, they can act directly after swapping to the front row.	0	0	0	1849296650	100	100	1135827973	75	75	0	0	0	0	0	0	交代即行動・超	ＨＰが{1}上昇する。装備者が後衛時、前衛と交代したときに即座に行動できる	换人即刻行动・超	HP提升{1}。若装备者为后卫，与前卫交换后可立即行动。	交替即刻行動‧超	HP上升{1}。裝備者為後衛時，與前衛交替後可立刻行動。	교대즉행동ㆍ초	HP가 {1} 상승한다. 장비자가 후열일 경우,전열과 교대하면 즉시 행동할 수 있다
620458828	336	Unite Power Charge S	Boosts skill and item power by {0}% while Unite Burst is activated.	1	0	0	423442336	5	10	0	0	0	0	0	0	0	0	0	ユナイト威力強化・小	ユナイトバースト発動中、スキルとアイテムの威力が{0}％上昇する	合作威力强化・小	在合作爆发发动期间，技能和道具的威力提升{0}%。	合作威力強化‧小	發動合作爆發時，技能和道具的威力上升{0}%。	유나이트위력 강화ㆍ소	유나이트 버스트 발동 중,스킬과 아이템의 위력이 {0}% 상승한다
1108204814	337	Unite Power Charge M	Boosts skill and item power by {0}% while Unite Burst is activated.	1	0	0	423442336	10	15	0	0	0	0	0	0	0	0	0	ユナイト威力強化・中	ユナイトバースト発動中、スキルとアイテムの威力が{0}％上昇する	合作威力强化・中	在合作爆发发动期间，技能和道具的威力提升{0}%。	合作威力強化‧中	發動合作爆發時，技能和道具的威力上升{0}%。	유나이트위력 강화ㆍ중	유나이트 버스트 발동 중,스킬과 아이템의 위력이 {0}% 상승한다
889908632	338	Unite Power Charge L	Boosts skill and item power by {0}% while Unite Burst is activated.	1	0	0	423442336	15	20	0	0	0	0	0	0	0	0	0	ユナイト威力強化・大	ユナイトバースト発動中、スキルとアイテムの威力が{0}％上昇する	合作威力强化・大	在合作爆发发动期间，技能和道具的威力提升{0}%。	合作威力強化‧大	發動合作爆發時，技能和道具的威力上升{0}%。	유나이트위력 강화ㆍ대	유나이트 버스트 발동 중,스킬과 아이템의 위력이 {0}% 상승한다
1418823621	339	Unite Power Charge X	Boosts skill and item power by {0}% while Unite Burst is activated.	1	0	0	423442336	20	25	0	0	0	0	0	0	0	0	0	ユナイト威力強化・超	ユナイトバースト発動中、スキルとアイテムの威力が{0}％上昇する	合作威力强化・超	在合作爆发发动期间，技能和道具的威力提升{0}%。	合作威力強化‧超	發動合作爆發時，技能和道具的威力上升{0}%。	유나이트위력 강화ㆍ초	유나이트 버스트 발동 중,스킬과 아이템의 위력이 {0}% 상승한다
597079891	340	Unite Power Charge X	Boosts skill and item power by {0}% while Unite Burst is activated.	0	0	0	423442336	25	25	0	0	0	0	0	0	0	0	0	ユナイト威力強化・超	ユナイトバースト発動中、スキルとアイテムの威力が{0}％上昇する	合作威力强化・超	在合作爆发发动期间，技能和道具的威力提升{0}%。	合作威力強化‧超	發動合作爆發時，技能和道具的威力上升{0}%。	유나이트위력 강화ㆍ초	유나이트 버스트 발동 중,스킬과 아이템의 위력이 {0}% 상승한다
649973011	341	Burst Skill S	Boosts burst skill power by {0}%.	1	0	0	2024168899	10	20	0	0	0	0	0	0	0	0	0	バーストスキル・小	バーストスキルの威力が{0}％上昇する	爆发技能・小	爆发技能的威力提升{0}%。	爆發技能‧小	爆發技能的威力上升{0}%。	버스트 스킬ㆍ소	버스트 스킬의 위력이 {0}% 상승한다
1078682455	342	Burst Skill M	Boosts burst skill power by {0}%.	1	0	0	2024168899	20	30	0	0	0	0	0	0	0	0	0	バーストスキル・中	バーストスキルの威力が{0}％上昇する	爆发技能・中	爆发技能的威力提升{0}%。	爆發技能‧中	爆發技能的威力上升{0}%。	버스트 스킬ㆍ중	버스트 스킬의 위력이 {0}% 상승한다
927749057	343	Burst Skill L	Boosts burst skill power by {0}%.	1	0	0	2024168899	30	40	0	0	0	0	0	0	0	0	0	バーストスキル・大	バーストスキルの威力が{0}％上昇する	爆发技能・大	爆发技能的威力提升{0}%。	爆發技能‧大	爆發技能的威力上升{0}%。	버스트 스킬ㆍ대	버스트 스킬의 위력이 {0}% 상승한다
1456945566	344	Burst Skill X	Boosts burst skill power by {0}%.	1	0	0	2024168899	40	50	0	0	0	0	0	0	0	0	0	バーストスキル・超	バーストスキルの威力が{0}％上昇する	爆发技能・超	爆发技能的威力提升{0}%。	爆發技能‧超	爆發技能的威力上升{0}%。	버스트 스킬ㆍ초	버스트 스킬의 위력이 {0}% 상승한다
567281932	345	Burst Skill X	Boosts burst skill power by {0}%.	0	0	0	2024168899	50	50	0	0	0	0	0	0	0	0	0	バーストスキル・超	バーストスキルの威力が{0}％上昇する	爆发技能・超	爆发技能的威力提升{0}%。	爆發技能‧超	爆發技能的威力上升{0}%。	버스트 스킬ㆍ초	버스트 스킬의 위력이 {0}% 상승한다
662677286	346	Unite - All Stats Boost S	Boost all stats by {0}% upon activating a Unite Attack.	1	0	0	2060180480	1	3	231533718	1	3	1798980308	1	3	0	0	0	ユナイト全能上昇・小	ユナイトアタック発動時、全能力を{0}％上昇させる	合作全能力提升・小	发动合作攻击时，全能力提升{0}%。	合作全能力上升‧小	發動合作攻擊時，使全能力上升{0}%。	유나이트전능 상승ㆍ소	유나이트 어택 발동 시,모든 능력을 {0}% 상승시킨다
1099499872	347	Unite - All Stats Boost M	Boost all stats by {0}% upon activating a Unite Attack.	1	0	0	2060180480	4	6	231533718	4	6	1798980308	4	6	0	0	0	ユナイト全能上昇・中	ユナイトアタック発動時、全能力を{0}％上昇させる	合作全能力提升・中	发动合作攻击时，全能力提升{0}%。	合作全能力上升‧中	發動合作攻擊時，使全能力上升{0}%。	유나이트전능 상승ㆍ중	유나이트 어택 발동 시,모든 능력을 {0}% 상승시킨다
915290614	348	Unite - All Stats Boost L	Boost all stats by {0}% upon activating a Unite Attack.	1	0	0	2060180480	7	9	231533718	7	9	1798980308	7	9	0	0	0	ユナイト全能上昇・大	ユナイトアタック発動時、全能力を{0}％上昇させる	合作全能力提升・大	发动合作攻击时，全能力提升{0}%。	合作全能力上升‧大	發動合作攻擊時，使全能力上升{0}%。	유나이트전능 상승ㆍ대	유나이트 어택 발동 시,모든 능력을 {0}% 상승시킨다
1461015467	349	Unite - All Stats Boost X	Boost all stats by {0}% upon activating a Unite Attack.	1	0	0	2060180480	10	15	231533718	10	15	1798980308	10	15	0	0	0	ユナイト全能上昇・超	ユナイトアタック発動時、全能力を{0}％上昇させる	合作全能力提升・超	发动合作攻击时，全能力提升{0}%。	合作全能力上升‧超	發動合作攻擊時，使全能力上升{0}%。	유나이트전능 상승ㆍ초	유나이트 어택 발동 시,모든 능력을 {0}% 상승시킨다
538075965	350	Unite - All Stats Boost X	Boost all stats by {0}% upon activating a Unite Attack.	0	0	0	2060180480	15	15	231533718	15	15	1798980308	15	15	0	0	0	ユナイト全能上昇・超	ユナイトアタック発動時、全能力を{0}％上昇させる	合作全能力提升・超	发动合作攻击时，全能力提升{0}%。	合作全能力上升‧超	發動合作攻擊時，使全能力上升{0}%。	유나이트전능 상승ㆍ초	유나이트 어택 발동 시,모든 능력을 {0}% 상승시킨다
276631984	351	Panel Effect Immunity S	Boosts HP by {1} and makes the user unaffected by panels.	1	0	0	1704673154	100	100	1135827973	35	45	0	0	0	0	0	0	パネル効果無効・小	ＨＰが{1}上昇する。パネルの効果を受けなくなる	面板效果无效・小	HP提升{1}。无法获得面板效果。	面板效果無效‧小	HP上升{1}。無法獲得面板效果。	패널 효과 무효ㆍ소	HP가 {1} 상승한다.패널의 효과를 받을 수 없게 된다
1988870122	352	Panel Effect Immunity M	Boosts HP by {1} and makes the user unaffected by panels.	1	0	0	1704673154	100	100	1135827973	45	55	0	0	0	0	0	0	パネル効果無効・中	ＨＰが{1}上昇する。パネルの効果を受けなくなる	面板效果无效・中	HP提升{1}。无法获得面板效果。	面板效果無效‧中	HP上升{1}。無法獲得面板效果。	패널 효과 무효ㆍ중	HP가 {1} 상승한다.패널의 효과를 받을 수 없게 된다
25988988	353	Panel Effect Immunity L	Boosts HP by {1} and makes the user unaffected by panels.	1	0	0	1704673154	100	100	1135827973	55	65	0	0	0	0	0	0	パネル効果無効・大	ＨＰが{1}上昇する。パネルの効果を受けなくなる	面板效果无效・大	HP提升{1}。无法获得面板效果。	面板效果無效‧大	HP上升{1}。無法獲得面板效果。	패널 효과 무효ㆍ대	HP가 {1} 상승한다.패널의 효과를 받을 수 없게 된다
1612178721	354	Panel Effect Immunity X	Boosts HP by {1} and makes the user unaffected by panels.	1	0	0	1704673154	100	100	1135827973	65	75	0	0	0	0	0	0	パネル効果無効・超	ＨＰが{1}上昇する。パネルの効果を受けなくなる	面板效果无效・超	HP提升{1}。无法获得面板效果。	面板效果無效‧超	HP上升{1}。無法獲得面板效果。	패널 효과 무효ㆍ초	HP가 {1} 상승한다.패널의 효과를 받을 수 없게 된다
386979255	355	Panel Effect Immunity X	Boosts HP by {1} and makes the user unaffected by panels.	0	0	0	1704673154	100	100	1135827973	75	75	0	0	0	0	0	0	パネル効果無効・超	ＨＰが{1}上昇する。パネルの効果を受けなくなる	面板效果无效・超	HP提升{1}。无法获得面板效果。	面板效果無效‧超	HP上升{1}。無法獲得面板效果。	패널 효과 무효ㆍ초	HP가 {1} 상승한다.패널의 효과를 받을 수 없게 된다
305901559	356	Weak Pt Stun Charge S	Increases stun damage by {0}% when attacking weaknesses.	1	0	0	57512392	5	10	0	0	0	0	0	0	0	0	0	弱点ブレイク強化・小	弱点攻撃時、ブレイクダメージが{0}％上昇する	弱点破防强化・小	攻击弱点时，破防伤害提升{0}%。	弱點破防強化‧小	攻擊弱點時，破防傷害上升{0}%。	약점브레이크 강화ㆍ소	약점 공격 시, 브레이크 대미지가 {0}% 상승한다
1959592371	357	Weak Pt Stun Charge M	Increases stun damage by {0}% when attacking weaknesses.	1	0	0	57512392	10	15	0	0	0	0	0	0	0	0	0	弱点ブレイク強化・中	弱点攻撃時、ブレイクダメージが{0}％上昇する	弱点破防强化・中	攻击弱点时，破防伤害提升{0}%。	弱點破防強化‧中	攻擊弱點時，破防傷害上升{0}%。	약점브레이크 강화ㆍ중	약점 공격 시, 브레이크 대미지가 {0}% 상승한다
63582501	358	Weak Pt Stun Charge L	Increases stun damage by {0}% when attacking weaknesses.	1	0	0	57512392	15	20	0	0	0	0	0	0	0	0	0	弱点ブレイク強化・大	弱点攻撃時、ブレイクダメージが{0}％上昇する	弱点破防强化・大	攻击弱点时，破防伤害提升{0}%。	弱點破防強化‧大	攻擊弱點時，破防傷害上升{0}%。	약점브레이크 강화ㆍ대	약점 공격 시, 브레이크 대미지가 {0}% 상승한다
1649499002	359	Weak Pt Stun Charge X	Increases stun damage by {0}% when attacking weaknesses.	1	0	0	57512392	20	25	0	0	0	0	0	0	0	0	0	弱点ブレイク強化・超	弱点攻撃時、ブレイクダメージが{0}％上昇する	弱点破防强化・超	攻击弱点时，破防伤害提升{0}%。	弱點破防強化‧超	攻擊弱點時，破防傷害上升{0}%。	약점브레이크 강화ㆍ초	약점 공격 시, 브레이크 대미지가 {0}% 상승한다
357985264	360	Weak Pt Stun Charge X	Increases stun damage by {0}% when attacking weaknesses.	0	0	0	57512392	25	25	0	0	0	0	0	0	0	0	0	弱点ブレイク強化・超	弱点攻撃時、ブレイクダメージが{0}％上昇する	弱点破防强化・超	攻击弱点时，破防伤害提升{0}%。	弱點破防強化‧超	攻擊弱點時，破防傷害上升{0}%。	약점브레이크 강화ㆍ초	약점 공격 시, 브레이크 대미지가 {0}% 상승한다
335136194	361	Weak Pt Power Charge S	Boosts skill and item power by {0}% when attacking weaknesses.	1	0	0	1953145170	5	10	0	0	0	0	0	0	0	0	0	弱点威力強化・小	弱点攻撃時、スキルとアイテムの威力が{0}％上昇する	弱点威力强化・小	攻击弱点时，技能和道具的威力提升{0}%。	弱點威力強化‧小	攻擊弱點時，技能和道具的威力上升{0}%。	약점위력 강화ㆍ소	약점 공격 시, 스킬과 아이템의 위력이 {0}% 상승한다
1963944836	362	Weak Pt Power Charge M	Boosts skill and item power by {0}% when attacking weaknesses.	1	0	0	1953145170	10	15	0	0	0	0	0	0	0	0	0	弱点威力強化・中	弱点攻撃時、スキルとアイテムの威力が{0}％上昇する	弱点威力强化・中	攻击弱点时，技能和道具的威力提升{0}%。	弱點威力強化‧中	攻擊弱點時，技能和道具的威力上升{0}%。	약점위력 강화ㆍ중	약점 공격 시, 스킬과 아이템의 위력이 {0}% 상승한다
34102034	363	Weak Pt Power Charge L	Boosts skill and item power by {0}% when attacking weaknesses.	1	0	0	1953145170	15	20	0	0	0	0	0	0	0	0	0	弱点威力強化・大	弱点攻撃時、スキルとアイテムの威力が{0}％上昇する	弱点威力强化・大	攻击弱点时，技能和道具的威力提升{0}%。	弱點威力強化‧大	攻擊弱點時，技能和道具的威力上升{0}%。	약점위력 강화ㆍ대	약점 공격 시, 스킬과 아이템의 위력이 {0}% 상승한다
1670590799	364	Weak Pt Power Charge X	Boosts skill and item power by {0}% when attacking weaknesses.	1	0	0	1953145170	20	25	0	0	0	0	0	0	0	0	0	弱点威力強化・超	弱点攻撃時、スキルとアイテムの威力が{0}％上昇する	弱点威力强化・超	攻击弱点时，技能和道具的威力提升{0}%。	弱點威力強化‧超	攻擊弱點時，技能和道具的威力上升{0}%。	약점위력 강화ㆍ초	약점 공격 시, 스킬과 아이템의 위력이 {0}% 상승한다
345244121	365	Weak Pt Power Charge X	Boosts skill and item power by {0}% when attacking weaknesses.	0	0	0	1953145170	25	25	0	0	0	0	0	0	0	0	0	弱点威力強化・超	弱点攻撃時、スキルとアイテムの威力が{0}％上昇する	弱点威力强化・超	攻击弱点时，技能和道具的威力提升{0}%。	弱點威力強化‧超	攻擊弱點時，技能和道具的威力上升{0}%。	약점위력 강화ㆍ초	약점 공격 시, 스킬과 아이템의 위력이 {0}% 상승한다
1575983199	366	Weaken When Stunned S	Reduces all stats by {0}% upon attacking a stunned enemy.	1	0	0	1957500535	1	3	61482721	1	3	1700563109	1	3	0	0	0	ブレイク中弱体・小	ブレイク中の敵に攻撃すると、全能力を{0}％低下させる	破防时弱化・小	攻击处于破防状态的敌人时，使其全能力下降{0}%。	破防時弱化‧小	攻擊破防狀態的敵人時，使其全能力下降{0}%。	브레이크중 약화ㆍ소	브레이크 중인 적을 공격하면 모든 능력을 {0}% 저하시킨다
991507995	367	Weaken When Stunned M	Reduces all stats by {0}% upon attacking a stunned enemy.	1	0	0	1957500535	4	6	61482721	4	6	1700563109	4	6	0	0	0	ブレイク中弱体・中	ブレイク中の敵に攻撃すると、全能力を{0}％低下させる	破防时弱化・中	攻击处于破防状态的敌人时，使其全能力下降{0}%。	破防時弱化‧中	攻擊破防狀態的敵人時，使其全能力下降{0}%。	브레이크중 약화ㆍ중	브레이크 중인 적을 공격하면 모든 능력을 {0}% 저하시킨다
1277036173	368	Weaken When Stunned L	Reduces all stats by {0}% upon attacking a stunned enemy.	1	0	0	1957500535	7	9	61482721	7	9	1700563109	7	9	0	0	0	ブレイク中弱体・大	ブレイク中の敵に攻撃すると、全能力を{0}％低下させる	破防时弱化・大	攻击处于破防状态的敌人时，使其全能力下降{0}%。	破防時弱化‧大	攻擊破防狀態的敵人時，使其全能力下降{0}%。	브레이크중 약화ㆍ대	브레이크 중인 적을 공격하면 모든 능력을 {0}% 저하시킨다
763718866	369	Weaken When Stunned X	Reduces all stats by {0}% upon attacking a stunned enemy.	1	0	0	1957500535	10	15	61482721	10	15	1700563109	10	15	0	0	0	ブレイク中弱体・超	ブレイク中の敵に攻撃すると、全能力を{0}％低下させる	破防时弱化・超	攻击处于破防状态的敌人时，使其全能力下降{0}%。	破防時弱化‧超	攻擊破防狀態的敵人時，使其全能力下降{0}%。	브레이크중 약화ㆍ초	브레이크 중인 적을 공격하면 모든 능력을 {0}% 저하시킨다
1518492744	370	Weaken When Stunned X	Reduces all stats by {0}% upon attacking a stunned enemy.	0	0	0	1957500535	15	15	61482721	15	15	1700563109	15	15	0	0	0	ブレイク中弱体・超	ブレイク中の敵に攻撃すると、全能力を{0}％低下させる	破防时弱化・超	攻击处于破防状态的敌人时，使其全能力下降{0}%。	破防時弱化‧超	攻擊破防狀態的敵人時，使其全能力下降{0}%。	브레이크중 약화ㆍ초	브레이크 중인 적을 공격하면 모든 능력을 {0}% 저하시킨다
1546515050	371	Boost When Stunned S	Boosts all stats by {0}% upon attacking a stunned enemy.	1	0	0	871272172	1	3	1156169338	1	3	572461120	1	3	0	0	0	ブレイク中上昇・小	ブレイク中の敵に攻撃すると、全能力が{0}％上昇する	破防时提升・小	攻击处于破防状态的敌人时，全能力提升{0}%。	破防時上升‧小	攻擊破防狀態的敵人時，全能力上升{0}%。	브레이크중 상승ㆍ소	브레이크 중인 적을 공격하면 모든 능력이 {0}% 상승한다
987454508	372	Boost When Stunned M	Boosts all stats by {0}% upon attacking a stunned enemy.	1	0	0	871272172	4	6	1156169338	4	6	572461120	4	6	0	0	0	ブレイク中上昇・中	ブレイク中の敵に攻撃すると、全能力が{0}％上昇する	破防时提升・中	攻击处于破防状态的敌人时，全能力提升{0}%。	破防時上升‧中	攻擊破防狀態的敵人時，全能力上升{0}%。	브레이크중 상승ㆍ중	브레이크 중인 적을 공격하면 모든 능력이 {0}% 상승한다
1306291386	373	Boost When Stunned L	Boosts all stats by {0}% upon attacking a stunned enemy.	1	0	0	871272172	7	9	1156169338	7	9	572461120	7	9	0	0	0	ブレイク中上昇・大	ブレイク中の敵に攻撃すると、全能力が{0}％上昇する	破防时提升・大	攻击处于破防状态的敌人时，全能力提升{0}%。	破防時上升‧大	攻擊破防狀態的敵人時，全能力上升{0}%。	브레이크중 상승ㆍ대	브레이크 중인 적을 공격하면 모든 능력이 {0}% 상승한다
742852327	374	Boost When Stunned X	Boosts all stats by {0}% upon attacking a stunned enemy.	1	0	0	871272172	10	15	1156169338	10	15	572461120	10	15	0	0	0	ブレイク中上昇・超	ブレイク中の敵に攻撃すると、全能力が{0}％上昇する	破防时提升・超	攻击处于破防状态的敌人时，全能力提升{0}%。	破防時上升‧超	攻擊破防狀態的敵人時，全能力上升{0}%。	브레이크중 상승ㆍ초	브레이크 중인 적을 공격하면 모든 능력이 {0}% 상승한다
1530934897	375	Boost When Stunned X	Boosts all stats by {0}% upon attacking a stunned enemy.	0	0	0	871272172	15	15	1156169338	15	15	572461120	15	15	0	0	0	ブレイク中上昇・超	ブレイク中の敵に攻撃すると、全能力が{0}％上昇する	破防时提升・超	攻击处于破防状态的敌人时，全能力提升{0}%。	破防時上升‧超	攻擊破防狀態的敵人時，全能力上升{0}%。	브레이크중 상승ㆍ초	브레이크 중인 적을 공격하면 모든 능력이 {0}% 상승한다
772320638	376	Stun Attack Boost S	Boosts all allies' ATK by {0}% upon stunning an enemy.	1	0	0	552131903	5	10	0	0	0	0	0	0	0	0	0	ブレイク攻撃上昇・小	敵ブレイク時、味方全体の攻撃力を{0}％上昇させる	破防攻击提升·小	敌人破防时，使我方全体的攻击力提升{0}%。	破防攻擊上升‧小	敵人破防時，使我方全體的攻擊力上升{0}%。	브레이크 공격 상승ㆍ소	적 브레이크 시, 모든 아군의 공격력을 {0}% 상승시킨다
1224606520	377	Stun Attack Boost M	Boosts all allies' ATK by {0}% upon stunning an enemy.	1	0	0	552131903	10	15	0	0	0	0	0	0	0	0	0	ブレイク攻撃上昇・中	敵ブレイク時、味方全体の攻撃力を{0}％上昇させる	破防攻击提升·中	敌人破防时，使我方全体的攻击力提升{0}%。	破防攻擊上升‧中	敵人破防時，使我方全體的攻擊力上升{0}%。	브레이크 공격 상승ㆍ중	적 브레이크 시, 모든 아군의 공격력을 {0}% 상승시킨다
1073296302	378	Stun Attack Boost L	Boosts all allies' ATK by {0}% upon stunning an enemy.	1	0	0	552131903	15	20	0	0	0	0	0	0	0	0	0	ブレイク攻撃上昇・大	敵ブレイク時、味方全体の攻撃力を{0}％上昇させる	破防攻击提升·大	敌人破防时，使我方全体的攻击力提升{0}%。	破防攻擊上升‧大	敵人破防時，使我方全體的攻擊力上升{0}%。	브레이크 공격 상승ㆍ대	적 브레이크 시, 모든 아군의 공격력을 {0}% 상승시킨다
1583503859	379	Stun Attack Boost X	Boosts all allies' ATK by {0}% upon stunning an enemy.	1	0	0	552131903	20	25	0	0	0	0	0	0	0	0	0	ブレイク攻撃上昇・超	敵ブレイク時、味方全体の攻撃力を{0}％上昇させる	破防攻击提升·超	敌人破防时，使我方全体的攻击力提升{0}%。	破防攻擊上升‧超	敵人破防時，使我方全體的攻擊力上升{0}%。	브레이크 공격 상승ㆍ초	적 브레이크 시, 모든 아군의 공격력을 {0}% 상승시킨다
694511973	380	Stun Attack Boost X	Boosts all allies' ATK by {0}% upon stunning an enemy.	0	0	0	552131903	25	25	0	0	0	0	0	0	0	0	0	ブレイク攻撃上昇・超	敵ブレイク時、味方全体の攻撃力を{0}％上昇させる	破防攻击提升·超	敌人破防时，使我方全体的攻击力提升{0}%。	破防攻擊上升‧超	敵人破防時，使我方全體的攻擊力上升{0}%。	브레이크 공격 상승ㆍ초	적 브레이크 시, 모든 아군의 공격력을 {0}% 상승시킨다
801818443	381	Stun - All Stats Boost S	Boosts all stats of all allies by {0}% upon stunning an enemy.	1	0	0	956601669	1	3	1308861907	1	3	687147927	1	3	0	0	0	ブレイク全能上昇・小	敵ブレイク時、全能力を{0}％上昇させる	破防全能力提升・小	敌人破防时，使全能力提升{0}%。	破防全能力上升‧小	敵人破防時，使全能力上升{0}%。	브레이크전능 상승ㆍ소	적 브레이크 시, 모든 능력을 {0}% 상승시킨다
1228695823	382	Stun - All Stats Boost M	Boosts all stats of all allies by {0}% upon stunning an enemy.	1	0	0	956601669	4	6	1308861907	4	6	687147927	4	6	0	0	0	ブレイク全能上昇・中	敵ブレイク時、全能力を{0}％上昇させる	破防全能力提升・中	敌人破防时，使全能力提升{0}%。	破防全能力上升‧中	敵人破防時，使全能力上升{0}%。	브레이크전능 상승ㆍ중	적 브레이크 시, 모든 능력을 {0}% 상승시킨다
1044076953	383	Stun - All Stats Boost L	Boosts all stats of all allies by {0}% upon stunning an enemy.	1	0	0	956601669	7	9	1308861907	7	9	687147927	7	9	0	0	0	ブレイク全能上昇・大	敵ブレイク時、全能力を{0}％上昇させる	破防全能力提升・大	敌人破防时，使全能力提升{0}%。	破防全能力上升‧大	敵人破防時，使全能力上升{0}%。	브레이크전능 상승ㆍ대	적 브레이크 시, 모든 능력을 {0}% 상승시킨다
1604334534	384	Stun - All Stats Boost X	Boosts all stats of all allies by {0}% upon stunning an enemy.	1	0	0	956601669	10	15	1308861907	10	15	687147927	10	15	0	0	0	ブレイク全能上昇・超	敵ブレイク時、全能力を{0}％上昇させる	破防全能力提升・超	敌人破防时，使全能力提升{0}%。	破防全能力上升‧超	敵人破防時，使全能力上升{0}%。	브레이크전능 상승ㆍ초	적 브레이크 시, 모든 능력을 {0}% 상승시킨다
682034004	385	Stun - All Stats Boost X	Boosts all stats of all allies by {0}% upon stunning an enemy.	0	0	0	956601669	15	15	1308861907	15	15	687147927	15	15	0	0	0	ブレイク全能上昇・超	敵ブレイク時、全能力を{0}％上昇させる	破防全能力提升・超	敌人破防时，使全能力提升{0}%。	破防全能力上升‧超	敵人破防時，使全能力上升{0}%。	브레이크전능 상승ㆍ초	적 브레이크 시, 모든 능력을 {0}% 상승시킨다
1866120449	386	TP Gain on Crit S	Grants {0} TP on a critical hit.	1	0	0	823739373	10	15	0	0	0	0	0	0	0	0	0	会心時TP獲得・小	クリティカル時、ＴＰを{0}獲得する	暴击时获得TP・小	暴击时获得{0}TP。	重擊時獲得TP‧小	重擊時，獲得{0}TP。	회심시 TP획득ㆍ소	크리티컬 시, TP를 {0} 획득한다
164369221	387	TP Gain on Crit M	Grants {0} TP on a critical hit.	1	0	0	823739373	15	20	0	0	0	0	0	0	0	0	0	会心時TP獲得・中	クリティカル時、ＴＰを{0}獲得する	暴击时获得TP・中	暴击时获得{0}TP。	重擊時獲得TP‧中	重擊時，獲得{0}TP。	회심시 TP획득ㆍ중	크리티컬 시, TP를 {0} 획득한다
2127242195	388	TP Gain on Crit L	Grants {0} TP on a critical hit.	1	0	0	823739373	20	25	0	0	0	0	0	0	0	0	0	会心時TP獲得・大	クリティカル時、ＴＰを{0}獲得する	暴击时获得TP・大	暴击时获得{0}TP。	重擊時獲得TP‧大	重擊時，獲得{0}TP。	회심시 TP획득ㆍ대	크리티컬 시, TP를 {0} 획득한다
525355408	389	TP Gain on Crit X	Grants {0} TP on a critical hit.	1	0	0	823739373	25	30	0	0	0	0	0	0	0	0	0	会心時TP獲得・超	クリティカル時、ＴＰを{0}獲得する	暴击时获得TP・超	暴击时获得{0}TP。	重擊時獲得TP‧超	重擊時，獲得{0}TP。	회심시 TP획득ㆍ초	크리티컬 시, TP를 {0} 획득한다
1750563098	390	TP Gain on Crit X	Grants {0} TP on a critical hit.	0	0	0	823739373	30	30	0	0	0	0	0	0	0	0	0	会心時TP獲得・超	クリティカル時、ＴＰを{0}獲得する	暴击时获得TP・超	暴击时获得{0}TP。	重擊時獲得TP‧超	重擊時，獲得{0}TP。	회심시 TP획득ㆍ초	크리티컬 시, TP를 {0} 획득한다
1861801784	391	HP Recovery on Crit S	Restores HP by {0}% and grants {1} AP on a critical hit.	1	0	0	477088409	10	15	1802041871	5	10	0	0	0	0	0	0	会心時ＨＰ回復・小	クリティカル時、ＨＰを{0}％回復し、ＡＰを{1}獲得する	暴击时恢复HP・小	暴击时恢复{0}%的HP，并获得{1}AP。	重擊時回復HP‧小	重擊時，回復HP{0}%、獲得{1}AP。	회심시 HP회복ㆍ소	크리티컬 시, HP를 {0}% 회복하고 AP를 {1} 획득한다
135166322	392	HP Recovery on Crit M	Restores HP by {0}% and grants {1} AP on a critical hit.	1	0	0	477088409	15	20	1802041871	10	15	0	0	0	0	0	0	会心時ＨＰ回復・中	クリティカル時、ＨＰを{0}％回復し、ＡＰを{1}獲得する	暴击时恢复HP・中	暴击时恢复{0}%的HP，并获得{1}AP。	重擊時回復HP‧中	重擊時，回復HP{0}%、獲得{1}AP。	회심시 HP회복ㆍ중	크리티컬 시, HP를 {0}% 회복하고 AP를 {1} 획득한다
2131315172	393	HP Recovery on Crit L	Restores HP by {0}% and grants {1} AP on a critical hit.	1	0	0	477088409	20	25	1802041871	15	20	0	0	0	0	0	0	会心時ＨＰ回復・大	クリティカル時、ＨＰを{0}％回復し、ＡＰを{1}獲得する	暴击时恢复HP・大	暴击时恢复{0}%的HP，并获得{1}AP。	重擊時回復HP‧大	重擊時，回復HP{0}%、獲得{1}AP。	회심시 HP회복ㆍ대	크리티컬 시, HP를 {0}% 회복하고 AP를 {1} 획득한다
512893881	394	HP Recovery on Crit X	Restores HP by {0}% and grants {1} AP on a critical hit.	1	0	0	477088409	25	30	1802041871	20	25	0	0	0	0	0	0	会心時ＨＰ回復・超	クリティカル時、ＨＰを{0}％回復し、ＡＰを{1}獲得する	暴击时恢复HP・超	暴击时恢复{0}%的HP，并获得{1}AP。	重擊時回復HP‧超	重擊時，回復HP{0}%、獲得{1}AP。	회심시 HP회복ㆍ초	크리티컬 시, HP를 {0}% 회복하고 AP를 {1} 획득한다
1771377455	395	HP Recovery on Crit X	Restores HP by {0}% and grants {1} AP on a critical hit.	0	0	0	477088409	30	30	1802041871	25	25	0	0	0	0	0	0	会心時ＨＰ回復・超	クリティカル時、ＨＰを{0}％回復し、ＡＰを{1}獲得する	暴击时恢复HP・超	暴击时恢复{0}%的HP，并获得{1}AP。	重擊時回復HP‧超	重擊時，回復HP{0}%、獲得{1}AP。	회심시 HP회복ㆍ초	크리티컬 시, HP를 {0}% 회복하고 AP를 {1} 획득한다
125255009	396	Interrupt HP+AP Rec. S	Restores HP by {0}% and grants {1} AP upon performing an Interrupt.	1	0	0	1529631234	10	15	741040788	5	10	0	0	0	0	0	0	割込ＨＰＡＰ回復・小	インタラプト時、ＨＰを{0}％回復し、ＡＰを{1}獲得する	抢先恢复HP/AP・小	中断时恢复{0}%的HP，并获得{1}AP。	搶先回復HP、AP‧小	中斷時，回復HP{0}%、獲得{1}AP。	할입 HPAP회복ㆍ소	인터럽트 시, HP를 {0}% 회복하고 AP를 {1} 획득한다
1635881765	397	Interrupt HP+AP Rec. M	Restores HP by {0}% and grants {1} AP upon performing an Interrupt.	1	0	0	1529631234	15	20	741040788	10	15	0	0	0	0	0	0	割込ＨＰＡＰ回復・中	インタラプト時、ＨＰを{0}％回復し、ＡＰを{1}獲得する	抢先恢复HP/AP・中	中断时恢复{0}%的HP，并获得{1}AP。	搶先回復HP、AP‧中	中斷時，回復HP{0}%、獲得{1}AP。	할입 HPAP회복ㆍ중	인터럽트 시, HP를 {0}% 회복하고 AP를 {1} 획득한다
377922483	398	Interrupt HP+AP Rec. L	Restores HP by {0}% and grants {1} AP upon performing an Interrupt.	1	0	0	1529631234	20	25	741040788	15	20	0	0	0	0	0	0	割込ＨＰＡＰ回復・大	インタラプト時、ＨＰを{0}％回復し、ＡＰを{1}獲得する	抢先恢复HP/AP・大	中断时恢复{0}%的HP，并获得{1}AP。	搶先回復HP、AP‧大	中斷時，回復HP{0}%、獲得{1}AP。	할입 HPAP회복ㆍ대	인터럽트 시, HP를 {0}% 회복하고 AP를 {1} 획득한다
1998440942	399	Interrupt HP+AP Rec. X	Restores HP by {0}% and grants {1} AP upon performing an Interrupt.	1	0	0	1529631234	25	30	741040788	20	25	0	0	0	0	0	0	割込ＨＰＡＰ回復・超	インタラプト時、ＨＰを{0}％回復し、ＡＰを{1}獲得する	抢先恢复HP/AP・超	中断时恢复{0}%的HP，并获得{1}AP。	搶先回復HP、AP‧超	中斷時，回復HP{0}%、獲得{1}AP。	할입 HPAP회복ㆍ초	인터럽트 시, HP를 {0}% 회복하고 AP를 {1} 획득한다
1767800	400	Interrupt HP+AP Rec. X	Restores HP by {0}% and grants {1} AP upon performing an Interrupt.	0	0	0	1529631234	30	30	741040788	25	25	0	0	0	0	0	0	割込ＨＰＡＰ回復・超	インタラプト時、ＨＰを{0}％回復し、ＡＰを{1}獲得する	抢先恢复HP/AP・超	中断时恢复{0}%的HP，并获得{1}AP。	搶先回復HP、AP‧超	中斷時，回復HP{0}%、獲得{1}AP。	할입 HPAP회복ㆍ초	인터럽트 시, HP를 {0}% 회복하고 AP를 {1} 획득한다
112547670	401	Interrupt TP Gain S	Grants {0} TP upon performing an Interrupt.	1	0	0	932803408	10	15	0	0	0	0	0	0	0	0	0	割込ＴＰ獲得・小	インタラプト時、ＴＰを{0}獲得する	抢先获得TP・小	中断时可获得{0}TP。	搶先獲得TP‧小	中斷時，獲得{0}TP。	할입 TP획득ㆍ소	인터럽트 시, TP를 {0} 획득한다
1615067412	402	Interrupt TP Gain M	Grants {0} TP upon performing an Interrupt.	1	0	0	932803408	15	20	0	0	0	0	0	0	0	0	0	割込ＴＰ獲得・中	インタラプト時、ＴＰを{0}獲得する	抢先获得TP・中	中断时可获得{0}TP。	搶先獲得TP‧中	中斷時，獲得{0}TP。	할입 TP획득ㆍ중	인터럽트 시, TP를 {0} 획득한다
390384006	403	Interrupt TP Gain L	Grants {0} TP upon performing an Interrupt.	1	0	0	932803408	20	25	0	0	0	0	0	0	0	0	0	割込ＴＰ獲得・大	インタラプト時、ＴＰを{0}獲得する	抢先获得TP・大	中断时可获得{0}TP。	搶先獲得TP‧大	中斷時，獲得{0}TP。	할입 TP획득ㆍ대	인터럽트 시, TP를 {0} 획득한다
1994367961	404	Interrupt TP Gain X	Grants {0} TP upon performing an Interrupt.	1	0	0	932803408	25	30	0	0	0	0	0	0	0	0	0	割込ＴＰ獲得・超	インタラプト時、ＴＰを{0}獲得する	抢先获得TP・超	中断时可获得{0}TP。	搶先獲得TP‧超	中斷時，獲得{0}TP。	할입 TP획득ㆍ초	인터럽트 시, TP를 {0} 획득한다
30970703	405	Interrupt TP Gain X	Grants {0} TP upon performing an Interrupt.	0	0	0	932803408	30	30	0	0	0	0	0	0	0	0	0	割込ＴＰ獲得・超	インタラプト時、ＴＰを{0}獲得する	抢先获得TP・超	中断时可获得{0}TP。	搶先獲得TP‧超	中斷時，獲得{0}TP。	할입 TP획득ㆍ초	인터럽트 시, TP를 {0} 획득한다
573616545	406	Phys & Magic Res Down S	Upon stunning an enemy, lowers its physical and magic resistances by {0}%.	1	0	0	1366285578	5	10	231357366	5	10	0	0	0	0	0	0	物魔耐性低下・小	敵ブレイク時、物理・魔法耐性を{0}％低下させる	物魔耐性下降·小	敌人破防时，使其物理和魔法耐性下降{0}%。	物魔耐性下降‧小	敵人破防時，使其物理和魔法耐性下降{0}%。	물마내성 저하ㆍ소	적 브레이크 시, 물리ㆍ마법내성을 {0}% 저하시킨다
1153834981	407	Phys & Magic Res Down M	Upon stunning an enemy, lowers its physical and magic resistances by {0}%.	1	0	0	1366285578	10	15	231357366	10	15	0	0	0	0	0	0	物魔耐性低下・中	敵ブレイク時、物理・魔法耐性を{0}％低下させる	物魔耐性下降·中	敌人破防时，使其物理和魔法耐性下降{0}%。	物魔耐性下降‧中	敵人破防時，使其物理和魔法耐性下降{0}%。	물마내성 저하ㆍ중	적 브레이크 시, 물리ㆍ마법내성을 {0}% 저하시킨다
868298611	408	Phys & Magic Res Down L	Upon stunning an enemy, lowers its physical and magic resistances by {0}%.	1	0	0	1366285578	15	20	231357366	15	20	0	0	0	0	0	0	物魔耐性低下・大	敵ブレイク時、物理・魔法耐性を{0}％低下させる	物魔耐性下降·大	敌人破防时，使其物理和魔法耐性下降{0}%。	物魔耐性下降‧大	敵人破防時，使其物理和魔法耐性下降{0}%。	물마내성 저하ㆍ대	적 브레이크 시, 물리ㆍ마법내성을 {0}% 저하시킨다
1381647664	409	Phys & Magic Res Down X	Upon stunning an enemy, lowers its physical and magic resistances by {0}%.	1	0	0	1366285578	20	25	231357366	20	25	0	0	0	0	0	0	物魔耐性低下・超	敵ブレイク時、物理・魔法耐性を{0}％低下させる	物魔耐性下降·超	敌人破防时，使其物理和魔法耐性下降{0}%。	物魔耐性下降‧超	敵人破防時，使其物理和魔法耐性下降{0}%。	물마내성 저하ㆍ초	적 브레이크 시, 물리ㆍ마법내성을 {0}% 저하시킨다
626881978	410	Phys & Magic Res Down X	Upon stunning an enemy, lowers its physical and magic resistances by {0}%.	0	0	0	1366285578	25	25	231357366	25	25	0	0	0	0	0	0	物魔耐性低下・超	敵ブレイク時、物理・魔法耐性を{0}％低下させる	物魔耐性下降·超	敌人破防时，使其物理和魔法耐性下降{0}%。	物魔耐性下降‧超	敵人破防時，使其物理和魔法耐性下降{0}%。	물마내성 저하ㆍ초	적 브레이크 시, 물리ㆍ마법내성을 {0}% 저하시킨다
603118488	411	Elemental Res Down S	Upon stunning an enemy, lowers its fire, ice, bolt, and air resistances by {0}%.	1	0	0	1032754105	5	10	1250534191	5	10	746524011	5	10	1534606845	5	10	４属性耐性低下・小	敵ブレイク時、火・氷・雷・風耐性を{0}％低下させる	四属性耐性下降·小	敌人破防时，使其火、冰、雷、风耐性下降{0}%。	四屬性耐性下降‧小	敵人破防時，使其火、冰、雷、風耐性下降{0}%。	4속성내성 저하ㆍ소	적 브레이크 시, 화ㆍ빙ㆍ뇌ㆍ풍내성을 {0}% 저하시킨다
1157920210	412	Elemental Res Down M	Upon stunning an enemy, lowers its fire, ice, bolt, and air resistances by {0}%.	1	0	0	1032754105	10	15	1250534191	10	15	746524011	10	15	1534606845	10	15	４属性耐性低下・中	敵ブレイク時、火・氷・雷・風耐性を{0}％低下させる	四属性耐性下降·中	敌人破防时，使其火、冰、雷、风耐性下降{0}%。	四屬性耐性下降‧中	敵人破防時，使其火、冰、雷、風耐性下降{0}%。	4속성내성 저하ㆍ중	적 브레이크 시, 화ㆍ빙ㆍ뇌ㆍ풍내성을 {0}% 저하시킨다
839075140	413	Elemental Res Down L	Upon stunning an enemy, lowers its fire, ice, bolt, and air resistances by {0}%.	1	0	0	1032754105	15	20	1250534191	15	20	746524011	15	20	1534606845	15	20	４属性耐性低下・大	敵ブレイク時、火・氷・雷・風耐性を{0}％低下させる	四属性耐性下降·大	敌人破防时，使其火、冰、雷、风耐性下降{0}%。	四屬性耐性下降‧大	敵人破防時，使其火、冰、雷、風耐性下降{0}%。	4속성내성 저하ㆍ대	적 브레이크 시, 화ㆍ빙ㆍ뇌ㆍ풍내성을 {0}% 저하시킨다
1402482457	414	Elemental Res Down X	Upon stunning an enemy, lowers its fire, ice, bolt, and air resistances by {0}%.	1	0	0	1032754105	20	25	1250534191	20	25	746524011	20	25	1534606845	20	25	４属性耐性低下・超	敵ブレイク時、火・氷・雷・風耐性を{0}％低下させる	四属性耐性下降·超	敌人破防时，使其火、冰、雷、风耐性下降{0}%。	四屬性耐性下降‧超	敵人破防時，使其火、冰、雷、風耐性下降{0}%。	4속성내성 저하ㆍ초	적 브레이크 시, 화ㆍ빙ㆍ뇌ㆍ풍내성을 {0}% 저하시킨다
614408079	415	Elemental Res Down X	Upon stunning an enemy, lowers its fire, ice, bolt, and air resistances by {0}%.	0	0	0	1032754105	25	25	1250534191	25	25	746524011	25	25	1534606845	25	25	４属性耐性低下・超	敵ブレイク時、火・氷・雷・風耐性を{0}％低下させる	四属性耐性下降·超	敌人破防时，使其火、冰、雷、风耐性下降{0}%。	四屬性耐性下降‧超	敵人破防時，使其火、冰、雷、風耐性下降{0}%。	4속성내성 저하ㆍ초	적 브레이크 시, 화ㆍ빙ㆍ뇌ㆍ풍내성을 {0}% 저하시킨다
381080389	416	Mix TP Gain S	Grants {0} TP when performing Item Mix.	1	0	0	1207142337	10	15	0	0	0	0	0	0	0	0	0	混合ＴＰ獲得・小	アイテムミックス時、ＴＰを{0}獲得する	混合获得TP・小	道具混搭时可获得{0}TP。	混合獲得TP‧小	道具混搭時，獲得{0}TP。	혼합 TP획득ㆍ소	아이템 믹스 시, TP를 {0} 획득한다
1883274497	417	Mix TP Gain M	Grants {0} TP when performing Item Mix.	1	0	0	1207142337	15	20	0	0	0	0	0	0	0	0	0	混合ＴＰ獲得・中	アイテムミックス時、ＴＰを{0}獲得する	混合获得TP・中	道具混搭时可获得{0}TP。	混合獲得TP‧中	道具混搭時，獲得{0}TP。	혼합 TP획득ㆍ중	아이템 믹스 시, TP를 {0} 획득한다
122113431	418	Mix TP Gain L	Grants {0} TP when performing Item Mix.	1	0	0	1207142337	20	25	0	0	0	0	0	0	0	0	0	混合ＴＰ獲得・大	アイテムミックス時、ＴＰを{0}獲得する	混合获得TP・大	道具混搭时可获得{0}TP。	混合獲得TP‧大	道具混搭時，獲得{0}TP。	혼합 TP획득ㆍ대	아이템 믹스 시, TP를 {0} 획득한다
1725704140	419	Mix TP Gain X	Grants {0} TP when performing Item Mix.	1	0	0	1207142337	25	30	0	0	0	0	0	0	0	0	0	混合ＴＰ獲得・超	アイテムミックス時、ＴＰを{0}獲得する	混合获得TP・超	道具混搭时可获得{0}TP。	混合獲得TP‧超	道具混搭時，獲得{0}TP。	혼합 TP획득ㆍ초	아이템 믹스 시, TP를 {0} 획득한다
299571038	420	Mix TP Gain X	Grants {0} TP when performing Item Mix.	0	0	0	1207142337	30	30	0	0	0	0	0	0	0	0	0	混合ＴＰ獲得・超	アイテムミックス時、ＴＰを{0}獲得する	混合获得TP・超	道具混搭时可获得{0}TP。	混合獲得TP‧超	道具混搭時，獲得{0}TP。	혼합 TP획득ㆍ초	아이템 믹스 시, TP를 {0} 획득한다
393525620	421	Mix HP+AP Rec. S	Restores HP by {0}% and grants {1} AP when performing Item Mix.	1	0	0	417713253	10	15	1877146867	5	10	0	0	0	0	0	0	混合ＨＰＡＰ回復・小	アイテムミックス時、ＨＰを{0}％回復し、ＡＰを{1}獲得する	混合恢复HP、AP・小	道具混搭时恢复{0}%的HP，并获得{1}AP。	混合回復HP、AP‧小	道具混搭時，回復HP{0}%、獲得{1}AP。	혼합 HPAP회복ㆍ소	아이템 믹스 시, HP를 {0}% 회복하고 AP를 {1} 획득한다
1904351030	422	Mix HP+AP Rec. M	Restores HP by {0}% and grants {1} AP when performing Item Mix.	1	0	0	417713253	15	20	1877146867	10	15	0	0	0	0	0	0	混合ＨＰＡＰ回復・中	アイテムミックス時、ＨＰを{0}％回復し、ＡＰを{1}獲得する	混合恢复HP、AP・中	道具混搭时恢复{0}%的HP，并获得{1}AP。	混合回復HP、AP‧中	道具混搭時，回復HP{0}%、獲得{1}AP。	혼합 HPAP회복ㆍ중	아이템 믹스 시, HP를 {0}% 회복하고 AP를 {1} 획득한다
109389728	423	Mix HP+AP Rec. L	Restores HP by {0}% and grants {1} AP when performing Item Mix.	1	0	0	417713253	20	25	1877146867	15	20	0	0	0	0	0	0	混合ＨＰＡＰ回復・大	アイテムミックス時、ＨＰを{0}％回復し、ＡＰを{1}獲得する	混合恢复HP、AP・大	道具混搭时恢复{0}%的HP，并获得{1}AP。	混合回復HP、AP‧大	道具混搭時，回復HP{0}%、獲得{1}AP。	혼합 HPAP회복ㆍ대	아이템 믹스 시, HP를 {0}% 회복하고 AP를 {1} 획득한다
1730039293	424	Mix HP+AP Rec. X	Restores HP by {0}% and grants {1} AP when performing Item Mix.	1	0	0	417713253	25	30	1877146867	20	25	0	0	0	0	0	0	混合ＨＰＡＰ回復・超	アイテムミックス時、ＨＰを{0}％回復し、ＡＰを{1}獲得する	混合恢复HP、AP・超	道具混搭时恢复{0}%的HP，并获得{1}AP。	混合回復HP、AP‧超	道具混搭時，回復HP{0}%、獲得{1}AP。	혼합 HPAP회복ㆍ초	아이템 믹스 시, HP를 {0}% 회복하고 AP를 {1} 획득한다
270105963	425	Mix HP+AP Rec. X	Restores HP by {0}% and grants {1} AP when performing Item Mix.	0	0	0	417713253	30	30	1877146867	25	25	0	0	0	0	0	0	混合ＨＰＡＰ回復・超	アイテムミックス時、ＨＰを{0}％回復し、ＡＰを{1}獲得する	混合恢复HP、AP・超	道具混搭时恢复{0}%的HP，并获得{1}AP。	混合回復HP、AP‧超	道具混搭時，回復HP{0}%、獲得{1}AP。	혼합 HPAP회복ㆍ초	아이템 믹스 시, HP를 {0}% 회복하고 AP를 {1} 획득한다
1358596381	426	Sprint Speed Boost S	Slightly increases sprint speed.	1	0	476363993	0	1	0	0	110	0	0	0	0	0	0	0	ダッシュ速度上昇・小	ダッシュの走行速度が少し上昇する	冲刺速度提升・小	冲刺速度略微提升	衝刺速度上升‧小	衝刺速度微幅上升。	대시속도 상승ㆍ소	대시의 속도가 조금 상승한다
906766169	427	Sprint Speed Boost M	Increases sprint speed.	1	0	476363993	0	2	0	0	120	0	0	0	0	0	0	0	ダッシュ速度上昇・中	ダッシュの走行速度が上昇する	冲刺速度提升・中	冲刺速度小幅提升	衝刺速度上升‧中	衝刺速度小幅上升。	대시속도 상승ㆍ중	대시의 속도가 상승한다
1091246031	428	Sprint Speed Boost L	Greatly increases sprint speed.	1	0	476363993	0	3	0	0	130	0	0	0	0	0	0	0	ダッシュ速度上昇・大	ダッシュの走行速度がかなり上昇する	冲刺速度提升・大	冲刺速度中幅提升	衝刺速度上升‧大	衝刺速度中幅上升。	대시속도 상승ㆍ대	대시의 속도가 상당히 상승한다
546340244	429	Wind God's Shoes	Tremendously increases sprint speed.	1	0	476363993	0	4	0	0	150	0	0	0	0	0	0	0	風神の靴	ダッシュの走行速度が大きく上昇する	风神之靴	冲刺速度大幅提升	風神之靴	衝刺速度大幅上升。	풍신의 신발	대시의 속도가 크게 상승한다
54637149	430	SP Gain Boost S	Boosts SP gain by 10%.	1	0	579952141	0	1	0	0	110	0	0	0	0	0	0	0	SP獲得量上昇・小	ＳＰの獲得量が10％上昇する	SP获得量提升・小	SP获得量提升10%。	SP獲得量上升‧小	SP獲得量上升10%。	SP획득량 상승ㆍ소	SP 획득량이 10％ 상승한다
1706499097	431	SP Gain Boost M	Boosts SP gain by 20%.	1	0	579952141	0	2	0	0	120	0	0	0	0	0	0	0	SP獲得量上昇・中	ＳＰの獲得量が20％上昇する	SP获得量提升・中	SP获得量提升20%。	SP獲得量上升‧中	SP獲得量上升20%。	SP획득량 상승ㆍ중	SP 획득량이 20％ 상승한다
313535631	432	SP Gain Boost L	Boosts SP gain by 30％. Grants a 30％ chance to obtain 2 SP when gathering.	1	0	579952141	0	3	0	0	130	0	0	10	0	0	30	0	SP獲得量上昇・大	ＳＰの獲得量が30％上昇する。採取時に30％の確率でＳＰを10獲得する	SP获得量提升・大	SP获得量提升30%。	SP獲得量上升‧大	SP獲得量上升30%。採集時，有30%的機率獲得2SP。	SP획득량 상승ㆍ대	SP 획득량이 30％ 상승한다.채집 시 30％의 확률로 SP를 10 획득한다
1932216018	433	Miser's Charm	Boosts SP gain by 50％. Grants a 30％ chance to obtain 2 SP when gathering.	1	0	579952141	0	4	0	0	150	0	0	10	0	0	30	0	守銭奴のお守り	ＳＰの獲得量が50％上昇する。採取時に30％の確率でＳＰを10獲得する	守财奴的护身符	SP获得量提升50%。采集时，有30%的概率获得2SP。	守財奴的護身符	SP獲得量上升80%。採集時，有30%的機率獲得2SP。	구두쇠의 부적	SP 획득량이 50％ 상승한다.채집 시 30％의 확률로 SP를 10 획득한다
425817791	434	AP Gain S	After battle, grants AP equal to 10％ of max AP.	1	0	1516580576	0	1	0	0	10	0	0	0	0	0	0	0	ＡＰ獲得・小	戦闘終了時、最大ＡＰの10％分ＡＰを獲得する	获得AP・小	战斗结束时，可获得与AP最大值×10%等值的AP。	獲得AP‧小	戰鬥結束時，獲得AP最大值10%的AP。	AP 획득ㆍ소	전투 종료 시, 최대AP의 10％만큼 AP를 획득한다
2140657915	435	AP Gain M	After battle, grants AP equal to 15％ of max AP.	1	0	1516580576	0	2	0	0	15	0	0	0	0	0	0	0	ＡＰ獲得・中	戦闘終了時、最大ＡＰの15％分ＡＰを獲得する	获得AP・中	战斗结束时，可获得与AP最大值×15%等值的AP。	獲得AP‧中	戰鬥結束時，獲得AP最大值15%的AP。	AP 획득ㆍ중	전투 종료 시, 최대AP의 15％만큼 AP를 획득한다
143714413	436	AP Gain L	After battle, grants AP equal to 20％ of max AP.	1	0	1516580576	0	3	0	0	20	0	0	0	0	0	0	0	ＡＰ獲得・大	戦闘終了時、最大ＡＰの20％分ＡＰを獲得する	获得AP・大	战斗结束时，可获得与AP最大值×20%等值的AP。	獲得AP‧大	戰鬥結束時，獲得AP最大值20%的AP。	AP 획득ㆍ대	전투 종료 시, 최대AP의 20％만큼 AP를 획득한다
1762361904	437	Tenacity Charm	After battle, grants AP equal to 25％ of max AP.	1	0	1516580576	0	4	0	0	25	0	0	0	0	0	0	0	心力のお守り	戦闘終了時、最大ＡＰの25％分ＡＰを獲得する	心力的护身符	战斗结束时，可获得与AP最大值×25%等值的AP。	心力的護身符	戰鬥結束時，獲得AP最大值25%的AP。	정신력의 부적	전투 종료 시, 최대AP의 25％만큼 AP를 획득한다
1896449025	438	EXP Gain S	Boosts EXP gain by 10%.	1	0	1299326644	0	1	0	0	110	0	0	0	0	0	0	0	経験値獲得・小	経験値の獲得量が10％上昇する	获得经验值・小	经验值获得量提升10%。	獲得經驗值‧小	經驗值獲得量上升10%。	경험치 획득ㆍ소	경험치 획득량이 10％ 상승한다
402598469	439	EXP Gain M	Boosts EXP gain by 20%.	1	0	1299326644	0	2	0	0	120	0	0	0	0	0	0	0	経験値獲得・中	経験値の獲得量が20％上昇する	获得经验值・中	经验值获得量提升20%。	獲得經驗值‧中	經驗值獲得量上升20%。	경험치 획득ㆍ중	경험치 획득량이 20％ 상승한다
1626872531	440	EXP Gain L	Boosts EXP gain by 30%.	1	0	1299326644	0	3	0	0	130	0	0	0	0	0	0	0	経験値獲得・大	経験値の獲得量が30％上昇する	获得经验值・大	经验值获得量提升30%。	獲得經驗值‧大	經驗值獲得量上升30%。	경험치 획득ㆍ대	경험치 획득량이 30％ 상승한다
23294094	441	Veteran's Charm	Boosts EXP gain by 50%.	1	0	1299326644	0	4	0	0	150	0	0	0	0	0	0	0	百戦錬磨のお守り	経験値の獲得量が50％上昇する	身经百战的护身符	经验值获得量提升50%。	身經百戰的護身符	經驗值獲得量上升50%。	백전연마의 부적	경험치 획득량이 50％ 상승한다
1098524253	442	Advantageous Encounter S	Reduces DEF by 10％ during an advantageous encounter. You will automatically win the battle if you are over 15 levels higher than the enemy.	1	0	1483136478	0	1	0	0	15	0	0	0	0	0	0	0	有利エンカウント・小	有利エンカウント時、防御力を10％低下させる。さらに、レベル差15以上で即座に戦闘に勝利し、報酬を獲得できる	优势遇敌・小	优势遇敌时，使其防御力下降10%。此外，等级差距不小于15时，可立即获胜并获得报酬。	優勢遇敵‧小	優勢遇敵時，使其防禦力下降10%。等級差距在15以上時，可立刻獲勝並獲得報酬。	유리 인카운트ㆍ소	유리한 상황으로 인카운트 시, 방어력을 10% 저하시킨다. 그리고 레벨 차가 15 이상이면 즉시 전투에서 승리하여 보수를 획득한다
663521305	443	Advantageous Encounter M	Reduces DEF by 10％ during an advantageous encounter. You will automatically win the battle if you are over 10 levels higher than the enemy.	1	0	1483136478	0	2	0	0	10	0	0	0	0	0	0	0	有利エンカウント・中	有利エンカウント時、防御力を10％低下させる。さらに、レベル差10以上で即座に戦闘に勝利し、報酬を獲得できる	优势遇敌・中	优势遇敌时，使其防御力下降10%。此外，等级差距不小于10时，可立即获胜并获得报酬。	優勢遇敵‧中	優勢遇敵時，使其防禦力下降10%。等級差距在10以上時，可立刻獲勝並獲得報酬。	유리 인카운트ㆍ중	유리한 상황으로 인카운트 시, 방어력을 10% 저하시킨다. 그리고 레벨 차가 10 이상이면 즉시 전투에서 승리하여 보수를 획득한다
1351334031	444	Advantageous Encounter L	Reduces DEF by 10％ during an advantageous encounter. You will automatically win the battle if you are over 5 levels higher than the enemy.	1	0	1483136478	0	3	0	0	5	0	0	0	0	0	0	0	有利エンカウント・大	有利エンカウント時、防御力を10％低下させる。さらに、レベル差5以上で即座に戦闘に勝利し、報酬を獲得できる	优势遇敌・大	优势遇敌时，使其防御力下降10%。此外，等级差距不小于5时，可立即获胜并获得报酬。	優勢遇敵‧大	優勢遇敵時，使其防禦力下降10%。等級差距在5以上時，可立刻獲勝並獲得報酬。	유리 인카운트ㆍ대	유리한 상황으로 인카운트 시, 방어력을 10% 저하시킨다. 그리고 레벨 차가 5 이상이면 즉시 전투에서 승리하여 보수를 획득한다
217340013	445	Grass Trimmer	Allows you to gather Grass and Flowers that are up to Rank 1 by cutting grass.	1	0	1053834970	0	1	0	0	0	0	0	0	0	0	0	0	草を刈る	草を刈ることでランク1までの草や花などを採取することができる	割草	割草可采集到的花草类素材的最高等级为1。	割草	可透過割草採集到最高級別為1的花草類素材。	풀 베기	풀을 베면 랭크 1까지의 풀이나 꽃 등을 채집할 수 있다
1778578985	446	Superb Grass Trimmer	Allows you to gather Grass and Flowers that are up to Rank 2 by cutting grass.	1	0	1053834970	0	2	0	0	0	0	0	0	0	0	0	0	草を刈る・優	草を刈ることでランク2までの草や花などを採取することができる	割草・优	割草可采集到的花草类素材的最高等级为2。	割草‧優	可透過割草採集到最高級別為2的花草類素材。	풀 베기ㆍ우	풀을 베면 랭크 2까지의 풀이나 꽃 등을 채집할 수 있다
486917823	447	Expert Grass Trimmer	Allows you to gather Grass and Flowers that are up to Rank 3 by cutting grass.	1	0	1053834970	0	3	0	0	0	0	0	0	0	0	0	0	草を刈る・匠	草を刈ることでランク3までの草や花などを採取することができる	割草・匠	割草可采集到的花草类素材的最高等级为3。	割草‧匠	可透過割草採集到最高級別為3的花草類素材。	풀 베기ㆍ장	풀을 베면 랭크 3까지의 풀이나 꽃 등을 채집할 수 있다
1130542851	448	Tree Cutter	Allows you to gather Lumber that is up to Rank 1 by cutting trees.	1	0	87204698	0	1	0	0	0	0	0	0	0	0	0	0	木を切る	木を切ることでランク1までの木材などを採取することができる	伐木	伐木可采集到的木材类素材的最高等级为1。	伐木	可透過伐木採集到最高級別為1的木材類素材。	나무 베기	나무를 베면 랭크 1까지의 목재 등을 채집할 수 있다
630462791	449	Superb Tree Cutter	Allows you to gather Lumber that is up to Rank 2 by cutting trees.	1	0	87204698	0	2	0	0	0	0	0	0	0	0	0	0	木を切る・優	木を切ることでランク2までの木材などを採取することができる	伐木・优	伐木可采集到的木材类素材的最高等级为2。	伐木‧優	可透過伐木採集到最高級別為2的木材類素材。	나무 베기ㆍ우	나무를 베면 랭크 2까지의 목재 등을 채집할 수 있다
1385376209	450	Expert Tree Cutter	Allows you to gather Lumber that is up to Rank 3 by cutting trees.	1	0	87204698	0	3	0	0	0	0	0	0	0	0	0	0	木を切る・匠	木を切ることでランク3までの木材などを採取することができる	伐木・匠	伐木可采集到的木材类素材的最高等级为3。	伐木‧匠	可透過伐木採集到最高級別為3的木材類素材。	나무 베기ㆍ장	나무를 베면 랭크 3까지의 목재 등을 채집할 수 있다
1025415649	451	Insect Catcher	Allows you to gather Bugs that are up to Rank 1 in grassy areas.	1	0	1682790261	0	1	0	0	0	0	0	0	0	0	0	0	虫を採る	草場などでランク1までの虫などを採取することができる	捕虫	在草地等区域可采集到的虫类素材的最高等级为1。	捕蟲	可在草地等區域採集到最高級別為1的蟲類素材。	곤충 잡기	수풀 등에서 랭크 1까지의 곤충 등을 채집할 수 있다
1541945253	452	Superb Insect Catcher	Allows you to gather Bugs that are up to Rank 2 in grassy areas.	1	0	1682790261	0	2	0	0	0	0	0	0	0	0	0	0	虫を採る・優	草場などでランク2までの虫などを採取することができる	捕虫・优	在草地等区域可采集到的虫类素材的最高等级为2。	捕蟲‧優	可在草地等區域採集到最高級別為2的蟲類素材。	곤충 잡기ㆍ우	수풀 등에서 랭크 2까지의 곤충 등을 채집할 수 있다
753862451	453	Expert Insect Catcher	Allows you to gather Bugs that are up to Rank 3 in grassy areas.	1	0	1682790261	0	3	0	0	0	0	0	0	0	0	0	0	虫を採る・匠	草場などでランク3までの虫などを採取することができる	捕虫・匠	在草地等区域可采集到的虫类素材的最高等级为3。	捕蟲‧匠	可在草地等區域採集到最高級別為3的蟲類素材。	곤충 잡기ㆍ장	수풀 등에서 랭크 3까지의 곤충 등을 채집할 수 있다
1866002307	454	Unlock Map S		0	0	383220493	0	1	0	0	5	0	0	0	0	0	0	0	マップ開放・小	自然歩行によるマップ開放範囲が少し増加する	解锁地图・小		解鎖地圖‧小		맵 개방ㆍ소	
164512199	455	Unlock Map M		0	0	383220493	0	2	0	0	10	0	0	0	0	0	0	0	マップ開放・中	自然歩行によるマップ開放範囲が増加する	解锁地图・中		解鎖地圖‧中		맵 개방ㆍ중	
2127130961	456	Unlock Map L		0	0	383220493	0	3	0	0	15	0	0	0	0	0	0	0	マップ開放・大	自然歩行によるマップ開放範囲がかなり増加する	解锁地图・大		解鎖地圖‧大		맵 개방ㆍ대	
525474574	457	Clairvoyant Lantern		0	0	383220493	0	4	0	0	25	0	0	0	0	0	0	0	千里眼のランタン	自然歩行によるマップ開放範囲が大きく増加する	千里眼的灯笼		千里眼燈籠		천리안의 랜턴	
1720037513	458	Auto-Gather S		0	0	905570011	0	1	0	0	15	0	0	0	0	0	0	0	自動採取・小	自動で収集できる範囲が少し上昇する	自动采集・小		自動採集‧小		자동채집ㆍ소	
7544525	459	Auto-Gather M		0	0	905570011	0	2	0	0	30	0	0	0	0	0	0	0	自動採取・中	自動で収集できる範囲が上昇する	自动采集・中		自動採集‧中		자동채집ㆍ중	
2004102747	460	Auto-Gather L		0	0	905570011	0	3	0	0	60	0	0	0	0	0	0	0	自動採取・大	自動で収集できる範囲がかなり上昇する	自动采集・大		自動採集‧大		자동채집ㆍ대	
384779270	461	Super Suction Backpack		0	0	905570011	0	4	0	0	120	0	0	0	0	0	0	0	猛吸バックパック	自動で収集できる範囲が大きく上昇する	搜刮背包		搜刮背包		맹흡 백팩	
722720457	462	Color to Red	Usable during Synthesis/Item Enhancement. Sets the selected crystal's Gift Color to Red/Red.	1	0	0	CHANGE_COLOR	Red	Red	0	0	0	0	0	0	0	0	0	カラーチェンジ【赤】	調合・アイテム強化にて使用可能。選択したクリスタルのギフトカラーを【赤/赤】にする	更换颜色【红】	可在调合或强化道具时使用，将指定水晶的天赋颜色变为【红/红】。	更換顏色【紅】	可在調合或強化道具時使用。將指定水晶的天賦顏色變為【紅/紅】。	컬러 체인지【적】	조합ㆍ아이템 강화에서 사용 가능.선택한 크리스털의 기프트 컬러를 【적색/적색】으로 만든다
976649296	463	Color to Red/Blue	Usable during Synthesis/Item Enhancement. Sets the selected crystal's Gift Color to Red/Blue.	1	0	0	CHANGE_COLOR	Red	Blue	0	0	0	0	0	0	0	0	0	カラーチェンジ【赤青】	調合・アイテム強化にて使用可能。選択したクリスタルのギフトカラーを【赤/青】にする	更换颜色【红蓝】	可在调合或强化道具时使用，将指定水晶的天赋颜色变为【红/蓝】。	更換顏色【紅藍】	可在調合或強化道具時使用。將指定水晶的天賦顏色變為【紅/藍】。	컬러 체인지【적청】	조합ㆍ아이템 강화에서 사용 가능.선택한 크리스털의 기프트 컬러를 【적색/청색】으로 만든다
1278732350	464	Color to Red/Green	Usable during Synthesis/Item Enhancement. Sets the selected crystal's Gift Color to Red/Green.	1	0	0	CHANGE_COLOR	Red	Green	0	0	0	0	0	0	0	0	0	カラーチェンジ【赤緑】	調合・アイテム強化にて使用可能。選択したクリスタルのギフトカラーを【赤/緑】にする	更换颜色【红绿】	可在调合或强化道具时使用，将指定水晶的天赋颜色变为【红/绿】。	更換顏色【紅綠】	可在調合或強化道具時使用。將指定水晶的天賦顏色變為【紅/綠】。	컬러 체인지【적록】	조합ㆍ아이템 강화에서 사용 가능.선택한 크리스털의 기프트 컬러를 【적색/녹색】으로 만든다
1727949988	465	Color to Red/Yellow	Usable during Synthesis/Item Enhancement. Sets the selected crystal's Gift Color to Red/Yellow.	1	0	0	CHANGE_COLOR	Red	Yellow	0	0	0	0	0	0	0	0	0	カラーチェンジ【赤黄】	調合・アイテム強化にて使用可能。選択したクリスタルのギフトカラーを【赤/黄】にする	更换颜色【红黄】	可在调合或强化道具时使用，将指定水晶的天赋颜色变为【红/黄】。	更換顏色【紅黃】	可在調合或強化道具時使用。將指定水晶的天賦顏色變為【紅/黃】。	컬러 체인지【적황】	조합ㆍ아이템 강화에서 사용 가능.선택한 크리스털의 기프트 컬러를 【적색/황색】으로 만든다
1551889117	466	Color to Red/Purple	Usable during Synthesis/Item Enhancement. Sets the selected crystal's Gift Color to Red/Purple.	1	0	0	CHANGE_COLOR	Red	Purple	0	0	0	0	0	0	0	0	0	カラーチェンジ【赤紫】	調合・アイテム強化にて使用可能。選択したクリスタルのギフトカラーを【赤/紫】にする	更换颜色【红紫】	可在调合或强化道具时使用，将指定水晶的天赋颜色变为【红/紫】。	更換顏色【紅紫】	可在調合或強化道具時使用。將指定水晶的天賦顏色變為【紅/紫】。	컬러 체인지【적자】	조합ㆍ아이템 강화에서 사용 가능.선택한 크리스털의 기프트 컬러를 【적색/자색】으로 만든다
1309965417	467	Color to Blue	Usable during Synthesis/Item Enhancement. Sets the selected crystal's Gift Color to Blue/Blue.	1	0	0	CHANGE_COLOR	Blue	Blue	0	0	0	0	0	0	0	0	0	カラーチェンジ【青】	調合・アイテム強化にて使用可能。選択したクリスタルのギフトカラーを【青/青】にする	更换颜色【蓝】	可在调合或强化道具时使用，将指定水晶的天赋颜色变为【蓝/蓝】。	更換顏色【藍】	可在調合或強化道具時使用。將指定水晶的天賦顏色變為【藍/藍】。	컬러 체인지【청】	조합ㆍ아이템 강화에서 사용 가능.선택한 크리스털의 기프트 컬러를 【청색/청색】으로 만든다
1195281078	468	Color to Blue/Red	Usable during Synthesis/Item Enhancement. Sets the selected crystal's Gift Color to Blue/Red.	1	0	0	CHANGE_COLOR	Blue	Red	0	0	0	0	0	0	0	0	0	カラーチェンジ【青赤】	調合・アイテム強化にて使用可能。選択したクリスタルのギフトカラーを【青/赤】にする	更换颜色【蓝红】	可在调合或强化道具时使用，将指定水晶的天赋颜色变为【蓝/红】。	更換顏色【藍紅】	可在調合或強化道具時使用。將指定水晶的天賦顏色變為【藍/紅】。	컬러 체인지【청적】	조합ㆍ아이템 강화에서 사용 가능.선택한 크리스털의 기프트 컬러를 【청색/적색】으로 만든다
323371574	469	Color to Blue/Green	Usable during Synthesis/Item Enhancement. Sets the selected crystal's Gift Color to Blue/Green.	1	0	0	CHANGE_COLOR	Blue	Green	0	0	0	0	0	0	0	0	0	カラーチェンジ【青緑】	調合・アイテム強化にて使用可能。選択したクリスタルのギフトカラーを【青/緑】にする	更换颜色【蓝绿】	可在调合或强化道具时使用，将指定水晶的天赋颜色变为【蓝/绿】。	更換顏色【藍綠】	可在調合或強化道具時使用。將指定水晶的天賦顏色變為【藍/綠】。	컬러 체인지【청록】	조합ㆍ아이템 강화에서 사용 가능.선택한 크리스털의 기프트 컬러를 【청색/녹색】으로 만든다
1752864060	470	Color to Blue/Yellow	Usable during Synthesis/Item Enhancement. Sets the selected crystal's Gift Color to Blue/Yellow.	1	0	0	CHANGE_COLOR	Blue	Yellow	0	0	0	0	0	0	0	0	0	カラーチェンジ【青黄】	調合・アイテム強化にて使用可能。選択したクリスタルのギフトカラーを【青/黄】にする	更换颜色【蓝黄】	可在调合或强化道具时使用，将指定水晶的天赋颜色变为【蓝/黄】。	更換顏色【藍黃】	可在調合或強化道具時使用。將指定水晶的天賦顏色變為【藍/黃】。	컬러 체인지【청황】	조합ㆍ아이템 강화에서 사용 가능.선택한 크리스털의 기프트 컬러를 【청색/황색】으로 만든다
1392184133	471	Color to Blue/Purple	Usable during Synthesis/Item Enhancement. Sets the selected crystal's Gift Color to Blue/Purple.	1	0	0	CHANGE_COLOR	Blue	Purple	0	0	0	0	0	0	0	0	0	カラーチェンジ【青紫】	調合・アイテム強化にて使用可能。選択したクリスタルのギフトカラーを【青/紫】にする	更换颜色【蓝紫】	可在调合或强化道具时使用，将指定水晶的天赋颜色变为【蓝/紫】。	更換顏色【藍紫】	可在調合或強化道具時使用。將指定水晶的天賦顏色變為【藍/紫】。	컬러 체인지【청자】	조합ㆍ아이템 강화에서 사용 가능.선택한 크리스털의 기프트 컬러를 【청색/자색】으로 만든다
1071008198	472	Color to Green	Usable during Synthesis/Item Enhancement. Sets the selected crystal's Gift Color to Green/Green.	1	0	0	CHANGE_COLOR	Green	Green	0	0	0	0	0	0	0	0	0	カラーチェンジ【緑】	調合・アイテム強化にて使用可能。選択したクリスタルのギフトカラーを【緑/緑】にする	更换颜色【绿】	可在调合或强化道具时使用，将指定水晶的天赋颜色变为【绿/绿】。	更換顏色【綠】	可在調合或強化道具時使用。將指定水晶的天賦顏色變為【綠/綠】。	컬러 체인지【녹】	조합ㆍ아이템 강화에서 사용 가능.선택한 크리스털의 기프트 컬러를 【녹색/녹색】으로 만든다
555607236	473	Color to Green/Red	Usable during Synthesis/Item Enhancement. Sets the selected crystal's Gift Color to Green/Red.	1	0	0	CHANGE_COLOR	Green	Red	0	0	0	0	0	0	0	0	0	カラーチェンジ【緑赤】	調合・アイテム強化にて使用可能。選択したクリスタルのギフトカラーを【緑/赤】にする	更换颜色【绿红】	可在调合或强化道具时使用，将指定水晶的天赋颜色变为【绿/红】。	更換顏色【綠紅】	可在調合或強化道具時使用。將指定水晶的天賦顏色變為【綠/紅】。	컬러 체인지【녹적】	조합ㆍ아이템 강화에서 사용 가능.선택한 크리스털의 기프트 컬러를 【녹색/적색】으로 만든다
149648626	474	Color to Green/Blue	Usable during Synthesis/Item Enhancement. Sets the selected crystal's Gift Color to Green/Blue.	1	0	0	CHANGE_COLOR	Green	Blue	0	0	0	0	0	0	0	0	0	カラーチェンジ【緑青】	調合・アイテム強化にて使用可能。選択したクリスタルのギフトカラーを【緑/青】にする	更换颜色【绿蓝】	可在调合或强化道具时使用，将指定水晶的天赋颜色变为【绿/蓝】。	更換顏色【綠藍】	可在調合或強化道具時使用。將指定水晶的天賦顏色變為【綠/藍】。	컬러 체인지【녹청】	조합ㆍ아이템 강화에서 사용 가능.선택한 크리스털의 기프트 컬러를 【녹색/청색】으로 만든다
1629468387	475	Color to Green/Yellow	Usable during Synthesis/Item Enhancement. Sets the selected crystal's Gift Color to Green/Yellow.	1	0	0	CHANGE_COLOR	Green	Yellow	0	0	0	0	0	0	0	0	0	カラーチェンジ【緑黄】	調合・アイテム強化にて使用可能。選択したクリスタルのギフトカラーを【緑/黄】にする	更换颜色【绿黄】	可在调合或强化道具时使用，将指定水晶的天赋颜色变为【绿/黄】。	更換顏色【綠黃】	可在調合或強化道具時使用。將指定水晶的天賦顏色變為【綠/黃】。	컬러 체인지【녹황】	조합ㆍ아이템 강화에서 사용 가능.선택한 크리스털의 기프트 컬러를 【녹색/황색】으로 만든다
1537091738	476	Color to Green/Purple	Usable during Synthesis/Item Enhancement. Sets the selected crystal's Gift Color to Green/Purple.	1	0	0	CHANGE_COLOR	Green	Purple	0	0	0	0	0	0	0	0	0	カラーチェンジ【緑紫】	調合・アイテム強化にて使用可能。選択したクリスタルのギフトカラーを【緑/紫】にする	更换颜色【绿紫】	可在调合或强化道具时使用，将指定水晶的天赋颜色变为【绿/紫】。	更換顏色【綠紫】	可在調合或強化道具時使用。將指定水晶的天賦顏色變為【綠/紫】。	컬러 체인지【녹자】	조합ㆍ아이템 강화에서 사용 가능.선택한 크리스털의 기프트 컬러를 【녹색/자색】으로 만든다
247365467	477	Color to Yellow	Usable during Synthesis/Item Enhancement. Sets the selected crystal's Gift Color to Yellow/Yellow.	1	0	0	CHANGE_COLOR	Yellow	Yellow	0	0	0	0	0	0	0	0	0	カラーチェンジ【黄】	調合・アイテム強化にて使用可能。選択したクリスタルのギフトカラーを【黄/黄】にする	更换颜色【黄】	可在调合或强化道具时使用，将指定水晶的天赋颜色变为【黄/黄】。	更換顏色【黃】	可在調合或強化道具時使用。將指定水晶的天賦顏色變為【黃/黃】。	컬러 체인지【황】	조합ㆍ아이템 강화에서 사용 가능.선택한 크리스털의 기프트 컬러를 【황색/황색】으로 만든다
30936946	478	Color to Yellow/Red	Usable during Synthesis/Item Enhancement. Sets the selected crystal's Gift Color to Yellow/Red.	1	0	0	CHANGE_COLOR	Yellow	Red	0	0	0	0	0	0	0	0	0	カラーチェンジ【黄赤】	調合・アイテム強化にて使用可能。選択したクリスタルのギフトカラーを【黄/赤】にする	更换颜色【黄红】	可在调合或强化道具时使用，将指定水晶的天赋颜色变为【黄/红】。	更換顏色【黃紅】	可在調合或強化道具時使用。將指定水晶的天賦顏色變為【黃/紅】。	컬러 체인지【황적】	조합ㆍ아이템 강화에서 사용 가능.선택한 크리스털의 기프트 컬러를 【황색/적색】으로 만든다
765748155	479	Color to Yellow/Blue	Usable during Synthesis/Item Enhancement. Sets the selected crystal's Gift Color to Yellow/Blue.	1	0	0	CHANGE_COLOR	Yellow	Blue	0	0	0	0	0	0	0	0	0	カラーチェンジ【黄青】	調合・アイテム強化にて使用可能。選択したクリスタルのギフトカラーを【黄/青】にする	更换颜色【黄蓝】	可在调合或强化道具时使用，将指定水晶的天赋颜色变为【黄/蓝】。	更換顏色【黃藍】	可在調合或強化道具時使用。將指定水晶的天賦顏色變為【黃/藍】。	컬러 체인지【황청】	조합ㆍ아이템 강화에서 사용 가능.선택한 크리스털의 기프트 컬러를 【황색/청색】으로 만든다
553804085	480	Color to Yellow/Green	Usable during Synthesis/Item Enhancement. Sets the selected crystal's Gift Color to Yellow/Green.	1	0	0	CHANGE_COLOR	Yellow	Green	0	0	0	0	0	0	0	0	0	カラーチェンジ【黄緑】	調合・アイテム強化にて使用可能。選択したクリスタルのギフトカラーを【黄/緑】にする	更换颜色【黄绿】	可在调合或强化道具时使用，将指定水晶的天赋颜色变为【黄/绿】。	更換顏色【黃綠】	可在調合或強化道具時使用。將指定水晶的天賦顏色變為【黃/綠】。	컬러 체인지【황록】	조합ㆍ아이템 강화에서 사용 가능.선택한 크리스털의 기프트 컬러를 【황색/녹색】으로 만든다
876601636	481	Color to Yellow/Purple	Usable during Synthesis/Item Enhancement. Sets the selected crystal's Gift Color to Yellow/Purple.	1	0	0	CHANGE_COLOR	Yellow	Purple	0	0	0	0	0	0	0	0	0	カラーチェンジ【黄紫】	調合・アイテム強化にて使用可能。選択したクリスタルのギフトカラーを【黄/紫】にする	更换颜色【黄紫】	可在调合或强化道具时使用，将指定水晶的天赋颜色变为【黄/紫】。	更換顏色【黃紫】	可在調合或強化道具時使用。將指定水晶的天賦顏色變為【黃/紫】。	컬러 체인지【황자】	조합ㆍ아이템 강화에서 사용 가능.선택한 크리스털의 기프트 컬러를 【황색/자색】으로 만든다
2041807376	482	Color to Purple	Usable during Synthesis/Item Enhancement. Sets the selected crystal's Gift Color to Purple/Purple.	1	0	0	CHANGE_COLOR	Purple	Purple	0	0	0	0	0	0	0	0	0	カラーチェンジ【紫】	調合・アイテム強化にて使用可能。選択したクリスタルのギフトカラーを【紫/紫】にする	更换颜色【紫】	可在调合或强化道具时使用，将指定水晶的天赋颜色变为【紫/紫】。	更換顏色【紫】	可在調合或強化道具時使用。將指定水晶的天賦顏色變為【紫/紫】。	컬러 체인지【자】	조합ㆍ아이템 강화에서 사용 가능.선택한 크리스털의 기프트 컬러를 【자색/자색】으로 만든다
83232038	483	Color to Purple/Red	Usable during Synthesis/Item Enhancement. Sets the selected crystal's Gift Color to Purple/Red.	1	0	0	CHANGE_COLOR	Purple	Red	0	0	0	0	0	0	0	0	0	カラーチェンジ【紫赤】	調合・アイテム強化にて使用可能。選択したクリスタルのギフトカラーを【紫/赤】にする	更换颜色【紫红】	可在调合或强化道具时使用，将指定水晶的天赋颜色变为【紫/红】。	更換顏色【紫紅】	可在調合或強化道具時使用。將指定水晶的天賦顏色變為【紫/紅】。	컬러 체인지【자적】	조합ㆍ아이템 강화에서 사용 가능.선택한 크리스털의 기프트 컬러를 【자색/적색】으로 만든다
1101518942	484	Color to Purple/Blue	Usable during Synthesis/Item Enhancement. Sets the selected crystal's Gift Color to Purple/Blue.	1	0	0	CHANGE_COLOR	Purple	Blue	0	0	0	0	0	0	0	0	0	カラーチェンジ【紫青】	調合・アイテム強化にて使用可能。選択したクリスタルのギフトカラーを【紫/青】にする	更换颜色【紫蓝】	可在调合或强化道具时使用，将指定水晶的天赋颜色变为【紫/蓝】。	更換顏色【紫藍】	可在調合或強化道具時使用。將指定水晶的天賦顏色變為【紫/藍】。	컬러 체인지【자청】	조합ㆍ아이템 강화에서 사용 가능.선택한 크리스털의 기프트 컬러를 【자색/청색】으로 만든다
520099157	485	Color to Purple/Green	Usable during Synthesis/Item Enhancement. Sets the selected crystal's Gift Color to Purple/Green.	1	0	0	CHANGE_COLOR	Purple	Green	0	0	0	0	0	0	0	0	0	カラーチェンジ【紫緑】	調合・アイテム強化にて使用可能。選択したクリスタルのギフトカラーを【紫/緑】にする	更换颜色【紫绿】	可在调合或强化道具时使用，将指定水晶的天赋颜色变为【紫/绿】。	更換顏色【紫綠】	可在調合或強化道具時使用。將指定水晶的天賦顏色變為【紫/綠】。	컬러 체인지【자록】	조합ㆍ아이템 강화에서 사용 가능.선택한 크리스털의 기프트 컬러를 【자색/녹색】으로 만든다
1127357559	486	Color to Purple/Yellow	Usable during Synthesis/Item Enhancement. Sets the selected crystal's Gift Color to Purple/Yellow.	1	0	0	CHANGE_COLOR	Purple	Yellow	0	0	0	0	0	0	0	0	0	カラーチェンジ【紫黄】	調合・アイテム強化にて使用可能。選択したクリスタルのギフトカラーを【紫/黄】にする	更换颜色【紫黄】	可在调合或强化道具时使用，将指定水晶的天赋颜色变为【紫/黄】。	更換顏色【紫黃】	可在調合或強化道具時使用。將指定水晶的天賦顏色變為【紫/黃】。	컬러 체인지【자황】	조합ㆍ아이템 강화에서 사용 가능.선택한 크리스털의 기프트 컬러를 【자색/황색】으로 만든다
150036864	487	Change to Water	Usable during Synthesis. Sets the selected crystal's Category to (Water).	1	0	0	CHANGE_CATEGORY	208131690	0	0	0	0	0	0	0	0	0	0	チェンジ（水）	調合にて使用可能。選択したクリスタルのカテゴリを（水）にする	更换（水）	可在调合时使用，将指定水晶的类别变为（水）。	更換（水）	可在調合時使用。將指定水晶的類別變為（水）。	체인지(물)	조합에서 사용 가능.선택한 크리스털의 카테고리를 (물)로 만든다
1489074392	488	Change to Plants	Usable during Synthesis. Sets the selected crystal's Category to (Plants).	1	0	0	CHANGE_CATEGORY	1549258690	0	0	0	0	0	0	0	0	0	0	チェンジ（植物）	調合にて使用可能。選択したクリスタルのカテゴリを（植物）にする	更换（植物）	可在调合时使用，将指定水晶的类别变为（植物）。	更換（植物）	可在調合時使用。將指定水晶的類別變為（植物）。	체인지(식물)	조합에서 사용 가능.선택한 크리스털의 카테고리를 (식물)로 만든다
1303506182	489	Change to Uni	Usable during Synthesis. Sets the selected crystal's Category to (Uni).	1	0	0	CHANGE_CATEGORY	187912458	0	0	0	0	0	0	0	0	0	0	チェンジ（うに）	調合にて使用可能。選択したクリスタルのカテゴリを（うに）にする	更换（海胆）	可在调合时使用，将指定水晶的类别变为（海胆）。	更換（海膽）	可在調合時使用。將指定水晶的類別變為（海膽）。	체인지(성게)	조합에서 사용 가능.선택한 크리스털의 카테고리를 (성게)로 만든다
386622578	490	Change to Flowers	Usable during Synthesis. Sets the selected crystal's Category to (Flowers).	1	0	0	CHANGE_CATEGORY	1462699612	0	0	0	0	0	0	0	0	0	0	チェンジ（花）	調合にて使用可能。選択したクリスタルのカテゴリを（花）にする	更换（花）	可在调合时使用，将指定水晶的类别变为（花）。	更換（花）	可在調合時使用。將指定水晶的類別變為（花）。	체인지(꽃)	조합에서 사용 가능.선택한 크리스털의 카테고리를 (꽃)으로 만든다
1811361555	491	Change to Medicinal	Usable during Synthesis. Sets the selected crystal's Category to (Medicinal).	1	0	0	CHANGE_CATEGORY	1581005830	0	0	0	0	0	0	0	0	0	0	チェンジ（薬の材料）	調合にて使用可能。選択したクリスタルのカテゴリを（薬の材料）にする	更换（药材）	可在调合时使用，将指定水晶的类别变为（药材）。	更換（藥材）	可在調合時使用。將指定水晶的類別變為（藥材）。	체인지(약재료)	조합에서 사용 가능.선택한 크리스털의 카테고리를 (약재료)로 만든다
1235795169	492	Change to Poisons	Usable during Synthesis. Sets the selected crystal's Category to (Poisons).	1	0	0	CHANGE_CATEGORY	160227023	0	0	0	0	0	0	0	0	0	0	チェンジ（毒の材料）	調合にて使用可能。選択したクリスタルのカテゴリを（毒の材料）にする	更换（有毒材料）	可在调合时使用，将指定水晶的类别变为（有毒材料）。	更換（有毒材料）	可在調合時使用。將指定水晶的類別變為（有毒材料）。	체인지(독재료)	조합에서 사용 가능.선택한 크리스털의 카테고리를 (독재료)로 만든다
384664494	493	Change to Elixirs	Usable during Synthesis. Sets the selected crystal's Category to (Elixirs).	1	0	0	CHANGE_CATEGORY	1456071044	0	0	0	0	0	0	0	0	0	0	チェンジ（エリキシル）	調合にて使用可能。選択したクリスタルのカテゴリを（エリキシル）にする	更换（万灵药）	可在调合时使用，将指定水晶的类别变为（万灵药）。	更換（萬靈藥）	可在調合時使用。將指定水晶的類別變為（萬靈藥）。	체인지(엘릭시르)	조합에서 사용 가능.선택한 크리스털의 카테고리를 (엘릭시르)로 만든다
736882938	494	Change to Sand	Usable during Synthesis. Sets the selected crystal's Category to (Sand).	1	0	0	CHANGE_CATEGORY	1762689115	0	0	0	0	0	0	0	0	0	0	チェンジ（砂）	調合にて使用可能。選択したクリスタルのカテゴリを（砂）にする	更换（砂）	可在调合时使用，将指定水晶的类别变为（砂）。	更換（砂）	可在調合時使用。將指定水晶的類別變為（砂）。	체인지(모래)	조합에서 사용 가능.선택한 크리스털의 카테고리를 (모래)로 만든다
354258800	495	Change to Stone	Usable during Synthesis. Sets the selected crystal's Category to (Stone).	1	0	0	CHANGE_CATEGORY	294336614	0	0	0	0	0	0	0	0	0	0	チェンジ（石材）	調合にて使用可能。選択したクリスタルのカテゴリを（石材）にする	更换（石材）	可在调合时使用，将指定水晶的类别变为（石材）。	更換（石材）	可在調合時使用。將指定水晶的類別變為（石材）。	체인지(석재)	조합에서 사용 가능.선택한 크리스털의 카테고리를 (석재)로 만든다
1279141162	496	Change to Ore	Usable during Synthesis. Sets the selected crystal's Category to (Ore).	1	0	0	CHANGE_CATEGORY	180132134	0	0	0	0	0	0	0	0	0	0	チェンジ（鉱石）	調合にて使用可能。選択したクリスタルのカテゴリを（鉱石）にする	更换（矿石）	可在调合时使用，将指定水晶的类别变为（矿石）。	更換（礦石）	可在調合時使用。將指定水晶的類別變為（礦石）。	체인지(광석)	조합에서 사용 가능.선택한 크리스털의 카테고리를 (광석)으로 만든다
1667378698	497	Change to Gemstones	Usable during Synthesis. Sets the selected crystal's Category to (Gemstones).	1	0	0	CHANGE_CATEGORY	355541018	0	0	0	0	0	0	0	0	0	0	チェンジ（原石）	調合にて使用可能。選択したクリスタルのカテゴリを（原石）にする	更换（原石）	可在调合时使用，将指定水晶的类别变为（原石）。	更換（原石）	可在調合時使用。將指定水晶的類別變為（原石）。	체인지(원석)	조합에서 사용 가능.선택한 크리스털의 카테고리를 (원석)으로 만든다
250191229	498	Change to Gunpowder	Usable during Synthesis. Sets the selected crystal's Category to (Gunpowder).	1	0	0	CHANGE_CATEGORY	1442326762	0	0	0	0	0	0	0	0	0	0	チェンジ（火薬）	調合にて使用可能。選択したクリスタルのカテゴリを（火薬）にする	更换（火药）	可在调合时使用，将指定水晶的类别变为（火药）。	更換（火藥）	可在調合時使用。將指定水晶的類別變為（火藥）。	체인지(화약)	조합에서 사용 가능.선택한 크리스털의 카테고리를 (화약)으로 만든다
1171518206	499	Change to Fuel	Usable during Synthesis. Sets the selected crystal's Category to (Fuel).	1	0	0	CHANGE_CATEGORY	120095325	0	0	0	0	0	0	0	0	0	0	チェンジ（燃料）	調合にて使用可能。選択したクリスタルのカテゴリを（燃料）にする	更换（燃料）	可在调合时使用，将指定水晶的类别变为（燃料）。	更換（燃料）	可在調合時使用。將指定水晶的類別變為（燃料）。	체인지(연료)	조합에서 사용 가능.선택한 크리스털의 카테고리를 (연료)로 만든다
866156909	500	Change to Metal	Usable during Synthesis. Sets the selected crystal's Category to (Metal).	1	0	0	CHANGE_CATEGORY	926299769	0	0	0	0	0	0	0	0	0	0	チェンジ（金属）	調合にて使用可能。選択したクリスタルのカテゴリを（金属）にする	更换（金属）	可在调合时使用，将指定水晶的类别变为（金属）。	更換（金屬）	可在調合時使用。將指定水晶的類別變為（金屬）。	체인지(금속)	조합에서 사용 가능.선택한 크리스털의 카테고리를 (금속)으로 만든다
1399146427	501	Change to Edible	Usable during Synthesis. Sets the selected crystal's Category to (Edibles).	1	0	0	CHANGE_CATEGORY	176079333	0	0	0	0	0	0	0	0	0	0	チェンジ（食材）	調合にて使用可能。選択したクリスタルのカテゴリを（食材）にする	更换（食材）	可在调合时使用，将指定水晶的类别变为（食材）。	更換（食材）	可在調合時使用。將指定水晶的類別變為（食材）。	체인지(식재)	조합에서 사용 가능.선택한 크리스털의 카테고리를 (식재)로 만든다
1992585765	502	Change to Mushrooms	Usable during Synthesis. Sets the selected crystal's Category to (Mushrooms).	1	0	0	CHANGE_CATEGORY	562087079	0	0	0	0	0	0	0	0	0	0	チェンジ（きのこ）	調合にて使用可能。選択したクリスタルのカテゴリを（きのこ）にする	更换（菌菇）	可在调合时使用，将指定水晶的类别变为（菌菇）。	更換（菌菇）	可在調合時使用。將指定水晶的類別變為（菌菇）。	체인지(버섯)	조합에서 사용 가능.선택한 크리스털의 카테고리를 (버섯)으로 만든다
1745746220	503	Change to Fruit	Usable during Synthesis. Sets the selected crystal's Category to (Fruit).	1	0	0	CHANGE_CATEGORY	1465847847	0	0	0	0	0	0	0	0	0	0	チェンジ（木の実）	調合にて使用可能。選択したクリスタルのカテゴリを（木の実）にする	更换（树木果实）	可在调合时使用，将指定水晶的类别变为（树木果实）。	更換（樹木果實）	可在調合時使用。將指定水晶的類別變為（樹木果實）。	체인지(나무열매)	조합에서 사용 가능.선택한 크리스털의 카테고리를 (나무열매)로 만든다
1772857547	504	Change to Beehives	Usable during Synthesis. Sets the selected crystal's Category to (Beehives).	1	0	0	CHANGE_CATEGORY	553765173	0	0	0	0	0	0	0	0	0	0	チェンジ（ハチの巣）	調合にて使用可能。選択したクリスタルのカテゴリを（ハチの巣）にする	更换（蜂巢）	可在调合时使用，将指定水晶的类别变为（蜂巢）。	更換（蜂巢）	可在調合時使用。將指定水晶的類別變為（蜂巢）。	체인지(벌집)	조합에서 사용 가능.선택한 크리스털의 카테고리를 (벌집)으로 만든다
1260050728	505	Change to Marine	Usable during Synthesis. Sets the selected crystal's Category to (Marine).	1	0	0	CHANGE_CATEGORY	1992219949	0	0	0	0	0	0	0	0	0	0	チェンジ（魚介類）	調合にて使用可能。選択したクリスタルのカテゴリを（魚介類）にする	更换（鱼贝类）	可在调合时使用，将指定水晶的类别变为（鱼贝类）。	更換（魚貝類）	可在調合時使用。將指定水晶的類別變為（魚貝類）。	체인지(어패류)	조합에서 사용 가능.선택한 크리스털의 카테고리를 (어패류)로 만든다
650713165	506	Change to Bugs	Usable during Synthesis. Sets the selected crystal's Category to (Bugs).	1	0	0	CHANGE_CATEGORY	1726839395	0	0	0	0	0	0	0	0	0	0	チェンジ（虫）	調合にて使用可能。選択したクリスタルのカテゴリを（虫）にする	更换（虫）	可在调合时使用，将指定水晶的类别变为（虫）。	更換（蟲）	可在調合時使用。將指定水晶的類別變為（蟲）。	체인지(곤충)	조합에서 사용 가능.선택한 크리스털의 카테고리를 (곤충)으로 만든다
2114131669	507	Change to Threads	Usable during Synthesis. Sets the selected crystal's Category to (Threads).	1	0	0	CHANGE_CATEGORY	1042773243	0	0	0	0	0	0	0	0	0	0	チェンジ（糸素材）	調合にて使用可能。選択したクリスタルのカテゴリを（糸素材）にする	更换（线材）	可在调合时使用，将指定水晶的类别变为（线材）。	更換（線材）	可在調合時使用。將指定水晶的類別變為（線材）。	체인지(실소재)	조합에서 사용 가능.선택한 크리스털의 카테고리를 (실소재)로 만든다
1223918618	508	Change to Lumber	Usable during Synthesis. Sets the selected crystal's Category to (Lumber).	1	0	0	CHANGE_CATEGORY	168359097	0	0	0	0	0	0	0	0	0	0	チェンジ（木材）	調合にて使用可能。選択したクリスタルのカテゴリを（木材）にする	更换（木材）	可在调合时使用，将指定水晶的类别变为（木材）。	更換（木材）	可在調合時使用。將指定水晶的類別變為（木材）。	체인지(목재)	조합에서 사용 가능.선택한 크리스털의 카테고리를 (목재)로 만든다
686391213	509	Change to Gases	Usable during Synthesis. Sets the selected crystal's Category to (Gases).	1	0	0	CHANGE_CATEGORY	1852556195	0	0	0	0	0	0	0	0	0	0	チェンジ（気体）	調合にて使用可能。選択したクリスタルのカテゴリを（気体）にする	更换（气体）	可在调合时使用，将指定水晶的类别变为（气体）。	更換（氣體）	可在調合時使用。將指定水晶的類別變為（氣體）。	체인지(기체)	조합에서 사용 가능.선택한 크리스털의 카테고리를 (기체)로 만든다
188790211	510	Change to Magical	Usable during Synthesis. Sets the selected crystal's Category to (Magical).	1	0	0	CHANGE_CATEGORY	281126485	0	0	0	0	0	0	0	0	0	0	チェンジ（神秘の力）	調合にて使用可能。選択したクリスタルのカテゴリを（神秘の力）にする	更换（神秘之力）	可在调合时使用，将指定水晶的类别变为（神秘之力）。	更換（神祕之力）	可在調合時使用。將指定水晶的類別變為（神祕之力）。	체인지(신비의힘)	조합에서 사용 가능.선택한 크리스털의 카테고리를 (신비의힘)으로 만든다
1231260321	511	Change to Puni	Usable during Synthesis. Sets the selected crystal's Category to (Puni).	1	0	0	CHANGE_CATEGORY	505887779	0	0	0	0	0	0	0	0	0	0	チェンジ（ぷにぷに）	調合にて使用可能。選択したクリスタルのカテゴリを（ぷにぷに）にする	更换（噗尼噗尼）	可在调合时使用，将指定水晶的类别变为（噗尼噗尼）。	更換（噗尼噗尼）	可在調合時使用。將指定水晶的類別變為（噗尼噗尼）。	체인지(푸니푸니)	조합에서 사용 가능.선택한 크리스털의 카테고리를 (푸니푸니)로 만든다
629700937	512	Change to Animal Mat.	Usable during Synthesis. Sets the selected crystal's Category to (Animal Mat.).	1	0	0	CHANGE_CATEGORY	1705778023	0	0	0	0	0	0	0	0	0	0	チェンジ（動物素材）	調合にて使用可能。選択したクリスタルのカテゴリを（動物素材）にする	更换（动物素材）	可在调合时使用，将指定水晶的类别变为（动物素材）。	更換（動物素材）	可在調合時使用。將指定水晶的類別變為（動物素材）。	체인지(동물소재)	조합에서 사용 가능.선택한 크리스털의 카테고리를 (동물소재)로 만든다
1761309668	513	Change to Dragon Mat.	Usable during Synthesis. Sets the selected crystal's Category to (Dragon Mat.).	1	0	0	CHANGE_CATEGORY	685707726	0	0	0	0	0	0	0	0	0	0	チェンジ（竜素材）	調合にて使用可能。選択したクリスタルのカテゴリを（竜素材）にする	更换（龙素材）	可在调合时使用，将指定水晶的类别变为（龙素材）。	更換（龍素材）	可在調合時使用。將指定水晶的類別變為（龍素材）。	체인지(용소재)	조합에서 사용 가능.선택한 크리스털의 카테고리를 (용소재)로 만든다
2106902352	514	Change to Neutralizers	Usable during Synthesis. Sets the selected crystal's Category to (Neutralizers).	1	0	0	CHANGE_CATEGORY	479335858	0	0	0	0	0	0	0	0	0	0	チェンジ（中和剤）	調合にて使用可能。選択したクリスタルのカテゴリを（中和剤）にする	更换（中和剂）	可在调合时使用，将指定水晶的类别变为（中和剂）。	更換（中和劑）	可在調合時使用。將指定水晶的類別變為（中和劑）。	체인지(중화제)	조합에서 사용 가능.선택한 크리스털의 카테고리를 (중화제)로 만든다
1629488163	515	Change to Misc.	Usable during Synthesis. Sets the selected crystal's Category to (Misc.).	1	0	0	CHANGE_CATEGORY	912568993	0	0	0	0	0	0	0	0	0	0	チェンジ（雑貨）	調合にて使用可能。選択したクリスタルのカテゴリを（雑貨）にする	更换（杂货）	可在调合时使用，将指定水晶的类别变为（杂货）。	更換（雜貨）	可在調合時使用。將指定水晶的類別變為（雜貨）。	체인지(잡화)	조합에서 사용 가능.선택한 크리스털의 카테고리를 (잡화)로 만든다
1514682561	516	Change to Spices	Usable during Synthesis. Sets the selected crystal's Category to (Spices).	1	0	0	CHANGE_CATEGORY	55819935	0	0	0	0	0	0	0	0	0	0	チェンジ（調味料）	調合にて使用可能。選択したクリスタルのカテゴリを（調味料）にする	更换（调味料）	可在调合时使用，将指定水晶的类别变为（调味料）。	更換（調味料）	可在調合時使用。將指定水晶的類別變為（調味料）。	체인지(조미료)	조합에서 사용 가능.선택한 크리스털의 카테고리를 (조미료)로 만든다
2102523811	517	Change to Ingots	Usable during Synthesis. Sets the selected crystal's Category to (Ingots).	1	0	0	CHANGE_CATEGORY	2043101367	0	0	0	0	0	0	0	0	0	0	チェンジ（インゴット）	調合にて使用可能。選択したクリスタルのカテゴリを（インゴット）にする	更换（金属块）	可在调合时使用，将指定水晶的类别变为（金属块）。	更換（金屬塊）	可在調合時使用。將指定水晶的類別變為（金屬塊）。	체인지(잉곳)	조합에서 사용 가능.선택한 크리스털의 카테고리를 (잉곳)으로 만든다
785179108	518	Change to Cloth	Usable during Synthesis. Sets the selected crystal's Category to (Cloth).	1	0	0	CHANGE_CATEGORY	710563570	0	0	0	0	0	0	0	0	0	0	チェンジ（クロース）	調合にて使用可能。選択したクリスタルのカテゴリを（クロース）にする	更换（布料）	可在调合时使用，将指定水晶的类别变为（布料）。	更換（布料）	可在調合時使用。將指定水晶的類別變為（布料）。	체인지(클로스)	조합에서 사용 가능.선택한 크리스털의 카테고리를 (클로스)로 만든다
194911228	519	Change to Bombs	Usable during Synthesis. Sets the selected crystal's Category to (Bombs).	1	0	0	CHANGE_CATEGORY	1231383389	0	0	0	0	0	0	0	0	0	0	チェンジ（爆弾）	調合にて使用可能。選択したクリスタルのカテゴリを（爆弾）にする	更换（炸弹）	可在调合时使用，将指定水晶的类别变为（炸弹）。	更換（炸彈）	可在調合時使用。將指定水晶的類別變為（炸彈）。	체인지(폭탄)	조합에서 사용 가능.선택한 크리스털의 카테고리를 (폭탄)으로 만든다
918486973	520	Change to Medicine	Usable during Synthesis. Sets the selected crystal's Category to (Medicine).	1	0	0	CHANGE_CATEGORY	1643792703	0	0	0	0	0	0	0	0	0	0	チェンジ（薬品）	調合にて使用可能。選択したクリスタルのカテゴリを（薬品）にする	更换（药品）	可在调合时使用，将指定水晶的类别变为（药品）。	更換（藥品）	可在調合時使用。將指定水晶的類別變為（藥品）。	체인지(약품)	조합에서 사용 가능.선택한 크리스털의 카테고리를 (약품)으로 만든다
1604930332	521	Change to Food	Usable during Synthesis. Sets the selected crystal's Category to (Food).	1	0	0	CHANGE_CATEGORY	491928509	0	0	0	0	0	0	0	0	0	0	チェンジ（食品）	調合にて使用可能。選択したクリスタルのカテゴリを（食品）にする	更换（食品）	可在调合时使用，将指定水晶的类别变为（食品）。	更換（食品）	可在調合時使用。將指定水晶的類別變為（食品）。	체인지(식품)	조합에서 사용 가능.선택한 크리스털의 카테고리를 (식품)으로 만든다
1523063980	522		Using this during Item Enhancement increases stat boosts provided by traits.	0	0	0	812333159	0	0	0	0	0	0	0	0	0	0	0		アイテム強化で使用すると、・ギフトカラーをつなぐとステータスが上昇する		若用于强化道具，·在连接天赋颜色后可提升状态。		若用於強化道具：‧連接天賦顏色時，可提升狀態值。		아이템 강화에서 사용하면ㆍ기프트 컬러 연결 시　스테이터스가 상승한다
1274628196	523		Using this during Item Enhancement raises the levels of all Talents by 50%. Trait Bestowal and Trait Blending will not activate.	0	0	0	188975697	0	0	0	0	0	0	0	0	0	0	0		アイテム強化で使用すると、・各タレントのレベルが50％上昇する・特性付与及び特性合成が発動しなくなる		若用于强化道具，·各助手角色的等级提升50%。·无法发动特性合成。		若用於強化道具：‧各協助角色的等級上升50%。‧無法發動特性合成。		아이템 강화에서 사용하면ㆍ각 능력의 레벨이 50% 상승한다ㆍ특성 부여, 특성 합성이 발동하지 않게 된다
563390866	524		Using this during Item Enhancement causes Trait Blending to yield better traits and lowers the levels of all Talents by 25%.	0	0	0	989965662	0	0	0	0	0	0	0	0	0	0	0		アイテム強化で使用すると、・特性合成発動時、1段上の特性に変化する・各タレントのレベルが25％低下する		若用于强化道具，·发动特性合成时，变为使特性提升1阶段。·各助手角色的等级下降25%。		若用於強化道具：‧發動特性合成時，變為提升1階段的特性。‧各協助角色的等級下降25%。		아이템 강화에서 사용하면ㆍ특성 합성 발동 시, 1단계 위의 특성으로 변화한다ㆍ각 능력의 레벨이 25% 저하된다
218587630	525		Using this during Item Enhancement lowers required Cole and increases uses for each linked Gift Color.	0	0	0	725302201	0	0	0	0	0	0	0	0	0	0	0		アイテム強化で使用すると、・タレント選択時の必要コールを抑える・ギフトカラーを繋ぐと使用回数が増加する		若用于强化道具，·减少选择助手角色所需的克尔。·连接天赋颜色时，可增加使用次数。		若用於強化道具：‧可減少選擇協助角色時所需的克隆。‧連接天賦顏色時，可增加使用次數。		아이템 강화에서 사용하면ㆍ능력 선택 시의 필요 콜을 절약한다ㆍ기프트 컬러를 연결하면 사용횟수가 증가한다
931594135	526		Using this during Item Enhancement raises effects by 1 stage when all Gift Colors are linked.	0	0	0	297444800	0	0	0	0	0	0	0	0	0	0	0		アイテム強化で使用すると、・ギフトカラーを全て繋げると調合品の効果が　1段階上昇する（既に最大効果の時は無効）		若用于强化道具，·在连接所有天赋颜色后，道具效果提升1阶段。 ※已达最大效果时无效。		若用於強化道具：‧連接所有天賦顏色時，調合品的效果提升1階段。※已達最大效果時無效。		아이템 강화에서 사용하면ㆍ기프트 컬러를 모두 연결 시 조합품의 효과가　1단계 상승한다(이미 최대 효과일 때는 무효)
1067983109	527		A memento left by Slade's father. It is cracked and seems like it might split apart at any moment.	0	0	0	0	0	0	0	0	0	0	0	0	0	0	0		スレイが父親から託された形見。ひびが入っていて今にも割れてしまいそう		史雷从父亲手中继承的遗物，表面有裂痕，看起来随时都会裂开。		史雷從父親手上繼承的遺物，上頭有裂痕，看起來隨時都會裂開。		슬레이가 아버지로부터 받은 유품.금이 가 있어 금방이라도 깨질 것 같다
1797319353	528		An accessory with a gem. Attaching this to Rias's staff will make it respond to blue hooks, allowing her to perform Wire Actions.	0	0	0	0	0	0	0	0	0	0	0	0	0	0	0		宝石の着いたアクセサリー。リアスの杖につけると青のフックに反応し、ワイヤーアクションができる		镶嵌着宝石的饰品。装在莉雅丝的手杖上便会对蓝色挂钩产生反应，并能施展钩索移动。		鑲著寶石的飾品。裝備在莉雅絲的手杖上，就能對藍色掛鉤產生反應並使用懸吊。		보석이 달린 액세서리.리아스의 지팡이에 장착하면 청색 형체에 반응하여 와이어 액션을 할 수 있다
1783585676	529		An accessory with a gem. Attaching this to Rias's staff will make it respond to green hooks, allowing her to perform Wire Actions.	0	0	0	0	0	0	0	0	0	0	0	0	0	0	0		宝石の着いたアクセサリー。リアスの杖につけると青、緑のフックに反応し、ワイヤーアクションができる		镶嵌着宝石的饰品。装在莉雅丝的手杖上便会对绿色挂钩产生反应，并能施展钩索移动。		鑲著寶石的飾品。裝備在莉雅絲的手杖上，就能對綠色掛鉤產生反應並使用懸吊。		보석이 달린 액세서리.리아스의 지팡이에 장착하면 청색, 녹색 형체에 반응하여 와이어 액션을 할 수 있다
477821448	530		An accessory with a gem. Attaching this to Rias's staff will make it respond to red hooks, allowing her to perform Wire Actions.	0	0	0	0	0	0	0	0	0	0	0	0	0	0	0		宝石の着いたアクセサリー。リアスの杖につけると青、緑、赤のフックに反応し、ワイヤーアクションができる		镶嵌着宝石的饰品。装在莉雅丝的手杖上便会对红色挂钩产生反应，并能施展钩索移动。		鑲著寶石的飾品。裝備在莉雅絲的手杖上，就能對紅色掛鉤產生反應並使用懸吊。		보석이 달린 액세서리.리아스의 지팡이에 장착하면 청색, 녹색, 적색 형체에 반응하여 와이어 액션을 할 수 있다
1296089764	531		An accessory with a gem. Attaching this to Rias's staff will make it respond to gold hooks, allowing her to perform Wire Actions.	0	0	0	0	0	0	0	0	0	0	0	0	0	0	0		宝石の着いたアクセサリー。リアスの杖につけると全ての色のフックに反応し、ワイヤーアクションができる		镶嵌着宝石的饰品。装在莉雅丝的手杖上便会对金色挂钩产生反应，并能施展钩索移动。		鑲著寶石的飾品。裝備在莉雅絲的手杖上，就能對金色掛鉤產生反應並使用懸吊。		보석이 달린 액세서리.리아스의 지팡이에 장착하면 모든 색깔의 형체에 반응하여 와이어 액션을 할 수 있다
632963855	532		A very rare ore. It might be able to be used to make a Bungee Gem.	0	0	0	0	0	0	0	0	0	0	0	0	0	0	0		まれに見つかる希少な鉱石。アンタイジェムの素材になるかも…？		极其罕见的矿石。或许可以用来当作安特石的素材……？		罕見的稀有礦石，或許能夠當成安特石的素材……？		드물게 발견되는 희귀한 광석.안타이 젬의 소재가 될지도…?
1955387040	533		A very rare ore. It might be able to be used to make a Bungee Gem.	0	0	0	0	0	0	0	0	0	0	0	0	0	0	0		まれに見つかる希少な鉱石。アンタイジェムの素材になるかも…？		极其罕见的矿石。或许可以用来当作安特石的素材……？		罕見的稀有礦石，或許能夠當成安特石的素材……？		드물게 발견되는 희귀한 광석.안타이 젬의 소재가 될지도…?
59500086	534		A very rare ore. It might be able to be used to make a Bungee Gem.	0	0	0	0	0	0	0	0	0	0	0	0	0	0	0		まれに見つかる希少な鉱石。アンタイジェムの素材になるかも…？		极其罕见的矿石。或许可以用来当作安特石的素材……？		罕見的稀有礦石，或許能夠當成安特石的素材……？		드물게 발견되는 희귀한 광석.안타이 젬의 소재가 될지도…?
2062142965	535		An elusive key found in a dimensional path. Required to open locked rooms in dimensional paths.	0	0	0	0	0	0	0	0	0	0	0	0	0	0	0		亜空の道で見つかる神出鬼没な鍵。亜空の道の閉ざされた部屋を開けるのに必要		在亚界之道中时不时会出现的钥匙。亚界之道中被封印的房间需要用它来开启。		在亞界之道發現的鑰匙，出現時機難以捉摸，是開啟亞界之道中密閉空間的必備物品。		아공의 길에서 발견되는 신출귀몰한 열쇠.아공의 길에 있는 폐쇄된 방을 열려면 필요하다
1682074254	536		An elusive key found in a dimensional path. Required to open locked rooms in dimensional paths.	0	0	0	0	0	0	0	0	0	0	0	0	0	0	0		亜空の道で見つかる神出鬼没な鍵。亜空の道の閉ざされた部屋を開けるのに必要		在亚界之道中时不时会出现的钥匙。亚界之道中被封印的房间需要用它来开启。		在亞界之道發現的鑰匙，出現時機難以捉摸，是開啟亞界之道中密閉空間的必備物品。		아공의 길에서 발견되는 신출귀몰한 열쇠.아공의 길에 있는 폐쇄된 방을 열려면 필요하다
323312156	537		An elusive key found in a dimensional path. Required to open locked rooms in dimensional paths.	0	0	0	0	0	0	0	0	0	0	0	0	0	0	0		亜空の道で見つかる神出鬼没な鍵。亜空の道の閉ざされた部屋を開けるのに必要		在亚界之道中时不时会出现的钥匙。亚界之道中被封印的房间需要用它来开启。		在亞界之道發現的鑰匙，出現時機難以捉摸，是開啟亞界之道中密閉空間的必備物品。		아공의 길에서 발견되는 신출귀몰한 열쇠.아공의 길에 있는 폐쇄된 방을 열려면 필요하다
452889409	538		The tool that Heiter's brother used to break the seal on a dimensional path. Because it was incomplete, it caused the Tragedy of Hallfein.	0	0	0	0	0	0	0	0	0	0	0	0	0	0	0		１２年前、ハイターの兄が亜空の道の封印を解いた道具。不完全なものだったため、ハルフェンの悲劇が起きた		12年前海塔的哥哥解除亚界之道的封印时所使用的道具。由于其功能尚不完整，结果导致了赫尔芬的悲剧发生。		12年前海塔的哥哥用來解除亞界之道封印的道具，但是因為功能尚不完整，導致赫爾芬的悲劇發生。		12년 전, 하이터의 형이 아공의 길의 봉인을 해제한 도구.불완전했기 때문에 할펜의 비극이 일어났다
982208091	539		A gate made to open the path to where Kerscha resides. It is equipped with a control device that is based on the dimensional paths in the atelier.	0	0	0	0	0	0	0	0	0	0	0	0	0	0	0		クルシュアの元へと続く道を開くための門。アトリエの亜空の道を参考に、制御装置が取り付けられている		通往库鲁修亚所在之处的门。以炼金工房里的亚界之道为参考，加装了控制装置。		通往庫魯修亞所在之處的門。參考鍊金工房中的亞界之道，加裝了控制裝置。		크르슈어가 있는 곳으로 가는 길을 열기 위한 문.아틀리에에 있는 아공의 길을 참고하여 제어 장치가 장착되어 있다
42526861	540		A strange stone that can make tools adaptable and combinable. Discovered around the same time as the Kingdom of Lantarna's founding.	0	0	0	0	0	0	0	0	0	0	0	0	0	0	0		様々な道具を融通できるようにするという性質を持つ珍しい石。建国の頃に発見された素材		一种在建国时期发现的稀有素材。这种石头性质独特，能让各种道具变得能够互相适配。		性質特殊的罕見石頭，據說能泛用於各種道具，是建國時期發現的素材。		다양한 도구를 융통할 수 있게 만드는 성질을 가진 희귀한 돌.건국 무렵에 발견된 소재
1971755994	541		A tool that combines the power of the Geist Cores into one. It can free the souls that were trapped by Kerscha and then store them safely.	0	0	0	0	0	0	0	0	0	0	0	0	0	0	0		ガイストコアの力を１つに繋ぐ道具。クルシュアに取り込まれた魂を解放し、保護する力が機能するようになる		将魂灵核心的力量合而为一的道具。能够释放被库鲁修亚所吸收的灵魂，并将其保护起来。		將魂靈核心的力量合而為一的道具，能釋放遭庫魯修亞吸收的靈魂，並發揮保護靈魂的效果。		가이스트 코어의 힘을 하나로 이어주는 도구. 크르슈어에게 흡수당한 영혼을 해방하고 보호하는 힘이 작동하게 된다
913106914	542		The crystallized souls of the residents of Hallfein after they were released from the red mist. Their souls are now stored inside of here.	0	0	0	0	0	0	0	0	0	0	0	0	0	0	0		紅い霧から解放されたハルフェンの住民の魂が結晶化したもの。みんなの魂はこの中で眠っている		赫尔芬的居民的灵魂从红雾中解放后所化作的结晶。大家的灵魂，都沉睡于其中。		赫爾芬居民擺脫紅霧後化為結晶的模樣，大家的靈魂都沉睡其中。		붉은 안개로부터 해방된 할펜 주민들의 영혼이 결정화된 것.모두의 영혼은 이 안에 잠들어 있다
31726779	543	Learn Recipe	• Honey• Pure Water• Zettel	0	0	0	0	0	0	0	0	0	0	0	0	0	0	0	レシピ修得	■はちみつ■ピュアウォーター■ゼッテル	习得配方	■蜂蜜■纯水■泽特尔纸	習得配方	■蜂蜜■純水■查科爾帖紙	레시피 습득	■꿀■퓨어 워터■제텔
1729278719	544	Learn Recipe	• Cloth• Seife• Refresh Oil	0	0	0	0	0	0	0	0	0	0	0	0	0	0	0	レシピ修得	■クロース■ザイフェ■リフレッシュオイル	习得配方	■布料■肥皂■排毒油	習得配方	■布料■肥皂■排毒油	레시피 습득	■클로스■자이페■리프레시 오일
269845097	545	Learn Recipe	• Bomb• Ice Bomb	0	0	0	0	0	0	0	0	0	0	0	0	0	0	0	レシピ修得	■フラム■レヘルン	习得配方	■炎烧■冰精	習得配方	■炎燒■冰精	레시피 습득	■프람■레헤른
1905190964	546	Learn Recipe	• Craft• Luft	0	0	0	0	0	0	0	0	0	0	0	0	0	0	0	レシピ修得	■クラフト■ルフト	习得配方	■诡雷■风精	習得配方	■卡夫■風精	레시피 습득	■크래프트■루프트
109697186	547	Learn Recipe	• Silvalia	0	0	0	0	0	0	0	0	0	0	0	0	0	0	0	レシピ修得	■シルヴァリア	习得配方	■丝薇丽银	習得配方	■絲薇麗銀	레시피 습득	■실베리아
1618966248	548	Learn Recipe	• Grass Sickle• Woodcutter's Axe• Ingot	0	0	0	0	0	0	0	0	0	0	0	0	0	0	0	レシピ修得	■草刈り鎌■薪割り斧■インゴット	习得配方	■割草镰■劈柴斧■金属块	習得配方	■割草鐮刀■劈柴斧■金屬塊	레시피 습득	■풀베기 낫■장작용 도끼■잉곳
393758322	549	Learn Recipe	• Explorer's Staff	0	0	0	0	0	0	0	0	0	0	0	0	0	0	0	レシピ修得	■探検者の杖	习得配方	■探险者之杖	習得配方	■探險者之杖	레시피 습득	■탐험가의 지팡이
2016977951	550	Learn Recipe	• Stone-Smashing Lance	0	0	0	0	0	0	0	0	0	0	0	0	0	0	0	レシピ修得	■石崩れの重槍	习得配方	■破石重型长枪	習得配方	■破石重型長槍	레시피 습득	■잡석 중창
255825033	551	Learn Recipe	• Dragonfang Stiletto	0	0	0	0	0	0	0	0	0	0	0	0	0	0	0	レシピ修得	■竜牙スティレット	习得配方	■龙牙短刃	習得配方	■龍牙短刃	레시피 습득	■용아 스틸레토
1878531436	552	Learn Recipe	• Bug Net• Monochrome Glasses	0	0	0	0	0	0	0	0	0	0	0	0	0	0	0	レシピ修得	■虫取り網■モノクログラス	习得配方	■捕虫网■黑白眼镜	習得配方	■捕蟲網■黑白眼鏡	레시피 습득	■곤충채집망■흑백 글라스
419376634	553	Learn Recipe	• Puni Jelly• Superpowder	0	0	0	0	0	0	0	0	0	0	0	0	0	0	0	レシピ修得	■プニゼリー■超力粉	习得配方	■噗尼果冻■超筋面粉	習得配方	■噗尼果凍■超筋麵粉	레시피 습득	■푸니 젤리■초력분
2114552768	554	Learn Recipe	• Gold Axe• Golden Sickle	0	0	0	0	0	0	0	0	0	0	0	0	0	0	0	レシピ修得	■ゴールドアックス■ゴールデンシックル	习得配方	■黄金斧■黄金镰刀	習得配方	■黃金斧■黃金鐮刀	레시피 습득	■골드 액스■골든 시클
151958314	555	Learn Recipe	• Healing Bell• Cure-all Base	0	0	0	0	0	0	0	0	0	0	0	0	0	0	0	レシピ修得	■ヒーリングベル■万薬のもと	习得配方	■治愈之铃■万药之本	習得配方	■治癒之鈴■萬藥之素	레시피 습득	■힐링 벨■만병통치약의 재료
1754650997	556	Learn Recipe	• Daydream Crystal• Sublime Dome• Holy Crystal Weight	0	0	0	0	0	0	0	0	0	0	0	0	0	0	0	レシピ修得	■夢見の水晶玉	习得配方	■梦境水晶球	習得配方	■夢境水晶球	레시피 습득	■꿈의 수정구슬
529721827	557	Learn Recipe	• Glass Goblet	0	0	0	0	0	0	0	0	0	0	0	0	0	0	0	レシピ修得	■ガラスのゴブレット	习得配方	■玻璃高脚杯	習得配方	■玻璃高腳杯	레시피 습득	■유리 고블릿
2036615079	558	Learn Recipe	• Weisscream	0	0	0	0	0	0	0	0	0	0	0	0	0	0	0	レシピ修得	■ヴァイスクリーム	习得配方	■纯白奶油	習得配方	■純白奶油	레시피 습득	■바이스 크림
241399601	559	Learn Recipe	• Gold Bug Net	0	0	0	0	0	0	0	0	0	0	0	0	0	0	0	レシピ修得	■金の虫取り網	习得配方	■金色捕虫网	習得配方	■金色捕蟲網	레시피 습득	■황금 곤충채집망
1629721950	560	Learn Recipe	• Star Staff• Guardian's Spear• Parrying Dagger	0	0	0	0	0	0	0	0	0	0	0	0	0	0	0	レシピ修得	■星鞭の杖■守り手の槍■パリイングダガー	习得配方	■星鞭之杖■守卫长枪■格挡短剑	習得配方	■星鞭之杖■守衛長槍■格擋短劍	레시피 습득	■성편의 지팡이■수호자의 창■패링 더거
371500488	561	Learn Recipe	• Plant Food• Puni Candy	0	0	0	0	0	0	0	0	0	0	0	0	0	0	0	レシピ修得	■植物栄養剤■プニグミ	习得配方	■植物营养剂■噗尼软糖	習得配方	■植物營養劑■噗尼軟糖	레시피 습득	■식물 영양제■푸니 구미
1154829999	562	Learn Recipe	• Traveler's Vest• Leather Protector• Bunny Tail	0	0	0	0	0	0	0	0	0	0	0	0	0	0	0	レシピ修得	■旅人のベスト■レザープロテクター■ウサギのシッポ	习得配方	■旅人背心■护身皮甲■兔子的尾巴	習得配方	■旅人背心■護身皮甲■兔子的尾巴	레시피 습득	■여행자 베스트■레더 프로텍터■토끼의 꼬리
869432889	563	Learn Recipe	• Bungee Gem - Green	0	0	0	0	0	0	0	0	0	0	0	0	0	0	0	レシピ修得	■アンタイジェム・緑	习得配方	■安特石·绿	習得配方	■安特石‧綠	레시피 습득	■안타이 젬 녹
1428476029	564	Learn Recipe	• Spirit Tears	0	0	0	0	0	0	0	0	0	0	0	0	0	0	0	レシピ修得	■精霊の涙	习得配方	■精灵之泪	習得配方	■精靈之淚	레시피 습득	■정령의 눈물
572776683	565	Learn Recipe	• Great Gift	0	0	0	0	0	0	0	0	0	0	0	0	0	0	0	レシピ修得	■グレートギフト	习得配方	■剧毒凝胶	習得配方	■劇毒凝膠	레시피 습득	■그레이트 기프트
1136167606	566	Learn Recipe	• Victor's Charm	0	0	0	0	0	0	0	0	0	0	0	0	0	0	0	レシピ修得	■勝者のお守り	习得配方	■胜者的护身符	習得配方	■勝者的護身符	레시피 습득	■승자의 부적
884980256	567	Learn Recipe	• Godspeed Boots	0	0	0	0	0	0	0	0	0	0	0	0	0	0	0	レシピ修得	■神速のブーツ	习得配方	■神速之靴	習得配方	■神速之靴	레시피 습득	■신속의 부츠
1380521062	568	Learn Recipe	• Vitality Charm	0	0	0	0	0	0	0	0	0	0	0	0	0	0	0	レシピ修得	■活力のお守り	习得配方	■活力的护身符	習得配方	■活力的護身符	레시피 습득	■활력의 부적
625878260	569	Learn Recipe	• Bungee Gem - Red	0	0	0	0	0	0	0	0	0	0	0	0	0	0	0	レシピ修得	■アンタイジェム・赤	习得配方	■安特石·红	習得配方	■安特石‧紅	레시피 습득	■안타이 젬 적
1242482333	570	Learn Recipe	• Verdant Dress	0	0	0	0	0	0	0	0	0	0	0	0	0	0	0	レシピ修得	■翠緑のドレス	习得配方	■翠绿礼服	習得配方	■颱風幼苗	레시피 습득	■취록의 드레스
1024062987	571	Learn Recipe	• Maiden's Jacket	0	0	0	0	0	0	0	0	0	0	0	0	0	0	0	レシピ修得	■乙女のジャケット	习得配方	■少女夹克	習得配方	■少女夾克	레시피 습득	■소녀의 재킷
1573814254	572	Learn Recipe	• Dark Virid Pearl	0	0	0	0	0	0	0	0	0	0	0	0	0	0	0	レシピ修得	■黎の森翠珠	习得配方	■黎之森翠珠	習得配方	■黎之森翠珠	레시피 습득	■여의 삼취주
717836152	573	Learn Recipe	• Crimson Virid Pearl	0	0	0	0	0	0	0	0	0	0	0	0	0	0	0	レシピ修得	■緋の森翠珠	习得配方	■绯之森翠珠	習得配方	■緋之森翠珠	레시피 습득	■비의 삼취주
1279254846	574	Learn Recipe	• Azure Virid Pearl	0	0	0	0	0	0	0	0	0	0	0	0	0	0	0	レシピ修得	■蒼の森翠珠	习得配方	■苍之森翠珠	習得配方	■蒼之森翠珠	레시피 습득	■창의 삼취주
993579436	575	Learn Recipe	• Bungee Gem - Gold	0	0	0	0	0	0	0	0	0	0	0	0	0	0	0	レシピ修得	■アンタイジェム・金	习得配方	■安特石·金	習得配方	■安特石‧金	레시피 습득	■안타이 젬 금
1520679927	576	Learn Recipe	• Vajra Wire	0	0	0	0	0	0	0	0	0	0	0	0	0	0	0	レシピ修得	■金剛線	习得配方	■金刚线	習得配方	■金剛線	레시피 습득	■금강선
765758305	577	Learn Recipe	• Dark Abyss Pearl	0	0	0	0	0	0	0	0	0	0	0	0	0	0	0	レシピ修得	■黎の深潭珠	习得配方	■黎之深潭珠	習得配方	■黎之深潭珠	레시피 습득	■여의 심담주
1263674661	578	Learn Recipe	• Crimson Abyss Pearl	0	0	0	0	0	0	0	0	0	0	0	0	0	0	0	レシピ修得	■緋の深潭珠	习得配方	■绯之深潭珠	習得配方	■緋之深潭珠	레시피 습득	■비의 심담주
1012209075	579	Learn Recipe	• Azure Abyss Pearl	0	0	0	0	0	0	0	0	0	0	0	0	0	0	0	レシピ修得	■蒼の深潭珠	习得配方	■苍之深潭珠	習得配方	■蒼之深潭珠	레시피 습득	■창의 심담주
1393948636	580	Learn Recipe	• Dark Bone Pearl	0	0	0	0	0	0	0	0	0	0	0	0	0	0	0	レシピ修得	■黎の骨輪珠	习得配方	■黎之骨轮珠	習得配方	■黎之骨輪珠	레시피 습득	■여의 골륜주
605210442	581	Learn Recipe	• Crimson Bone Pearl	0	0	0	0	0	0	0	0	0	0	0	0	0	0	0	レシピ修得	■緋の骨輪珠	习得配方	■绯之骨轮珠	習得配方	■緋之骨輪珠	레시피 습득	■비의 골륜주
311421225	582	Learn Recipe	• Azure Bone Pearl	0	0	0	0	0	0	0	0	0	0	0	0	0	0	0	レシピ修得	■蒼の骨輪珠	习得配方	■苍之骨轮珠	習得配方	■蒼之骨輪珠	레시피 습득	■창의 골륜주
1703467455	583	Learn Recipe	• Dark Fyr Pearl	0	0	0	0	0	0	0	0	0	0	0	0	0	0	0	レシピ修得	■黎の紅蓮珠	习得配方	■黎之红莲珠	習得配方	■黎之紅蓮珠	레시피 습득	■여의 홍련주
58619899	584	Learn Recipe	• Crimson Fyr Pearl	0	0	0	0	0	0	0	0	0	0	0	0	0	0	0	レシピ修得	■緋の紅蓮珠	习得配方	■绯之红莲珠	習得配方	■緋之紅蓮珠	레시피 습득	■비의 홍련주
1954105197	585	Learn Recipe	• Azure Fyr Pearl	0	0	0	0	0	0	0	0	0	0	0	0	0	0	0	レシピ修得	■蒼の紅蓮珠	习得配方	■苍之红莲珠	習得配方	■蒼之紅蓮珠	레시피 습득	■창의 홍련주
367144240	586	Learn Recipe	• Decorated Spellbook	0	0	0	0	0	0	0	0	0	0	0	0	0	0	0	レシピ修得	■デコ魔導書	习得配方	■华丽魔导书	習得配方	■華麗魔導書	레시피 습득	■데코 마도서
1659182502	587	Learn Recipe	• Thunder Feet	0	0	0	0	0	0	0	0	0	0	0	0	0	0	0	レシピ修得	■サンダーフィート	习得配方	■雷电轮	習得配方	■雷電輪	레시피 습득	■선더 피트
68400100	588	Learn Recipe	• Dark Shine Pearl Recipe• Elixir	0	0	0	0	0	0	0	0	0	0	0	0	0	0	0	レシピ修得	■黎の輝煌珠のレシピ■エリキシル剤	习得配方	■黎之辉煌珠配方■万灵药剂	習得配方	■黎之輝煌珠配方■萬靈藥劑	레시피 습득	■여의 휘황주의 레시피■엘릭시르제
1930724214	589	Learn Recipe	• Crimson Shine Pearl Recipe• Griffon Plate	0	0	0	0	0	0	0	0	0	0	0	0	0	0	0	レシピ修得	■緋の輝煌珠のレシピ■グリフォンプレート	习得配方	■绯之辉煌珠配方■狮鹰胸铠	習得配方	■緋之輝煌珠配方■獅鷹胸鎧	레시피 습득	■비의 휘황주의 레시피■그리폰 플레이트
475291931	590	Learn Recipe	• Azure Shine Pearl Recipe• Spirit Belt	0	0	0	0	0	0	0	0	0	0	0	0	0	0	0	レシピ修得	■蒼の輝煌珠のレシピ■精霊の力帯	习得配方	■苍之辉煌珠配方■精灵绑带	習得配方	■蒼之輝煌珠配方■精靈綁帶	레시피 습득	■창의 휘황주의 레시피■정령의 역대
1800622477	591	Learn Recipe	• Dark Frost Pearl	0	0	0	0	0	0	0	0	0	0	0	0	0	0	0	レシピ修得	■黎の氷華珠	习得配方	■黎之冰华珠	習得配方	■黎之冰華珠	레시피 습득	■여의 빙화주
194304104	592	Learn Recipe	• Crimson Frost Pearl	0	0	0	0	0	0	0	0	0	0	0	0	0	0	0	レシピ修得	■緋の氷華珠	习得配方	■绯之冰华珠	習得配方	■緋之冰華珠	레시피 습득	■비의 빙화주
2090068222	593	Learn Recipe	• Azure Frost Pearl	0	0	0	0	0	0	0	0	0	0	0	0	0	0	0	レシピ修得	■蒼の氷華珠	习得配方	■苍之冰华珠	習得配方	■蒼之冰華珠	레시피 습득	■창의 빙화주
442844860	594	Learn Recipe	• Starlight Axe• Luminous Sickle• Moonlight Bug Net	0	0	0	0	0	0	0	0	0	0	0	0	0	0	0	レシピ修得	■スターライトアックス■ルミナスシックル■月光の虫取り網	习得配方	■星光斧■午夜镰刀■月光捕虫网	習得配方	■星光斧■午夜鐮刀■月光捕蟲網	레시피 습득	■스타 라이트 액스■루미너스 시클■월광 곤충채집망
1835169326	595	Learn Recipe	• Blue Neutralizer• Green Neutralizer	0	0	0	0	0	0	0	0	0	0	0	0	0	0	0	レシピ修得	■中和剤・青■中和剤・緑	习得配方	■中和剂·蓝■中和剂·绿	習得配方	■中和劑‧藍■中和劑‧綠	레시피 습득	■중화제 청■중화제 녹
217652337	596	Learn Recipe	•Traveler's Shoes	0	0	0	0	0	0	0	0	0	0	0	0	0	0	0	レシピ修得	■旅人の靴	习得配方	■旅人之鞋	習得配方	■旅人的鞋子	레시피 습득	■여행자의 신발
835902106	597	No Effect	 	0	0	0	0	0	0	0	0	0	0	0	0	0	0	0	効果なし	 	无效果	 	無效果	 	효과 없음	 
1462007004	598	Synthesis: HP +4	When used as an ingredient for an accessory, boosts equipment HP by {1}.	1	0	0	1494239712	445432845	445432845	2122333752	4	4	0	0	0	0	0	0	調合：ＨＰ＋4	装飾品の材料にすると、装備のHPを{1}上昇させる	调合：HP+4	用作装饰品的材料时，可使装备的HP提升{1}。	調合：HP+4	若作為裝飾品的材料使用，可使裝備的HP上升{1}。	조합：HP＋4	장식품의 재료로 사용하면 장비의 HP를 {1} 상승시킨다
539182154	599	Synthesis: HP +6	When used as an ingredient for an accessory, boosts equipment HP by {1}.	1	0	0	1494239712	445432845	445432845	2122333752	6	6	0	0	0	0	0	0	調合：ＨＰ＋6	装飾品の材料にすると、装備のHPを{1}上昇させる	调合：HP+6	用作装饰品的材料时，可使装备的HP提升{1}。	調合：HP+6	若作為裝飾品的材料使用，可使裝備的HP上升{1}。	조합：HP＋6	장식품의 재료로 사용하면 장비의 HP를 {1} 상승시킨다
1102589463	600	No Effect	 	0	0	0	0	0	0	0	0	0	0	0	0	0	0	0	効果なし	 	无效果	 	無效果	 	효과 없음	 
918494849	601	Synthesis: Recovery +4	When used as an ingredient for a healing item, boosts recovery by {1}.	1	0	0	1494239712	1614965990	0	1250213218	4	4	0	0	0	0	0	0	調合：回復＋4	回復アイテムの材料にすると、回復力を{1}上昇させる	调合：恢复+4	用作恢复道具的材料时，可使恢复力提升{1}。	調合：回復+4	若作為回復道具的材料使用，可使回復力上升{1}。	조합：회복＋4	회복 아이템의 재료로 사용하면 회복력을 {1} 상승시킨다
1347006661	602	Synthesis: Recovery +5	When used as an ingredient for a healing item, boosts recovery by {1}.	1	0	0	1494239712	1614965990	0	1250213218	5	5	0	0	0	0	0	0	調合：回復＋5	回復アイテムの材料にすると、回復力を{1}上昇させる	调合：恢复+5	用作恢复道具的材料时，可使恢复力提升{1}。	調合：回復+5	若作為回復道具的材料使用，可使回復力上升{1}。	조합：회복＋5	회복 아이템의 재료로 사용하면 회복력을 {1} 상승시킨다
659456083	603	No Effect	 	0	0	0	0	0	0	0	0	0	0	0	0	0	0	0	効果なし	 	无效果	 	無效果	 	효과 없음	 
1208902206	604	Synthesis: Recovery +7 (Blue/Red)	When used as an ingredient for a healing item and linked with a blue or red Gift Color, boosts recovery by {2}.	1	0	0	1494239712	1614965990	0	1037074359	1465702656	1824922885	1250213218	7	7	0	0	0	調合：回復＋7【青/赤】	回復アイテムの材料にすると、青または赤のギフトカラーで繋げた時、回復力を{2}上昇させる	调合：恢复+7【蓝/红】	用作恢复道具的材料，并用蓝色或红色的天赋颜色相连时，可使恢复力提升{2}。	調合：回復+7【藍/紅】	若作為回復道具的材料使用，並以藍色或紅色的天賦顏色連接時，可使回復力上升{2}。	조합：회복＋7【청/적】	회복 아이템의 재료로 사용하면 청색 또는 적색 기프트 컬러로 연결했을 때 회복력을 {2} 상승시킨다
1057575596	605	Synthesis: Recovery +8 (Blue/Red)	When used as an ingredient for a healing item and linked with a blue or red Gift Color, boosts recovery by {2}.	1	0	0	1494239712	1614965990	0	1037074359	1465702656	1824922885	1250213218	8	8	0	0	0	調合：回復＋8【青/赤】	回復アイテムの材料にすると、青または赤のギフトカラーで繋げた時、回復力を{2}上昇させる	调合：恢复+8【蓝/红】	用作恢复道具的材料，并用蓝色或红色的天赋颜色相连时，可使恢复力提升{2}。	調合：回復+8【藍/紅】	若作為回復道具的材料使用，並以藍色或紅色的天賦顏色連接時，可使回復力上升{2}。	조합：회복＋8【청/적】	회복 아이템의 재료로 사용하면 청색 또는 적색 기프트 컬러로 연결했을 때 회복력을 {2} 상승시킨다
1607392079	606	No Effect	 	0	0	0	0	0	0	0	0	0	0	0	0	0	0	0	効果なし	 	无效果	 	無效果	 	효과 없음	 
684321753	607	Synthesis: Recovery +2	When used as an ingredient for a healing item, boosts recovery by {1}.	1	0	0	1494239712	1614965990	0	1250213218	2	2	0	0	0	0	0	0	調合：回復＋2	回復アイテムの材料にすると、回復力を{1}上昇させる	调合：恢复+2	用作恢复道具的材料时，可使恢复力提升{1}。	調合：回復+2	若作為回復道具的材料使用，可使回復力上升{1}。	조합：회복＋2	회복 아이템의 재료로 사용하면 회복력을 {1} 상승시킨다
1312769437	608	Synthesis: Recovery +3	When used as an ingredient for a healing item, boosts recovery by {1}.	1	0	0	1494239712	1614965990	0	1250213218	3	3	0	0	0	0	0	0	調合：回復＋3	回復アイテムの材料にすると、回復力を{1}上昇させる	调合：恢复+3	用作恢复道具的材料时，可使恢复力提升{1}。	調合：回復+3	若作為回復道具的材料使用，可使回復力上升{1}。	조합：회복＋3	회복 아이템의 재료로 사용하면 회복력을 {1} 상승시킨다
960001291	609	No Effect	 	0	0	0	0	0	0	0	0	0	0	0	0	0	0	0	効果なし	 	无效果	 	無效果	 	효과 없음	 
1487085400	610	Synthesis: Level +8 (Red/Green)	When linked with a red or green Gift Color, raises the final product's Item Level by {1}.	1	0	0	1037074359	1824922885	667823249	1586493327	8	8	0	0	0	0	0	0	調合：レベル＋8【赤/緑】	赤または緑のギフトカラーで繋げた時、完成品のアイテムレベルを{1}上昇させる	调合：等级+8【红/绿】	用红色或绿色的天赋颜色相连时，可使完成品的道具等级提升{1}。	調合：等級+8【紅/綠】	以紅色或綠色的天賦顏色連接時，可使完成品的道具等級上升{1}。	조합：레벨＋8【적/녹】	적색 또는 녹색 기프트 컬러로 연결했을 때 완성품의 아이템 레벨을 {1} 상승시킨다
799289282	611	Synthesis: Level +9 (Red/Green)	When linked with a red or green Gift Color, raises the final product's Item Level by {1}.	1	0	0	1037074359	1824922885	667823249	1586493327	9	9	0	0	0	0	0	0	調合：レベル＋9【赤/緑】	赤または緑のギフトカラーで繋げた時、完成品のアイテムレベルを{1}上昇させる	调合：等级+9【红/绿】	用红色或绿色的天赋颜色相连时，可使完成品的道具等级提升{1}。	調合：等級+9【紅/綠】	以紅色或綠色的天賦顏色連接時，可使完成品的道具等級上升{1}。	조합：레벨＋9【적/녹】	적색 또는 녹색 기프트 컬러로 연결했을 때 완성품의 아이템 레벨을 {1} 상승시킨다
1230143876	612	No Effect	 	0	0	0	0	0	0	0	0	0	0	0	0	0	0	0	効果なし	 	无效果	 	無效果	 	효과 없음	 
1045803282	613	Synthesis: Level +2	Raises the final product's Item Level by {0}.	1	0	0	1586493327	2	2	0	0	0	0	0	0	0	0	0	調合：レベル＋2	完成品のアイテムレベルを{0}上昇させる	调合：等级+2	可使完成品的道具等级提升{0}。	調合：等級+2	可使完成品的道具等級上升{0}。	조합：레벨＋2	완성품의 아이템 레벨을 {0} 상승시킨다
1360352125	614	Synthesis: Level +3	Raises the final product's Item Level by {0}.	1	0	0	1586493327	3	3	0	0	0	0	0	0	0	0	0	調合：レベル＋3	完成品のアイテムレベルを{0}上昇させる	调合：等级+3	可使完成品的道具等级提升{0}。	調合：等級+3	可使完成品的道具等級上升{0}。	조합：레벨＋3	완성품의 아이템 레벨을 {0} 상승시킨다
638739435	615	No Effect	 	0	0	0	0	0	0	0	0	0	0	0	0	0	0	0	効果なし	 	无效果	 	無效果	 	효과 없음	 
1961068686	616	Applies Gemstones	Applies the Gemstones category.	1	0	0	2125196889	355541018	0	0	0	0	0	0	0	0	0	0	（原石）付与	（原石）カテゴリが付与される	赋予（原石）	赋予（原石）类别。	賦予（原石）	賦予（原石）類別。	(원석) 부여	(원석)카테고리가 부여된다
65320988	617	Applies Gemstones	Applies the Gemstones category.	1	0	0	2125196889	355541018	0	0	0	0	0	0	0	0	0	0	（原石）付与	（原石）カテゴリが付与される	赋予（原石）	赋予（原石）类别。	賦予（原石）	賦予（原石）類別。	(원석) 부여	(원석)카테고리가 부여된다
1695684190	618	No Effect	 	0	0	0	0	0	0	0	0	0	0	0	0	0	0	0	効果なし	 	无效果	 	無效果	 	효과 없음	 
303376072	619	Applies Stone	Applies the Stone category.	1	0	0	2125196889	294336614	0	0	0	0	0	0	0	0	0	0	（石材）付与	（石材）カテゴリが付与される	赋予（石材）	赋予（石材）类别。	賦予（石材）	賦予（石材）類別。	(석재) 부여	(석재)카테고리가 부여된다
1938705557	620	Applies Stone	Applies the Stone category.	1	0	0	2125196889	294336614	0	0	0	0	0	0	0	0	0	0	（石材）付与	（石材）カテゴリが付与される	赋予（石材）	赋予（石材）类别。	賦予（石材）	賦予（石材）類別。	(석재) 부여	(석재)카테고리가 부여된다
76119043	621	No Effect	 	0	0	0	0	0	0	0	0	0	0	0	0	0	0	0	効果なし	 	无效果	 	無效果	 	효과 없음	 
1652544071	622	Synthesis: HP +8	When used as an ingredient for an accessory, boosts equipment HP by {1}.	1	0	0	1494239712	445432845	0	2122333752	8	8	0	0	0	0	0	0	調合：ＨＰ＋8	装飾品の材料にすると、装備のHPを{1}上昇させる	调合：HP+8	用作装饰品的材料时，可使装备的HP提升{1}。	調合：HP+8	若作為裝飾品的材料使用，可使裝備的HP上升{1}。	조합：HP＋8	장식품의 재료로 사용하면 장비의 HP를 {1} 상승시킨다
360243921	623	Synthesis: HP +10	When used as an ingredient for an accessory, boosts equipment HP by {1}.	1	0	0	1494239712	445432845	0	2122333752	10	10	0	0	0	0	0	0	調合：ＨＰ＋10	装飾品の材料にすると、装備のHPを{1}上昇させる	调合：HP+10	用作装饰品的材料时，可使装备的HP提升{1}。	調合：HP+10	若作為裝飾品的材料使用，可使裝備的HP上升{1}。	조합：HP＋10	장식품의 재료로 사용하면 장비의 HP를 {1} 상승시킨다
2050490560	624	No Effect	 	0	0	0	0	0	0	0	0	0	0	0	0	0	0	0	効果なし	 	无效果	 	無效果	 	효과 없음	 
222244906	625	Synthesis: Uses +1	When used as an ingredient for a consumable item, increases uses by {1}.	1	0	0	1618938355	35032769	0	133609003	1	1	0	0	0	0	0	0	調合：回数＋1	使用アイテムの材料にすると、アイテムの使用回数を{1}回上昇させる	调合：次数+1	用作使用道具的材料时，可使道具的使用次数提升{1}。	調合：次數+1	若作為使用道具的材料使用，可使道具的使用次數上升{1}。	조합：횟수＋1	사용 아이템의 재료로 사용하면 아이템의 사용횟수를 {1}회 상승시킨다
1845017037	626	Synthesis: Uses +2	When used as an ingredient for a consumable item, increases uses by {1}.	1	0	0	1618938355	35032769	0	133609003	2	2	0	0	0	0	0	0	調合：回数＋2	使用アイテムの材料にすると、アイテムの使用回数を{1}回上昇させる	调合：次数+2	用作使用道具的材料时，可使道具的使用次数提升{1}。	調合：次數+2	若作為使用道具的材料使用，可使道具的使用次數上升{1}。	조합：횟수＋2	사용 아이템의 재료로 사용하면 아이템의 사용횟수를 {1}회 상승시킨다
452954459	627	No Effect	 	0	0	0	0	0	0	0	0	0	0	0	0	0	0	0	効果なし	 	无效果	 	無效果	 	효과 없음	 
2080974623	628	Applies Water	Applies the Water category.	1	0	0	2125196889	208131690	0	0	0	0	0	0	0	0	0	0	（水）付与	（水）カテゴリが付与される	赋予（水）	赋予（水）类别。	賦予（水）	賦予（水）類別。	(물) 부여	(물)카테고리가 부여된다
185472905	629	Applies Water	Applies the Water category.	1	0	0	2125196889	208131690	0	0	0	0	0	0	0	0	0	0	（水）付与	（水）カテゴリが付与される	赋予（水）	赋予（水）类别。	賦予（水）	賦予（水）類別。	(물) 부여	(물)카테고리가 부여된다
1788181974	630	No Effect	 	0	0	0	0	0	0	0	0	0	0	0	0	0	0	0	効果なし	 	无效果	 	無效果	 	효과 없음	 
496127300	631	Synthesis: Power +2	When used as an ingredient for an attack item, boosts item power by {1}.	1	0	0	1494239712	1221006659	0	1250213218	2	2	0	0	0	0	0	0	調合：威力＋2	攻撃アイテムの材料にすると、アイテムの威力を{1}上昇させる	调合：威力+2	用作攻击道具的材料时，可使道具的威力提升{1}。	調合：威力+2	若作為攻擊道具的材料使用，可使道具的威力上升{1}。	조합：위력＋2	공격 아이템의 재료로 사용하면 아이템의 위력을 {1} 상승시킨다
2070209286	632	Synthesis: Power +3	When used as an ingredient for an attack item, boosts item power by {1}.	1	0	0	1494239712	1221006659	0	1250213218	3	3	0	0	0	0	0	0	調合：威力＋3	攻撃アイテムの材料にすると、アイテムの威力を{1}上昇させる	调合：威力+3	用作攻击道具的材料时，可使道具的威力提升{1}。	調合：威力+3	若作為攻擊道具的材料使用，可使道具的威力上升{1}。	조합：위력＋3	공격 아이템의 재료로 사용하면 아이템의 위력을 {1} 상승시킨다
207868816	633	No Effect	 	0	0	0	0	0	0	0	0	0	0	0	0	0	0	0	効果なし	 	无效果	 	無效果	 	효과 없음	 
1663250943	634	Synthesis: Power +4	When used as an ingredient for an attack item, boosts item power by {1}.	1	0	0	1494239712	1221006659	0	1250213218	4	4	0	0	0	0	0	0	調合：威力＋4	攻撃アイテムの材料にすると、アイテムの威力を{1}上昇させる	调合：威力+4	用作攻击道具的材料时，可使道具的威力提升{1}。	調合：威力+4	若作為攻擊道具的材料使用，可使道具的威力上升{1}。	조합：위력＋4	공격 아이템의 재료로 사용하면 아이템의 위력을 {1} 상승시킨다
337903977	635	Synthesis: Power +5	When used as an ingredient for an attack item, boosts item power by {1}.	1	0	0	1494239712	1221006659	0	1250213218	5	5	0	0	0	0	0	0	調合：威力＋5	攻撃アイテムの材料にすると、アイテムの威力を{1}上昇させる	调合：威力+5	用作攻击道具的材料时，可使道具的威力提升{1}。	調合：威力+5	若作為攻擊道具的材料使用，可使道具的威力上升{1}。	조합：위력＋5	공격 아이템의 재료로 사용하면 아이템의 위력을 {1} 상승시킨다
582561548	636	No Effect	 	0	0	0	0	0	0	0	0	0	0	0	0	0	0	0	効果なし	 	无效果	 	無效果	 	효과 없음	 
1438523294	637	Synthesis: Uses +2 (Blue/Red)	When used as an ingredient for a consumable item and linked with a blue or red Gift Color, increases uses by {2}.	1	0	0	1618938355	35032769	0	1037074359	1465702656	1824922885	133609003	2	2	0	0	0	調合：回数＋2【青/赤】	使用アイテムの材料にすると、青または赤のギフトカラーで繋げた時、アイテムの使用回数を{2}回上昇させる	调合：次数+2【蓝/红】	用作使用道具的材料，并用蓝色或红色的天赋颜色相连时，可使道具的使用次数提升{2}。	調合：次數+2【藍/紅】	若作為使用道具的材料使用，並以藍色或紅色的天賦顏色連接時，可使道具的使用次數上升{2}。	조합：횟수＋2【청/적】	사용 아이템의 재료로 사용하면 청색 또는 적색 기프트 컬러로 연결했을 때 아이템의 사용횟수를 {2}회 상승시킨다
860402136	638	Synthesis: Uses +3 (Blue/Red)	When used as an ingredient for a consumable item and linked with a blue or red Gift Color, increases uses by {2}.	1	0	0	1618938355	35032769	0	1037074359	1465702656	1824922885	133609003	3	3	0	0	0	調合：回数＋3【青/赤】	使用アイテムの材料にすると、青または赤のギフトカラーで繋げた時、アイテムの使用回数を{2}回上昇させる	调合：次数+3【蓝/红】	用作使用道具的材料，并用蓝色或红色的天赋颜色相连时，可使道具的使用次数提升{2}。	調合：次數+3【藍/紅】	若作為使用道具的材料使用，並以藍色或紅色的天賦顏色連接時，可使道具的使用次數上升{2}。	조합：횟수＋3【청/적】	사용 아이템의 재료로 사용하면 청색 또는 적색 기프트 컬러로 연결했을 때 아이템의 사용횟수를 {2}회 상승시킨다
1146061134	639	No Effect	 	0	0	0	0	0	0	0	0	0	0	0	0	0	0	0	効果なし	 	无效果	 	無效果	 	효과 없음	 
634710803	640	Applies Lumber	Applies the Lumber category.	1	0	0	2125196889	168359097	0	0	0	0	0	0	0	0	0	0	（木材）付与	（木材）カテゴリが付与される	赋予（木材）	赋予（木材）类别。	賦予（木材）	賦予（木材）類別。	(목재) 부여	(목재)카테고리가 부여된다
1389616005	641	Applies Lumber	Applies the Lumber category.	1	0	0	2125196889	168359097	0	0	0	0	0	0	0	0	0	0	（木材）付与	（木材）カテゴリが付与される	赋予（木材）	赋予（木材）类别。	賦予（木材）	賦予（木材）類別。	(목재) 부여	(목재)카테고리가 부여된다
874870209	642	No Effect	 	0	0	0	0	0	0	0	0	0	0	0	0	0	0	0	効果なし	 	无效果	 	無效果	 	효과 없음	 
1126319447	643	Applies Spices	Applies the Spices category.	1	0	0	2125196889	55819935	0	0	0	0	0	0	0	0	0	0	（調味料）付与	（調味料）カテゴリが付与される	赋予（调味料）	赋予（调味料）类别。	賦予（調味料）	賦予（調味料）類別。	(조미료) 부여	(조미료)카테고리가 부여된다
744662842	644	Applies Spices	Applies the Spices category.	1	0	0	2125196889	55819935	0	0	0	0	0	0	0	0	0	0	（調味料）付与	（調味料）カテゴリが付与される	赋予（调味料）	赋予（调味料）类别。	賦予（調味料）	賦予（調味料）類別。	(조미료) 부여	(조미료)카테고리가 부여된다
1533384624	645	No Effect	 	0	0	0	0	0	0	0	0	0	0	0	0	0	0	0	効果なし	 	无效果	 	無效果	 	효과 없음	 
1000480331	646	Applies Food	Applies the Food category.	1	0	0	2125196889	491928509	0	0	0	0	0	0	0	0	0	0	（食品）付与	（食品）カテゴリが付与される	赋予（食品）	赋予（食品）类别。	賦予（食品）	賦予（食品）類別。	(식품) 부여	(식품)카테고리가 부여된다
1285893853	647	Applies Food	Applies the Food category.	1	0	0	2125196889	491928509	0	0	0	0	0	0	0	0	0	0	（食品）付与	（食品）カテゴリが付与される	赋予（食品）	赋予（食品）类别。	賦予（食品）	賦予（食品）類別。	(식품) 부여	(식품)카테고리가 부여된다
710115481	648	No Effect	 	0	0	0	0	0	0	0	0	0	0	0	0	0	0	0	効果なし	 	无效果	 	無效果	 	효과 없음	 
1565831183	649	Synthesis: Recovery +9 (Purple/Green)	When used as an ingredient for a healing item and linked with a purple or green Gift Color, boosts recovery by {2}.	1	0	0	1494239712	1614965990	0	1037074359	444446048	667823249	1250213218	9	9	0	0	0	調合：回復＋9【紫/緑】	回復アイテムの材料にすると、紫または緑のギフトカラーで繋げた時、回復力を{2}上昇させる	调合：恢复+9【紫/绿】	用作恢复道具的材料，并用紫色或绿色的天赋颜色相连时，可使恢复力提升{2}。	調合：回復+9【紫/綠】	若作為回復道具的材料使用，並以紫色或綠色的天賦顏色連接時，可使回復力上升{2}。	조합：회복＋9【자/녹】	회복 아이템의 재료로 사용하면 자색 또는 녹색 기프트 컬러로 연결했을 때 회복력을 {2} 상승시킨다
1020254804	650	Synthesis: Recovery +10 (Purple/Green)	When used as an ingredient for a healing item and linked with a purple or green Gift Color, boosts recovery by {2}.	1	0	0	1494239712	1614965990	0	1037074359	444446048	667823249	1250213218	10	10	0	0	0	調合：回復＋10【紫/緑】	回復アイテムの材料にすると、紫または緑のギフトカラーで繋げた時、回復力を{2}上昇させる	调合：恢复+10【紫/绿】	用作恢复道具的材料，并用紫色或绿色的天赋颜色相连时，可使恢复力提升{2}。	調合：回復+10【紫/綠】	若作為回復道具的材料使用，並以紫色或綠色的天賦顏色連接時，可使回復力上升{2}。	조합：회복＋10【자/녹】	회복 아이템의 재료로 사용하면 자색 또는 녹색 기프트 컬러로 연결했을 때 회복력을 {2} 상승시킨다
1271458502	651	No Effect	 	0	0	0	0	0	0	0	0	0	0	0	0	0	0	0	効果なし	 	无效果	 	無效果	 	효과 없음	 
759055488	652	Synthesis: SPD +2	When used as an ingredient for an accessory, boosts equipment SPD by {1}.	1	0	0	1494239712	445432845	0	268227980	2	2	0	0	0	0	0	0	調合：速度＋2	装飾品の材料にすると、装備の素早さを{1}上昇させる	调合：速度+2	用作装饰品的材料时，可使装备的敏捷提升{1}。	調合：速度+2	若作為裝飾品的材料使用，可使裝備的敏捷上升{1}。	조합：속도＋2	장식품의 재료로 사용하면 장비의 민첩성을 {1} 상승시킨다
1513714710	653	Synthesis: SPD +3	When used as an ingredient for an accessory, boosts equipment SPD by {1}.	1	0	0	1494239712	445432845	0	268227980	3	3	0	0	0	0	0	0	調合：速度＋3	装飾品の材料にすると、装備の素早さを{1}上昇させる	调合：速度+3	用作装饰品的材料时，可使装备的敏捷提升{1}。	調合：速度+3	若作為裝飾品的材料使用，可使裝備的敏捷上升{1}。	조합：속도＋3	장식품의 재료로 사용하면 장비의 민첩성을 {1} 상승시킨다
897160825	654	No Effect	 	0	0	0	0	0	0	0	0	0	0	0	0	0	0	0	効果なし	 	无效果	 	無效果	 	효과 없음	 
1115596527	655	Synthesis: SPD +4	When used as an ingredient for an accessory, boosts equipment SPD by {1}.	1	0	0	1494239712	445432845	0	268227980	4	4	0	0	0	0	0	0	調合：速度＋4	装飾品の材料にすると、装備の素早さを{1}上昇させる	调合：速度+4	用作装饰品的材料时，可使装备的敏捷提升{1}。	調合：速度+4	若作為裝飾品的材料使用，可使裝備的敏捷上升{1}。	조합：속도＋4	장식품의 재료로 사용하면 장비의 민첩성을 {1} 상승시킨다
277826954	656	Synthesis: SPD +5	When used as an ingredient for an accessory, boosts equipment SPD by {1}.	1	0	0	1494239712	445432845	0	268227980	5	5	0	0	0	0	0	0	調合：速度＋5	装飾品の材料にすると、装備の素早さを{1}上昇させる	调合：速度+5	用作装饰品的材料时，可使装备的敏捷提升{1}。	調合：速度+5	若作為裝飾品的材料使用，可使裝備的敏捷上升{1}。	조합：속도＋5	장식품의 재료로 사용하면 장비의 민첩성을 {1} 상승시킨다
1736998176	657	No Effect	 	0	0	0	0	0	0	0	0	0	0	0	0	0	0	0	効果なし	 	无效果	 	無效果	 	효과 없음	 
25088858	658	Applies Animal Mat.	Applies the Animal Mat. category.	1	0	0	2125196889	1705778023	0	0	0	0	0	0	0	0	0	0	（動物素材）付与	（動物素材）カテゴリが付与される	赋予（动物素材）	赋予（动物素材）类别。	賦予（動物素材）	賦予（動物素材）類別。	(동물소재) 부여	(동물소재)카테고리가 부여된다
1987699660	659	Applies Animal Mat.	Applies the Animal Mat. category.	1	0	0	2125196889	1705778023	0	0	0	0	0	0	0	0	0	0	（動物素材）付与	（動物素材）カテゴリが付与される	赋予（动物素材）	赋予（动物素材）类别。	賦予（動物素材）	賦予（動物素材）類別。	(동물소재) 부여	(동물소재)카테고리가 부여된다
400722321	660	No Effect	 	0	0	0	0	0	0	0	0	0	0	0	0	0	0	0	効果なし	 	无效果	 	無效果	 	효과 없음	 
1625667847	661	Synthesis: HP +10	When used as an ingredient for an accessory, boosts equipment HP by {1}.	1	0	0	1494239712	445432845	0	2122333752	10	10	0	0	0	0	0	0	調合：ＨＰ＋10	装飾品の材料にすると、装備のHPを{1}上昇させる	调合：HP+10	用作装饰品的材料时，可使装备的HP提升{1}。	調合：HP+10	若作為裝飾品的材料使用，可使裝備的HP上升{1}。	조합：HP＋10	장식품의 재료로 사용하면 장비의 HP를 {1} 상승시킨다
101914435	662	Synthesis: HP +12 (Purple/Green)	When used as an ingredient for an accessory and linked with a purple or green Gift Color, boosts equipment HP by {2}.	1	0	0	1494239712	445432845	0	1037074359	444446048	667823249	2122333752	12	12	0	0	0	調合：ＨＰ＋12【紫/緑】	装飾品の材料にすると、紫または緑のギフトカラーで繋げた時、装備のHPを{2}上昇させる	调合：HP+12【紫/绿】	用作装饰品的材料，并用紫色或绿色的天赋颜色相连时，可使装备的HP提升{2}。	調合：HP+12【紫/綠】	若作為裝飾品的材料使用，並以紫色或綠色的天賦顏色連接時，可使裝備的HP上升{2}。	조합：HP＋12【자/녹】	장식품의 재료로 사용하면 자색 또는 녹색 기프트 컬러로 연결했을 때 장비의 HP를 {2} 상승시킨다
1897146325	663	No Effect	 	0	0	0	0	0	0	0	0	0	0	0	0	0	0	0	効果なし	 	无效果	 	無效果	 	효과 없음	 
508872124	664	Synthesis: HP +14 (Blue/Yellow)	When used as ingredient for an accessory and linked with a blue or yellow Gift Color, boosts equipment HP by {2}.	1	0	0	1494239712	445432845	0	1037074359	444446048	667823249	2122333752	14	14	0	0	0	調合：ＨＰ＋14【青/黄】	装飾品の材料にすると、青または黄のギフトカラーで繋げた時、装備のHPを{2}上昇させる	调合：HP+14【蓝/黄】	用作装饰品的材料，并用蓝色或黄色的天赋颜色相连时，可使装备的HP提升{2}。	調合：HP+14【藍/黃】	若作為裝飾品的材料使用，並以藍色或黃色的天賦顏色連接時，可使裝備的HP上升{2}。	조합：HP＋14【청/황】	장식품의 재료로 사용하면 청색 또는 황색 기프트 컬러로 연결했을 때 장비의 HP를 {2} 상승시킨다
1767109934	665	Synthesis: HP +16 (Blue/Yellow)	When used as ingredient for an accessory and linked with a blue or yellow Gift Color, boosts equipment HP by {2}.	1	0	0	1494239712	445432845	0	1037074359	444446048	667823249	2122333752	16	16	0	0	0	調合：ＨＰ＋16【青/黄】	装飾品の材料にすると、青または黄のギフトカラーで繋げた時、装備のHPを{2}上昇させる	调合：HP+16【蓝/黄】	用作装饰品的材料，并用蓝色或黄色的天赋颜色相连时，可使装备的HP提升{2}。	調合：HP+16【藍/黃】	若作為裝飾品的材料使用，並以藍色或黃色的天賦顏色連接時，可使裝備的HP上升{2}。	조합：HP＋16【청/황】	장식품의 재료로 사용하면 청색 또는 황색 기프트 컬러로 연결했을 때 장비의 HP를 {2} 상승시킨다
160726217	666	No Effect	 	0	0	0	0	0	0	0	0	0	0	0	0	0	0	0	効果なし	 	无效果	 	無效果	 	효과 없음	 
2123582559	667	Synthesis: SPD +9 (Blue/Yellow)	When used as an ingredient for an accessory and linked with a blue or yellow Gift Color, boosts equipment SPD by {2}.	1	0	0	1494239712	445432845	0	1037074359	1465702656	553397017	268227980	9	9	0	0	0	調合：速度＋9【青/黄】	装飾品の材料にすると、青または黄のギフトカラーで繋げた時、装備の素早さを{2}上昇させる	调合：速度+9【蓝/黄】	用作装饰品的材料，并用蓝色或黄色的天赋颜色相连时，可使装备的敏捷提升{2}。	調合：速度+9【藍/黃】	若作為裝飾品的材料使用，並以藍色或黃色的天賦顏色連接時，可使裝備的敏捷上升{2}。	조합：속도＋9【청/황】	장식품의 재료로 사용하면 청색 또는 황색 기프트 컬러로 연결했을 때 장비의 민첩성을 {2} 상승시킨다
409330203	668	Synthesis: SPD +10 (Blue/Yellow)	When used as an ingredient for an accessory and linked with a blue or yellow Gift Color, boosts equipment SPD by {2}.	1	0	0	1494239712	445432845	0	1037074359	1465702656	553397017	268227980	10	10	0	0	0	調合：速度＋10【青/黄】	装飾品の材料にすると、青または黄のギフトカラーで繋げた時、装備の素早さを{2}上昇させる	调合：速度+10【蓝/黄】	用作装饰品的材料，并用蓝色或黄色的天赋颜色相连时，可使装备的敏捷提升{2}。	調合：速度+10【藍/黃】	若作為裝飾品的材料使用，並以藍色或黃色的天賦顏色連接時，可使裝備的敏捷上升{2}。	조합：속도＋10【청/황】	장식품의 재료로 사용하면 청색 또는 황색 기프트 컬러로 연결했을 때 장비의 민첩성을 {2} 상승시킨다
1868747405	669	No Effect	 	0	0	0	0	0	0	0	0	0	0	0	0	0	0	0	効果なし	 	无效果	 	無效果	 	효과 없음	 
251246802	670	Synthesis: Level +6 (Blue/Green)	When linked with a blue or green Gift Color, raises the final product's Item Level by {1}.	1	0	0	1037074359	1465702656	667823249	1586493327	6	6	0	0	0	0	0	0	調合：レベル＋6【青/緑】	青または緑のギフトカラーで繋げた時、完成品のアイテムレベルを{1}上昇させる	调合：等级+6【蓝/绿】	用蓝色或绿色的天赋颜色相连时，可使完成品的道具等级提升{1}。	調合：等級+6【藍/綠】	以藍色或綠色的天賦顏色連接時，可使完成品的道具等級上升{1}。	조합：레벨＋6【청/녹】	청색 또는 녹색 기프트 컬러로 연결했을 때 완성품의 아이템 레벨을 {1} 상승시킨다
2046724168	671	Synthesis: Level +7 (Blue/Green)	When linked with a blue or green Gift Color, raises the final product's Item Level by {1}.	1	0	0	1037074359	1465702656	667823249	1586493327	7	7	0	0	0	0	0	0	調合：レベル＋7【青/緑】	青または緑のギフトカラーで繋げた時、完成品のアイテムレベルを{1}上昇させる	调合：等级+7【蓝/绿】	用蓝色或绿色的天赋颜色相连时，可使完成品的道具等级提升{1}。	調合：等級+7【藍/綠】	以藍色或綠色的天賦顏色連接時，可使完成品的道具等級上升{1}。	조합：레벨＋7【청/녹】	청색 또는 녹색 기프트 컬러로 연결했을 때 완성품의 아이템 레벨을 {1} 상승시킨다
520627714	672	No Effect	 	0	0	0	0	0	0	0	0	0	0	0	0	0	0	0	効果なし	 	无效果	 	無效果	 	효과 없음	 
1745819284	673	Synthesis: Level +4	Raises the final product's Item Level by {0}.	1	0	0	1586493327	4	4	0	0	0	0	0	0	0	0	0	調合：レベル＋4	完成品のアイテムレベルを{0}上昇させる	调合：等级+4	可使完成品的道具等级提升{0}。	調合：等級+4	可使完成品的道具等級上升{0}。	조합：레벨＋4	완성품의 아이템 레벨을 {0} 상승시킨다
122680571	674	Synthesis: Level +5	Raises the final product's Item Level by {0}.	1	0	0	1586493327	5	5	0	0	0	0	0	0	0	0	0	調合：レベル＋5	完成品のアイテムレベルを{0}上昇させる	调合：等级+5	可使完成品的道具等级提升{0}。	調合：等級+5	可使完成品的道具等級上升{0}。	조합：레벨＋5	완성품의 아이템 레벨을 {0} 상승시킨다
1883817069	675	No Effect	 	0	0	0	0	0	0	0	0	0	0	0	0	0	0	0	効果なし	 	无效果	 	無效果	 	효과 없음	 
1911791608	676	Synthesis: SPD +8 (Blue/Red)	When used as an ingredient for an accessory and linked with a blue or red Gift Color, boosts equipment SPD by {2}.	1	0	0	1494239712	445432845	0	1037074359	1465702656	1824922885	268227980	8	8	0	0	0	調合：速度＋8【青/赤】	装飾品の材料にすると、青または赤のギフトカラーで繋げた時、装備の素早さを{2}上昇させる	调合：速度+8【蓝/红】	用作装饰品的材料，并用蓝色或红色的天赋颜色相连时，可使装备的敏捷提升{2}。	調合：速度+8【藍/紅】	若作為裝飾品的材料使用，並以藍色或紅色的天賦顏色連接時，可使裝備的敏捷上升{2}。	조합：속도＋8【청/적】	장식품의 재료로 사용하면 청색 또는 적색 기프트 컬러로 연결했을 때 장비의 민첩성을 {2} 상승시킨다
116698990	677	Synthesis: SPD +9 (Blue/Red)	When used as an ingredient for an accessory and linked with a blue or red Gift Color, boosts equipment SPD by {2}.	1	0	0	1494239712	445432845	0	1037074359	1465702656	1824922885	268227980	9	9	0	0	0	調合：速度＋9【青/赤】	装飾品の材料にすると、青または赤のギフトカラーで繋げた時、装備の素早さを{2}上昇させる	调合：速度+9【蓝/红】	用作装饰品的材料，并用蓝色或红色的天赋颜色相连时，可使装备的敏捷提升{2}。	調合：速度+9【藍/紅】	若作為裝飾品的材料使用，並以藍色或紅色的天賦顏色連接時，可使裝備的敏捷上升{2}。	조합：속도＋9【청/적】	장식품의 재료로 사용하면 청색 또는 적색 기프트 컬러로 연결했을 때 장비의 민첩성을 {2} 상승시킨다
1610744108	678	No Effect	 	0	0	0	0	0	0	0	0	0	0	0	0	0	0	0	効果なし	 	无效果	 	無效果	 	효과 없음	 
386216382	679	Synthesis: Power +6 (Yellow/Green)	When used as an ingredient for an attack item and linked with a yellow or green Gift Color, boosts item power by {2}.	1	0	0	1494239712	1221006659	0	1037074359	553397017	667823249	1250213218	6	6	0	0	0	調合：威力＋6【黄/緑】	攻撃アイテムの材料にすると、黄または緑のギフトカラーで繋げた時、アイテムの威力を{2}上昇させる	调合：威力+6【黄/绿】	用作攻击道具的材料，并用黄色或绿色的天赋颜色相连时，可使道具的威力提升{2}。	調合：威力+6【黃/綠】	若作為攻擊道具的材料使用，並以黃色或綠色的天賦顏色連接時，可使道具的威力上升{2}。	조합：위력＋6【황/녹】	공격 아이템의 재료로 사용하면 황색 또는 녹색 기프트 컬러로 연결했을 때 아이템의 위력을 {2} 상승시킨다
1990089697	680	Synthesis: Power +7 (Yellow/Green)	When used as an ingredient for an attack item and linked with a yellow or green Gift Color, boosts item power by {2}.	1	0	0	1494239712	1221006659	0	1037074359	553397017	667823249	1250213218	7	7	0	0	0	調合：威力＋7【黄/緑】	攻撃アイテムの材料にすると、黄または緑のギフトカラーで繋げた時、アイテムの威力を{2}上昇させる	调合：威力+7【黄/绿】	用作攻击道具的材料，并用黄色或绿色的天赋颜色相连时，可使道具的威力提升{2}。	調合：威力+7【黃/綠】	若作為攻擊道具的材料使用，並以黃色或綠色的天賦顏色連接時，可使道具的威力上升{2}。	조합：위력＋7【황/녹】	공격 아이템의 재료로 사용하면 황색 또는 녹색 기프트 컬러로 연결했을 때 아이템의 위력을 {2} 상승시킨다
26831735	681	No Effect	 	0	0	0	0	0	0	0	0	0	0	0	0	0	0	0	効果なし	 	无效果	 	無效果	 	효과 없음	 
1735378227	682	Synthesis: Level +6 (Purple/Yellow)	When linked with a purple or yellow Gift Color, raises the final product's Item Level by {1}.	1	0	0	1037074359	444446048	553397017	1250213218	6	6	0	0	0	0	0	0	調合：レベル＋6【紫/黄】	紫または黄のギフトカラーで繋げた時、完成品のアイテムレベルを{1}上昇させる	调合：等级+6【紫/黄】	用紫色或黄色的天赋颜色相连时，可使完成品的道具等级提升{1}。	調合：等級+6【紫/黃】	以紫色或黃色的天賦顏色連接時，可使完成品的道具等級上升{1}。	조합：레벨＋6【자/황】	자색 또는 황색 기프트 컬러로 연결했을 때 완성품의 아이템 레벨을 {1} 상승시킨다
275314085	683	Synthesis: Level +7 (Purple/Yellow)	When linked with a purple or yellow Gift Color, raises the final product's Item Level by {1}.	1	0	0	1037074359	444446048	553397017	1250213218	7	7	0	0	0	0	0	0	調合：レベル＋7【紫/黄】	紫または黄のギフトカラーで繋げた時、完成品のアイテムレベルを{1}上昇させる	调合：等级+7【紫/黄】	用紫色或黄色的天赋颜色相连时，可使完成品的道具等级提升{1}。	調合：等級+7【紫/黃】	以紫色或黃色的天賦顏色連接時，可使完成品的道具等級上升{1}。	조합：레벨＋7【자/황】	자색 또는 황색 기프트 컬러로 연결했을 때 완성품의 아이템 레벨을 {1} 상승시킨다
2133333962	684	No Effect	 	0	0	0	0	0	0	0	0	0	0	0	0	0	0	0	効果なし	 	无效果	 	無效果	 	효과 없음	 
137307996	685	Synthesis: Power +9 (Blue/Green)	When used as an ingredient for an attack item and linked with a blue or green Gift Color, boosts item power by {2}.	1	0	0	1494239712	1221006659	0	1037074359	553397017	667823249	1250213218	9	9	0	0	0	調合：威力＋9【青/緑】	攻撃アイテムの材料にすると、青または緑のギフトカラーで繋げた時、アイテムの威力を{2}上昇させる	调合：威力+9【蓝/绿】	用作攻击道具的材料，并用蓝色或绿色的天赋颜色相连时，可使道具的威力提升{2}。	調合：威力+9【藍/綠】	若作為攻擊道具的材料使用，並以藍色或綠色的天賦顏色連接時，可使道具的威力上升{2}。	조합：위력＋9【청/녹】	공격 아이템의 재료로 사용하면 청색 또는 녹색 기프트 컬러로 연결했을 때 아이템의 위력을 {2} 상승시킨다
1760079545	686	Synthesis: Power +10 (Blue/Green)	When used as an ingredient for an attack item and linked with a blue or green Gift Color, boosts item power by {2}.	1	0	0	1494239712	1221006659	0	1037074359	553397017	667823249	1250213218	10	10	0	0	0	調合：威力＋10【青/緑】	攻撃アイテムの材料にすると、青または緑のギフトカラーで繋げた時、アイテムの威力を{2}上昇させる	调合：威力+10【蓝/绿】	用作攻击道具的材料，并用蓝色或绿色的天赋颜色相连时，可使道具的威力提升{2}。	調合：威力+10【藍/綠】	若作為攻擊道具的材料使用，並以藍色或綠色的天賦顏色連接時，可使道具的威力上升{2}。	조합：위력＋10【청/녹】	공격 아이템의 재료로 사용하면 청색 또는 녹색 기프트 컬러로 연결했을 때 아이템의 위력을 {2} 상승시킨다
535797295	687	No Effect	 	0	0	0	0	0	0	0	0	0	0	0	0	0	0	0	効果なし	 	无效果	 	無效果	 	효과 없음	 
2031693931	688	Applies Ore	Applies the Ore category.	1	0	0	2125196889	180132134	0	0	0	0	0	0	0	0	0	0	（鉱石）付与	（鉱石）カテゴリが付与される	赋予（矿石）	赋予（矿石）类别。	賦予（礦石）	賦予（礦石）類別。	(광석) 부여	(광석)카테고리가 부여된다
236847357	689	Applies Ore	Applies the Ore category.	1	0	0	2125196889	180132134	0	0	0	0	0	0	0	0	0	0	（鉱石）付与	（鉱石）カテゴリが付与される	赋予（矿石）	赋予（矿石）类别。	賦予（礦石）	賦予（礦石）類別。	(광석) 부여	(광석)카테고리가 부여된다
1871014560	690	No Effect	 	0	0	0	0	0	0	0	0	0	0	0	0	0	0	0	効果なし	 	无效果	 	無效果	 	효과 없음	 
411195958	691	Synthesis: Level +9 (Yellow/Green)	When linked with a yellow or green Gift Color, raises the final product's Item Level by {1}.	1	0	0	1037074359	553397017	667823249	1586493327	9	9	0	0	0	0	0	0	調合：レベル＋9【黄/緑】	黄または緑のギフトカラーで繋げた時、完成品のアイテムレベルを{1}上昇させる	调合：等级+9【黄/绿】	用黄色或绿色的天赋颜色相连时，可使完成品的道具等级提升{1}。	調合：等級+9【黃/綠】	以黃色或綠色的天賦顏色連接時，可使完成品的道具等級上升{1}。	조합：레벨＋9【황/녹】	황색 또는 녹색 기프트 컬러로 연결했을 때 완성품의 아이템 레벨을 {1} 상승시킨다
2121593972	692	Synthesis: Level +10 (Yellow/Green)	When linked with a yellow or green Gift Color, raises the final product's Item Level by {1}.	1	0	0	1037074359	553397017	667823249	1586493327	10	10	0	0	0	0	0	0	調合：レベル＋10【黄/緑】	黄または緑のギフトカラーで繋げた時、完成品のアイテムレベルを{1}上昇させる	调合：等级+10【黄/绿】	用黄色或绿色的天赋颜色相连时，可使完成品的道具等级提升{1}。	調合：等級+10【黃/綠】	以黃色或綠色的天賦顏色連接時，可使完成品的道具等級上升{1}。	조합：레벨＋10【황/녹】	황색 또는 녹색 기프트 컬러로 연결했을 때 완성품의 아이템 레벨을 {1} 상승시킨다
158581990	693	No Effect	 	0	0	0	0	0	0	0	0	0	0	0	0	0	0	0	効果なし	 	无效果	 	無效果	 	효과 없음	 
1714628235	694	Synthesis: Level +9 (Purple/Red)	When linked with a purple or red Gift Color, raises the final product's Item Level by {1}.	1	0	0	1037074359	444446048	1824922885	1586493327	9	9	0	0	0	0	0	0	調合：レベル＋9【紫/赤】	紫または赤のギフトカラーで繋げた時、完成品のアイテムレベルを{1}上昇させる	调合：等级+9【紫/红】	用紫色或红色的天赋颜色相连时，可使完成品的道具等级提升{1}。	調合：等級+9【紫/紅】	以紫色或紅色的天賦顏色連接時，可使完成品的道具等級上升{1}。	조합：레벨＋9【자/적】	자색 또는 적색 기프트 컬러로 연결했을 때 완성품의 아이템 레벨을 {1} 상승시킨다
288626205	695	Synthesis: Level +10 (Purple/Red)	When linked with a purple or red Gift Color, raises the final product's Item Level by {1}.	1	0	0	1037074359	444446048	1824922885	1586493327	10	10	0	0	0	0	0	0	調合：レベル＋10【紫/赤】	紫または赤のギフトカラーで繋げた時、完成品のアイテムレベルを{1}上昇させる	调合：等级+10【紫/红】	用紫色或红色的天赋颜色相连时，可使完成品的道具等级提升{1}。	調合：等級+10【紫/紅】	以紫色或紅色的天賦顏色連接時，可使完成品的道具等級上升{1}。	조합：레벨＋10【자/적】	자색 또는 적색 기프트 컬러로 연결했을 때 완성품의 아이템 레벨을 {1} 상승시킨다
1192722489	696	No Effect	 	0	0	0	0	0	0	0	0	0	0	0	0	0	0	0	効果なし	 	无效果	 	無效果	 	효과 없음	 
806400175	697	Applies Fuel	Applies the Fuel category.	1	0	0	2125196889	120095325	0	0	0	0	0	0	0	0	0	0	（燃料）付与	（燃料）カテゴリが付与される	赋予（燃料）	赋予（燃料）类别。	賦予（燃料）	賦予（燃料）類別。	(연료) 부여	(연료)카테고리가 부여된다
1457921771	698	Applies Fuel	Applies the Fuel category.	1	0	0	2125196889	120095325	0	0	0	0	0	0	0	0	0	0	（燃料）付与	（燃料）カテゴリが付与される	赋予（燃料）	赋予（燃料）类别。	賦予（燃料）	賦予（燃料）類別。	(연료) 부여	(연료)카테고리가 부여된다
568405629	699	No Effect	 	0	0	0	0	0	0	0	0	0	0	0	0	0	0	0	効果なし	 	无效果	 	無效果	 	효과 없음	 
1081754658	700	Applies Medicinal	Applies the Medicinal category.	1	0	0	2125196889	1581005830	0	0	0	0	0	0	0	0	0	0	（薬の材料）付与	（薬の材料）カテゴリが付与される	赋予（药材）	赋予（药材）类别。	賦予（藥材）	賦予（藥材）類別。	(약재료) 부여	(약재료)카테고리가 부여된다
930968760	701	Applies Medicinal	Applies the Medicinal category.	1	0	0	2125196889	1581005830	0	0	0	0	0	0	0	0	0	0	（薬の材料）付与	（薬の材料）カテゴリが付与される	赋予（药材）	赋予（药材）类别。	賦予（藥材）	賦予（藥材）類別。	(약재료) 부여	(약재료)카테고리가 부여된다
1368120050	702	No Effect	 	0	0	0	0	0	0	0	0	0	0	0	0	0	0	0	効果なし	 	无效果	 	無效果	 	효과 없음	 
646769252	703	Applies Gases	Applies the Gases category.	1	0	0	2125196889	1852556195	0	0	0	0	0	0	0	0	0	0	（気体）付与	（気体）カテゴリが付与される	赋予（气体）	赋予（气体）类别。	賦予（氣體）	賦予（氣體）類別。	(기체) 부여	(기체)카테고리가 부여된다
1238108171	704	Applies Gases	Applies the Gases category.	1	0	0	2125196889	1852556195	0	0	0	0	0	0	0	0	0	0	（気体）付与	（気体）カテゴリが付与される	赋予（气体）	赋予（气体）类别。	賦予（氣體）	賦予（氣體）類別。	(기체) 부여	(기체)카테고리가 부여된다
1053505693	705	No Effect	 	0	0	0	0	0	0	0	0	0	0	0	0	0	0	0	効果なし	 	无效果	 	無效果	 	효과 없음	 
1577890170	706	Applies Plants	Applies the Plants category.	1	0	0	2125196889	1549258690	0	0	0	0	0	0	0	0	0	0	（植物）付与	（植物）カテゴリが付与される	赋予（植物）	赋予（植物）类别。	賦予（植物）	賦予（植物）類別。	(식물) 부여	(식물)카테고리가 부여된다
688620016	707	Applies Plants	Applies the Plants category.	1	0	0	2125196889	1549258690	0	0	0	0	0	0	0	0	0	0	（植物）付与	（植物）カテゴリが付与される	赋予（植物）	赋予（植物）类别。	賦予（植物）	賦予（植物）類別。	(식물) 부여	(식물)카테고리가 부여된다
1341992874	708	No Effect	 	0	0	0	0	0	0	0	0	0	0	0	0	0	0	0	効果なし	 	无效果	 	無效果	 	효과 없음	 
955916092	709	Applies Poisons	Applies the Poisons category.	1	0	0	2125196889	160227023	0	0	0	0	0	0	0	0	0	0	（毒の材料）付与	（毒の材料）カテゴリが付与される	赋予（有毒材料）	赋予（有毒材料）类别。	賦予（有毒材料）	賦予（有毒材料）類別。	(독재료) 부여	(독재료)카테고리가 부여된다
1499559265	710	Applies Poisons	Applies the Poisons category.	1	0	0	2125196889	160227023	0	0	0	0	0	0	0	0	0	0	（毒の材料）付与	（毒の材料）カテゴリが付与される	赋予（有毒材料）	赋予（有毒材料）类别。	賦予（有毒材料）	賦予（有毒材料）類別。	(독재료) 부여	(독재료)카테고리가 부여된다
778454519	711	No Effect	 	0	0	0	0	0	0	0	0	0	0	0	0	0	0	0	効果なし	 	无效果	 	無效果	 	효과 없음	 
1217457075	712	Applies Elixirs	Applies the Elixirs category.	1	0	0	2125196889	1456071044	0	0	0	0	0	0	0	0	0	0	（エリキシル）付与	（エリキシル）カテゴリが付与される	赋予（万灵药）	赋予（万灵药）类别。	賦予（萬靈藥）	賦予（萬靈藥）類別。	(엘릭시르) 부여	(엘릭시르)카테고리가 부여된다
1066916645	713	Applies Elixirs	Applies the Elixirs category.	1	0	0	2125196889	1456071044	0	0	0	0	0	0	0	0	0	0	（エリキシル）付与	（エリキシル）カテゴリが付与される	赋予（万灵药）	赋予（万灵药）类别。	賦予（萬靈藥）	賦予（萬靈藥）類別。	(엘릭시르) 부여	(엘릭시르)카테고리가 부여된다
1356282188	714	No Effect	 	0	0	0	0	0	0	0	0	0	0	0	0	0	0	0	効果なし	 	无效果	 	無效果	 	효과 없음	 
667945438	715	Applies Metal	Applies the Metal category.	1	0	0	2125196889	926299769	0	0	0	0	0	0	0	0	0	0	（金属）付与	（金属）カテゴリが付与される	赋予（金属）	赋予（金属）类别。	賦予（金屬）	賦予（金屬）類別。	(금속) 부여	(금속)카테고리가 부여된다
1965155003	716	Applies Metal	Applies the Metal category.	1	0	0	2125196889	926299769	0	0	0	0	0	0	0	0	0	0	（金属）付与	（金属）カテゴリが付与される	赋予（金属）	赋予（金属）类别。	賦予（金屬）	賦予（金屬）類別。	(금속) 부여	(금속)카테고리가 부여된다
36098605	717	No Effect	 	0	0	0	0	0	0	0	0	0	0	0	0	0	0	0	効果なし	 	无效果	 	無效果	 	효과 없음	 
1691384937	718	Applies Medicine	Applies the Medicine category.	1	0	0	2125196889	1643792703	0	0	0	0	0	0	0	0	0	0	（薬品）付与	（薬品）カテゴリが付与される	赋予（药品）	赋予（药品）类别。	賦予（藥品）	賦予（藥品）類別。	(약품) 부여	(약품)카테고리가 부여된다
332877055	719	Applies Medicine	Applies the Medicine category.	1	0	0	2125196889	1643792703	0	0	0	0	0	0	0	0	0	0	（薬品）付与	（薬品）カテゴリが付与される	赋予（药品）	赋予（药品）类别。	賦予（藥品）	賦予（藥品）類別。	(약품) 부여	(약품)카테고리가 부여된다
1917593252	720	No Effect	 	0	0	0	0	0	0	0	0	0	0	0	0	0	0	0	効果なし	 	无效果	 	無效果	 	효과 없음	 
88806966	721	Applies Marine	Applies the Marine category.	1	0	0	2125196889	1992219949	0	0	0	0	0	0	0	0	0	0	（魚介類）付与	（魚介類）カテゴリが付与される	赋予（鱼贝类）	赋予（鱼贝类）类别。	賦予（魚貝類）	賦予（魚貝類）類別。	(어패류) 부여	(어패류)카테고리가 부여된다
1673377904	722	Applies Marine	Applies the Marine category.	1	0	0	2125196889	1992219949	0	0	0	0	0	0	0	0	0	0	（魚介類）付与	（魚介類）カテゴリが付与される	赋予（鱼贝类）	赋予（鱼贝类）类别。	賦予（魚貝類）	賦予（魚貝類）類別。	(어패류) 부여	(어패류)카테고리가 부여된다
347769062	723	No Effect	 	0	0	0	0	0	0	0	0	0	0	0	0	0	0	0	効果なし	 	无效果	 	無效果	 	효과 없음	 
2080008841	724	Synthesis: Level +2	Raises the final product's Item Level by {0}.	1	0	0	1586493327	2	2	0	0	0	0	0	0	0	0	0	調合：レベル＋2	完成品のアイテムレベルを{0}上昇させる	调合：等级+2	可使完成品的道具等级提升{0}。	調合：等級+2	可使完成品的道具等級上升{0}。	조합：레벨＋2	완성품의 아이템 레벨을 {0} 상승시킨다
217930271	725	Synthesis: Level +3	Raises the final product's Item Level by {0}.	1	0	0	1586493327	3	3	0	0	0	0	0	0	0	0	0	調合：レベル＋3	完成品のアイテムレベルを{0}上昇させる	调合：等级+3	可使完成品的道具等级提升{0}。	調合：等級+3	可使完成品的道具等級上升{0}。	조합：레벨＋3	완성품의 아이템 레벨을 {0} 상승시킨다
1815794684	726	No Effect	 	0	0	0	0	0	0	0	0	0	0	0	0	0	0	0	効果なし	 	无效果	 	無效果	 	효과 없음	 
457040750	727	Applies Threads	Applies the Threads category.	1	0	0	2125196889	1042773243	0	0	0	0	0	0	0	0	0	0	（糸素材）付与	（糸素材）カテゴリが付与される	赋予（线材）	赋予（线材）类别。	賦予（線材）	賦予（線材）類別。	(실소재) 부여	(실소재)카테고리가 부여된다
2110475560	728	Applies Threads	Applies the Threads category.	1	0	0	2125196889	1042773243	0	0	0	0	0	0	0	0	0	0	（糸素材）付与	（糸素材）カテゴリが付与される	赋予（线材）	赋予（线材）类别。	賦予（線材）	賦予（線材）類別。	(실소재) 부여	(실소재)카테고리가 부여된다
181173694	729	No Effect	 	0	0	0	0	0	0	0	0	0	0	0	0	0	0	0	効果なし	 	无效果	 	無效果	 	효과 없음	 
1800869859	730	Synthesis: Recovery +7 (Yellow/Green)	When used as an ingredient for a healing item and linked with a yellow or green Gift Color, boosts recovery by {2}.	1	0	0	1494239712	1614965990	0	1037074359	553397017	667823249	1250213218	7	7	0	0	0	調合：回復＋7【黄/緑】	回復アイテムの材料にすると、黄または緑のギフトカラーで繋げた時、回復力を{2}上昇させる	调合：恢复+7【黄/绿】	用作恢复道具的材料，并用黄色或绿色的天赋颜色相连时，可使恢复力提升{2}。	調合：回復+7【黃/綠】	若作為回復道具的材料使用，並以黃色或綠色的天賦顏色連接時，可使回復力上升{2}。	조합：회복＋7【황/녹】	회복 아이템의 재료로 사용하면 황색 또는 녹색 기프트 컬러로 연결했을 때 회복력을 {2} 상승시킨다
475015029	731	Synthesis: Recovery +8 (Yellow/Green)	When used as an ingredient for a healing item and linked with a yellow or green Gift Color, boosts recovery by {2}.	1	0	0	1494239712	1614965990	0	1037074359	553397017	667823249	1250213218	8	8	0	0	0	調合：回復＋8【黄/緑】	回復アイテムの材料にすると、黄または緑のギフトカラーで繋げた時、回復力を{2}上昇させる	调合：恢复+8【黄/绿】	用作恢复道具的材料，并用黄色或绿色的天赋颜色相连时，可使恢复力提升{2}。	調合：回復+8【黃/綠】	若作為回復道具的材料使用，並以黃色或綠色的天賦顏色連接時，可使回復力上升{2}。	조합：회복＋8【황/녹】	회복 아이템의 재료로 사용하면 황색 또는 녹색 기프트 컬러로 연결했을 때 회복력을 {2} 상승시킨다
2057734449	732	No Effect	 	0	0	0	0	0	0	0	0	0	0	0	0	0	0	0	効果なし	 	无效果	 	無效果	 	효과 없음	 
228702631	733	Applies Flowers	Applies the Flowers category.	1	0	0	2125196889	1462699612	0	0	0	0	0	0	0	0	0	0	（花）付与	（花）カテゴリが付与される	赋予（花）	赋予（花）类别。	賦予（花）	賦予（花）類別。	(꽃) 부여	(꽃)카테고리가 부여된다
1658936266	734	Applies Flowers	Applies the Flowers category.	1	0	0	2125196889	1462699612	0	0	0	0	0	0	0	0	0	0	（花）付与	（花）カテゴリが付与される	赋予（花）	赋予（花）类别。	賦予（花）	賦予（花）類別。	(꽃) 부여	(꽃)카테고리가 부여된다
367422304	735	No Effect	 	0	0	0	0	0	0	0	0	0	0	0	0	0	0	0	効果なし	 	无效果	 	無效果	 	효과 없음	 
595281213	736	Synthesis: Power +8 (Blue/Red)	When used as an ingredient for an attack item and linked with a blue or red Gift Color, boosts item power by {2}.	1	0	0	1494239712	1221006659	0	1037074359	1465702656	1824922885	1250213218	8	8	0	0	0	調合：威力＋8【青/赤】	攻撃アイテムの材料にすると、青または赤のギフトカラーで繋げた時、アイテムの威力を{2}上昇させる	调合：威力+8【蓝/红】	用作攻击道具的材料，并用蓝色或红色的天赋颜色相连时，可使道具的威力提升{2}。	調合：威力+8【藍/紅】	若作為攻擊道具的材料使用，並以藍色或紅色的天賦顏色連接時，可使道具的威力上升{2}。	조합：위력＋8【청/적】	공격 아이템의 재료로 사용하면 청색 또는 적색 기프트 컬러로 연결했을 때 아이템의 위력을 {2} 상승시킨다
1417442731	737	Synthesis: Power +9 (Blue/Red)	When used as an ingredient for an attack item and linked with a blue or red Gift Color, boosts item power by {2}.	1	0	0	1494239712	1221006659	0	1037074359	1465702656	1824922885	1250213218	9	9	0	0	0	調合：威力＋9【青/赤】	攻撃アイテムの材料にすると、青または赤のギフトカラーで繋げた時、アイテムの威力を{2}上昇させる	调合：威力+9【蓝/红】	用作攻击道具的材料，并用蓝色或红色的天赋颜色相连时，可使道具的威力提升{2}。	調合：威力+9【藍/紅】	若作為攻擊道具的材料使用，並以藍色或紅色的天賦顏色連接時，可使道具的威力上升{2}。	조합：위력＋9【청/적】	공격 아이템의 재료로 사용하면 청색 또는 적색 기프트 컬러로 연결했을 때 아이템의 위력을 {2} 상승시킨다
847961071	738	No Effect	 	0	0	0	0	0	0	0	0	0	0	0	0	0	0	0	効果なし	 	无效果	 	無效果	 	효과 없음	 
1166928761	739	Synthesis: Power +4	When used as an ingredient for an attack item, boosts item power by {1}.	1	0	0	1494239712	1221006659	0	1250213218	4	4	0	0	0	0	0	0	調合：威力＋4	攻撃アイテムの材料にすると、アイテムの威力を{1}上昇させる	调合：威力+4	用作攻击道具的材料时，可使道具的威力提升{1}。	調合：威力+4	若作為攻擊道具的材料使用，可使道具的威力上升{1}。	조합：위력＋4	공격 아이템의 재료로 사용하면 아이템의 위력을 {1} 상승시킨다
605454630	740	Synthesis: Power +5	When used as an ingredient for an attack item, boosts item power by {1}.	1	0	0	1494239712	1221006659	0	1250213218	5	5	0	0	0	0	0	0	調合：威力＋5	攻撃アイテムの材料にすると、アイテムの威力を{1}上昇させる	调合：威力+5	用作攻击道具的材料时，可使道具的威力提升{1}。	調合：威力+5	若作為攻擊道具的材料使用，可使道具的威力上升{1}。	조합：위력＋5	공격 아이템의 재료로 사용하면 아이템의 위력을 {1} 상승시킨다
1393668532	741	No Effect	 	0	0	0	0	0	0	0	0	0	0	0	0	0	0	0	効果なし	 	无效果	 	無效果	 	효과 없음	 
904339446	742	Synthesis: ATK +4	When used as an ingredient for a weapon, boosts equipment ATK by {1}.	1	0	0	1494239712	1714724768	0	335429494	4	4	0	0	0	0	0	0	調合：攻撃＋4	武器の材料に使用すると、装備の攻撃力を{1}上昇させる	调合：攻击+4	用作武器的材料时，可使装备的攻击力提升{1}。	調合：攻擊+4	若作為武器的材料使用，可使裝備的攻擊力上升{1}。	조합：공격＋4	무기의 재료로 사용하면 장비의 공격력을 {1} 상승시킨다
1121988448	743	Synthesis: ATK +5	When used as an ingredient for a weapon, boosts equipment ATK by {1}.	1	0	0	1494239712	1714724768	0	335429494	5	5	0	0	0	0	0	0	調合：攻撃＋5	武器の材料に使用すると、装備の攻撃力を{1}上昇させる	调合：攻击+5	用作武器的材料时，可使装备的攻击力提升{1}。	調合：攻擊+5	若作為武器的材料使用，可使裝備的攻擊力上升{1}。	조합：공격＋5	무기의 재료로 사용하면 장비의 공격력을 {1} 상승시킨다
765512975	744	No Effect	 	0	0	0	0	0	0	0	0	0	0	0	0	0	0	0	効果なし	 	无效果	 	無效果	 	효과 없음	 
1520958873	745	Synthesis: SPD +6 (Yellow/Green)	When used as an ingredient for an accessory and linked with a yellow or green Gift Color, boosts equipment SPD by {2}.	1	0	0	1494239712	445432845	0	1037074359	553397017	667823249	268227980	6	6	0	0	0	調合：速度＋6【黄/緑】	装飾品の材料にすると、黄または緑のギフトカラーで繋げた時、装備の素早さを{2}上昇させる	调合：速度+6【黄/绿】	用作装饰品的材料，并用黄色或绿色的天赋颜色相连时，可使装备的敏捷提升{2}。	調合：速度+6【黃/綠】	若作為裝飾品的材料使用，並以黃色或綠色的天賦顏色連接時，可使裝備的敏捷上升{2}。	조합：속도＋6【황/녹】	장식품의 재료로 사용하면 황색 또는 녹색 기프트 컬러로 연결했을 때 장비의 민첩성을 {2} 상승시킨다
979399806	746	Synthesis: SPD +7 (Yellow/Green)	When used as an ingredient for an accessory and linked with a yellow or green Gift Color, boosts equipment SPD by {2}.	1	0	0	1494239712	445432845	0	1037074359	553397017	667823249	268227980	7	7	0	0	0	調合：速度＋7【黄/緑】	装飾品の材料にすると、黄または緑のギフトカラーで繋げた時、装備の素早さを{2}上昇させる	调合：速度+7【黄/绿】	用作装饰品的材料，并用黄色或绿色的天赋颜色相连时，可使装备的敏捷提升{2}。	調合：速度+7【黃/綠】	若作為裝飾品的材料使用，並以黃色或綠色的天賦顏色連接時，可使裝備的敏捷上升{2}。	조합：속도＋7【황/녹】	장식품의 재료로 사용하면 황색 또는 녹색 기프트 컬러로 연결했을 때 장비의 민첩성을 {2} 상승시킨다
1298613484	747	No Effect	 	0	0	0	0	0	0	0	0	0	0	0	0	0	0	0	効果なし	 	无效果	 	無效果	 	효과 없음	 
730983086	748	Synthesis: DEF +6 (Red/Green)	When used as an ingredient for armor and linked with a red or green Gift Color, boosts equipment DEF by {2}.	1	0	0	1494239712	1215511628	0	1037074359	1824922885	667823249	321271766	6	6	0	0	0	調合：防御＋6【赤/緑】	防具の材料に使用すると、赤または緑のギフトカラーで繋げた時、装備の防御力を{2}上昇させる	调合：防御+6【红/绿】	用作防具的材料，并用红色或绿色的天赋颜色相连时，可使装备的防御力提升{2}。	調合：防禦+6【紅/綠】	若作為防具的材料使用，並以紅色或綠色的天賦顏色連接時，可使裝備的防禦力上升{2}。	조합：방어＋6【적/녹】	방어구의 재료로 사용하면 적색 또는 녹색 기프트 컬러로 연결했을 때 장비의 방어력을 {2} 상승시킨다
1553390136	749	Synthesis: DEF +7 (Red/Green)	When used as an ingredient for armor and linked with a red or green Gift Color, boosts equipment DEF by {2}.	1	0	0	1494239712	1215511628	0	1037074359	1824922885	667823249	321271766	7	7	0	0	0	調合：防御＋7【赤/緑】	防具の材料に使用すると、赤または緑のギフトカラーで繋げた時、装備の防御力を{2}上昇させる	调合：防御+7【红/绿】	用作防具的材料，并用红色或绿色的天赋颜色相连时，可使装备的防御力提升{2}。	調合：防禦+7【紅/綠】	若作為防具的材料使用，並以紅色或綠色的天賦顏色連接時，可使裝備的防禦力上升{2}。	조합：방어＋7【적/녹】	방어구의 재료로 사용하면 적색 또는 녹색 기프트 컬러로 연결했을 때 장비의 방어력을 {2} 상승시킨다
1024307301	750	No Effect	 	0	0	0	0	0	0	0	0	0	0	0	0	0	0	0	効果なし	 	无效果	 	無效果	 	효과 없음	 
1242202355	751	Applies Fuel	Applies the Fuel category.	1	0	0	2125196889	120095325	0	0	0	0	0	0	0	0	0	0	（燃料）付与	（燃料）カテゴリが付与される	赋予（燃料）	赋予（燃料）类别。	賦予（燃料）	賦予（燃料）類別。	(연료) 부여	(연료)카테고리가 부여된다
754724535	752	Applies Fuel	Applies the Fuel category.	1	0	0	2125196889	120095325	0	0	0	0	0	0	0	0	0	0	（燃料）付与	（燃料）カテゴリが付与される	赋予（燃料）	赋予（燃料）类别。	賦予（燃料）	賦予（燃料）類別。	(연료) 부여	(연료)카테고리가 부여된다
1543183905	753	No Effect	 	0	0	0	0	0	0	0	0	0	0	0	0	0	0	0	効果なし	 	无效果	 	無效果	 	효과 없음	 
884735056	754	Synthesis: Power +9 (Red/Purple)	When used as an ingredient for an attack item and linked with a red or purple Gift Color, boosts item power by {2}.	1	0	0	1494239712	1221006659	0	1037074359	1824922885	444446048	1250213218	9	9	0	0	0	調合：威力＋9【赤/紫】	攻撃アイテムの材料にすると、赤または紫のギフトカラーで繋げた時、アイテムの威力を{2}上昇させる	调合：威力+9【红/紫】	用作攻击道具的材料，并用红色或紫色的天赋颜色相连时，可使道具的威力提升{2}。	調合：威力+9【紅/紫】	若作為攻擊道具的材料使用，並以紅色或紫色的天賦顏色連接時，可使道具的威力上升{2}。	조합：위력＋9【적/자】	공격 아이템의 재료로 사용하면 적색 또는 자색 기프트 컬러로 연결했을 때 아이템의 위력을 {2} 상승시킨다
1136446682	755	Synthesis: Power +10 (Red/Purple)	When used as an ingredient for an attack item and linked with a red or purple Gift Color, boosts item power by {2}.	1	0	0	1494239712	1221006659	0	1037074359	1824922885	444446048	1250213218	10	10	0	0	0	調合：威力＋10【赤/紫】	攻撃アイテムの材料にすると、赤または紫のギフトカラーで繋げた時、アイテムの威力を{2}上昇させる	调合：威力+10【红/紫】	用作攻击道具的材料，并用红色或紫色的天赋颜色相连时，可使道具的威力提升{2}。	調合：威力+10【紅/紫】	若作為攻擊道具的材料使用，並以紅色或紫色的天賦顏色連接時，可使道具的威力上升{2}。	조합：위력＋10【적/자】	공격 아이템의 재료로 사용하면 적색 또는 자색 기프트 컬러로 연결했을 때 아이템의 위력을 {2} 상승시킨다
290269119	756	No Effect	 	0	0	0	0	0	0	0	0	0	0	0	0	0	0	0	効果なし	 	无效果	 	無效果	 	효과 없음	 
1716131625	757	Synthesis: Level +8 (Blue/Red)	When linked with a blue or red Gift Color, raises the final product's Item Level by {1}.	1	0	0	1037074359	1465702656	1824922885	1586493327	8	8	0	0	0	0	0	0	調合：レベル＋8【青/赤】	青または赤のギフトカラーで繋げた時、完成品のアイテムレベルを{1}上昇させる	调合：等级+8【蓝/红】	用蓝色或红色的天赋颜色相连时，可使完成品的道具等级提升{1}。	調合：等級+8【藍/紅】	以藍色或紅色的天賦顏色連接時，可使完成品的道具等級上升{1}。	조합：레벨＋8【청/적】	청색 또는 적색 기프트 컬러로 연결했을 때 완성품의 아이템 레벨을 {1} 상승시킨다
12368237	758	Synthesis: Level +9 (Blue/Red)	When linked with a blue or red Gift Color, raises the final product's Item Level by {1}.	1	0	0	1037074359	1465702656	1824922885	1586493327	9	9	0	0	0	0	0	0	調合：レベル＋9【青/赤】	青または赤のギフトカラーで繋げた時、完成品のアイテムレベルを{1}上昇させる	调合：等级+9【蓝/红】	用蓝色或红色的天赋颜色相连时，可使完成品的道具等级提升{1}。	調合：等級+9【藍/紅】	以藍色或紅色的天賦顏色連接時，可使完成品的道具等級上升{1}。	조합：레벨＋9【청/적】	청색 또는 적색 기프트 컬러로 연결했을 때 완성품의 아이템 레벨을 {1} 상승시킨다
2008779259	759	No Effect	 	0	0	0	0	0	0	0	0	0	0	0	0	0	0	0	効果なし	 	无效果	 	無效果	 	효과 없음	 
371254184	760	Synthesis: HP +18 (Blue/Red)	When used as an ingredient for an accessory and linked with a blue or red Gift Color, boosts equipment HP by {2}.	1	0	0	1494239712	445432845	0	1037074359	1465702656	1824922885	2122333752	18	18	0	0	0	調合：ＨＰ＋18【青/赤】	装飾品の材料にすると、青または赤のギフトカラーで繋げた時、装備のHPを{2}上昇させる	调合：HP+18【蓝/红】	用作装饰品的材料，并用蓝色或红色的天赋颜色相连时，可使装备的HP提升{2}。	調合：HP+18【藍/紅】	若作為裝飾品的材料使用，並以藍色或紅色的天賦顏色連接時，可使裝備的HP上升{2}。	조합：HP＋18【청/적】	장식품의 재료로 사용하면 청색 또는 적색 기프트 컬러로 연결했을 때 장비의 HP를 {2} 상승시킨다
1629999922	761	Synthesis: HP +20 (Blue/Red)	When used as an ingredient for an accessory and linked with a blue or red Gift Color, boosts equipment HP by {2}.	1	0	0	1494239712	445432845	0	1037074359	1465702656	1824922885	2122333752	20	20	0	0	0	調合：ＨＰ＋20【青/赤】	装飾品の材料にすると、青または赤のギフトカラーで繋げた時、装備のHPを{2}上昇させる	调合：HP+20【蓝/红】	用作装饰品的材料，并用蓝色或红色的天赋颜色相连时，可使装备的HP提升{2}。	調合：HP+20【藍/紅】	若作為裝飾品的材料使用，並以藍色或紅色的天賦顏色連接時，可使裝備的HP上升{2}。	조합：HP＋20【청/적】	장식품의 재료로 사용하면 청색 또는 적색 기프트 컬러로 연결했을 때 장비의 HP를 {2} 상승시킨다
131169652	762	No Effect	 	0	0	0	0	0	0	0	0	0	0	0	0	0	0	0	効果なし	 	无效果	 	無效果	 	효과 없음	 
1893092834	763	Synthesis: Recovery +2	When used as an ingredient for a healing item, boosts recovery by {1}.	1	0	0	1494239712	1614965990	0	1250213218	2	2	0	0	0	0	0	0	調合：回復＋2	回復アイテムの材料にすると、回復力を{1}上昇させる	调合：恢复+2	用作恢复道具的材料时，可使恢复力提升{1}。	調合：回復+2	若作為回復道具的材料使用，可使回復力上升{1}。	조합：회복＋2	회복 아이템의 재료로 사용하면 회복력을 {1} 상승시킨다
529969037	764	Synthesis: Recovery +3	When used as an ingredient for a healing item, boosts recovery by {1}.	1	0	0	1494239712	1614965990	0	1250213218	3	3	0	0	0	0	0	0	調合：回復＋3	回復アイテムの材料にすると、回復力を{1}上昇させる	调合：恢复+3	用作恢复道具的材料时，可使恢复力提升{1}。	調合：回復+3	若作為回復道具的材料使用，可使回復力上升{1}。	조합：회복＋3	회복 아이템의 재료로 사용하면 회복력을 {1} 상승시킨다
1754373915	765	No Effect	 	0	0	0	0	0	0	0	0	0	0	0	0	0	0	0	効果なし	 	无效果	 	無效果	 	효과 없음	 
139859712	766	Synthesis: ATK +2	When used as an ingredient for a weapon, boosts equipment ATK by {1}.	1	0	0	1494239712	1714724768	0	335429494	2	2	0	0	0	0	0	0	調合：攻撃＋2	武器の材料に使用すると、装備の攻撃力を{1}上昇させる	调合：攻击+2	用作武器的材料时，可使装备的攻击力提升{1}。	調合：攻擊+2	若作為武器的材料使用，可使裝備的攻擊力上升{1}。	조합：공격＋2	무기의 재료로 사용하면 장비의 공격력을 {1} 상승시킨다
2136024682	767	Synthesis: ATK +3	When used as an ingredient for a weapon, boosts equipment ATK by {1}.	1	0	0	1494239712	1714724768	0	335429494	3	3	0	0	0	0	0	0	調合：攻撃＋3	武器の材料に使用すると、装備の攻撃力を{1}上昇させる	调合：攻击+3	用作武器的材料时，可使装备的攻击力提升{1}。	調合：攻擊+3	若作為武器的材料使用，可使裝備的攻擊力上升{1}。	조합：공격＋3	무기의 재료로 사용하면 장비의 공격력을 {1} 상승시킨다
430409772	768	No Effect	 	0	0	0	0	0	0	0	0	0	0	0	0	0	0	0	効果なし	 	无效果	 	無效果	 	효과 없음	 
1856026810	769	Synthesis: ATK +4	When used as an ingredient for a weapon, boosts equipment ATK by {1}.	1	0	0	1494239712	1714724768	0	335429494	4	4	0	0	0	0	0	0	調合：攻撃＋4	武器の材料に使用すると、装備の攻撃力を{1}上昇させる	调合：攻击+4	用作武器的材料时，可使装备的攻击力提升{1}。	調合：攻擊+4	若作為武器的材料使用，可使裝備的攻擊力上升{1}。	조합：공격＋4	무기의 재료로 사용하면 장비의 공격력을 {1} 상승시킨다
255578855	770	Synthesis: ATK +5	When used as an ingredient for a weapon, boosts equipment ATK by {1}.	1	0	0	1494239712	1714724768	0	335429494	5	5	0	0	0	0	0	0	調合：攻撃＋5	武器の材料に使用すると、装備の攻撃力を{1}上昇させる	调合：攻击+5	用作武器的材料时，可使装备的攻击力提升{1}。	調合：攻擊+5	若作為武器的材料使用，可使裝備的攻擊力上升{1}。	조합：공격＋5	무기의 재료로 사용하면 장비의 공격력을 {1} 상승시킨다
2017256049	771	No Effect	 	0	0	0	0	0	0	0	0	0	0	0	0	0	0	0	効果なし	 	无效果	 	無效果	 	효과 없음	 
516574261	772	Synthesis: ATK +6 (Blue/Yellow)	When used as an ingredient for a weapons and linked with a blue or yellow Gift Color, boosts equipment ATK by {2}.	1	0	0	1494239712	1714724768	0	1037074359	1465702656	553397017	335429494	6	6	0	0	0	調合：攻撃＋6【青/黄】	武器の材料に使用すると、青または黄のギフトカラーで繋げた時、装備の攻撃力を{2}上昇させる	调合：攻击+6【蓝/黄】	用作武器的材料，并用蓝色或黄色的天赋颜色相连时，可使装备的攻击力提升{2}。	調合：攻擊+6【藍/黃】	若作為武器的材料使用，並以藍色或黃色的天賦顏色連接時，可使裝備的攻擊力上升{2}。	조합：공격＋6【청/황】	무기의 재료로 사용하면 청색 또는 황색 기프트 컬러로 연결했을 때 장비의 공격력을 {2} 상승시킨다
1775074467	773	Synthesis: ATK +7 (Blue/Yellow)	When used as an ingredient for a weapons and linked with a blue or yellow Gift Color, boosts equipment ATK by {2}.	1	0	0	1494239712	1714724768	0	1037074359	1465702656	553397017	335429494	7	7	0	0	0	調合：攻撃＋7【青/黄】	武器の材料に使用すると、青または黄のギフトカラーで繋げた時、装備の攻撃力を{2}上昇させる	调合：攻击+7【蓝/黄】	用作武器的材料，并用蓝色或黄色的天赋颜色相连时，可使装备的攻击力提升{2}。	調合：攻擊+7【藍/黃】	若作為武器的材料使用，並以藍色或黃色的天賦顏色連接時，可使裝備的攻擊力上升{2}。	조합：공격＋7【청/황】	무기의 재료로 사용하면 청색 또는 황색 기프트 컬러로 연결했을 때 장비의 공격력을 {2} 상승시킨다
109944526	774	No Effect	 	0	0	0	0	0	0	0	0	0	0	0	0	0	0	0	効果なし	 	无效果	 	無效果	 	효과 없음	 
1904914012	775	Synthesis: ATK +8 (Purple/Red)	When used as an ingredient for a weapon and linked with a purple or red Gift Color, boosts equipment ATK by {2}.	1	0	0	1494239712	1714724768	0	1037074359	444446048	1824922885	335429494	8	8	0	0	0	調合：攻撃＋8【紫/赤】	武器の材料に使用すると、紫または赤のギフトカラーで繋げた時、装備の攻撃力を{2}上昇させる	调合：攻击+8【紫/红】	用作武器的材料，并用紫色或红色的天赋颜色相连时，可使装备的攻击力提升{2}。	調合：攻擊+8【紫/紅】	若作為武器的材料使用，並以紫色或紅色的天賦顏色連接時，可使裝備的攻擊力上升{2}。	조합：공격＋8【자/적】	무기의 재료로 사용하면 자색 또는 적색 기프트 컬러로 연결했을 때 장비의 공격력을 {2} 상승시킨다
1882322383	776	Synthesis: ATK +9 (Purple/Red)	When used as an ingredient for a weapon and linked with a purple or red Gift Color, boosts equipment ATK by {2}.	1	0	0	1494239712	1714724768	0	1037074359	444446048	1824922885	335429494	9	9	0	0	0	調合：攻撃＋9【紫/赤】	武器の材料に使用すると、紫または赤のギフトカラーで繋げた時、装備の攻撃力を{2}上昇させる	调合：攻击+9【紫/红】	用作武器的材料，并用紫色或红色的天赋颜色相连时，可使装备的攻击力提升{2}。	調合：攻擊+9【紫/紅】	若作為武器的材料使用，並以紫色或紅色的天賦顏色連接時，可使裝備的攻擊力上升{2}。	조합：공격＋9【자/적】	무기의 재료로 사용하면 자색 또는 적색 기프트 컬러로 연결했을 때 장비의 공격력을 {2} 상승시킨다
121029977	777	No Effect	 	0	0	0	0	0	0	0	0	0	0	0	0	0	0	0	効果なし	 	无效果	 	無效果	 	효과 없음	 
1640000285	778	Synthesis: ATK +9 (Blue/Green)	When used as an ingredient for a weapon and linked with a blue or green Gift Color, boosts equipment ATK by {2}.	1	0	0	1494239712	1714724768	0	1037074359	1465702656	667823249	335429494	9	9	0	0	0	調合：攻撃＋9【青/緑】	武器の材料に使用すると、青または緑のギフトカラーで繋げた時、装備の攻撃力を{2}上昇させる	调合：攻击+9【蓝/绿】	用作武器的材料，并用蓝色或绿色的天赋颜色相连时，可使装备的攻击力提升{2}。	調合：攻擊+9【藍/綠】	若作為武器的材料使用，並以藍色或綠色的天賦顏色連接時，可使裝備的攻擊力上升{2}。	조합：공격＋9【청/녹】	무기의 재료로 사용하면 청색 또는 녹색 기프트 컬러로 연결했을 때 장비의 공격력을 {2} 상승시킨다
382163851	779	Synthesis: ATK +10 (Blue/Green)	When used as an ingredient for a weapon and linked with a blue or green Gift Color, boosts equipment ATK by {2}.	1	0	0	1494239712	1714724768	0	1037074359	1465702656	667823249	335429494	10	10	0	0	0	調合：攻撃＋10【青/緑】	武器の材料に使用すると、青または緑のギフトカラーで繋げた時、装備の攻撃力を{2}上昇させる	调合：攻击+10【蓝/绿】	用作武器的材料，并用蓝色或绿色的天赋颜色相连时，可使装备的攻击力提升{2}。	調合：攻擊+10【藍/綠】	若作為武器的材料使用，並以藍色或綠色的天賦顏色連接時，可使裝備的攻擊力上升{2}。	조합：공격＋10【청/녹】	무기의 재료로 사용하면 청색 또는 녹색 기프트 컬러로 연결했을 때 장비의 공격력을 {2} 상승시킨다
2002530774	780	No Effect	 	0	0	0	0	0	0	0	0	0	0	0	0	0	0	0	効果なし	 	无效果	 	無效果	 	효과 없음	 
5964096	781	Synthesis: DEF +2	When used as an ingredient for armor, boosts equipment DEF by {1}.	1	0	0	1494239712	1215511628	0	321271766	2	2	0	0	0	0	0	0	調合：防御＋2	防具の材料に使用すると、装備の防御力を{1}上昇させる	调合：防御+2	用作防具的材料时，可使装备的防御力提升{1}。	調合：防禦+2	若作為防具的材料使用，可使裝備的防禦力上升{1}。	조합：방어＋2	방어구의 재료로 사용하면 장비의 방어력을 {1} 상승시킨다
1722658566	782	Synthesis: DEF +3	When used as an ingredient for armor, boosts equipment DEF by {1}.	1	0	0	1494239712	1215511628	0	321271766	3	3	0	0	0	0	0	0	調合：防御＋3	防具の材料に使用すると、装備の防御力を{1}上昇させる	调合：防御+3	用作防具的材料时，可使装备的防御力提升{1}。	調合：防禦+3	若作為防具的材料使用，可使裝備的防禦力上升{1}。	조합：방어＋3	방어구의 재료로 사용하면 장비의 방어력을 {1} 상승시킨다
296394644	783	No Effect	 	0	0	0	0	0	0	0	0	0	0	0	0	0	0	0	効果なし	 	无效果	 	無效果	 	효과 없음	 
2129296893	784	Synthesis: DEF +4	When used as an ingredient for armor, boosts equipment DEF by {1}.	1	0	0	1494239712	1215511628	0	321271766	4	4	0	0	0	0	0	0	調合：防御＋4	防具の材料に使用すると、装備の防御力を{1}上昇させる	调合：防御+4	用作防具的材料时，可使装备的防御力提升{1}。	調合：防禦+4	若作為防具的材料使用，可使裝備的防禦力上升{1}。	조합：방어＋4	방어구의 재료로 사용하면 장비의 방어력을 {1} 상승시킨다
166546795	785	Synthesis: DEF +5	When used as an ingredient for armor, boosts equipment DEF by {1}.	1	0	0	1494239712	1215511628	0	321271766	5	5	0	0	0	0	0	0	調合：防御＋5	防具の材料に使用すると、装備の防御力を{1}上昇させる	调合：防御+5	用作防具的材料时，可使装备的防御力提升{1}。	調合：防禦+5	若作為防具的材料使用，可使裝備的防禦力上升{1}。	조합：방어＋5	방어구의 재료로 사용하면 장비의 방어력을 {1} 상승시킨다
1764410510	786	No Effect	 	0	0	0	0	0	0	0	0	0	0	0	0	0	0	0	効果なし	 	无效果	 	無效果	 	효과 없음	 
506328088	787	Synthesis: DEF +6 (Blue/Purple)	When used as an ingredient for armor and linked with a blue or purple Gift Color, boosts equipment DEF by {2}.	1	0	0	1494239712	1215511628	0	1037074359	1465702656	444446048	321271766	6	6	0	0	0	調合：防御＋6【青/紫】	防具の材料に使用すると、青または紫のギフトカラーで繋げた時、装備の防御力を{2}上昇させる	调合：防御+6【蓝/紫】	用作防具的材料，并用蓝色或紫色的天赋颜色相连时，可使装备的防御力提升{2}。	調合：防禦+6【藍/紫】	若作為防具的材料使用，並以藍色或紫色的天賦顏色連接時，可使裝備的防禦力上升{2}。	조합：방어＋6【청/자】	방어구의 재료로 사용하면 청색 또는 자색 기프트 컬러로 연결했을 때 장비의 방어력을 {2} 상승시킨다
2027641438	788	Synthesis: DEF +7 (Blue/Purple)	When used as an ingredient for armor and linked with a blue or purple Gift Color, boosts equipment DEF by {2}.	1	0	0	1494239712	1215511628	0	1037074359	1465702656	444446048	321271766	7	7	0	0	0	調合：防御＋7【青/紫】	防具の材料に使用すると、青または紫のギフトカラーで繋げた時、装備の防御力を{2}上昇させる	调合：防御+7【蓝/紫】	用作防具的材料，并用蓝色或紫色的天赋颜色相连时，可使装备的防御力提升{2}。	調合：防禦+7【藍/紫】	若作為防具的材料使用，並以藍色或紫色的天賦顏色連接時，可使裝備的防禦力上升{2}。	조합：방어＋7【청/자】	방어구의 재료로 사용하면 청색 또는 자색 기프트 컬러로 연결했을 때 장비의 방어력을 {2} 상승시킨다
266103500	789	No Effect	 	0	0	0	0	0	0	0	0	0	0	0	0	0	0	0	効果なし	 	无效果	 	無效果	 	효과 없음	 
1850146967	790	Synthesis: DEF +8 (Yellow/Red)	When used as an ingredient for armor and linked with a yellow or red Gift Color, boosts equipment DEF by {2}.	1	0	0	1494239712	1215511628	0	1037074359	553397017	1824922885	321271766	8	8	0	0	0	調合：防御＋8【黄/赤】	防具の材料に使用すると、黄または赤のギフトカラーで繋げた時、装備の防御力を{2}上昇させる	调合：防御+8【黄/红】	用作防具的材料，并用黄色或红色的天赋颜色相连时，可使装备的防御力提升{2}。	調合：防禦+8【黃/紅】	若作為防具的材料使用，並以黃色或紅色的天賦顏色連接時，可使裝備的防禦力上升{2}。	조합：방어＋8【황/적】	방어구의 재료로 사용하면 황색 또는 적색 기프트 컬러로 연결했을 때 장비의 방어력을 {2} 상승시킨다
423636993	791	Synthesis: DEF +9 (Yellow/Red)	When used as an ingredient for armor and linked with a yellow or red Gift Color, boosts equipment DEF by {2}.	1	0	0	1494239712	1215511628	0	1037074359	553397017	1824922885	321271766	9	9	0	0	0	調合：防御＋9【黄/赤】	防具の材料に使用すると、黄または赤のギフトカラーで繋げた時、装備の防御力を{2}上昇させる	调合：防御+9【黄/红】	用作防具的材料，并用黄色或红色的天赋颜色相连时，可使装备的防御力提升{2}。	調合：防禦+9【黃/紅】	若作為防具的材料使用，並以黃色或紅色的天賦顏色連接時，可使裝備的防禦力上升{2}。	조합：방어＋9【황/적】	방어구의 재료로 사용하면 황색 또는 적색 기프트 컬러로 연결했을 때 장비의 방어력을 {2} 상승시킨다
2142674501	792	No Effect	 	0	0	0	0	0	0	0	0	0	0	0	0	0	0	0	効果なし	 	无效果	 	無效果	 	효과 없음	 
145862355	793	Synthesis: DEF +9 (Purple/Green)	When used as an ingredient for armor and linked with a purple or green Gift Color, boosts equipment DEF by {2}.	1	0	0	1494239712	1215511628	0	1037074359	444446048	667823249	321271766	9	9	0	0	0	調合：防御＋9【紫/緑】	防具の材料に使用すると、紫または緑のギフトカラーで繋げた時、装備の防御力を{2}上昇させる	调合：防御+9【紫/绿】	用作防具的材料，并用紫色或绿色的天赋颜色相连时，可使装备的防御力提升{2}。	調合：防禦+9【紫/綠】	若作為防具的材料使用，並以紫色或綠色的天賦顏色連接時，可使裝備的防禦力上升{2}。	조합：방어＋9【자/녹】	방어구의 재료로 사용하면 자색 또는 녹색 기프트 컬러로 연결했을 때 장비의 방어력을 {2} 상승시킨다
1743867068	794	Synthesis: DEF +10 (Purple/Green)	When used as an ingredient for armor and linked with a purple or green Gift Color, boosts equipment DEF by {2}.	1	0	0	1494239712	1215511628	0	1037074359	444446048	667823249	321271766	10	10	0	0	0	調合：防御＋10【紫/緑】	防具の材料に使用すると、紫または緑のギフトカラーで繋げた時、装備の防御力を{2}上昇させる	调合：防御+10【紫/绿】	用作防具的材料，并用紫色或绿色的天赋颜色相连时，可使装备的防御力提升{2}。	調合：防禦+10【紫/綠】	若作為防具的材料使用，並以紫色或綠色的天賦顏色連接時，可使裝備的防禦力上升{2}。	조합：방어＋10【자/녹】	방어구의 재료로 사용하면 자색 또는 녹색 기프트 컬러로 연결했을 때 장비의 방어력을 {2} 상승시킨다
284589098	795	No Effect	 	0	0	0	0	0	0	0	0	0	0	0	0	0	0	0	効果なし	 	无效果	 	無效果	 	효과 없음	 
1162952290	796	Synthesis: All Stats +7	When used as an ingredient for a weapon, accessory, or armor, boosts all equipment stats by {1}.	1	0	0	1618938355	86442240	0	558244976	7	7	0	0	0	0	0	0	調合：全能＋7	武器・防具・装飾品の材料に使用すると、装備の全能力を{1}上昇させる	调合：全能力+7	用作武器、防具、装饰品的材料时，可使装备的所有能力提升{1}。	調合：全能力+7	若作為武器、防具、裝飾品的材料使用，可使裝備的所有能力上升{1}。	조합：전능력＋7	무기ㆍ방어구ㆍ장식품의 재료로 사용하면 장비의 모든 능력을 {1} 상승시킨다
844500728	797	Synthesis: All Stats +10	When used as an ingredient for a weapon, accessory, or armor, boosts all equipment stats by {1}.	1	0	0	1618938355	86442240	0	558244976	10	10	0	0	0	0	0	0	調合：全能＋10	武器・防具・装飾品の材料に使用すると、装備の全能力を{1}上昇させる	调合：全能力+10	用作武器、防具、装饰品的材料时，可使装备的所有能力提升{1}。	調合：全能力+10	若作為武器、防具、裝飾品的材料使用，可使裝備的所有能力上升{1}。	조합：전능력＋10	무기ㆍ방어구ㆍ장식품의 재료로 사용하면 장비의 모든 능력을 {1} 상승시킨다
1419813042	798	No Effect	 	0	0	0	0	0	0	0	0	0	0	0	0	0	0	0	効果なし	 	无效果	 	無效果	 	효과 없음	 
598183972	799	Recipe Morph EX	When linked with a Gift Color, all Recipe Morphs will be made available to perform.	1	0	0	0	0	0	0	0	0	0	0	0	0	0	0	レシピ変化・極	ギフトカラーが繋がった時、すべてのレシピ変化を発生できる	配方变化·极	天赋颜色相连时，可触发所有的配方变化。	配方變化‧極	天賦顏色連接時，可引發所有的配方變化。	레시피 변화ㆍ극	기프트 컬러가 연결되었을 때 모든 레시피 변화를 발생시킨다
1111292537	800	Recipe Morph EX	When linked with a Gift Color, all Recipe Morphs will be made available to perform.	1	0	0	0	0	0	0	0	0	0	0	0	0	0	0	レシピ変化・極	ギフトカラーが繋がった時、すべてのレシピ変化を発生できる	配方变化·极	天赋颜色相连时，可触发所有的配方变化。	配方變化‧極	天賦顏色連接時，可引發所有的配方變化。	레시피 변화ㆍ극	기프트 컬러가 연결되었을 때 모든 레시피 변화를 발생시킨다
893111023	801	No Effect	 	0	0	0	0	0	0	0	0	0	0	0	0	0	0	0	効果なし	 	无效果	 	無效果	 	효과 없음	 
1405969579	802	Synthesis: Level +3	Raises the final product's Item Level by {0}.	1	0	0	1586493327	3	3	0	0	0	0	0	0	0	0	0	調合：レベル＋3	完成品のアイテムレベルを{0}上昇させる	调合：等级+3	可使完成品的道具等级提升{0}。	調合：等級+3	可使完成品的道具等級上升{0}。	조합：레벨＋3	완성품의 아이템 레벨을 {0} 상승시킨다
617239613	803	Synthesis: Level +4	Raises the final product's Item Level by {0}.	1	0	0	1586493327	4	4	0	0	0	0	0	0	0	0	0	調合：レベル＋4	完成品のアイテムレベルを{0}上昇させる	调合：等级+4	可使完成品的道具等级提升{0}。	調合：等級+4	可使完成品的道具等級上升{0}。	조합：레벨＋4	완성품의 아이템 레벨을 {0} 상승시킨다
1267381844	804	No Effect	 	0	0	0	0	0	0	0	0	0	0	0	0	0	0	0	効果なし	 	无效果	 	無效果	 	효과 없음	 
1015908038	805	Synthesis: Recovery +5	When used as an ingredient for a healing item, boosts recovery by {1}.	1	0	0	1494239712	1614965990	0	1250213218	5	5	0	0	0	0	0	0	調合：回復＋5	回復アイテムの材料にすると、回復力を{1}上昇させる	调合：恢复+5	用作恢复道具的材料时，可使恢复力提升{1}。	調合：回復+5	若作為回復道具的材料使用，可使回復力上升{1}。	조합：회복＋5	회복 아이템의 재료로 사용하면 회복력을 {1} 상승시킨다
1548357409	806	Synthesis: Recovery +6	When used as an ingredient for a healing item, boosts recovery by {1}.	1	0	0	1494239712	1614965990	0	1250213218	6	6	0	0	0	0	0	0	調合：回復＋6	回復アイテムの材料にすると、回復力を{1}上昇させる	调合：恢复+6	用作恢复道具的材料时，可使恢复力提升{1}。	調合：回復+6	若作為回復道具的材料使用，可使回復力上升{1}。	조합：회복＋6	회복 아이템의 재료로 사용하면 회복력을 {1} 상승시킨다
726482871	807	No Effect	 	0	0	0	0	0	0	0	0	0	0	0	0	0	0	0	効果なし	 	无效果	 	無效果	 	효과 없음	 
1304138227	808	Applies Dragon Mat.	Applies the Dragon Mat. category.	1	0	0	2125196889	685707726	0	0	0	0	0	0	0	0	0	0	（竜素材）付与	（竜素材）カテゴリが付与される	赋予（龙素材）	赋予（龙素材）类别。	賦予（龍素材）	賦予（龍素材）類別。	(용소재) 부여	(용소재)카테고리가 부여된다
985440613	809	Applies Dragon Mat.	Applies the Dragon Mat. category.	1	0	0	2125196889	685707726	0	0	0	0	0	0	0	0	0	0	（竜素材）付与	（竜素材）カテゴリが付与される	赋予（龙素材）	赋予（龙素材）类别。	賦予（龍素材）	賦予（龍素材）類別。	(용소재) 부여	(용소재)카테고리가 부여된다
1529334586	810	No Effect	 	0	0	0	0	0	0	0	0	0	0	0	0	0	0	0	効果なし	 	无效果	 	無效果	 	효과 없음	 
740359088	811	Applies Threads	Applies the Threads category.	1	0	0	2125196889	1042773243	0	0	0	0	0	0	0	0	0	0	（糸素材）付与	（糸素材）カテゴリが付与される	赋予（线材）	赋予（线材）类别。	賦予（線材）	賦予（線材）類別。	(실소재) 부여	(실소재)카테고리가 부여된다
1255560682	812	Applies Threads	Applies the Threads category.	1	0	0	2125196889	1042773243	0	0	0	0	0	0	0	0	0	0	（糸素材）付与	（糸素材）カテゴリが付与される	赋予（线材）	赋予（线材）类别。	賦予（線材）	賦予（線材）類別。	(실소재) 부여	(실소재)카테고리가 부여된다
1037133180	813	No Effect	 	0	0	0	0	0	0	0	0	0	0	0	0	0	0	0	効果なし	 	无效果	 	無效果	 	효과 없음	 
1385269011	814	Synthesis: Uses +1	When used as an ingredient for a consumable item, increases uses by {1}.	1	0	0	1618938355	35032769	0	133609003	1	1	0	0	0	0	0	0	調合：回数＋1	使用アイテムの材料にすると、アイテムの使用回数を{1}回上昇させる	调合：次数+1	用作使用道具的材料时，可使道具的使用次数提升{1}。	調合：次數+1	若作為使用道具的材料使用，可使道具的使用次數上升{1}。	조합：횟수＋1	사용 아이템의 재료로 사용하면 아이템의 사용횟수를 {1}회 상승시킨다
630634373	815	Synthesis: Uses +2	When used as an ingredient for a consumable item, increases uses by {1}.	1	0	0	1618938355	35032769	0	133609003	2	2	0	0	0	0	0	0	調合：回数＋2	使用アイテムの材料にすると、アイテムの使用回数を{1}回上昇させる	调合：次数+2	用作使用道具的材料时，可使道具的使用次数提升{1}。	調合：次數+2	若作為使用道具的材料使用，可使道具的使用次數上升{1}。	조합：횟수＋2	사용 아이템의 재료로 사용하면 아이템의 사용횟수를 {1}회 상승시킨다
2003262692	816	No Effect	 	0	0	0	0	0	0	0	0	0	0	0	0	0	0	0	効果なし	 	无效果	 	無效果	 	효과 없음	 
6319222	817	Synthesis: ATK +4	When used as an ingredient for a weapon, boosts equipment ATK by {1}.	1	0	0	1494239712	1714724768	0	335429494	4	4	0	0	0	0	0	0	調合：攻撃＋4	武器の材料に使用すると、装備の攻撃力を{1}上昇させる	调合：攻击+4	用作武器的材料时，可使装备的攻击力提升{1}。	調合：攻擊+4	若作為武器的材料使用，可使裝備的攻擊力上升{1}。	조합：공격＋4	무기의 재료로 사용하면 장비의 공격력을 {1} 상승시킨다
1721156144	818	Synthesis: ATK +5	When used as an ingredient for a weapon, boosts equipment ATK by {1}.	1	0	0	1494239712	1714724768	0	335429494	5	5	0	0	0	0	0	0	調合：攻撃＋5	武器の材料に使用すると、装備の攻撃力を{1}上昇させる	调合：攻击+5	用作武器的材料时，可使装备的攻击力提升{1}。	調合：攻擊+5	若作為武器的材料使用，可使裝備的攻擊力上升{1}。	조합：공격＋5	무기의 재료로 사용하면 장비의 공격력을 {1} 상승시킨다
294777510	819	No Effect	 	0	0	0	0	0	0	0	0	0	0	0	0	0	0	0	効果なし	 	无效果	 	無效果	 	효과 없음	 
1879742715	820	Synthesis: Uses +2 (Yellow/Red)	When used as an ingredient for a consumable item and linked with a yellow or red Gift Color, increases uses by {2}.	1	0	0	1618938355	35032769	0	1037074359	553397017	1824922885	133609003	2	2	0	0	0	調合：回数＋2【黄/赤】	使用アイテムの材料にすると、黄または赤のギフトカラーで繋げた時、アイテムの使用回数を{2}回上昇させる	调合：次数+2【黄/红】	用作使用道具的材料，并用黄色或红色的天赋颜色相连时，可使道具的使用次数提升{2}。	調合：次數+2【黃/紅】	若作為使用道具的材料使用，並以黃色或紅色的天賦顏色連接時，可使道具的使用次數上升{2}。	조합：횟수＋2【황/적】	사용 아이템의 재료로 사용하면 황색 또는 적색 기프트 컬러로 연결했을 때 아이템의 사용횟수를 {2}회 상승시킨다
118335597	821	Synthesis: Uses +3 (Yellow/Red)	When used as an ingredient for a consumable item and linked with a yellow or red Gift Color, increases uses by {2}.	1	0	0	1618938355	35032769	0	1037074359	553397017	1824922885	133609003	3	3	0	0	0	調合：回数＋3【黄/赤】	使用アイテムの材料にすると、黄または赤のギフトカラーで繋げた時、アイテムの使用回数を{2}回上昇させる	调合：次数+3【黄/红】	用作使用道具的材料，并用黄色或红色的天赋颜色相连时，可使道具的使用次数提升{2}。	調合：次數+3【黃/紅】	若作為使用道具的材料使用，並以黃色或紅色的天賦顏色連接時，可使道具的使用次數上升{2}。	조합：횟수＋3【황/적】	사용 아이템의 재료로 사용하면 황색 또는 적색 기프트 컬러로 연결했을 때 아이템의 사용횟수를 {2}회 상승시킨다
1643841065	822	No Effect	 	0	0	0	0	0	0	0	0	0	0	0	0	0	0	0	効果なし	 	无效果	 	無效果	 	효과 없음	 
385627839	823	Synthesis: Uses +1	When used as an ingredient for a consumable item, increases uses by {1}.	1	0	0	1618938355	35032769	0	133609003	1	1	0	0	0	0	0	0	調合：回数＋1	使用アイテムの材料にすると、アイテムの使用回数を{1}回上昇させる	调合：次数+1	用作使用道具的材料时，可使道具的使用次数提升{1}。	調合：次數+1	若作為使用道具的材料使用，可使道具的使用次數上升{1}。	조합：횟수＋1	사용 아이템의 재료로 사용하면 아이템의 사용횟수를 {1}회 상승시킨다
2042418386	824	Synthesis: Uses +3 (Purple/Yellow)	When used as an ingredient for a consumable item and linked with a purple or yellow Gift Color, increases uses by {2}.	1	0	0	1618938355	35032769	0	1037074359	553397017	444446048	133609003	3	3	0	0	0	調合：回数＋3【紫/黄】	使用アイテムの材料にすると、紫または黄のギフトカラーで繋げた時、アイテムの使用回数を{2}回上昇させる	调合：次数+3【紫/黄】	用作使用道具的材料，并用紫色或黄色的天赋颜色相连时，可使道具的使用次数提升{2}。	調合：次數+3【紫/黃】	若作為使用道具的材料使用，並以紫色或黃色的天賦顏色連接時，可使道具的使用次數上升{2}。	조합：횟수＋3【자/황】	사용 아이템의 재료로 사용하면 자색 또는 황색 기프트 컬러로 연결했을 때 아이템의 사용횟수를 {2}회 상승시킨다
247194696	825	No Effect	 	0	0	0	0	0	0	0	0	0	0	0	0	0	0	0	効果なし	 	无效果	 	無效果	 	효과 없음	 
1853648291	826	Synthesis: Uses +1	When used as an ingredient for a consumable item, increases uses by {1}.	1	0	0	1618938355	35032769	0	133609003	1	1	0	0	0	0	0	0	調合：回数＋1	使用アイテムの材料にすると、アイテムの使用回数を{1}回上昇させる	调合：次数+1	用作使用道具的材料时，可使道具的使用次数提升{1}。	調合：次數+1	若作為使用道具的材料使用，可使道具的使用次數上升{1}。	조합：횟수＋1	사용 아이템의 재료로 사용하면 아이템의 사용횟수를 {1}회 상승시킨다
427515189	827	Synthesis: Uses +3 (Purple/Green)	When used as an ingredient for a consumable item and linked with a purple or green Gift Color, increases uses by {2}.	1	0	0	1618938355	35032769	0	1037074359	444446048	667823249	133609003	3	3	0	0	0	調合：回数＋3【紫/緑】	使用アイテムの材料にすると、紫または緑のギフトカラーで繋げた時、アイテムの使用回数を{2}回上昇させる	调合：次数+3【紫/绿】	用作使用道具的材料，并用紫色或绿色的天赋颜色相连时，可使道具的使用次数提升{2}。	調合：次數+3【紫/綠】	若作為使用道具的材料使用，並以紫色或綠色的天賦顏色連接時，可使道具的使用次數上升{2}。	조합：횟수＋3【자/녹】	사용 아이템의 재료로 사용하면 자색 또는 녹색 기프트 컬러로 연결했을 때 아이템의 사용횟수를 {2}회 상승시킨다
2140009329	828	No Effect	 	0	0	0	0	0	0	0	0	0	0	0	0	0	0	0	効果なし	 	无效果	 	無效果	 	효과 없음	 
143311847	829	Synthesis: Recovery +5	When used as an ingredient for a healing item, boosts recovery by {1}.	1	0	0	1494239712	1614965990	0	1250213218	5	5	0	0	0	0	0	0	調合：回復＋5	回復アイテムの材料にすると、回復力を{1}上昇させる	调合：恢复+5	用作恢复道具的材料时，可使恢复力提升{1}。	調合：回復+5	若作為回復道具的材料使用，可使回復力上升{1}。	조합：회복＋5	회복 아이템의 재료로 사용하면 회복력을 {1} 상승시킨다
1762765244	830	Synthesis: Recovery +6	When used as an ingredient for a healing item, boosts recovery by {1}.	1	0	0	1494239712	1614965990	0	1250213218	6	6	0	0	0	0	0	0	調合：回復＋6	回復アイテムの材料にすると、回復力を{1}上昇させる	调合：恢复+6	用作恢复道具的材料时，可使恢复力提升{1}。	調合：回復+6	若作為回復道具的材料使用，可使回復力上升{1}。	조합：회복＋6	회복 아이템의 재료로 사용하면 회복력을 {1} 상승시킨다
504797486	831	No Effect	 	0	0	0	0	0	0	0	0	0	0	0	0	0	0	0	効果なし	 	无效果	 	無效果	 	효과 없음	 
2027960168	832	Applies Bugs	Applies the Bugs category.	1	0	0	2125196889	1726839395	0	0	0	0	0	0	0	0	0	0	（虫）付与	（虫）カテゴリが付与される	赋予（虫）	赋予（虫）类别。	賦予（蟲）	賦予（蟲）類別。	(곤충) 부여	(곤충)카테고리가 부여된다
266799102	833	Applies Bugs	Applies the Bugs category.	1	0	0	2125196889	1726839395	0	0	0	0	0	0	0	0	0	0	（虫）付与	（虫）カテゴリが付与される	赋予（虫）	赋予（虫）类别。	賦予（蟲）	賦予（蟲）類別。	(곤충) 부여	(곤충)카테고리가 부여된다
2063040681	0			0	0	0	0	0	0	0	0	0	0	0	0	0	0	0								
