Index	Area	GatherType	ItemName1	ItemName2	ItemName3	Floors
4294967295		Gather	Magic Herb	Poison Grass	Colored Cotton Grass	
4294967295		Axe	Medicinal Moss	Glowing Diatom	Mossy Stone	
4294967295		Bug Net	Star Ladybug	Big Horned Beetle	Moonlight Firefly	
4294967295		Gather	Taun	Natural Oil	Minuit Fleur	
0	Hallfein	Chest	Secrets of the Fleet-Footed			
16	Lapis Crystal Cave	Chest	Resurrection Wear			
16	Lapis Crystal Cave	Chest	Angel Ribbon			
16	Lapis Crystal Cave	Chest	Healing Bell			
16	Lapis Crystal Cave	Chest	Handling Precautions			
16	Lapis Crystal Cave	Sickle	Torch Grass	Diaphane	Shepherdflower	
16	Lapis Crystal Cave	Sickle	Torch Grass	Diaphane	Shepherdflower	
16	Lapis Crystal Cave	Sickle	Torch Grass	Diaphane	Shepherdflower	
16	Lapis Crystal Cave	Sickle	Torch Grass	Diaphane	Shepherdflower	
16	Lapis Crystal Cave	Gather	Eicheloa	Honey Fungus	Dreamy Crown	
16	Lapis Crystal Cave	Gather	Eicheloa	Honey Fungus	Dreamy Crown	
16	Lapis Crystal Cave	Gather	Eicheloa	Honey Fungus	Dreamy Crown	
16	Lapis Crystal Cave	Gather	Eicheloa	Honey Fungus	Dreamy Crown	
16	Lapis Crystal Cave	Gather	Sand Crystals	Black Water	Orange Glass	
16	Lapis Crystal Cave	Gather	Sand Crystals	Black Water	Orange Glass	
16	Lapis Crystal Cave	Gather	Sand Crystals	Black Water	Orange Glass	
16	Lapis Crystal Cave	Gather	Sand Crystals	Black Water	Orange Glass	
16	Lapis Crystal Cave	Sickle	Taun	Magic Herb	Lanterna Blossoms	
16	Lapis Crystal Cave	Sickle	Taun	Magic Herb	Lanterna Blossoms	
16	Lapis Crystal Cave	Sickle	Taun	Magic Herb	Lanterna Blossoms	
16	Lapis Crystal Cave	Sickle	Taun	Magic Herb	Lanterna Blossoms	
16	Lapis Crystal Cave	Sickle	Mana Petal	Crackling Water	Lotus	
16	Lapis Crystal Cave	Sickle	Mana Petal	Crackling Water	Lotus	
16	Lapis Crystal Cave	Sickle	Mana Petal	Crackling Water	Lotus	
16	Lapis Crystal Cave	Sickle	Mana Petal	Crackling Water	Lotus	
16	Lapis Crystal Cave	Gather	Ash Ball	Broken Rock	Gold Ball	
16	Lapis Crystal Cave	Gather	Ash Ball	Broken Rock	Gold Ball	
16	Lapis Crystal Cave	Gather	Ash Ball	Broken Rock	Gold Ball	
16	Lapis Crystal Cave	Gather	Ash Ball	Broken Rock	Gold Ball	
16	Lapis Crystal Cave	Gather	Blue Clover	Silver Web	Moonlight Firefly	
16	Lapis Crystal Cave	Gather	Blue Clover	Silver Web	Moonlight Firefly	
16	Lapis Crystal Cave	Gather	Blue Clover	Silver Web	Moonlight Firefly	
16	Lapis Crystal Cave	Gather	Gaudy Stone	Yuqtul Frog	Zapping Water	
16	Lapis Crystal Cave	Gather	Gaudy Stone	Yuqtul Frog	Zapping Water	
16	Lapis Crystal Cave	Gather	Gaudy Stone	Yuqtul Frog	Zapping Water	
16	Lapis Crystal Cave	Gather	Gaudy Stone	Yuqtul Frog	Zapping Water	
16	Lapis Crystal Cave	Gather	Poison Powder	Shining Powder	Yuqtul Frog	
16	Lapis Crystal Cave	Gather	Poison Powder	Shining Powder	Yuqtul Frog	
16	Lapis Crystal Cave	Gather	Poison Powder	Shining Powder	Yuqtul Frog	
16	Lapis Crystal Cave	Gather	Poison Powder	Shining Powder	Yuqtul Frog	
16	Lapis Crystal Cave	Axe	Metal Ore	Steel Balls	Hygea Ore	
16	Lapis Crystal Cave	Axe	Metal Ore	Steel Balls	Hygea Ore	
16	Lapis Crystal Cave	Axe	Metal Ore	Steel Balls	Hygea Ore	
16	Lapis Crystal Cave	Axe	Metal Ore	Steel Balls	Hygea Ore	
16	Lapis Crystal Cave	Axe	Shining Crystal	Muddied Crystal	Eternal Crystal	
16	Lapis Crystal Cave	Axe	Shining Crystal	Muddied Crystal	Eternal Crystal	
16	Lapis Crystal Cave	Axe	Shining Crystal	Muddied Crystal	Eternal Crystal	
16	Lapis Crystal Cave	Axe	Shining Crystal	Muddied Crystal	Eternal Crystal	
16	Lapis Crystal Cave	Gather	Gold Steel Web	Chainweb	Underground Spider Queen	
16	Lapis Crystal Cave	Gather	Gold Steel Web	Chainweb	Underground Spider Queen	
16	Lapis Crystal Cave	Gather	Gold Steel Web	Chainweb	Underground Spider Queen	
16	Lapis Crystal Cave	Gather	Gold Steel Web	Chainweb	Underground Spider Queen	
16	Lapis Crystal Cave	Gather	Rouge Gemstone	Shining Crystal	Lunastone	
16	Lapis Crystal Cave	Gather	Rouge Gemstone	Shining Crystal	Lunastone	
16	Lapis Crystal Cave	Gather	Rouge Gemstone	Shining Crystal	Lunastone	
16	Lapis Crystal Cave	Gather	Rouge Gemstone	Shining Crystal	Lunastone	
16	Lapis Crystal Cave	Gather	Goldinite	Flaming Black Sand	Celestial Silver Stone	
16	Lapis Crystal Cave	Gather	Goldinite	Flaming Black Sand	Celestial Silver Stone	
16	Lapis Crystal Cave	Gather	Goldinite	Flaming Black Sand	Celestial Silver Stone	
16	Lapis Crystal Cave	Gather	Goldinite	Flaming Black Sand	Celestial Silver Stone	
16	Lapis Crystal Cave	Gather	Blue Clover	Nightglow Flower	Eternal Blossom	
16	Lapis Crystal Cave	Gather	Blue Clover	Nightglow Flower	Eternal Blossom	
16	Lapis Crystal Cave	Gather	Blue Clover	Nightglow Flower	Eternal Blossom	
16	Lapis Crystal Cave	Gather	Blue Clover	Nightglow Flower	Eternal Blossom	
16	Lapis Crystal Cave	Axe	Crackling Water	Zapping Water	Snow Queen	
16	Lapis Crystal Cave	Axe	Crackling Water	Zapping Water	Snow Queen	
16	Lapis Crystal Cave	Axe	Crackling Water	Zapping Water	Snow Queen	
16	Lapis Crystal Cave	Axe	Crackling Water	Zapping Water	Snow Queen	
16	Lapis Crystal Cave	Axe	Rainbow Crystal	Blue Crystal	Metal Ore	
16	Lapis Crystal Cave	Axe	Rainbow Crystal	Blue Crystal	Metal Ore	
16	Lapis Crystal Cave	Axe	Rainbow Crystal	Blue Crystal	Metal Ore	
16	Lapis Crystal Cave	Axe	Rainbow Crystal	Blue Crystal	Metal Ore	
16	Lapis Crystal Cave	Axe	Mud Ball	Mossy Stone	Diamant Gemstone	
16	Lapis Crystal Cave	Axe	Mud Ball	Mossy Stone	Diamant Gemstone	
16	Lapis Crystal Cave	Axe	Mud Ball	Mossy Stone	Diamant Gemstone	
16	Lapis Crystal Cave	Axe	Mud Ball	Mossy Stone	Diamant Gemstone	
16	Lapis Crystal Cave	Axe	Regicite	Shining Crystal	Eternal Crystal	
16	Lapis Crystal Cave	Axe	Regicite	Shining Crystal	Eternal Crystal	
16	Lapis Crystal Cave	Axe	Regicite	Shining Crystal	Eternal Crystal	
16	Lapis Crystal Cave	Axe	Regicite	Shining Crystal	Eternal Crystal	
16	Lapis Crystal Cave	Axe	Shining Crystal	Metal Ore	Riverstone	
16	Lapis Crystal Cave	Axe	Shining Crystal	Metal Ore	Riverstone	
16	Lapis Crystal Cave	Axe	Shining Crystal	Metal Ore	Riverstone	
16	Lapis Crystal Cave	Axe	Shining Crystal	Metal Ore	Riverstone	
16	Lapis Crystal Cave	Gather	Gold Steel Web	Chainweb	Underground Spider Queen	
16	Lapis Crystal Cave	Gather	Gold Steel Web	Chainweb	Underground Spider Queen	
16	Lapis Crystal Cave	Gather	Gold Steel Web	Chainweb	Underground Spider Queen	
16	Lapis Crystal Cave	Gather	Gold Steel Web	Chainweb	Underground Spider Queen	
16	Lapis Crystal Cave	Gather	Pourpremoule	Pretty Shells	Diopside	
16	Lapis Crystal Cave	Gather	Pourpremoule	Pretty Shells	Diopside	
16	Lapis Crystal Cave	Gather	Pourpremoule	Pretty Shells	Diopside	
16	Lapis Crystal Cave	Gather	Pourpremoule	Pretty Shells	Diopside	
16	Lapis Crystal Cave	Gather	Goldinite	Flaming Black Sand	Sunbeam Powder	
16	Lapis Crystal Cave	Gather	Goldinite	Flaming Black Sand	Sunbeam Powder	
16	Lapis Crystal Cave	Gather	Goldinite	Flaming Black Sand	Sunbeam Powder	
16	Lapis Crystal Cave	Gather	Goldinite	Flaming Black Sand	Sunbeam Powder	
16	Lapis Crystal Cave	Gather	Tall Taun	Shepherdflower	Forest Sage	
16	Lapis Crystal Cave	Gather	Tall Taun	Shepherdflower	Forest Sage	
16	Lapis Crystal Cave	Gather	Tall Taun	Shepherdflower	Forest Sage	
16	Lapis Crystal Cave	Gather	Tall Taun	Shepherdflower	Forest Sage	
16	Lapis Crystal Cave	Axe	Zapping Water	Groundwater	Ancient Blue Water	
16	Lapis Crystal Cave	Axe	Zapping Water	Groundwater	Ancient Blue Water	
16	Lapis Crystal Cave	Axe	Zapping Water	Groundwater	Ancient Blue Water	
16	Lapis Crystal Cave	Axe	Zapping Water	Groundwater	Ancient Blue Water	
16	Lapis Crystal Cave	Gather	Mud Ball	Bitter Root	Elder Garlic	
16	Lapis Crystal Cave	Gather	Mud Ball	Bitter Root	Elder Garlic	
16	Lapis Crystal Cave	Gather	Mud Ball	Bitter Root	Elder Garlic	
16	Lapis Crystal Cave	Gather	Mud Ball	Bitter Root	Elder Garlic	
16	Lapis Crystal Cave	Gather	Darkshroom	Honey Fungus	Glowshroom	
16	Lapis Crystal Cave	Gather	Darkshroom	Honey Fungus	Glowshroom	
16	Lapis Crystal Cave	Gather	Darkshroom	Honey Fungus	Glowshroom	
16	Lapis Crystal Cave	Gather	Darkshroom	Honey Fungus	Glowshroom	
9	Baynort Road	Chest	Flare Nova Bomb			
9	Baynort Road	Chest	Expedition Prep for Alchemists			
9	Baynort Road	Chest	Traveling Clothes for Alchemists			
9	Baynort Road	Chest	Catastro Craft			
9	Baynort Road	Gather	Whimsy Strawberries	Umbrella Tree Strawberry	Colored Cotton Grass	
9	Baynort Road	Gather	Whimsy Strawberries	Umbrella Tree Strawberry	Colored Cotton Grass	
9	Baynort Road	Gather	Whimsy Strawberries	Umbrella Tree Strawberry	Colored Cotton Grass	
9	Baynort Road	Gather	Whimsy Strawberries	Umbrella Tree Strawberry	Colored Cotton Grass	
9	Baynort Road	Gather	Ripe Fruit	Balloon Fruit	Gold Spiky Fruit	
9	Baynort Road	Gather	Ripe Fruit	Balloon Fruit	Gold Spiky Fruit	
9	Baynort Road	Gather	Ripe Fruit	Balloon Fruit	Gold Spiky Fruit	
9	Baynort Road	Gather	Ripe Fruit	Balloon Fruit	Gold Spiky Fruit	
9	Baynort Road	Gather	Evihibrow	Arbor Ivy	Mine Ant	
9	Baynort Road	Gather	Evihibrow	Arbor Ivy	Mine Ant	
9	Baynort Road	Gather	Evihibrow	Arbor Ivy	Mine Ant	
9	Baynort Road	Gather	Evihibrow	Arbor Ivy	Mine Ant	
9	Baynort Road	Gather	Thin Fruit	Nectar Fruit	Benevolent Twisted Tree	
9	Baynort Road	Gather	Thin Fruit	Nectar Fruit	Benevolent Twisted Tree	
9	Baynort Road	Gather	Thin Fruit	Nectar Fruit	Benevolent Twisted Tree	
9	Baynort Road	Gather	Thin Fruit	Nectar Fruit	Benevolent Twisted Tree	
9	Baynort Road	Sickle	Lotus	Crackling Water	Mana Petal	
9	Baynort Road	Sickle	Lotus	Crackling Water	Mana Petal	
9	Baynort Road	Sickle	Lotus	Crackling Water	Mana Petal	
9	Baynort Road	Sickle	Lotus	Crackling Water	Mana Petal	
9	Baynort Road	Axe	Eiche	Rotting Arbor Twig	Rotting Arbor Branch	
9	Baynort Road	Axe	Eiche	Rotting Arbor Twig	Rotting Arbor Branch	
9	Baynort Road	Axe	Eiche	Rotting Arbor Twig	Rotting Arbor Branch	
9	Baynort Road	Axe	Eiche	Rotting Arbor Twig	Rotting Arbor Branch	
9	Baynort Road	Gather	Beehive	Silver Beehive	Ancient Beehive	
9	Baynort Road	Gather	Beehive	Silver Beehive	Ancient Beehive	
9	Baynort Road	Gather	Beehive	Silver Beehive	Ancient Beehive	
9	Baynort Road	Gather	Beehive	Silver Beehive	Ancient Beehive	
9	Baynort Road	Gather	Tall Taun	Shepherdflower	Forest Sage	
9	Baynort Road	Gather	Tall Taun	Shepherdflower	Forest Sage	
9	Baynort Road	Gather	Tall Taun	Shepherdflower	Forest Sage	
9	Baynort Road	Gather	Tall Taun	Shepherdflower	Forest Sage	
9	Baynort Road	Sickle	Blue Clover	Medicinal Moss	Poison Grass	
9	Baynort Road	Sickle	Blue Clover	Medicinal Moss	Poison Grass	
9	Baynort Road	Sickle	Blue Clover	Medicinal Moss	Poison Grass	
9	Baynort Road	Sickle	Blue Clover	Medicinal Moss	Poison Grass	
9	Baynort Road	Sickle	Princess Grass	Lucky Clover	Chainweb	
9	Baynort Road	Sickle	Princess Grass	Lucky Clover	Chainweb	
9	Baynort Road	Sickle	Princess Grass	Lucky Clover	Chainweb	
9	Baynort Road	Sickle	Princess Grass	Lucky Clover	Chainweb	
9	Baynort Road	Gather	Glowshroom	Octoshroom	Whitefly	
9	Baynort Road	Gather	Glowshroom	Octoshroom	Whitefly	
9	Baynort Road	Gather	Glowshroom	Octoshroom	Whitefly	
9	Baynort Road	Gather	Glowshroom	Octoshroom	Whitefly	
9	Baynort Road	Gather	Gaudy Stone	Sand Crystals	Ashen Sand	
9	Baynort Road	Gather	Gaudy Stone	Sand Crystals	Ashen Sand	
9	Baynort Road	Gather	Gaudy Stone	Sand Crystals	Ashen Sand	
9	Baynort Road	Gather	Gaudy Stone	Sand Crystals	Ashen Sand	
9	Baynort Road	Gather	Yuqtul Frog	Mud Ball	Groundwater	
9	Baynort Road	Gather	Yuqtul Frog	Mud Ball	Groundwater	
9	Baynort Road	Gather	Yuqtul Frog	Mud Ball	Groundwater	
9	Baynort Road	Gather	Yuqtul Frog	Mud Ball	Groundwater	
9	Baynort Road	Bug Net	Honeypot Ant	Lapis Papillion	Ingot Bug	
9	Baynort Road	Bug Net	Honeypot Ant	Lapis Papillion	Ingot Bug	
9	Baynort Road	Bug Net	Honeypot Ant	Lapis Papillion	Ingot Bug	
9	Baynort Road	Bug Net	Honeypot Ant	Lapis Papillion	Ingot Bug	
9	Baynort Road	Gather	Magic Herb	Lucky Clover	Sweet Flower	
9	Baynort Road	Gather	Magic Herb	Lucky Clover	Sweet Flower	
9	Baynort Road	Gather	Magic Herb	Lucky Clover	Sweet Flower	
9	Baynort Road	Gather	Magic Herb	Lucky Clover	Sweet Flower	
9	Baynort Road	Gather	Thin Fruit	Nectar Fruit	Feather Draft	
9	Baynort Road	Gather	Thin Fruit	Nectar Fruit	Feather Draft	
9	Baynort Road	Gather	Thin Fruit	Nectar Fruit	Feather Draft	
9	Baynort Road	Gather	Thin Fruit	Nectar Fruit	Feather Draft	
9	Baynort Road	Gather	Demon Uni	Frost Uni	Emperor Uni	
9	Baynort Road	Gather	Demon Uni	Frost Uni	Emperor Uni	
9	Baynort Road	Gather	Demon Uni	Frost Uni	Emperor Uni	
9	Baynort Road	Gather	Demon Uni	Frost Uni	Emperor Uni	
9	Baynort Road	Gather	Orange Glass	Magic Tome Page	Seele Pilós	
9	Baynort Road	Gather	Orange Glass	Magic Tome Page	Seele Pilós	
9	Baynort Road	Gather	Orange Glass	Magic Tome Page	Seele Pilós	
9	Baynort Road	Gather	Orange Glass	Magic Tome Page	Seele Pilós	
9	Baynort Road	Gather	Taun	Natural Oil	Minuit Fleur	
9	Baynort Road	Gather	Taun	Natural Oil	Minuit Fleur	
9	Baynort Road	Gather	Taun	Natural Oil	Minuit Fleur	
9	Baynort Road	Gather	Taun	Natural Oil	Minuit Fleur	
9	Baynort Road	Bug Net	Star Ladybug	Big Horned Beetle	Moonlight Firefly	
9	Baynort Road	Bug Net	Star Ladybug	Big Horned Beetle	Moonlight Firefly	
9	Baynort Road	Bug Net	Star Ladybug	Big Horned Beetle	Moonlight Firefly	
9	Baynort Road	Bug Net	Star Ladybug	Big Horned Beetle	Moonlight Firefly	
9	Baynort Road	Gather	Sweet Flower	Mana Petal	Minuit Fleur	
9	Baynort Road	Gather	Sweet Flower	Mana Petal	Minuit Fleur	
9	Baynort Road	Gather	Sweet Flower	Mana Petal	Minuit Fleur	
9	Baynort Road	Gather	Sweet Flower	Mana Petal	Minuit Fleur	
9	Baynort Road	Gather	Thin Fruit	Nectar Fruit	Feather Draft	
9	Baynort Road	Gather	Thin Fruit	Nectar Fruit	Feather Draft	
9	Baynort Road	Gather	Thin Fruit	Nectar Fruit	Feather Draft	
9	Baynort Road	Gather	Thin Fruit	Nectar Fruit	Feather Draft	
9	Baynort Road	Gather	Uni	Demon Uni	Gold Uni	
9	Baynort Road	Gather	Uni	Demon Uni	Gold Uni	
9	Baynort Road	Gather	Uni	Demon Uni	Gold Uni	
9	Baynort Road	Gather	Uni	Demon Uni	Gold Uni	
9	Baynort Road	Gather	Poison Powder	Poison Cube	Tíkometal	
9	Baynort Road	Gather	Poison Powder	Poison Cube	Tíkometal	
9	Baynort Road	Gather	Poison Powder	Poison Cube	Tíkometal	
9	Baynort Road	Gather	Poison Powder	Poison Cube	Tíkometal	
9	Baynort Road	Bug Net	Honeypot Ant	Baby Menace	Ingot Beetle	
9	Baynort Road	Bug Net	Honeypot Ant	Baby Menace	Ingot Beetle	
9	Baynort Road	Bug Net	Honeypot Ant	Baby Menace	Ingot Beetle	
9	Baynort Road	Bug Net	Honeypot Ant	Baby Menace	Ingot Beetle	
3	Forgotten Ruins	Chest	Intro to Bombs, Vol. 1			
3	Forgotten Ruins	Chest	Bomb			
3	Forgotten Ruins	Chest	Dark Water			
3	Forgotten Ruins	Chest	Luminous Lance			
3	Forgotten Ruins	Chest	Hallfein Pendant			
3	Forgotten Ruins	Chest	Glass Goblet			
3	Forgotten Ruins	Gather	Magic Herb	Poison Grass	Colored Cotton Grass	
3	Forgotten Ruins	Gather	Magic Herb	Poison Grass	Colored Cotton Grass	
3	Forgotten Ruins	Gather	Magic Herb	Poison Grass	Colored Cotton Grass	
3	Forgotten Ruins	Axe	Medicinal Moss	Glowing Diatom	Mossy Stone	
3	Forgotten Ruins	Axe	Medicinal Moss	Glowing Diatom	Mossy Stone	
3	Forgotten Ruins	Axe	Dried Lumber	Evihibrow	Bewitching Chip	
3	Forgotten Ruins	Axe	Dried Lumber	Evihibrow	Bewitching Chip	
3	Forgotten Ruins	Gather	Broken Rock	Regicite	Metal Ore	
3	Forgotten Ruins	Gather	Broken Rock	Regicite	Metal Ore	
3	Forgotten Ruins	Gather	Broken Tools	Rusted Sword	Ancient Sword	
3	Forgotten Ruins	Gather	Broken Tools	Rusted Sword	Ancient Sword	
3	Forgotten Ruins	Gather	Broken Tools	Rusted Sword	Ancient Sword	
3	Forgotten Ruins	Gather	Eicheloa	Darkshroom	Honey Fungus	
3	Forgotten Ruins	Gather	Eicheloa	Darkshroom	Honey Fungus	
3	Forgotten Ruins	Gather	Eicheloa	Darkshroom	Honey Fungus	
3	Forgotten Ruins	Gather	Green Spiky Fruit	Ripe Fruit	Golden Fruit	
3	Forgotten Ruins	Gather	Green Spiky Fruit	Ripe Fruit	Golden Fruit	
3	Forgotten Ruins	Gather	Green Spiky Fruit	Ripe Fruit	Golden Fruit	
3	Forgotten Ruins	Gather	Uni	Demon Uni	Emperor Uni	
3	Forgotten Ruins	Gather	Uni	Demon Uni	Emperor Uni	
3	Forgotten Ruins	Gather	Beehive	Silver Beehive	Gold Beehive	
3	Forgotten Ruins	Gather	Beehive	Silver Beehive	Gold Beehive	
3	Forgotten Ruins	Gather	Ashen Sand	Magic Tome Page	Rotwood Miasma	
3	Forgotten Ruins	Gather	Ashen Sand	Magic Tome Page	Rotwood Miasma	
3	Forgotten Ruins	Gather	Ashen Sand	Magic Tome Page	Rotwood Miasma	
3	Forgotten Ruins	Gather	Taun	Natural Oil	Minuit Fleur	
3	Forgotten Ruins	Gather	Taun	Natural Oil	Minuit Fleur	
3	Forgotten Ruins	Gather	Taun	Natural Oil	Minuit Fleur	
3	Forgotten Ruins	Gather	Taun	Natural Oil	Minuit Fleur	
3	Forgotten Ruins	Gather	Taun	Natural Oil	Minuit Fleur	
3	Forgotten Ruins	Gather	Taun	Natural Oil	Minuit Fleur	
3	Forgotten Ruins	Gather	Taun	Natural Oil	Minuit Fleur	
3	Forgotten Ruins	Gather	Taun	Natural Oil	Minuit Fleur	
3	Forgotten Ruins	Bug Net	Star Ladybug	Big Horned Beetle	Moonlight Firefly	
3	Forgotten Ruins	Bug Net	Star Ladybug	Big Horned Beetle	Moonlight Firefly	
3	Forgotten Ruins	Gather	Paper Scraps	Magic Tome Page	Mine Ant	
3	Forgotten Ruins	Gather	Paper Scraps	Magic Tome Page	Mine Ant	
3	Forgotten Ruins	Gather	Paper Scraps	Magic Tome Page	Mine Ant	
3	Forgotten Ruins	Gather	Clean Water	Paper Scraps	Dried Lumber	
3	Forgotten Ruins	Gather	Whimsy Strawberries	Silver Web	Sage Fish	
3	Forgotten Ruins	Gather	Magic Herb	Poison Grass	Colored Cotton Grass	
3	Forgotten Ruins	Gather	Magic Herb	Poison Grass	Colored Cotton Grass	
3	Forgotten Ruins	Gather	Magic Herb	Poison Grass	Colored Cotton Grass	
3	Forgotten Ruins	Axe	Medicinal Moss	Glowing Diatom	Mossy Stone	
3	Forgotten Ruins	Axe	Medicinal Moss	Glowing Diatom	Mossy Stone	
3	Forgotten Ruins	Axe	Dried Lumber	Evihibrow	Bewitching Chip	
3	Forgotten Ruins	Axe	Dried Lumber	Evihibrow	Bewitching Chip	
3	Forgotten Ruins	Axe	Gaudy Stone	Regicite	Gold Ball	
3	Forgotten Ruins	Axe	Gaudy Stone	Regicite	Gold Ball	
3	Forgotten Ruins	Gather	Broken Tools	Rusted Sword	Mysterious Metal Shard	
3	Forgotten Ruins	Gather	Broken Tools	Rusted Sword	Mysterious Metal Shard	
3	Forgotten Ruins	Gather	Broken Tools	Rusted Sword	Mysterious Metal Shard	
3	Forgotten Ruins	Gather	Darkshroom	Mushroom Colony	Glowshroom	
3	Forgotten Ruins	Gather	Darkshroom	Mushroom Colony	Glowshroom	
3	Forgotten Ruins	Gather	Darkshroom	Mushroom Colony	Glowshroom	
3	Forgotten Ruins	Gather	Thin Fruit	Nectar Fruit	Feather Draft	
3	Forgotten Ruins	Gather	Thin Fruit	Nectar Fruit	Feather Draft	
3	Forgotten Ruins	Gather	Thin Fruit	Nectar Fruit	Feather Draft	
3	Forgotten Ruins	Gather	Rouge Gemstone	Metal Ore	Ruin Stone	
3	Forgotten Ruins	Gather	Rouge Gemstone	Metal Ore	Ruin Stone	
3	Forgotten Ruins	Gather	Uni	Demon Uni	Emperor Uni	
3	Forgotten Ruins	Gather	Uni	Demon Uni	Emperor Uni	
3	Forgotten Ruins	Gather	Beehive	Silver Beehive	Gold Beehive	
3	Forgotten Ruins	Gather	Beehive	Silver Beehive	Gold Beehive	
3	Forgotten Ruins	Gather	Amatite Ore	Magic Tome Page	Rotwood Miasma	
3	Forgotten Ruins	Gather	Amatite Ore	Magic Tome Page	Rotwood Miasma	
3	Forgotten Ruins	Gather	Amatite Ore	Magic Tome Page	Rotwood Miasma	
3	Forgotten Ruins	Gather	Taun	Natural Oil	Minuit Fleur	
3	Forgotten Ruins	Gather	Taun	Natural Oil	Minuit Fleur	
3	Forgotten Ruins	Gather	Taun	Natural Oil	Minuit Fleur	
3	Forgotten Ruins	Gather	Taun	Natural Oil	Minuit Fleur	
3	Forgotten Ruins	Gather	Taun	Natural Oil	Minuit Fleur	
3	Forgotten Ruins	Gather	Taun	Natural Oil	Minuit Fleur	
3	Forgotten Ruins	Gather	Taun	Natural Oil	Minuit Fleur	
3	Forgotten Ruins	Gather	Taun	Natural Oil	Minuit Fleur	
3	Forgotten Ruins	Bug Net	Star Ladybug	Big Horned Beetle	Moonlight Firefly	
3	Forgotten Ruins	Bug Net	Star Ladybug	Big Horned Beetle	Moonlight Firefly	
3	Forgotten Ruins	Gather	Paper Scraps	Magic Tome Page	Mine Ant	
3	Forgotten Ruins	Gather	Paper Scraps	Magic Tome Page	Mine Ant	
3	Forgotten Ruins	Gather	Paper Scraps	Magic Tome Page	Mine Ant	
3	Forgotten Ruins	Gather	Clean Water	Paper Scraps	Dried Lumber	
3	Forgotten Ruins	Gather	Whimsy Strawberries	Silver Web	Sage Fish	
4294967295		Chest				
4294967295		Chest				
4294967295		Chest				
22	Evermaze Forest	Gather	Blue Clover	Black Water	Esplante	
22	Evermaze Forest	Gather	Blue Clover	Black Water	Esplante	
22	Evermaze Forest	Gather	Blue Clover	Black Water	Esplante	
22	Evermaze Forest	Gather	Esplante	Star Ladybug	Yuqtul Frog	
22	Evermaze Forest	Gather	Esplante	Star Ladybug	Yuqtul Frog	
22	Evermaze Forest	Gather	Esplante	Star Ladybug	Yuqtul Frog	
22	Evermaze Forest	Gather	Cotton Grass	Evihibrow	Bewitching Chip	
22	Evermaze Forest	Gather	Cotton Grass	Evihibrow	Bewitching Chip	
22	Evermaze Forest	Gather	Cotton Grass	Evihibrow	Bewitching Chip	
22	Evermaze Forest	Gather	Whimsy Strawberries	Umbrella Tree Strawberry	Frost Uni	
22	Evermaze Forest	Gather	Whimsy Strawberries	Umbrella Tree Strawberry	Frost Uni	
22	Evermaze Forest	Gather	Whimsy Strawberries	Umbrella Tree Strawberry	Frost Uni	
22	Evermaze Forest	Gather	Whimsy Strawberries	Umbrella Tree Strawberry	Frost Uni	
22	Evermaze Forest	Gather	Thin Fruit	Nectar Fruit	Benevolent Twisted Tree	
22	Evermaze Forest	Gather	Thin Fruit	Nectar Fruit	Benevolent Twisted Tree	
22	Evermaze Forest	Gather	Thin Fruit	Nectar Fruit	Benevolent Twisted Tree	
22	Evermaze Forest	Gather	Palma Fruit	Sour Fruit	Sour Apple	
22	Evermaze Forest	Gather	Palma Fruit	Sour Fruit	Sour Apple	
22	Evermaze Forest	Gather	Palma Fruit	Sour Fruit	Sour Apple	
22	Evermaze Forest	Gather	Blue Clover	Black Water	Esplante	
22	Evermaze Forest	Gather	Blue Clover	Black Water	Esplante	
22	Evermaze Forest	Gather	Blue Clover	Black Water	Esplante	
22	Evermaze Forest	Gather	Blue Clover	Black Water	Esplante	
22	Evermaze Forest	Gather	Blue Clover	Black Water	Esplante	
22	Evermaze Forest	Gather	Silver Web	Chainweb	Lapis Papillion	
22	Evermaze Forest	Gather	Silver Web	Chainweb	Lapis Papillion	
22	Evermaze Forest	Gather	Silver Web	Chainweb	Lapis Papillion	
26	Evermaze Forest	Chest	Forests & Starpearls, Vol 1			
26	Evermaze Forest	Chest	Forests & Starpearls, Vol 2			
26	Evermaze Forest	Chest	Forests & Starpearls, Vol 3			
30	Dripcrystal Cave	Chest	Caves & Starpearls, Vol 1			
30	Dripcrystal Cave	Chest	Caves & Starpearls, Vol 2			
30	Dripcrystal Cave	Chest	Caves & Starpearls, Vol 3			
34	Mt. Bone-Eater	Chest	Plateaus & Starpearls, Vol 1			
34	Mt. Bone-Eater	Chest	Plateaus & Starpearls, Vol 2			
34	Mt. Bone-Eater	Chest	Plateaus & Starpearls, Vol 3			
38	Loiky Lava Cave	Chest	Volcanoes & Starpearls, Vol 1			
38	Loiky Lava Cave	Chest	Volcanoes & Starpearls, Vol 2			
38	Loiky Lava Cave	Chest	Volcanoes & Starpearls, Vol 3			
42	Darklit Tundra	Chest	Ice Crystals & Starpearls, Vol 1			
42	Darklit Tundra	Chest	Ice Crystals & Starpearls, Vol 2			
42	Darklit Tundra	Chest	Ice Crystals & Starpearls, Vol 3			
7	Val Mine	Chest	Monochrome Glasses			
7	Val Mine	Chest	Angel Ribbon			
7	Val Mine	Chest	Mana Petal			
7	Val Mine	Chest	Snow Boots			
7	Val Mine	Chest	Typhon Keim			
7	Val Mine	Axe	Gaudy Stone	Regicite	Gold Ball	
7	Val Mine	Axe	Gaudy Stone	Regicite	Gold Ball	
7	Val Mine	Axe	Gaudy Stone	Regicite	Gold Ball	
7	Val Mine	Gather	Amatite Ore	Metal Ore	Ruin Stone	
7	Val Mine	Gather	Amatite Ore	Metal Ore	Ruin Stone	
7	Val Mine	Gather	Amatite Ore	Metal Ore	Ruin Stone	
7	Val Mine	Gather	Amatite Ore	Metal Ore	Ruin Stone	
7	Val Mine	Gather	Blue Gemstone	Blue Crystal	Ethereal Stone	
7	Val Mine	Gather	Blue Gemstone	Blue Crystal	Ethereal Stone	
7	Val Mine	Gather	Blue Gemstone	Blue Crystal	Ethereal Stone	
7	Val Mine	Gather	Broken Tools	Rusted Sword	Ancient Sword	
7	Val Mine	Gather	Broken Tools	Rusted Sword	Ancient Sword	
7	Val Mine	Gather	Broken Tools	Rusted Sword	Ancient Sword	
7	Val Mine	Gather	Broken Tools	Rusted Sword	Ancient Sword	
7	Val Mine	Gather	Rainbow Crystal	Rainbow Coral Fragment	Big Horned Beetle	
7	Val Mine	Gather	Rainbow Crystal	Rainbow Coral Fragment	Big Horned Beetle	
7	Val Mine	Gather	Rainbow Crystal	Rainbow Coral Fragment	Big Horned Beetle	
7	Val Mine	Gather	Rainbow Crystal	Rainbow Coral Fragment	Big Horned Beetle	
7	Val Mine	Gather	Tough Bone	Medium Medicine	Spiral Bone	
7	Val Mine	Gather	Tough Bone	Medium Medicine	Spiral Bone	
7	Val Mine	Gather	Tough Bone	Medium Medicine	Spiral Bone	
7	Val Mine	Gather	Tough Bone	Medium Medicine	Spiral Bone	
7	Val Mine	Axe	Blue Gemstone	Blue Crystal	Eternal Crystal	
7	Val Mine	Axe	Blue Gemstone	Blue Crystal	Eternal Crystal	
7	Val Mine	Axe	Blue Gemstone	Blue Crystal	Eternal Crystal	
7	Val Mine	Gather	Clean Water	Sparkling Sand	Smech	
7	Val Mine	Gather	Clean Water	Sparkling Sand	Smech	
7	Val Mine	Gather	Clean Water	Sparkling Sand	Smech	
7	Val Mine	Gather	Clean Water	Sparkling Sand	Smech	
7	Val Mine	Gather	Zafloa Oil	Rouge Gemstone	Ruin Stone	
7	Val Mine	Gather	Zafloa Oil	Rouge Gemstone	Ruin Stone	
7	Val Mine	Gather	Zafloa Oil	Rouge Gemstone	Ruin Stone	
7	Val Mine	Gather	Eicheloa	Darkshroom	Honey Fungus	
7	Val Mine	Gather	Eicheloa	Darkshroom	Honey Fungus	
7	Val Mine	Gather	Eicheloa	Darkshroom	Honey Fungus	
7	Val Mine	Gather	Eicheloa	Darkshroom	Honey Fungus	
7	Val Mine	Gather	Sand Crystals	Black Water	Orange Glass	
7	Val Mine	Gather	Sand Crystals	Black Water	Orange Glass	
7	Val Mine	Gather	Sand Crystals	Black Water	Orange Glass	
7	Val Mine	Gather	Sand Crystals	Black Water	Orange Glass	
7	Val Mine	Axe	Blue Crystal	Amatite Ore	Black Volcanic Ore	
7	Val Mine	Axe	Blue Crystal	Amatite Ore	Black Volcanic Ore	
7	Val Mine	Axe	Blue Crystal	Amatite Ore	Black Volcanic Ore	
7	Val Mine	Axe	Blue Crystal	Amatite Ore	Black Volcanic Ore	
7	Val Mine	Gather	Red Sand	Zafloa Oil	Baby Wyrm	
7	Val Mine	Gather	Red Sand	Zafloa Oil	Baby Wyrm	
7	Val Mine	Gather	Red Sand	Zafloa Oil	Baby Wyrm	
7	Val Mine	Gather	Red Sand	Zafloa Oil	Baby Wyrm	
7	Val Mine	Gather	Clean Water	Dried Lumber	Sea Horse	
7	Val Mine	Gather	Blue Clover	Black Water	Poison Cube	
7	Val Mine	Gather	Broken Rock	Regicite	Metal Ore	
7	Val Mine	Gather	Broken Rock	Regicite	Metal Ore	
7	Val Mine	Gather	Broken Rock	Regicite	Metal Ore	
7	Val Mine	Gather	Mud Ball	Ash Ball	Gold Ball	
7	Val Mine	Gather	Mud Ball	Ash Ball	Gold Ball	
7	Val Mine	Gather	Mud Ball	Ash Ball	Gold Ball	
7	Val Mine	Gather	Rouge Gemstone	Metal Ore	Ruin Stone	
7	Val Mine	Gather	Rouge Gemstone	Metal Ore	Ruin Stone	
7	Val Mine	Gather	Rouge Gemstone	Metal Ore	Ruin Stone	
7	Val Mine	Gather	Rouge Gemstone	Metal Ore	Ruin Stone	
7	Val Mine	Gather	Blue Gemstone	Blue Crystal	Ethereal Stone	
7	Val Mine	Gather	Blue Gemstone	Blue Crystal	Ethereal Stone	
7	Val Mine	Gather	Blue Gemstone	Blue Crystal	Ethereal Stone	
7	Val Mine	Gather	Broken Tools	Rusted Sword	Ancient Sword	
7	Val Mine	Gather	Broken Tools	Rusted Sword	Ancient Sword	
7	Val Mine	Gather	Broken Tools	Rusted Sword	Ancient Sword	
7	Val Mine	Gather	Broken Tools	Rusted Sword	Ancient Sword	
7	Val Mine	Gather	Rainbow Crystal	Rainbow Coral Fragment	Big Horned Beetle	
7	Val Mine	Gather	Rainbow Crystal	Rainbow Coral Fragment	Big Horned Beetle	
7	Val Mine	Gather	Rainbow Crystal	Rainbow Coral Fragment	Big Horned Beetle	
7	Val Mine	Gather	Rainbow Crystal	Rainbow Coral Fragment	Big Horned Beetle	
7	Val Mine	Gather	Medium Medicine	Tough Bone	Spiral Bone	
7	Val Mine	Gather	Medium Medicine	Tough Bone	Spiral Bone	
7	Val Mine	Gather	Medium Medicine	Tough Bone	Spiral Bone	
7	Val Mine	Gather	Medium Medicine	Tough Bone	Spiral Bone	
7	Val Mine	Axe	Blue Gemstone	Blue Crystal	Eternal Crystal	
7	Val Mine	Axe	Blue Gemstone	Blue Crystal	Eternal Crystal	
7	Val Mine	Axe	Blue Gemstone	Blue Crystal	Eternal Crystal	
7	Val Mine	Gather	Amatite Ore	Shining Powder	Diamant Gemstone	
7	Val Mine	Gather	Amatite Ore	Shining Powder	Diamant Gemstone	
7	Val Mine	Gather	Amatite Ore	Shining Powder	Diamant Gemstone	
7	Val Mine	Gather	Darkshroom	Mushroom Colony	Glowshroom	
7	Val Mine	Gather	Darkshroom	Mushroom Colony	Glowshroom	
7	Val Mine	Gather	Darkshroom	Mushroom Colony	Glowshroom	
7	Val Mine	Gather	Darkshroom	Mushroom Colony	Glowshroom	
7	Val Mine	Gather	Gunpowder Base	Groundwater	Pourpremoule	
7	Val Mine	Gather	Gunpowder Base	Groundwater	Pourpremoule	
7	Val Mine	Gather	Gunpowder Base	Groundwater	Pourpremoule	
7	Val Mine	Gather	Gunpowder Base	Groundwater	Pourpremoule	
7	Val Mine	Axe	Blue Crystal	Amatite Ore	Black Volcanic Ore	
7	Val Mine	Axe	Blue Crystal	Amatite Ore	Black Volcanic Ore	
7	Val Mine	Axe	Blue Crystal	Amatite Ore	Black Volcanic Ore	
7	Val Mine	Axe	Blue Crystal	Amatite Ore	Black Volcanic Ore	
7	Val Mine	Gather	Zafloa Oil	Red Sand	Baby Wyrm	
7	Val Mine	Gather	Zafloa Oil	Red Sand	Baby Wyrm	
7	Val Mine	Gather	Zafloa Oil	Red Sand	Baby Wyrm	
7	Val Mine	Gather	Zafloa Oil	Red Sand	Baby Wyrm	
7	Val Mine	Gather	Dried Lumber	Clean Water	Sea Horse	
7	Val Mine	Gather	Clean Water	Black Water	Poison Cube	
14	Garden of Serenity	Chest	Healing Salve			
14	Garden of Serenity	Chest	Bunny Tail			
14	Garden of Serenity	Chest	Puni Candy			
14	Garden of Serenity	Chest	Alchemy Filter			
14	Garden of Serenity	Chest	Purple Neutralizer			
14	Garden of Serenity	Chest	How to Make Your Own Leather Shoes			
14	Garden of Serenity	Chest	Commander's Plate			
14	Garden of Serenity	Chest	Blue Puni Charm			
14	Garden of Serenity	Gather	Zapping Water	Black Water	Whitefly	
14	Garden of Serenity	Gather	Zapping Water	Black Water	Whitefly	
14	Garden of Serenity	Gather	Zapping Water	Black Water	Whitefly	
14	Garden of Serenity	Gather	Zapping Water	Black Water	Whitefly	
14	Garden of Serenity	Gather	Zapping Water	Black Water	Whitefly	
14	Garden of Serenity	Gather	Zapping Water	Black Water	Whitefly	
14	Garden of Serenity	Gather	Zapping Water	Black Water	Whitefly	
14	Garden of Serenity	Gather	Zapping Water	Black Water	Whitefly	
14	Garden of Serenity	Gather	Crackling Water	Expiation Worm	Moonlight Firefly	
14	Garden of Serenity	Gather	Crackling Water	Expiation Worm	Moonlight Firefly	
14	Garden of Serenity	Gather	Crackling Water	Expiation Worm	Moonlight Firefly	
14	Garden of Serenity	Gather	Crackling Water	Expiation Worm	Moonlight Firefly	
14	Garden of Serenity	Gather	Cotton Grass	Poison Grass	Supple Vine	
14	Garden of Serenity	Gather	Cotton Grass	Poison Grass	Supple Vine	
14	Garden of Serenity	Gather	Cotton Grass	Poison Grass	Supple Vine	
14	Garden of Serenity	Gather	Cotton Grass	Poison Grass	Supple Vine	
14	Garden of Serenity	Gather	Whimsy Strawberries	Umbrella Tree Strawberry	Colored Cotton Grass	
14	Garden of Serenity	Gather	Whimsy Strawberries	Umbrella Tree Strawberry	Colored Cotton Grass	
14	Garden of Serenity	Gather	Whimsy Strawberries	Umbrella Tree Strawberry	Colored Cotton Grass	
14	Garden of Serenity	Gather	Whimsy Strawberries	Umbrella Tree Strawberry	Colored Cotton Grass	
14	Garden of Serenity	Sickle	Tall Taun	Lucky Clover	Mana Petal	
14	Garden of Serenity	Sickle	Tall Taun	Lucky Clover	Mana Petal	
14	Garden of Serenity	Sickle	Tall Taun	Lucky Clover	Mana Petal	
14	Garden of Serenity	Sickle	Tall Taun	Lucky Clover	Mana Petal	
14	Garden of Serenity	Gather	Sweet Flower	Mana Petal	Minuit Fleur	
14	Garden of Serenity	Gather	Sweet Flower	Mana Petal	Minuit Fleur	
14	Garden of Serenity	Gather	Sweet Flower	Mana Petal	Minuit Fleur	
14	Garden of Serenity	Gather	Sweet Flower	Mana Petal	Minuit Fleur	
14	Garden of Serenity	Axe	Eiche	Evihibrow	Holy Arbor Branch	
14	Garden of Serenity	Axe	Eiche	Evihibrow	Holy Arbor Branch	
14	Garden of Serenity	Axe	Eiche	Evihibrow	Holy Arbor Branch	
14	Garden of Serenity	Axe	Eiche	Evihibrow	Holy Arbor Branch	
14	Garden of Serenity	Sickle	Magic Herb	Torch Grass	Diaphane	
14	Garden of Serenity	Sickle	Magic Herb	Torch Grass	Diaphane	
14	Garden of Serenity	Sickle	Magic Herb	Torch Grass	Diaphane	
14	Garden of Serenity	Sickle	Magic Herb	Torch Grass	Diaphane	
14	Garden of Serenity	Gather	Beehive	Silver Beehive	Gold Beehive	
14	Garden of Serenity	Gather	Beehive	Silver Beehive	Gold Beehive	
14	Garden of Serenity	Gather	Beehive	Silver Beehive	Gold Beehive	
14	Garden of Serenity	Gather	Beehive	Silver Beehive	Gold Beehive	
14	Garden of Serenity	Gather	Chainweb	Gold Steel Web	Underground Spider Queen	
14	Garden of Serenity	Gather	Chainweb	Gold Steel Web	Underground Spider Queen	
14	Garden of Serenity	Gather	Chainweb	Gold Steel Web	Underground Spider Queen	
14	Garden of Serenity	Gather	Chainweb	Gold Steel Web	Underground Spider Queen	
14	Garden of Serenity	Gather	Taun	Lotus	Medicinal Moss	
14	Garden of Serenity	Gather	Taun	Lotus	Medicinal Moss	
14	Garden of Serenity	Gather	Taun	Lotus	Medicinal Moss	
14	Garden of Serenity	Gather	Taun	Lotus	Medicinal Moss	
14	Garden of Serenity	Gather	Eicheloa	Darkshroom	Honey Fungus	
14	Garden of Serenity	Gather	Eicheloa	Darkshroom	Honey Fungus	
14	Garden of Serenity	Gather	Eicheloa	Darkshroom	Honey Fungus	
14	Garden of Serenity	Gather	Eicheloa	Darkshroom	Honey Fungus	
14	Garden of Serenity	Gather	Green Spiky Fruit	Ripe Fruit	Golden Fruit	
14	Garden of Serenity	Gather	Green Spiky Fruit	Ripe Fruit	Golden Fruit	
14	Garden of Serenity	Gather	Green Spiky Fruit	Ripe Fruit	Golden Fruit	
14	Garden of Serenity	Gather	Green Spiky Fruit	Ripe Fruit	Golden Fruit	
14	Garden of Serenity	Gather	Blackberry	Elder Garlic	Supple Vine	
14	Garden of Serenity	Gather	Blackberry	Elder Garlic	Supple Vine	
14	Garden of Serenity	Gather	Blackberry	Elder Garlic	Supple Vine	
14	Garden of Serenity	Gather	Blackberry	Elder Garlic	Supple Vine	
14	Garden of Serenity	Gather	Thin Fruit	Nectar Fruit	Benevolent Twisted Tree	
14	Garden of Serenity	Gather	Thin Fruit	Nectar Fruit	Benevolent Twisted Tree	
14	Garden of Serenity	Gather	Thin Fruit	Nectar Fruit	Benevolent Twisted Tree	
14	Garden of Serenity	Gather	Thin Fruit	Nectar Fruit	Benevolent Twisted Tree	
14	Garden of Serenity	Gather	Blue Clover	Nightglow Flower	Eternal Blossom	
14	Garden of Serenity	Gather	Blue Clover	Nightglow Flower	Eternal Blossom	
14	Garden of Serenity	Gather	Blue Clover	Nightglow Flower	Eternal Blossom	
14	Garden of Serenity	Gather	Blue Clover	Nightglow Flower	Eternal Blossom	
14	Garden of Serenity	Gather	Uni	Demon Uni	Steam Uni	
14	Garden of Serenity	Gather	Uni	Demon Uni	Steam Uni	
14	Garden of Serenity	Gather	Uni	Demon Uni	Steam Uni	
14	Garden of Serenity	Gather	Uni	Demon Uni	Steam Uni	
14	Garden of Serenity	Gather	Esplante	Star Ladybug	Ingot Bug	
14	Garden of Serenity	Gather	Esplante	Star Ladybug	Ingot Bug	
14	Garden of Serenity	Gather	Esplante	Star Ladybug	Ingot Bug	
14	Garden of Serenity	Gather	Esplante	Star Ladybug	Ingot Bug	
14	Garden of Serenity	Gather	Esplante	Star Ladybug	Ingot Bug	
14	Garden of Serenity	Gather	Esplante	Star Ladybug	Ingot Bug	
14	Garden of Serenity	Gather	Esplante	Star Ladybug	Ingot Bug	
14	Garden of Serenity	Gather	Esplante	Star Ladybug	Ingot Bug	
14	Garden of Serenity	Gather	Diaphane	Blue Clover	Sweet Flower	
14	Garden of Serenity	Gather	Diaphane	Blue Clover	Sweet Flower	
14	Garden of Serenity	Gather	Diaphane	Blue Clover	Sweet Flower	
14	Garden of Serenity	Gather	Diaphane	Blue Clover	Sweet Flower	
14	Garden of Serenity	Bug Net	Honeypot Ant	Baby Wyrm	Lapis Papillion	
14	Garden of Serenity	Bug Net	Honeypot Ant	Baby Wyrm	Lapis Papillion	
14	Garden of Serenity	Bug Net	Honeypot Ant	Baby Wyrm	Lapis Papillion	
14	Garden of Serenity	Bug Net	Honeypot Ant	Baby Wyrm	Lapis Papillion	
14	Garden of Serenity	Gather	Zapping Water	Black Water	Whitefly	
14	Garden of Serenity	Gather	Zapping Water	Black Water	Whitefly	
14	Garden of Serenity	Gather	Zapping Water	Black Water	Whitefly	
14	Garden of Serenity	Gather	Zapping Water	Black Water	Whitefly	
14	Garden of Serenity	Gather	Zapping Water	Black Water	Whitefly	
14	Garden of Serenity	Gather	Zapping Water	Black Water	Whitefly	
14	Garden of Serenity	Gather	Zapping Water	Black Water	Whitefly	
14	Garden of Serenity	Gather	Zapping Water	Black Water	Whitefly	
14	Garden of Serenity	Gather	Zapping Water	Black Water	Whitefly	
14	Garden of Serenity	Gather	Zapping Water	Black Water	Whitefly	
14	Garden of Serenity	Gather	Zapping Water	Black Water	Whitefly	
14	Garden of Serenity	Gather	Zapping Water	Black Water	Whitefly	
14	Garden of Serenity	Gather	Silver Web	Paper Scraps	Moonlight Firefly	
14	Garden of Serenity	Gather	Silver Web	Paper Scraps	Moonlight Firefly	
14	Garden of Serenity	Gather	Silver Web	Paper Scraps	Moonlight Firefly	
14	Garden of Serenity	Gather	Silver Web	Paper Scraps	Moonlight Firefly	
14	Garden of Serenity	Gather	Ferrous Isopod	Umbrella Tree Strawberry	Blackberry	
14	Garden of Serenity	Gather	Ferrous Isopod	Umbrella Tree Strawberry	Blackberry	
14	Garden of Serenity	Gather	Ferrous Isopod	Umbrella Tree Strawberry	Blackberry	
14	Garden of Serenity	Gather	Ferrous Isopod	Umbrella Tree Strawberry	Blackberry	
14	Garden of Serenity	Sickle	Tall Taun	Lucky Clover	Heilige Blume	
14	Garden of Serenity	Sickle	Tall Taun	Lucky Clover	Heilige Blume	
14	Garden of Serenity	Sickle	Tall Taun	Lucky Clover	Heilige Blume	
14	Garden of Serenity	Sickle	Tall Taun	Lucky Clover	Heilige Blume	
14	Garden of Serenity	Gather	Poison Grass	Sweet Flower	Minuit Fleur	
14	Garden of Serenity	Gather	Poison Grass	Sweet Flower	Minuit Fleur	
14	Garden of Serenity	Gather	Poison Grass	Sweet Flower	Minuit Fleur	
14	Garden of Serenity	Gather	Poison Grass	Sweet Flower	Minuit Fleur	
14	Garden of Serenity	Axe	Dried Lumber	Evihibrow	Bewitching Chip	
14	Garden of Serenity	Axe	Dried Lumber	Evihibrow	Bewitching Chip	
14	Garden of Serenity	Axe	Dried Lumber	Evihibrow	Bewitching Chip	
14	Garden of Serenity	Axe	Dried Lumber	Evihibrow	Bewitching Chip	
14	Garden of Serenity	Sickle	Magic Herb	Torch Grass	Diaphane	
14	Garden of Serenity	Sickle	Magic Herb	Torch Grass	Diaphane	
14	Garden of Serenity	Sickle	Magic Herb	Torch Grass	Diaphane	
14	Garden of Serenity	Sickle	Magic Herb	Torch Grass	Diaphane	
14	Garden of Serenity	Gather	Cotton Grass	Evihibrow	Bewitching Chip	
14	Garden of Serenity	Gather	Cotton Grass	Evihibrow	Bewitching Chip	
14	Garden of Serenity	Gather	Cotton Grass	Evihibrow	Bewitching Chip	
14	Garden of Serenity	Gather	Cotton Grass	Evihibrow	Bewitching Chip	
14	Garden of Serenity	Gather	Beehive	Silver Beehive	Gold Beehive	
14	Garden of Serenity	Gather	Beehive	Silver Beehive	Gold Beehive	
14	Garden of Serenity	Gather	Beehive	Silver Beehive	Gold Beehive	
14	Garden of Serenity	Gather	Beehive	Silver Beehive	Gold Beehive	
14	Garden of Serenity	Gather	Chainweb	Gold Steel Web	Underground Spider Queen	
14	Garden of Serenity	Gather	Chainweb	Gold Steel Web	Underground Spider Queen	
14	Garden of Serenity	Gather	Chainweb	Gold Steel Web	Underground Spider Queen	
14	Garden of Serenity	Gather	Chainweb	Gold Steel Web	Underground Spider Queen	
14	Garden of Serenity	Gather	Taun	Lotus	Medicinal Moss	
14	Garden of Serenity	Gather	Taun	Lotus	Medicinal Moss	
14	Garden of Serenity	Gather	Taun	Lotus	Medicinal Moss	
14	Garden of Serenity	Gather	Taun	Lotus	Medicinal Moss	
14	Garden of Serenity	Gather	Eicheloa	Darkshroom	Honey Fungus	
14	Garden of Serenity	Gather	Eicheloa	Darkshroom	Honey Fungus	
14	Garden of Serenity	Gather	Eicheloa	Darkshroom	Honey Fungus	
14	Garden of Serenity	Gather	Eicheloa	Darkshroom	Honey Fungus	
14	Garden of Serenity	Gather	Green Spiky Fruit	Ripe Fruit	Golden Fruit	
14	Garden of Serenity	Gather	Green Spiky Fruit	Ripe Fruit	Golden Fruit	
14	Garden of Serenity	Gather	Green Spiky Fruit	Ripe Fruit	Golden Fruit	
14	Garden of Serenity	Gather	Green Spiky Fruit	Ripe Fruit	Golden Fruit	
14	Garden of Serenity	Gather	Whimsy Strawberries	Elder Garlic	Bitter Root	
14	Garden of Serenity	Gather	Whimsy Strawberries	Elder Garlic	Bitter Root	
14	Garden of Serenity	Gather	Whimsy Strawberries	Elder Garlic	Bitter Root	
14	Garden of Serenity	Gather	Whimsy Strawberries	Elder Garlic	Bitter Root	
14	Garden of Serenity	Gather	Nectar Fruit	Ripe Fruit	Benevolent Twisted Tree	
14	Garden of Serenity	Gather	Nectar Fruit	Ripe Fruit	Benevolent Twisted Tree	
14	Garden of Serenity	Gather	Nectar Fruit	Ripe Fruit	Benevolent Twisted Tree	
14	Garden of Serenity	Gather	Nectar Fruit	Ripe Fruit	Benevolent Twisted Tree	
14	Garden of Serenity	Gather	Princess Grass	Blue Clover	Eternal Blossom	
14	Garden of Serenity	Gather	Princess Grass	Blue Clover	Eternal Blossom	
14	Garden of Serenity	Gather	Princess Grass	Blue Clover	Eternal Blossom	
14	Garden of Serenity	Gather	Princess Grass	Blue Clover	Eternal Blossom	
14	Garden of Serenity	Gather	Frost Uni	Demon Uni	Steam Uni	
14	Garden of Serenity	Gather	Frost Uni	Demon Uni	Steam Uni	
14	Garden of Serenity	Gather	Frost Uni	Demon Uni	Steam Uni	
14	Garden of Serenity	Gather	Frost Uni	Demon Uni	Steam Uni	
14	Garden of Serenity	Gather	Black Water	Fatal Nebula	Esplante	
14	Garden of Serenity	Gather	Black Water	Fatal Nebula	Esplante	
14	Garden of Serenity	Gather	Black Water	Fatal Nebula	Esplante	
14	Garden of Serenity	Gather	Black Water	Fatal Nebula	Esplante	
14	Garden of Serenity	Gather	Diaphane	Blue Clover	Sweet Flower	
14	Garden of Serenity	Gather	Diaphane	Blue Clover	Sweet Flower	
14	Garden of Serenity	Gather	Diaphane	Blue Clover	Sweet Flower	
14	Garden of Serenity	Gather	Diaphane	Blue Clover	Sweet Flower	
14	Garden of Serenity	Bug Net	Expiation Worm	Big Horned Beetle	Underground Spider Queen	
14	Garden of Serenity	Bug Net	Expiation Worm	Big Horned Beetle	Underground Spider Queen	
14	Garden of Serenity	Bug Net	Expiation Worm	Big Horned Beetle	Underground Spider Queen	
14	Garden of Serenity	Bug Net	Expiation Worm	Big Horned Beetle	Underground Spider Queen	
10	Blyde Grasslands	Chest	Recommended Supplements			
10	Blyde Grasslands	Chest	Ice Bomb			
10	Blyde Grasslands	Chest	Star Staff			
10	Blyde Grasslands	Chest	Cloth			
10	Blyde Grasslands	Chest	Feather Pin			
10	Blyde Grasslands	Chest	Mysterious Metal Shard			
10	Blyde Grasslands	Chest	Flügel			
10	Blyde Grasslands	Chest	Rainbow Neutralizer			
10	Blyde Grasslands	Gather	Magic Herb	Poison Grass	Forest Sage	
10	Blyde Grasslands	Gather	Magic Herb	Poison Grass	Forest Sage	
10	Blyde Grasslands	Gather	Magic Herb	Poison Grass	Forest Sage	
10	Blyde Grasslands	Gather	Magic Herb	Poison Grass	Forest Sage	
10	Blyde Grasslands	Gather	Whimsy Strawberries	Mine Ant	Jewelgrass Seeds	
10	Blyde Grasslands	Gather	Whimsy Strawberries	Mine Ant	Jewelgrass Seeds	
10	Blyde Grasslands	Gather	Whimsy Strawberries	Mine Ant	Jewelgrass Seeds	
10	Blyde Grasslands	Gather	Whimsy Strawberries	Mine Ant	Jewelgrass Seeds	
10	Blyde Grasslands	Sickle	Tall Taun	Lucky Clover	Heilige Blume	
10	Blyde Grasslands	Sickle	Tall Taun	Lucky Clover	Heilige Blume	
10	Blyde Grasslands	Sickle	Tall Taun	Lucky Clover	Heilige Blume	
10	Blyde Grasslands	Sickle	Tall Taun	Lucky Clover	Heilige Blume	
10	Blyde Grasslands	Sickle	Magic Herb	Torch Grass	Diaphane	
10	Blyde Grasslands	Sickle	Magic Herb	Torch Grass	Diaphane	
10	Blyde Grasslands	Sickle	Magic Herb	Torch Grass	Diaphane	
10	Blyde Grasslands	Sickle	Magic Herb	Torch Grass	Diaphane	
10	Blyde Grasslands	Gather	Beehive	Silver Beehive	Ancient Beehive	
10	Blyde Grasslands	Gather	Beehive	Silver Beehive	Ancient Beehive	
10	Blyde Grasslands	Gather	Beehive	Silver Beehive	Ancient Beehive	
10	Blyde Grasslands	Gather	Beehive	Silver Beehive	Ancient Beehive	
10	Blyde Grasslands	Gather	Eicheloa	Octoshroom	Dreamy Crown	
10	Blyde Grasslands	Gather	Eicheloa	Octoshroom	Dreamy Crown	
10	Blyde Grasslands	Gather	Eicheloa	Octoshroom	Dreamy Crown	
10	Blyde Grasslands	Gather	Eicheloa	Octoshroom	Dreamy Crown	
10	Blyde Grasslands	Gather	Evihibrow	Arbor Ivy	Mine Ant	
10	Blyde Grasslands	Gather	Evihibrow	Arbor Ivy	Mine Ant	
10	Blyde Grasslands	Gather	Evihibrow	Arbor Ivy	Mine Ant	
10	Blyde Grasslands	Gather	Evihibrow	Arbor Ivy	Mine Ant	
10	Blyde Grasslands	Gather	Clean Water	Fatal Nebula	Mist Liquid	
10	Blyde Grasslands	Gather	Clean Water	Fatal Nebula	Mist Liquid	
10	Blyde Grasslands	Gather	Clean Water	Fatal Nebula	Mist Liquid	
10	Blyde Grasslands	Gather	Clean Water	Fatal Nebula	Mist Liquid	
10	Blyde Grasslands	Gather	Nectar Fruit	Arbor Ivy	Ripe Fruit	
10	Blyde Grasslands	Gather	Nectar Fruit	Arbor Ivy	Ripe Fruit	
10	Blyde Grasslands	Gather	Nectar Fruit	Arbor Ivy	Ripe Fruit	
10	Blyde Grasslands	Gather	Nectar Fruit	Arbor Ivy	Ripe Fruit	
10	Blyde Grasslands	Gather	Blackberry	Elder Garlic	Supple Vine	
10	Blyde Grasslands	Gather	Blackberry	Elder Garlic	Supple Vine	
10	Blyde Grasslands	Gather	Blackberry	Elder Garlic	Supple Vine	
10	Blyde Grasslands	Gather	Blackberry	Elder Garlic	Supple Vine	
10	Blyde Grasslands	Axe	Dried Lumber	Evihibrow	Bewitching Chip	
10	Blyde Grasslands	Axe	Dried Lumber	Evihibrow	Bewitching Chip	
10	Blyde Grasslands	Axe	Dried Lumber	Evihibrow	Bewitching Chip	
10	Blyde Grasslands	Axe	Dried Lumber	Evihibrow	Bewitching Chip	
10	Blyde Grasslands	Gather	Palma Fruit	Sour Fruit	Gold Spiky Fruit	
10	Blyde Grasslands	Gather	Palma Fruit	Sour Fruit	Gold Spiky Fruit	
10	Blyde Grasslands	Gather	Palma Fruit	Sour Fruit	Gold Spiky Fruit	
10	Blyde Grasslands	Gather	Palma Fruit	Sour Fruit	Gold Spiky Fruit	
10	Blyde Grasslands	Gather	Black Water	Fatal Nebula	Esplante	
10	Blyde Grasslands	Gather	Black Water	Fatal Nebula	Esplante	
10	Blyde Grasslands	Gather	Black Water	Fatal Nebula	Esplante	
10	Blyde Grasslands	Gather	Black Water	Fatal Nebula	Esplante	
10	Blyde Grasslands	Gather	Gunpowder Base	Orange Glass	Rainbow Wing Fragment	
10	Blyde Grasslands	Gather	Gunpowder Base	Orange Glass	Rainbow Wing Fragment	
10	Blyde Grasslands	Gather	Gunpowder Base	Orange Glass	Rainbow Wing Fragment	
10	Blyde Grasslands	Gather	Gunpowder Base	Orange Glass	Rainbow Wing Fragment	
10	Blyde Grasslands	Gather	Blue Clover	Princess Grass	Sweet Flower	
10	Blyde Grasslands	Gather	Blue Clover	Princess Grass	Sweet Flower	
10	Blyde Grasslands	Gather	Blue Clover	Princess Grass	Sweet Flower	
10	Blyde Grasslands	Gather	Blue Clover	Princess Grass	Sweet Flower	
10	Blyde Grasslands	Bug Net	Expiation Worm	Big Horned Beetle	Underground Spider Queen	
10	Blyde Grasslands	Bug Net	Expiation Worm	Big Horned Beetle	Underground Spider Queen	
10	Blyde Grasslands	Bug Net	Expiation Worm	Big Horned Beetle	Underground Spider Queen	
10	Blyde Grasslands	Bug Net	Expiation Worm	Big Horned Beetle	Underground Spider Queen	
10	Blyde Grasslands	Gather	Crackling Water	Smech	Feather Draft	
10	Blyde Grasslands	Gather	Crackling Water	Smech	Feather Draft	
10	Blyde Grasslands	Gather	Crackling Water	Smech	Feather Draft	
10	Blyde Grasslands	Gather	Crackling Water	Smech	Feather Draft	
10	Blyde Grasslands	Gather	Broken Rock	Fureshumere	Frost Uni	
10	Blyde Grasslands	Gather	Broken Rock	Fureshumere	Frost Uni	
10	Blyde Grasslands	Gather	Broken Rock	Fureshumere	Frost Uni	
10	Blyde Grasslands	Gather	Broken Rock	Fureshumere	Frost Uni	
10	Blyde Grasslands	Gather	Magic Herb	Poison Grass	Forest Sage	
10	Blyde Grasslands	Gather	Magic Herb	Poison Grass	Forest Sage	
10	Blyde Grasslands	Gather	Magic Herb	Poison Grass	Forest Sage	
10	Blyde Grasslands	Gather	Magic Herb	Poison Grass	Forest Sage	
10	Blyde Grasslands	Gather	Ferrous Isopod	Umbrella Tree Strawberry	Blackberry	
10	Blyde Grasslands	Gather	Ferrous Isopod	Umbrella Tree Strawberry	Blackberry	
10	Blyde Grasslands	Gather	Ferrous Isopod	Umbrella Tree Strawberry	Blackberry	
10	Blyde Grasslands	Gather	Ferrous Isopod	Umbrella Tree Strawberry	Blackberry	
10	Blyde Grasslands	Sickle	Tall Taun	Lucky Clover	Heilige Blume	
10	Blyde Grasslands	Sickle	Tall Taun	Lucky Clover	Heilige Blume	
10	Blyde Grasslands	Sickle	Tall Taun	Lucky Clover	Heilige Blume	
10	Blyde Grasslands	Sickle	Tall Taun	Lucky Clover	Heilige Blume	
10	Blyde Grasslands	Sickle	Sweet Flower	Diaphane	Sweet Flower	
10	Blyde Grasslands	Sickle	Sweet Flower	Diaphane	Sweet Flower	
10	Blyde Grasslands	Sickle	Sweet Flower	Diaphane	Sweet Flower	
10	Blyde Grasslands	Sickle	Sweet Flower	Diaphane	Sweet Flower	
10	Blyde Grasslands	Gather	Beehive	Silver Beehive	Ancient Beehive	
10	Blyde Grasslands	Gather	Beehive	Silver Beehive	Ancient Beehive	
10	Blyde Grasslands	Gather	Beehive	Silver Beehive	Ancient Beehive	
10	Blyde Grasslands	Gather	Beehive	Silver Beehive	Ancient Beehive	
10	Blyde Grasslands	Gather	Darkshroom	Mushroom Colony	Glowshroom	
10	Blyde Grasslands	Gather	Darkshroom	Mushroom Colony	Glowshroom	
10	Blyde Grasslands	Gather	Darkshroom	Mushroom Colony	Glowshroom	
10	Blyde Grasslands	Gather	Darkshroom	Mushroom Colony	Glowshroom	
10	Blyde Grasslands	Gather	Evihibrow	Arbor Ivy	Mine Ant	
10	Blyde Grasslands	Gather	Evihibrow	Arbor Ivy	Mine Ant	
10	Blyde Grasslands	Gather	Evihibrow	Arbor Ivy	Mine Ant	
10	Blyde Grasslands	Gather	Evihibrow	Arbor Ivy	Mine Ant	
10	Blyde Grasslands	Gather	Plant Essence	Zafloa Oil	Sunbeam Powder	
10	Blyde Grasslands	Gather	Plant Essence	Zafloa Oil	Sunbeam Powder	
10	Blyde Grasslands	Gather	Plant Essence	Zafloa Oil	Sunbeam Powder	
10	Blyde Grasslands	Gather	Plant Essence	Zafloa Oil	Sunbeam Powder	
10	Blyde Grasslands	Gather	Nectar Fruit	Arbor Ivy	Ripe Fruit	
10	Blyde Grasslands	Gather	Nectar Fruit	Arbor Ivy	Ripe Fruit	
10	Blyde Grasslands	Gather	Nectar Fruit	Arbor Ivy	Ripe Fruit	
10	Blyde Grasslands	Gather	Nectar Fruit	Arbor Ivy	Ripe Fruit	
10	Blyde Grasslands	Gather	Blackberry	Elder Garlic	Supple Vine	
10	Blyde Grasslands	Gather	Blackberry	Elder Garlic	Supple Vine	
10	Blyde Grasslands	Gather	Blackberry	Elder Garlic	Supple Vine	
10	Blyde Grasslands	Gather	Blackberry	Elder Garlic	Supple Vine	
10	Blyde Grasslands	Axe	Eiche	Evihibrow	Holy Arbor Branch	
10	Blyde Grasslands	Axe	Eiche	Evihibrow	Holy Arbor Branch	
10	Blyde Grasslands	Axe	Eiche	Evihibrow	Holy Arbor Branch	
10	Blyde Grasslands	Axe	Eiche	Evihibrow	Holy Arbor Branch	
10	Blyde Grasslands	Gather	Palma Fruit	Sour Fruit	Gold Spiky Fruit	
10	Blyde Grasslands	Gather	Palma Fruit	Sour Fruit	Gold Spiky Fruit	
10	Blyde Grasslands	Gather	Palma Fruit	Sour Fruit	Gold Spiky Fruit	
10	Blyde Grasslands	Gather	Palma Fruit	Sour Fruit	Gold Spiky Fruit	
10	Blyde Grasslands	Gather	Esplante	Star Ladybug	Ingot Bug	
10	Blyde Grasslands	Gather	Esplante	Star Ladybug	Ingot Bug	
10	Blyde Grasslands	Gather	Esplante	Star Ladybug	Ingot Bug	
10	Blyde Grasslands	Gather	Esplante	Star Ladybug	Ingot Bug	
10	Blyde Grasslands	Gather	Gunpowder Base	Orange Glass	Rainbow Wing Fragment	
10	Blyde Grasslands	Gather	Gunpowder Base	Orange Glass	Rainbow Wing Fragment	
10	Blyde Grasslands	Gather	Gunpowder Base	Orange Glass	Rainbow Wing Fragment	
10	Blyde Grasslands	Gather	Gunpowder Base	Orange Glass	Rainbow Wing Fragment	
10	Blyde Grasslands	Gather	Lucky Clover	Tall Taun	Colored Cotton Grass	
10	Blyde Grasslands	Gather	Lucky Clover	Tall Taun	Colored Cotton Grass	
10	Blyde Grasslands	Gather	Lucky Clover	Tall Taun	Colored Cotton Grass	
10	Blyde Grasslands	Gather	Lucky Clover	Tall Taun	Colored Cotton Grass	
10	Blyde Grasslands	Bug Net	Expiation Worm	Big Horned Beetle	Underground Spider Queen	
10	Blyde Grasslands	Bug Net	Expiation Worm	Big Horned Beetle	Underground Spider Queen	
10	Blyde Grasslands	Bug Net	Expiation Worm	Big Horned Beetle	Underground Spider Queen	
10	Blyde Grasslands	Bug Net	Expiation Worm	Big Horned Beetle	Underground Spider Queen	
10	Blyde Grasslands	Gather	Crackling Water	Smech	Feather Draft	
10	Blyde Grasslands	Gather	Crackling Water	Smech	Feather Draft	
10	Blyde Grasslands	Gather	Crackling Water	Smech	Feather Draft	
10	Blyde Grasslands	Gather	Crackling Water	Smech	Feather Draft	
10	Blyde Grasslands	Gather	Broken Rock	Fureshumere	Feather Draft	
10	Blyde Grasslands	Gather	Broken Rock	Fureshumere	Feather Draft	
10	Blyde Grasslands	Gather	Broken Rock	Fureshumere	Feather Draft	
10	Blyde Grasslands	Gather	Broken Rock	Fureshumere	Feather Draft	
11	Lemna Marsh	Chest	Alchemy Fibers			
11	Lemna Marsh	Chest	Yarn Coat			
11	Lemna Marsh	Chest	Refresh Oil			
11	Lemna Marsh	Chest	How to Make Clean Water			
11	Lemna Marsh	Chest	Godspeed Boots			
11	Lemna Marsh	Chest	Blizzard Ice Bomb			
11	Lemna Marsh	Sickle	Magic Herb	Green Spiky Fruit	Poison Grass	
11	Lemna Marsh	Sickle	Magic Herb	Green Spiky Fruit	Poison Grass	
11	Lemna Marsh	Sickle	Magic Herb	Green Spiky Fruit	Poison Grass	
11	Lemna Marsh	Sickle	Magic Herb	Green Spiky Fruit	Poison Grass	
11	Lemna Marsh	Gather	Whimsy Strawberries	Blackberry	Umbrella Tree Strawberry	
11	Lemna Marsh	Gather	Whimsy Strawberries	Blackberry	Umbrella Tree Strawberry	
11	Lemna Marsh	Gather	Whimsy Strawberries	Blackberry	Umbrella Tree Strawberry	
11	Lemna Marsh	Gather	Whimsy Strawberries	Blackberry	Umbrella Tree Strawberry	
11	Lemna Marsh	Gather	Whimsy Strawberries	Blackberry	Umbrella Tree Strawberry	
11	Lemna Marsh	Gather	Whimsy Strawberries	Blackberry	Umbrella Tree Strawberry	
11	Lemna Marsh	Sickle	Tall Taun	Lucky Clover	Mana Petal	
11	Lemna Marsh	Sickle	Tall Taun	Lucky Clover	Mana Petal	
11	Lemna Marsh	Sickle	Tall Taun	Lucky Clover	Mana Petal	
11	Lemna Marsh	Sickle	Sweet Flower	Diaphane	Sweet Flower	
11	Lemna Marsh	Sickle	Sweet Flower	Diaphane	Sweet Flower	
11	Lemna Marsh	Sickle	Sweet Flower	Diaphane	Sweet Flower	
11	Lemna Marsh	Gather	Beehive	Silver Beehive	Ancient Beehive	
11	Lemna Marsh	Gather	Beehive	Silver Beehive	Ancient Beehive	
11	Lemna Marsh	Gather	Beehive	Silver Beehive	Ancient Beehive	
11	Lemna Marsh	Gather	Beehive	Silver Beehive	Ancient Beehive	
11	Lemna Marsh	Gather	Eicheloa	Octoshroom	Dreamy Crown	
11	Lemna Marsh	Gather	Eicheloa	Octoshroom	Dreamy Crown	
11	Lemna Marsh	Gather	Eicheloa	Octoshroom	Dreamy Crown	
11	Lemna Marsh	Gather	Eicheloa	Octoshroom	Dreamy Crown	
11	Lemna Marsh	Gather	Evihibrow	Arbor Ivy	Mine Ant	
11	Lemna Marsh	Gather	Evihibrow	Arbor Ivy	Mine Ant	
11	Lemna Marsh	Gather	Evihibrow	Arbor Ivy	Mine Ant	
11	Lemna Marsh	Gather	Evihibrow	Arbor Ivy	Mine Ant	
11	Lemna Marsh	Gather	Zapping Water	Natural Oil	Dark Dew	
11	Lemna Marsh	Gather	Zapping Water	Natural Oil	Dark Dew	
11	Lemna Marsh	Gather	Zapping Water	Natural Oil	Dark Dew	
11	Lemna Marsh	Gather	Zapping Water	Natural Oil	Dark Dew	
11	Lemna Marsh	Gather	Zapping Water	Natural Oil	Dark Dew	
11	Lemna Marsh	Gather	Zapping Water	Natural Oil	Dark Dew	
11	Lemna Marsh	Gather	Zapping Water	Natural Oil	Dark Dew	
11	Lemna Marsh	Gather	Zapping Water	Natural Oil	Dark Dew	
11	Lemna Marsh	Gather	Green Spiky Fruit	Ripe Fruit	Golden Fruit	
11	Lemna Marsh	Gather	Green Spiky Fruit	Ripe Fruit	Golden Fruit	
11	Lemna Marsh	Gather	Green Spiky Fruit	Ripe Fruit	Golden Fruit	
11	Lemna Marsh	Gather	Green Spiky Fruit	Ripe Fruit	Golden Fruit	
11	Lemna Marsh	Gather	Whimsy Strawberries	Umbrella Tree Strawberry	Frost Uni	
11	Lemna Marsh	Gather	Whimsy Strawberries	Umbrella Tree Strawberry	Frost Uni	
11	Lemna Marsh	Gather	Whimsy Strawberries	Umbrella Tree Strawberry	Frost Uni	
11	Lemna Marsh	Gather	Whimsy Strawberries	Umbrella Tree Strawberry	Frost Uni	
11	Lemna Marsh	Gather	Red Sand	Zafloa Oil	Baby Wyrm	
11	Lemna Marsh	Gather	Red Sand	Zafloa Oil	Baby Wyrm	
11	Lemna Marsh	Gather	Red Sand	Zafloa Oil	Baby Wyrm	
11	Lemna Marsh	Gather	Gunpowder Base	Orange Glass	Rainbow Wing Fragment	
11	Lemna Marsh	Gather	Gunpowder Base	Orange Glass	Rainbow Wing Fragment	
11	Lemna Marsh	Gather	Gunpowder Base	Orange Glass	Rainbow Wing Fragment	
11	Lemna Marsh	Gather	Gunpowder Base	Orange Glass	Rainbow Wing Fragment	
11	Lemna Marsh	Gather	Seele Pilós	Poison Cube	Tíkometal	
11	Lemna Marsh	Gather	Seele Pilós	Poison Cube	Tíkometal	
11	Lemna Marsh	Gather	Seele Pilós	Poison Cube	Tíkometal	
11	Lemna Marsh	Gather	Seele Pilós	Poison Cube	Tíkometal	
11	Lemna Marsh	Gather	Seele Pilós	Poison Cube	Tíkometal	
11	Lemna Marsh	Gather	Seele Pilós	Poison Cube	Tíkometal	
11	Lemna Marsh	Gather	Seele Pilós	Poison Cube	Tíkometal	
11	Lemna Marsh	Gather	Seele Pilós	Poison Cube	Tíkometal	
11	Lemna Marsh	Bug Net	Honeypot Ant	Ingot Bug	Mine Ant	
11	Lemna Marsh	Bug Net	Honeypot Ant	Ingot Bug	Mine Ant	
11	Lemna Marsh	Bug Net	Honeypot Ant	Ingot Bug	Mine Ant	
11	Lemna Marsh	Gather	Broken Rock	Metal Ore	Ruin Stone	
11	Lemna Marsh	Gather	Broken Rock	Metal Ore	Ruin Stone	
11	Lemna Marsh	Gather	Broken Rock	Metal Ore	Ruin Stone	
11	Lemna Marsh	Gather	Broken Rock	Metal Ore	Ruin Stone	
11	Lemna Marsh	Gather	Sand Crystals	Crackling Water	Poison Cube	
11	Lemna Marsh	Gather	Sand Crystals	Crackling Water	Poison Cube	
11	Lemna Marsh	Gather	Sand Crystals	Crackling Water	Poison Cube	
11	Lemna Marsh	Gather	Sand Crystals	Crackling Water	Poison Cube	
11	Lemna Marsh	Gather	Frost Uni	Zapping Water	Poison Powder	
11	Lemna Marsh	Gather	Frost Uni	Zapping Water	Poison Powder	
11	Lemna Marsh	Gather	Frost Uni	Zapping Water	Poison Powder	
11	Lemna Marsh	Gather	Frost Uni	Zapping Water	Poison Powder	
11	Lemna Marsh	Gather	Whimsy Strawberries	Blackberry	Umbrella Tree Strawberry	
11	Lemna Marsh	Gather	Whimsy Strawberries	Blackberry	Umbrella Tree Strawberry	
11	Lemna Marsh	Gather	Whimsy Strawberries	Blackberry	Umbrella Tree Strawberry	
11	Lemna Marsh	Gather	Whimsy Strawberries	Blackberry	Umbrella Tree Strawberry	
11	Lemna Marsh	Gather	Whimsy Strawberries	Blackberry	Umbrella Tree Strawberry	
11	Lemna Marsh	Gather	Whimsy Strawberries	Blackberry	Umbrella Tree Strawberry	
11	Lemna Marsh	Sickle	Tall Taun	Lucky Clover	Mana Petal	
11	Lemna Marsh	Sickle	Tall Taun	Lucky Clover	Mana Petal	
11	Lemna Marsh	Sickle	Tall Taun	Lucky Clover	Mana Petal	
11	Lemna Marsh	Sickle	Sweet Flower	Diaphane	Sweet Flower	
11	Lemna Marsh	Sickle	Sweet Flower	Diaphane	Sweet Flower	
11	Lemna Marsh	Sickle	Sweet Flower	Diaphane	Sweet Flower	
11	Lemna Marsh	Gather	Beehive	Silver Beehive	Ancient Beehive	
11	Lemna Marsh	Gather	Beehive	Silver Beehive	Ancient Beehive	
11	Lemna Marsh	Gather	Beehive	Silver Beehive	Ancient Beehive	
11	Lemna Marsh	Gather	Beehive	Silver Beehive	Ancient Beehive	
11	Lemna Marsh	Gather	Eicheloa	Octoshroom	Dreamy Crown	
11	Lemna Marsh	Gather	Eicheloa	Octoshroom	Dreamy Crown	
11	Lemna Marsh	Gather	Eicheloa	Octoshroom	Dreamy Crown	
11	Lemna Marsh	Gather	Eicheloa	Octoshroom	Dreamy Crown	
11	Lemna Marsh	Gather	Natural Oil	Zapping Water	Dark Dew	
11	Lemna Marsh	Gather	Natural Oil	Zapping Water	Dark Dew	
11	Lemna Marsh	Gather	Natural Oil	Zapping Water	Dark Dew	
11	Lemna Marsh	Gather	Natural Oil	Zapping Water	Dark Dew	
11	Lemna Marsh	Gather	Green Spiky Fruit	Ripe Fruit	Golden Fruit	
11	Lemna Marsh	Gather	Green Spiky Fruit	Ripe Fruit	Golden Fruit	
11	Lemna Marsh	Gather	Green Spiky Fruit	Ripe Fruit	Golden Fruit	
11	Lemna Marsh	Gather	Green Spiky Fruit	Ripe Fruit	Golden Fruit	
11	Lemna Marsh	Gather	Supple Vine	Blackberry	Bitter Root	
11	Lemna Marsh	Gather	Supple Vine	Blackberry	Bitter Root	
11	Lemna Marsh	Gather	Supple Vine	Blackberry	Bitter Root	
11	Lemna Marsh	Gather	Supple Vine	Blackberry	Bitter Root	
11	Lemna Marsh	Axe	Dried Lumber	Evihibrow	Bewitching Chip	
11	Lemna Marsh	Axe	Dried Lumber	Evihibrow	Bewitching Chip	
11	Lemna Marsh	Axe	Dried Lumber	Evihibrow	Bewitching Chip	
11	Lemna Marsh	Gather	Red Sand	Zafloa Oil	Baby Wyrm	
11	Lemna Marsh	Gather	Red Sand	Zafloa Oil	Baby Wyrm	
11	Lemna Marsh	Gather	Red Sand	Zafloa Oil	Baby Wyrm	
11	Lemna Marsh	Gather	Gunpowder Base	Orange Glass	Rainbow Wing Fragment	
11	Lemna Marsh	Gather	Gunpowder Base	Orange Glass	Rainbow Wing Fragment	
11	Lemna Marsh	Gather	Gunpowder Base	Orange Glass	Rainbow Wing Fragment	
11	Lemna Marsh	Gather	Gunpowder Base	Orange Glass	Rainbow Wing Fragment	
11	Lemna Marsh	Gather	Seele Pilós	Poison Cube	Tíkometal	
11	Lemna Marsh	Gather	Seele Pilós	Poison Cube	Tíkometal	
11	Lemna Marsh	Gather	Seele Pilós	Poison Cube	Tíkometal	
11	Lemna Marsh	Gather	Seele Pilós	Poison Cube	Tíkometal	
11	Lemna Marsh	Gather	Seele Pilós	Poison Cube	Tíkometal	
11	Lemna Marsh	Gather	Seele Pilós	Poison Cube	Tíkometal	
11	Lemna Marsh	Gather	Seele Pilós	Poison Cube	Tíkometal	
11	Lemna Marsh	Gather	Seele Pilós	Poison Cube	Tíkometal	
11	Lemna Marsh	Bug Net	Honeypot Ant	Ingot Bug	Mine Ant	
11	Lemna Marsh	Bug Net	Honeypot Ant	Ingot Bug	Mine Ant	
11	Lemna Marsh	Bug Net	Honeypot Ant	Ingot Bug	Mine Ant	
11	Lemna Marsh	Gather	Broken Rock	Metal Ore	Ruin Stone	
11	Lemna Marsh	Gather	Broken Rock	Metal Ore	Ruin Stone	
11	Lemna Marsh	Gather	Broken Rock	Metal Ore	Ruin Stone	
11	Lemna Marsh	Gather	Broken Rock	Metal Ore	Ruin Stone	
11	Lemna Marsh	Axe	Medicinal Moss	Glowing Diatom	Mossy Stone	
11	Lemna Marsh	Axe	Medicinal Moss	Glowing Diatom	Mossy Stone	
11	Lemna Marsh	Axe	Medicinal Moss	Glowing Diatom	Mossy Stone	
11	Lemna Marsh	Gather	Sand Crystals	Crackling Water	Poison Cube	
11	Lemna Marsh	Gather	Sand Crystals	Crackling Water	Poison Cube	
11	Lemna Marsh	Gather	Sand Crystals	Crackling Water	Poison Cube	
11	Lemna Marsh	Gather	Sand Crystals	Crackling Water	Poison Cube	
11	Lemna Marsh	Gather	Frost Uni	Zapping Water	Poison Powder	
11	Lemna Marsh	Gather	Frost Uni	Zapping Water	Poison Powder	
11	Lemna Marsh	Gather	Frost Uni	Zapping Water	Poison Powder	
11	Lemna Marsh	Gather	Frost Uni	Zapping Water	Poison Powder	
11	Lemna Marsh	Gather	Frost Uni	Zapping Water	Poison Powder	
11	Lemna Marsh	Gather	Frost Uni	Zapping Water	Poison Powder	
11	Lemna Marsh	Gather	Frost Uni	Zapping Water	Poison Powder	
11	Lemna Marsh	Gather	Frost Uni	Zapping Water	Poison Powder	
12	Sentinel Pass	Chest	Luft			
12	Sentinel Pass	Chest	Radiant Plate			
12	Sentinel Pass	Chest	Strong Alchemy Fibers			
12	Sentinel Pass	Gather	Sweet Flower	Mana Petal	Minuit Fleur	
12	Sentinel Pass	Gather	Sweet Flower	Mana Petal	Minuit Fleur	
12	Sentinel Pass	Gather	Sweet Flower	Mana Petal	Minuit Fleur	
12	Sentinel Pass	Gather	Sweet Flower	Mana Petal	Minuit Fleur	
12	Sentinel Pass	Gather	Cotton Grass	Poison Grass	Supple Vine	
12	Sentinel Pass	Gather	Cotton Grass	Poison Grass	Supple Vine	
12	Sentinel Pass	Gather	Cotton Grass	Poison Grass	Supple Vine	
12	Sentinel Pass	Gather	Cotton Grass	Poison Grass	Supple Vine	
12	Sentinel Pass	Gather	Gunpowder Base	Sparkling Sand	Crab	
12	Sentinel Pass	Gather	Gunpowder Base	Sparkling Sand	Crab	
12	Sentinel Pass	Gather	Gunpowder Base	Sparkling Sand	Crab	
12	Sentinel Pass	Gather	Gunpowder Base	Sparkling Sand	Crab	
12	Sentinel Pass	Gather	Sea Horse	Pretty Shells	Fureshumere	
12	Sentinel Pass	Gather	Sea Horse	Pretty Shells	Fureshumere	
12	Sentinel Pass	Gather	Sea Horse	Pretty Shells	Fureshumere	
12	Sentinel Pass	Gather	Sea Horse	Pretty Shells	Fureshumere	
12	Sentinel Pass	Gather	Seele Pilós	Crimson Ore	Tíkometal	
12	Sentinel Pass	Gather	Seele Pilós	Crimson Ore	Tíkometal	
12	Sentinel Pass	Gather	Seele Pilós	Crimson Ore	Tíkometal	
12	Sentinel Pass	Gather	Seele Pilós	Crimson Ore	Tíkometal	
12	Sentinel Pass	Gather	Beehive	Silver Beehive	Ancient Beehive	
12	Sentinel Pass	Gather	Beehive	Silver Beehive	Ancient Beehive	
12	Sentinel Pass	Gather	Beehive	Silver Beehive	Ancient Beehive	
12	Sentinel Pass	Gather	Beehive	Silver Beehive	Ancient Beehive	
12	Sentinel Pass	Gather	Arbor Ivy	Cotton Grass	Balloon Fruit	
12	Sentinel Pass	Gather	Arbor Ivy	Cotton Grass	Balloon Fruit	
12	Sentinel Pass	Gather	Arbor Ivy	Cotton Grass	Balloon Fruit	
12	Sentinel Pass	Gather	Arbor Ivy	Cotton Grass	Balloon Fruit	
12	Sentinel Pass	Gather	Expiation Worm	Yuqtul Frog	Chainweb	
12	Sentinel Pass	Gather	Expiation Worm	Yuqtul Frog	Chainweb	
12	Sentinel Pass	Gather	Expiation Worm	Yuqtul Frog	Chainweb	
12	Sentinel Pass	Gather	Expiation Worm	Yuqtul Frog	Chainweb	
12	Sentinel Pass	Gather	Rouge Gemstone	Muddied Crystal	Lunastone	
12	Sentinel Pass	Gather	Rouge Gemstone	Muddied Crystal	Lunastone	
12	Sentinel Pass	Gather	Rouge Gemstone	Muddied Crystal	Lunastone	
12	Sentinel Pass	Gather	Rouge Gemstone	Muddied Crystal	Lunastone	
12	Sentinel Pass	Axe	Dried Lumber	Evihibrow	Bewitching Chip	
12	Sentinel Pass	Axe	Dried Lumber	Evihibrow	Bewitching Chip	
12	Sentinel Pass	Axe	Dried Lumber	Evihibrow	Bewitching Chip	
12	Sentinel Pass	Axe	Dried Lumber	Evihibrow	Bewitching Chip	
12	Sentinel Pass	Gather	Palma Fruit	Sour Fruit	Gold Spiky Fruit	
12	Sentinel Pass	Gather	Palma Fruit	Sour Fruit	Gold Spiky Fruit	
12	Sentinel Pass	Gather	Palma Fruit	Sour Fruit	Gold Spiky Fruit	
12	Sentinel Pass	Gather	Palma Fruit	Sour Fruit	Gold Spiky Fruit	
12	Sentinel Pass	Axe	Gaudy Stone	Regicite	Gold Ball	
12	Sentinel Pass	Axe	Gaudy Stone	Regicite	Gold Ball	
12	Sentinel Pass	Axe	Gaudy Stone	Regicite	Gold Ball	
12	Sentinel Pass	Axe	Gaudy Stone	Regicite	Gold Ball	
12	Sentinel Pass	Axe	Mossy Stone	Glowing Diatom	Diamant Gemstone	
12	Sentinel Pass	Axe	Mossy Stone	Glowing Diatom	Diamant Gemstone	
12	Sentinel Pass	Axe	Mossy Stone	Glowing Diatom	Diamant Gemstone	
12	Sentinel Pass	Axe	Mossy Stone	Glowing Diatom	Diamant Gemstone	
12	Sentinel Pass	Bug Net	Honeypot Ant	Lapis Papillion	Ingot Bug	
12	Sentinel Pass	Bug Net	Honeypot Ant	Lapis Papillion	Ingot Bug	
12	Sentinel Pass	Bug Net	Honeypot Ant	Lapis Papillion	Ingot Bug	
12	Sentinel Pass	Bug Net	Honeypot Ant	Lapis Papillion	Ingot Bug	
12	Sentinel Pass	Gather	Ashen Sand	Mud Ball	Gold Ball	
12	Sentinel Pass	Gather	Ashen Sand	Mud Ball	Gold Ball	
12	Sentinel Pass	Gather	Ashen Sand	Mud Ball	Gold Ball	
12	Sentinel Pass	Gather	Ashen Sand	Mud Ball	Gold Ball	
12	Sentinel Pass	Gather	Sand Crystals	Ash Ball	Fureshumere	
12	Sentinel Pass	Gather	Sand Crystals	Ash Ball	Fureshumere	
12	Sentinel Pass	Gather	Sand Crystals	Ash Ball	Fureshumere	
12	Sentinel Pass	Gather	Sand Crystals	Ash Ball	Fureshumere	
12	Sentinel Pass	Gather	Sweet Flower	Mana Petal	Minuit Fleur	
12	Sentinel Pass	Gather	Sweet Flower	Mana Petal	Minuit Fleur	
12	Sentinel Pass	Gather	Sweet Flower	Mana Petal	Minuit Fleur	
12	Sentinel Pass	Gather	Sweet Flower	Mana Petal	Minuit Fleur	
12	Sentinel Pass	Gather	Cotton Grass	Poison Grass	Supple Vine	
12	Sentinel Pass	Gather	Cotton Grass	Poison Grass	Supple Vine	
12	Sentinel Pass	Gather	Cotton Grass	Poison Grass	Supple Vine	
12	Sentinel Pass	Gather	Cotton Grass	Poison Grass	Supple Vine	
12	Sentinel Pass	Gather	Gunpowder Base	Sparkling Sand	Crab	
12	Sentinel Pass	Gather	Gunpowder Base	Sparkling Sand	Crab	
12	Sentinel Pass	Gather	Gunpowder Base	Sparkling Sand	Crab	
12	Sentinel Pass	Gather	Gunpowder Base	Sparkling Sand	Crab	
12	Sentinel Pass	Gather	Sea Horse	Pretty Shells	Fureshumere	
12	Sentinel Pass	Gather	Sea Horse	Pretty Shells	Fureshumere	
12	Sentinel Pass	Gather	Sea Horse	Pretty Shells	Fureshumere	
12	Sentinel Pass	Gather	Sea Horse	Pretty Shells	Fureshumere	
12	Sentinel Pass	Gather	Seele Pilós	Crimson Ore	Tíkometal	
12	Sentinel Pass	Gather	Seele Pilós	Crimson Ore	Tíkometal	
12	Sentinel Pass	Gather	Seele Pilós	Crimson Ore	Tíkometal	
12	Sentinel Pass	Gather	Seele Pilós	Crimson Ore	Tíkometal	
12	Sentinel Pass	Gather	Beehive	Silver Beehive	Ancient Beehive	
12	Sentinel Pass	Gather	Beehive	Silver Beehive	Ancient Beehive	
12	Sentinel Pass	Gather	Beehive	Silver Beehive	Ancient Beehive	
12	Sentinel Pass	Gather	Beehive	Silver Beehive	Ancient Beehive	
12	Sentinel Pass	Gather	Arbor Ivy	Cotton Grass	Balloon Fruit	
12	Sentinel Pass	Gather	Arbor Ivy	Cotton Grass	Balloon Fruit	
12	Sentinel Pass	Gather	Arbor Ivy	Cotton Grass	Balloon Fruit	
12	Sentinel Pass	Gather	Arbor Ivy	Cotton Grass	Balloon Fruit	
12	Sentinel Pass	Gather	Expiation Worm	Yuqtul Frog	Chainweb	
12	Sentinel Pass	Gather	Expiation Worm	Yuqtul Frog	Chainweb	
12	Sentinel Pass	Gather	Expiation Worm	Yuqtul Frog	Chainweb	
12	Sentinel Pass	Gather	Expiation Worm	Yuqtul Frog	Chainweb	
12	Sentinel Pass	Gather	Rouge Gemstone	Muddied Crystal	Lunastone	
12	Sentinel Pass	Gather	Rouge Gemstone	Muddied Crystal	Lunastone	
12	Sentinel Pass	Gather	Rouge Gemstone	Muddied Crystal	Lunastone	
12	Sentinel Pass	Gather	Rouge Gemstone	Muddied Crystal	Lunastone	
12	Sentinel Pass	Axe	Dried Lumber	Evihibrow	Bewitching Chip	
12	Sentinel Pass	Axe	Dried Lumber	Evihibrow	Bewitching Chip	
12	Sentinel Pass	Axe	Dried Lumber	Evihibrow	Bewitching Chip	
12	Sentinel Pass	Axe	Dried Lumber	Evihibrow	Bewitching Chip	
12	Sentinel Pass	Gather	Palma Fruit	Sour Fruit	Gold Spiky Fruit	
12	Sentinel Pass	Gather	Palma Fruit	Sour Fruit	Gold Spiky Fruit	
12	Sentinel Pass	Gather	Palma Fruit	Sour Fruit	Gold Spiky Fruit	
12	Sentinel Pass	Gather	Palma Fruit	Sour Fruit	Gold Spiky Fruit	
12	Sentinel Pass	Axe	Gaudy Stone	Regicite	Gold Ball	
12	Sentinel Pass	Axe	Gaudy Stone	Regicite	Gold Ball	
12	Sentinel Pass	Axe	Gaudy Stone	Regicite	Gold Ball	
12	Sentinel Pass	Axe	Gaudy Stone	Regicite	Gold Ball	
12	Sentinel Pass	Axe	Mossy Stone	Glowing Diatom	Diamant Gemstone	
12	Sentinel Pass	Axe	Mossy Stone	Glowing Diatom	Diamant Gemstone	
12	Sentinel Pass	Axe	Mossy Stone	Glowing Diatom	Diamant Gemstone	
12	Sentinel Pass	Axe	Mossy Stone	Glowing Diatom	Diamant Gemstone	
12	Sentinel Pass	Bug Net	Honeypot Ant	Lapis Papillion	Ingot Bug	
12	Sentinel Pass	Bug Net	Honeypot Ant	Lapis Papillion	Ingot Bug	
12	Sentinel Pass	Bug Net	Honeypot Ant	Lapis Papillion	Ingot Bug	
12	Sentinel Pass	Bug Net	Honeypot Ant	Lapis Papillion	Ingot Bug	
12	Sentinel Pass	Gather	Ashen Sand	Mud Ball	Gold Ball	
12	Sentinel Pass	Gather	Ashen Sand	Mud Ball	Gold Ball	
12	Sentinel Pass	Gather	Ashen Sand	Mud Ball	Gold Ball	
12	Sentinel Pass	Gather	Ashen Sand	Mud Ball	Gold Ball	
12	Sentinel Pass	Gather	Sand Crystals	Ash Ball	Fureshumere	
12	Sentinel Pass	Gather	Sand Crystals	Ash Ball	Fureshumere	
12	Sentinel Pass	Gather	Sand Crystals	Ash Ball	Fureshumere	
12	Sentinel Pass	Gather	Sand Crystals	Ash Ball	Fureshumere	
13	Hill of Prayer	Chest	Regicite			
13	Hill of Prayer	Chest	Yellow Neutralizer			
13	Hill of Prayer	Chest	Superpowder			
13	Hill of Prayer	Gather	Poison Grass	Sweet Flower	Minuit Fleur	
13	Hill of Prayer	Gather	Poison Grass	Sweet Flower	Minuit Fleur	
13	Hill of Prayer	Gather	Poison Grass	Sweet Flower	Minuit Fleur	
13	Hill of Prayer	Gather	Poison Grass	Sweet Flower	Minuit Fleur	
13	Hill of Prayer	Gather	Cotton Grass	Poison Grass	Supple Vine	
13	Hill of Prayer	Gather	Cotton Grass	Poison Grass	Supple Vine	
13	Hill of Prayer	Gather	Cotton Grass	Poison Grass	Supple Vine	
13	Hill of Prayer	Gather	Cotton Grass	Poison Grass	Supple Vine	
13	Hill of Prayer	Axe	Rotting Arbor Twig	Rotwood Miasma	Benevolent Twisted Tree	
13	Hill of Prayer	Axe	Rotting Arbor Twig	Rotwood Miasma	Benevolent Twisted Tree	
13	Hill of Prayer	Axe	Rotting Arbor Twig	Rotwood Miasma	Benevolent Twisted Tree	
13	Hill of Prayer	Axe	Rotting Arbor Twig	Rotwood Miasma	Benevolent Twisted Tree	
13	Hill of Prayer	Gather	Gunpowder Base	Sparkling Sand	Crab	
13	Hill of Prayer	Gather	Gunpowder Base	Sparkling Sand	Crab	
13	Hill of Prayer	Gather	Gunpowder Base	Sparkling Sand	Crab	
13	Hill of Prayer	Gather	Gunpowder Base	Sparkling Sand	Crab	
13	Hill of Prayer	Gather	Eicheloa	Honey Fungus	Dreamy Crown	
13	Hill of Prayer	Gather	Eicheloa	Honey Fungus	Dreamy Crown	
13	Hill of Prayer	Gather	Eicheloa	Honey Fungus	Dreamy Crown	
13	Hill of Prayer	Gather	Eicheloa	Honey Fungus	Dreamy Crown	
13	Hill of Prayer	Gather	Ethereal Stone	Shining Powder	Celestial Silver Stone	
13	Hill of Prayer	Gather	Ethereal Stone	Shining Powder	Celestial Silver Stone	
13	Hill of Prayer	Gather	Ethereal Stone	Shining Powder	Celestial Silver Stone	
13	Hill of Prayer	Gather	Ethereal Stone	Shining Powder	Celestial Silver Stone	
13	Hill of Prayer	Gather	Silver Beehive	Gold Beehive	Ancient Beehive	
13	Hill of Prayer	Gather	Silver Beehive	Gold Beehive	Ancient Beehive	
13	Hill of Prayer	Gather	Silver Beehive	Gold Beehive	Ancient Beehive	
13	Hill of Prayer	Gather	Silver Beehive	Gold Beehive	Ancient Beehive	
13	Hill of Prayer	Gather	Evihibrow	Arbor Ivy	Mine Ant	
13	Hill of Prayer	Gather	Evihibrow	Arbor Ivy	Mine Ant	
13	Hill of Prayer	Gather	Evihibrow	Arbor Ivy	Mine Ant	
13	Hill of Prayer	Gather	Evihibrow	Arbor Ivy	Mine Ant	
13	Hill of Prayer	Gather	Medium Medicine	Spiral Bone	Baby Menace	
13	Hill of Prayer	Gather	Medium Medicine	Spiral Bone	Baby Menace	
13	Hill of Prayer	Gather	Medium Medicine	Spiral Bone	Baby Menace	
13	Hill of Prayer	Gather	Medium Medicine	Spiral Bone	Baby Menace	
13	Hill of Prayer	Gather	Sparkling Sand	Pourpremoule	Unknown Augite	
13	Hill of Prayer	Gather	Sparkling Sand	Pourpremoule	Unknown Augite	
13	Hill of Prayer	Gather	Sparkling Sand	Pourpremoule	Unknown Augite	
13	Hill of Prayer	Gather	Sparkling Sand	Pourpremoule	Unknown Augite	
13	Hill of Prayer	Gather	Green Spiky Fruit	Sour Fruit	Gold Spiky Fruit	
13	Hill of Prayer	Gather	Green Spiky Fruit	Sour Fruit	Gold Spiky Fruit	
13	Hill of Prayer	Gather	Green Spiky Fruit	Sour Fruit	Gold Spiky Fruit	
13	Hill of Prayer	Gather	Green Spiky Fruit	Sour Fruit	Gold Spiky Fruit	
13	Hill of Prayer	Gather	Expiation Worm	Balloon Fruit	Palma Fruit	
13	Hill of Prayer	Gather	Expiation Worm	Balloon Fruit	Palma Fruit	
13	Hill of Prayer	Gather	Expiation Worm	Balloon Fruit	Palma Fruit	
13	Hill of Prayer	Gather	Expiation Worm	Balloon Fruit	Palma Fruit	
13	Hill of Prayer	Axe	Mossy Stone	Glowing Diatom	Diamant Gemstone	
13	Hill of Prayer	Axe	Mossy Stone	Glowing Diatom	Diamant Gemstone	
13	Hill of Prayer	Axe	Mossy Stone	Glowing Diatom	Diamant Gemstone	
13	Hill of Prayer	Axe	Mossy Stone	Glowing Diatom	Diamant Gemstone	
13	Hill of Prayer	Bug Net	Star Ladybug	Big Horned Beetle	Moonlight Firefly	
13	Hill of Prayer	Bug Net	Star Ladybug	Big Horned Beetle	Moonlight Firefly	
13	Hill of Prayer	Bug Net	Star Ladybug	Big Horned Beetle	Moonlight Firefly	
13	Hill of Prayer	Bug Net	Star Ladybug	Big Horned Beetle	Moonlight Firefly	
13	Hill of Prayer	Gather	Ashen Sand	Mud Ball	Gold Ball	
13	Hill of Prayer	Gather	Ashen Sand	Mud Ball	Gold Ball	
13	Hill of Prayer	Gather	Ashen Sand	Mud Ball	Gold Ball	
13	Hill of Prayer	Gather	Ashen Sand	Mud Ball	Gold Ball	
13	Hill of Prayer	Gather	Paper Scraps	Ash Ball	Fureshumere	
13	Hill of Prayer	Gather	Paper Scraps	Ash Ball	Fureshumere	
13	Hill of Prayer	Gather	Paper Scraps	Ash Ball	Fureshumere	
13	Hill of Prayer	Gather	Paper Scraps	Ash Ball	Fureshumere	
13	Hill of Prayer	Gather	Sweet Flower	Mana Petal	Minuit Fleur	
13	Hill of Prayer	Gather	Sweet Flower	Mana Petal	Minuit Fleur	
13	Hill of Prayer	Gather	Sweet Flower	Mana Petal	Minuit Fleur	
13	Hill of Prayer	Gather	Sweet Flower	Mana Petal	Minuit Fleur	
13	Hill of Prayer	Gather	Cotton Grass	Poison Grass	Supple Vine	
13	Hill of Prayer	Gather	Cotton Grass	Poison Grass	Supple Vine	
13	Hill of Prayer	Gather	Cotton Grass	Poison Grass	Supple Vine	
13	Hill of Prayer	Gather	Cotton Grass	Poison Grass	Supple Vine	
13	Hill of Prayer	Axe	Rotting Arbor Twig	Rotwood Miasma	Benevolent Twisted Tree	
13	Hill of Prayer	Axe	Rotting Arbor Twig	Rotwood Miasma	Benevolent Twisted Tree	
13	Hill of Prayer	Axe	Rotting Arbor Twig	Rotwood Miasma	Benevolent Twisted Tree	
13	Hill of Prayer	Axe	Rotting Arbor Twig	Rotwood Miasma	Benevolent Twisted Tree	
13	Hill of Prayer	Gather	Gunpowder Base	Sparkling Sand	Crab	
13	Hill of Prayer	Gather	Gunpowder Base	Sparkling Sand	Crab	
13	Hill of Prayer	Gather	Gunpowder Base	Sparkling Sand	Crab	
13	Hill of Prayer	Gather	Gunpowder Base	Sparkling Sand	Crab	
13	Hill of Prayer	Gather	Mushroom Colony	Honey Fungus	Dreamy Crown	
13	Hill of Prayer	Gather	Mushroom Colony	Honey Fungus	Dreamy Crown	
13	Hill of Prayer	Gather	Mushroom Colony	Honey Fungus	Dreamy Crown	
13	Hill of Prayer	Gather	Mushroom Colony	Honey Fungus	Dreamy Crown	
13	Hill of Prayer	Gather	Ethereal Stone	Shining Powder	Celestial Silver Stone	
13	Hill of Prayer	Gather	Ethereal Stone	Shining Powder	Celestial Silver Stone	
13	Hill of Prayer	Gather	Ethereal Stone	Shining Powder	Celestial Silver Stone	
13	Hill of Prayer	Gather	Ethereal Stone	Shining Powder	Celestial Silver Stone	
13	Hill of Prayer	Gather	Silver Beehive	Gold Beehive	Ancient Beehive	
13	Hill of Prayer	Gather	Silver Beehive	Gold Beehive	Ancient Beehive	
13	Hill of Prayer	Gather	Silver Beehive	Gold Beehive	Ancient Beehive	
13	Hill of Prayer	Gather	Silver Beehive	Gold Beehive	Ancient Beehive	
13	Hill of Prayer	Gather	Evihibrow	Arbor Ivy	Mine Ant	
13	Hill of Prayer	Gather	Evihibrow	Arbor Ivy	Mine Ant	
13	Hill of Prayer	Gather	Evihibrow	Arbor Ivy	Mine Ant	
13	Hill of Prayer	Gather	Evihibrow	Arbor Ivy	Mine Ant	
13	Hill of Prayer	Gather	Expiation Worm	Yuqtul Frog	Chainweb	
13	Hill of Prayer	Gather	Expiation Worm	Yuqtul Frog	Chainweb	
13	Hill of Prayer	Gather	Expiation Worm	Yuqtul Frog	Chainweb	
13	Hill of Prayer	Gather	Expiation Worm	Yuqtul Frog	Chainweb	
13	Hill of Prayer	Gather	Sparkling Sand	Pourpremoule	Unknown Augite	
13	Hill of Prayer	Gather	Sparkling Sand	Pourpremoule	Unknown Augite	
13	Hill of Prayer	Gather	Sparkling Sand	Pourpremoule	Unknown Augite	
13	Hill of Prayer	Gather	Sparkling Sand	Pourpremoule	Unknown Augite	
13	Hill of Prayer	Gather	Thin Fruit	Nectar Fruit	Feather Draft	
13	Hill of Prayer	Gather	Thin Fruit	Nectar Fruit	Feather Draft	
13	Hill of Prayer	Gather	Thin Fruit	Nectar Fruit	Feather Draft	
13	Hill of Prayer	Gather	Thin Fruit	Nectar Fruit	Feather Draft	
13	Hill of Prayer	Gather	Sour Fruit	Balloon Fruit	Golden Fruit	
13	Hill of Prayer	Gather	Sour Fruit	Balloon Fruit	Golden Fruit	
13	Hill of Prayer	Gather	Sour Fruit	Balloon Fruit	Golden Fruit	
13	Hill of Prayer	Gather	Sour Fruit	Balloon Fruit	Golden Fruit	
13	Hill of Prayer	Axe	Mossy Stone	Glowing Diatom	Diamant Gemstone	
13	Hill of Prayer	Axe	Mossy Stone	Glowing Diatom	Diamant Gemstone	
13	Hill of Prayer	Axe	Mossy Stone	Glowing Diatom	Diamant Gemstone	
13	Hill of Prayer	Axe	Mossy Stone	Glowing Diatom	Diamant Gemstone	
13	Hill of Prayer	Bug Net	Honeypot Ant	Lapis Papillion	Ingot Bug	
13	Hill of Prayer	Bug Net	Honeypot Ant	Lapis Papillion	Ingot Bug	
13	Hill of Prayer	Bug Net	Honeypot Ant	Lapis Papillion	Ingot Bug	
13	Hill of Prayer	Bug Net	Honeypot Ant	Lapis Papillion	Ingot Bug	
13	Hill of Prayer	Gather	Ashen Sand	Mud Ball	Gold Ball	
13	Hill of Prayer	Gather	Ashen Sand	Mud Ball	Gold Ball	
13	Hill of Prayer	Gather	Ashen Sand	Mud Ball	Gold Ball	
13	Hill of Prayer	Gather	Ashen Sand	Mud Ball	Gold Ball	
13	Hill of Prayer	Gather	Paper Scraps	Ash Ball	Fureshumere	
13	Hill of Prayer	Gather	Paper Scraps	Ash Ball	Fureshumere	
13	Hill of Prayer	Gather	Paper Scraps	Ash Ball	Fureshumere	
13	Hill of Prayer	Gather	Paper Scraps	Ash Ball	Fureshumere	
15	Cape Petal	Chest	Wire Master, Vol. 1			
15	Cape Petal	Chest	Schwertite			
15	Cape Petal	Chest	Plant Food			
15	Cape Petal	Chest	Cure-all Base			
15	Cape Petal	Chest	Healing Elixir			
15	Cape Petal	Chest	Gold Eisen			
15	Cape Petal	Chest	Dressmaking for Beginners			
15	Cape Petal	Gather	Nectar Fruit	Ripe Fruit	Benevolent Twisted Tree	
15	Cape Petal	Gather	Nectar Fruit	Ripe Fruit	Benevolent Twisted Tree	
15	Cape Petal	Gather	Nectar Fruit	Ripe Fruit	Benevolent Twisted Tree	
15	Cape Petal	Gather	Nectar Fruit	Ripe Fruit	Benevolent Twisted Tree	
15	Cape Petal	Axe	Eiche	Rotting Arbor Twig	Rotting Arbor Branch	
15	Cape Petal	Axe	Eiche	Rotting Arbor Twig	Rotting Arbor Branch	
15	Cape Petal	Axe	Eiche	Rotting Arbor Twig	Rotting Arbor Branch	
15	Cape Petal	Axe	Eiche	Rotting Arbor Twig	Rotting Arbor Branch	
15	Cape Petal	Gather	Gunpowder Base	Sparkling Sand	Crab	
15	Cape Petal	Gather	Gunpowder Base	Sparkling Sand	Crab	
15	Cape Petal	Gather	Gunpowder Base	Sparkling Sand	Crab	
15	Cape Petal	Gather	Gunpowder Base	Sparkling Sand	Crab	
15	Cape Petal	Gather	Sea Horse	Pretty Shells	Fureshumere	
15	Cape Petal	Gather	Sea Horse	Pretty Shells	Fureshumere	
15	Cape Petal	Gather	Sea Horse	Pretty Shells	Fureshumere	
15	Cape Petal	Gather	Sea Horse	Pretty Shells	Fureshumere	
15	Cape Petal	Gather	Sea Horse	Pretty Shells	Fureshumere	
15	Cape Petal	Gather	Sea Horse	Pretty Shells	Fureshumere	
15	Cape Petal	Gather	Sea Horse	Pretty Shells	Fureshumere	
15	Cape Petal	Gather	Sea Horse	Pretty Shells	Fureshumere	
15	Cape Petal	Gather	Sea Horse	Pretty Shells	Fureshumere	
15	Cape Petal	Gather	Sea Horse	Pretty Shells	Fureshumere	
15	Cape Petal	Gather	Sea Horse	Pretty Shells	Fureshumere	
15	Cape Petal	Gather	Sea Horse	Pretty Shells	Fureshumere	
15	Cape Petal	Gather	Pretty Shells	Smech	Living Fossil	
15	Cape Petal	Gather	Pretty Shells	Smech	Living Fossil	
15	Cape Petal	Gather	Pretty Shells	Smech	Living Fossil	
15	Cape Petal	Gather	Pretty Shells	Smech	Living Fossil	
15	Cape Petal	Sickle	Tail Fern	Princess Grass	Rainbow Wing Fragment	
15	Cape Petal	Sickle	Tail Fern	Princess Grass	Rainbow Wing Fragment	
15	Cape Petal	Sickle	Tail Fern	Princess Grass	Rainbow Wing Fragment	
15	Cape Petal	Sickle	Tail Fern	Princess Grass	Rainbow Wing Fragment	
15	Cape Petal	Gather	Unknown Gemstone	Muddied Crystal	Lunastone	
15	Cape Petal	Gather	Unknown Gemstone	Muddied Crystal	Lunastone	
15	Cape Petal	Gather	Unknown Gemstone	Muddied Crystal	Lunastone	
15	Cape Petal	Gather	Unknown Gemstone	Muddied Crystal	Lunastone	
15	Cape Petal	Gather	Unknown Gemstone	Muddied Crystal	Lunastone	
15	Cape Petal	Gather	Unknown Gemstone	Muddied Crystal	Lunastone	
15	Cape Petal	Gather	Unknown Gemstone	Muddied Crystal	Lunastone	
15	Cape Petal	Gather	Unknown Gemstone	Muddied Crystal	Lunastone	
15	Cape Petal	Gather	Eicheloa	Octoshroom	Dreamy Crown	
15	Cape Petal	Gather	Eicheloa	Octoshroom	Dreamy Crown	
15	Cape Petal	Gather	Eicheloa	Octoshroom	Dreamy Crown	
15	Cape Petal	Gather	Eicheloa	Octoshroom	Dreamy Crown	
15	Cape Petal	Gather	Supple Vine	Blackberry	Bitter Root	
15	Cape Petal	Gather	Supple Vine	Blackberry	Bitter Root	
15	Cape Petal	Gather	Supple Vine	Blackberry	Bitter Root	
15	Cape Petal	Gather	Supple Vine	Blackberry	Bitter Root	
15	Cape Petal	Gather	Umbrella Tree Strawberry	Mine Ant	Jewelgrass Seeds	
15	Cape Petal	Gather	Umbrella Tree Strawberry	Mine Ant	Jewelgrass Seeds	
15	Cape Petal	Gather	Umbrella Tree Strawberry	Mine Ant	Jewelgrass Seeds	
15	Cape Petal	Gather	Umbrella Tree Strawberry	Mine Ant	Jewelgrass Seeds	
15	Cape Petal	Axe	Blue Crystal	Amatite Ore	Black Volcanic Ore	
15	Cape Petal	Axe	Blue Crystal	Amatite Ore	Black Volcanic Ore	
15	Cape Petal	Axe	Blue Crystal	Amatite Ore	Black Volcanic Ore	
15	Cape Petal	Axe	Blue Crystal	Amatite Ore	Black Volcanic Ore	
15	Cape Petal	Gather	Pretty Shells	Pourpremoule	Lanterna Shell	
15	Cape Petal	Gather	Pretty Shells	Pourpremoule	Lanterna Shell	
15	Cape Petal	Gather	Pretty Shells	Pourpremoule	Lanterna Shell	
15	Cape Petal	Gather	Pretty Shells	Pourpremoule	Lanterna Shell	
15	Cape Petal	Axe	Shining Powder	Poison Powder	Goldinite	
15	Cape Petal	Axe	Shining Powder	Poison Powder	Goldinite	
15	Cape Petal	Axe	Shining Powder	Poison Powder	Goldinite	
15	Cape Petal	Axe	Shining Powder	Poison Powder	Goldinite	
15	Cape Petal	Gather	Sweet Flower	Mana Petal	Minuit Fleur	
15	Cape Petal	Gather	Sweet Flower	Mana Petal	Minuit Fleur	
15	Cape Petal	Gather	Sweet Flower	Mana Petal	Minuit Fleur	
15	Cape Petal	Gather	Sweet Flower	Mana Petal	Minuit Fleur	
15	Cape Petal	Sickle	Tall Taun	Lucky Clover	Mana Petal	
15	Cape Petal	Sickle	Tall Taun	Lucky Clover	Mana Petal	
15	Cape Petal	Sickle	Tall Taun	Lucky Clover	Mana Petal	
15	Cape Petal	Gather	Crab	Baby Wyrm	Gold Steel Web	
15	Cape Petal	Gather	Crab	Baby Wyrm	Gold Steel Web	
15	Cape Petal	Gather	Crab	Baby Wyrm	Gold Steel Web	
15	Cape Petal	Gather	Crab	Baby Wyrm	Gold Steel Web	
15	Cape Petal	Gather	Balloon Fruit	Feather Draft	Sage Fish	
15	Cape Petal	Gather	Balloon Fruit	Feather Draft	Sage Fish	
15	Cape Petal	Gather	Balloon Fruit	Feather Draft	Sage Fish	
15	Cape Petal	Gather	Balloon Fruit	Feather Draft	Sage Fish	
15	Cape Petal	Gather	Crab	Smech	Fureshumere	
15	Cape Petal	Gather	Crab	Smech	Fureshumere	
15	Cape Petal	Gather	Crab	Smech	Fureshumere	
15	Cape Petal	Gather	Crab	Smech	Fureshumere	
15	Cape Petal	Gather	Nectar Fruit	Ripe Fruit	Benevolent Twisted Tree	
15	Cape Petal	Gather	Nectar Fruit	Ripe Fruit	Benevolent Twisted Tree	
15	Cape Petal	Gather	Nectar Fruit	Ripe Fruit	Benevolent Twisted Tree	
15	Cape Petal	Gather	Nectar Fruit	Ripe Fruit	Benevolent Twisted Tree	
15	Cape Petal	Axe	Eiche	Rotting Arbor Twig	Rotting Arbor Branch	
15	Cape Petal	Axe	Eiche	Rotting Arbor Twig	Rotting Arbor Branch	
15	Cape Petal	Axe	Eiche	Rotting Arbor Twig	Rotting Arbor Branch	
15	Cape Petal	Axe	Eiche	Rotting Arbor Twig	Rotting Arbor Branch	
15	Cape Petal	Gather	Beehive	Silver Beehive	Gold Beehive	
15	Cape Petal	Gather	Beehive	Silver Beehive	Gold Beehive	
15	Cape Petal	Gather	Beehive	Silver Beehive	Gold Beehive	
15	Cape Petal	Gather	Beehive	Silver Beehive	Gold Beehive	
15	Cape Petal	Gather	Gunpowder Base	Sparkling Sand	Crab	
15	Cape Petal	Gather	Gunpowder Base	Sparkling Sand	Crab	
15	Cape Petal	Gather	Gunpowder Base	Sparkling Sand	Crab	
15	Cape Petal	Gather	Gunpowder Base	Sparkling Sand	Crab	
15	Cape Petal	Gather	Sea Horse	Pretty Shells	Fureshumere	
15	Cape Petal	Gather	Sea Horse	Pretty Shells	Fureshumere	
15	Cape Petal	Gather	Sea Horse	Pretty Shells	Fureshumere	
15	Cape Petal	Gather	Sea Horse	Pretty Shells	Fureshumere	
15	Cape Petal	Gather	Sea Horse	Pretty Shells	Fureshumere	
15	Cape Petal	Gather	Sea Horse	Pretty Shells	Fureshumere	
15	Cape Petal	Gather	Sea Horse	Pretty Shells	Fureshumere	
15	Cape Petal	Gather	Sea Horse	Pretty Shells	Fureshumere	
15	Cape Petal	Gather	Sea Horse	Pretty Shells	Fureshumere	
15	Cape Petal	Gather	Sea Horse	Pretty Shells	Fureshumere	
15	Cape Petal	Gather	Sea Horse	Pretty Shells	Fureshumere	
15	Cape Petal	Gather	Sea Horse	Pretty Shells	Fureshumere	
15	Cape Petal	Gather	Ashen Sand	Sea Horse	Diamant Gemstone	
15	Cape Petal	Gather	Ashen Sand	Sea Horse	Diamant Gemstone	
15	Cape Petal	Gather	Ashen Sand	Sea Horse	Diamant Gemstone	
15	Cape Petal	Gather	Ashen Sand	Sea Horse	Diamant Gemstone	
15	Cape Petal	Sickle	Tail Fern	Princess Grass	Rainbow Wing Fragment	
15	Cape Petal	Sickle	Tail Fern	Princess Grass	Rainbow Wing Fragment	
15	Cape Petal	Sickle	Tail Fern	Princess Grass	Rainbow Wing Fragment	
15	Cape Petal	Sickle	Tail Fern	Princess Grass	Rainbow Wing Fragment	
15	Cape Petal	Gather	Arbor Ivy	Cotton Grass	Balloon Fruit	
15	Cape Petal	Gather	Arbor Ivy	Cotton Grass	Balloon Fruit	
15	Cape Petal	Gather	Arbor Ivy	Cotton Grass	Balloon Fruit	
15	Cape Petal	Gather	Arbor Ivy	Cotton Grass	Balloon Fruit	
15	Cape Petal	Gather	Rouge Gemstone	Muddied Crystal	Lunastone	
15	Cape Petal	Gather	Rouge Gemstone	Muddied Crystal	Lunastone	
15	Cape Petal	Gather	Rouge Gemstone	Muddied Crystal	Lunastone	
15	Cape Petal	Gather	Rouge Gemstone	Muddied Crystal	Lunastone	
15	Cape Petal	Gather	Mushroom Colony	Octoshroom	Glowshroom	
15	Cape Petal	Gather	Mushroom Colony	Octoshroom	Glowshroom	
15	Cape Petal	Gather	Mushroom Colony	Octoshroom	Glowshroom	
15	Cape Petal	Gather	Mushroom Colony	Octoshroom	Glowshroom	
15	Cape Petal	Gather	Umbrella Tree Strawberry	Blackberry	Elder Garlic	
15	Cape Petal	Gather	Umbrella Tree Strawberry	Blackberry	Elder Garlic	
15	Cape Petal	Gather	Umbrella Tree Strawberry	Blackberry	Elder Garlic	
15	Cape Petal	Gather	Umbrella Tree Strawberry	Blackberry	Elder Garlic	
15	Cape Petal	Gather	Pretty Shells	Pourpremoule	Lanterna Shell	
15	Cape Petal	Gather	Pretty Shells	Pourpremoule	Lanterna Shell	
15	Cape Petal	Gather	Pretty Shells	Pourpremoule	Lanterna Shell	
15	Cape Petal	Gather	Pretty Shells	Pourpremoule	Lanterna Shell	
15	Cape Petal	Axe	Blue Crystal	Ash Ball	Goldinite	
15	Cape Petal	Axe	Blue Crystal	Ash Ball	Goldinite	
15	Cape Petal	Axe	Blue Crystal	Ash Ball	Goldinite	
15	Cape Petal	Axe	Blue Crystal	Ash Ball	Goldinite	
15	Cape Petal	Gather	Poison Grass	Sweet Flower	Minuit Fleur	
15	Cape Petal	Gather	Poison Grass	Sweet Flower	Minuit Fleur	
15	Cape Petal	Gather	Poison Grass	Sweet Flower	Minuit Fleur	
15	Cape Petal	Gather	Poison Grass	Sweet Flower	Minuit Fleur	
15	Cape Petal	Sickle	Tall Taun	Lucky Clover	Heilige Blume	
15	Cape Petal	Sickle	Tall Taun	Lucky Clover	Heilige Blume	
15	Cape Petal	Sickle	Tall Taun	Lucky Clover	Heilige Blume	
15	Cape Petal	Gather	Star Ladybug	Ferrous Isopod	Gold Steel Web	
15	Cape Petal	Gather	Star Ladybug	Ferrous Isopod	Gold Steel Web	
15	Cape Petal	Gather	Star Ladybug	Ferrous Isopod	Gold Steel Web	
15	Cape Petal	Gather	Star Ladybug	Ferrous Isopod	Gold Steel Web	
15	Cape Petal	Gather	Balloon Fruit	Feather Draft	Sage Fish	
15	Cape Petal	Gather	Balloon Fruit	Feather Draft	Sage Fish	
15	Cape Petal	Gather	Balloon Fruit	Feather Draft	Sage Fish	
15	Cape Petal	Gather	Balloon Fruit	Feather Draft	Sage Fish	
15	Cape Petal	Gather	Crab	Smech	Fureshumere	
15	Cape Petal	Gather	Crab	Smech	Fureshumere	
15	Cape Petal	Gather	Crab	Smech	Fureshumere	
15	Cape Petal	Gather	Crab	Smech	Fureshumere	
8	Folmin Mine	Chest	Wire Master, Vol. 2			
8	Folmin Mine	Chest	Schwertite			
8	Folmin Mine	Chest	Wurzel Aqua			
8	Folmin Mine	Chest	Charmanduft			
8	Folmin Mine	Chest	Scale Armor			
8	Folmin Mine	Chest	Woodsprite Raiment			
8	Folmin Mine	Chest	The Basics of Jackets			
8	Folmin Mine	Gather	Ash Ball	Broken Rock	Gold Ball	
8	Folmin Mine	Gather	Ash Ball	Broken Rock	Gold Ball	
8	Folmin Mine	Gather	Ash Ball	Broken Rock	Gold Ball	
8	Folmin Mine	Gather	Ash Ball	Broken Rock	Gold Ball	
8	Folmin Mine	Gather	Mud Ball	Bitter Root	Elder Garlic	
8	Folmin Mine	Gather	Mud Ball	Bitter Root	Elder Garlic	
8	Folmin Mine	Gather	Mud Ball	Bitter Root	Elder Garlic	
8	Folmin Mine	Gather	Mud Ball	Bitter Root	Elder Garlic	
8	Folmin Mine	Gather	Blue Gemstone	Diopside	Unknown Augite	
8	Folmin Mine	Gather	Blue Gemstone	Diopside	Unknown Augite	
8	Folmin Mine	Gather	Blue Gemstone	Diopside	Unknown Augite	
8	Folmin Mine	Gather	Blue Gemstone	Diopside	Unknown Augite	
8	Folmin Mine	Gather	Fortima Ore	Rouge Gemstone	Ruin Stone	
8	Folmin Mine	Gather	Fortima Ore	Rouge Gemstone	Ruin Stone	
8	Folmin Mine	Gather	Fortima Ore	Rouge Gemstone	Ruin Stone	
8	Folmin Mine	Gather	Fortima Ore	Rouge Gemstone	Ruin Stone	
8	Folmin Mine	Gather	Broken Tools	Rusted Sword	Mysterious Metal Shard	
8	Folmin Mine	Gather	Broken Tools	Rusted Sword	Mysterious Metal Shard	
8	Folmin Mine	Gather	Broken Tools	Rusted Sword	Mysterious Metal Shard	
8	Folmin Mine	Gather	Broken Tools	Rusted Sword	Mysterious Metal Shard	
8	Folmin Mine	Gather	Rouge Gemstone	Muddied Crystal	Lunastone	
8	Folmin Mine	Gather	Rouge Gemstone	Muddied Crystal	Lunastone	
8	Folmin Mine	Gather	Rouge Gemstone	Muddied Crystal	Lunastone	
8	Folmin Mine	Gather	Rouge Gemstone	Muddied Crystal	Lunastone	
8	Folmin Mine	Gather	Glowshroom	Octoshroom	Whitefly	
8	Folmin Mine	Gather	Glowshroom	Octoshroom	Whitefly	
8	Folmin Mine	Gather	Glowshroom	Octoshroom	Whitefly	
8	Folmin Mine	Gather	Glowshroom	Octoshroom	Whitefly	
8	Folmin Mine	Gather	Sand Crystals	Black Water	Orange Glass	
8	Folmin Mine	Gather	Sand Crystals	Black Water	Orange Glass	
8	Folmin Mine	Gather	Sand Crystals	Black Water	Orange Glass	
8	Folmin Mine	Gather	Sand Crystals	Black Water	Orange Glass	
8	Folmin Mine	Axe	Blue Crystal	Amatite Ore	Black Volcanic Ore	
8	Folmin Mine	Axe	Blue Crystal	Amatite Ore	Black Volcanic Ore	
8	Folmin Mine	Axe	Blue Crystal	Amatite Ore	Black Volcanic Ore	
8	Folmin Mine	Axe	Blue Crystal	Amatite Ore	Black Volcanic Ore	
8	Folmin Mine	Axe	Gaudy Stone	Regicite	Gold Ball	
8	Folmin Mine	Axe	Gaudy Stone	Regicite	Gold Ball	
8	Folmin Mine	Axe	Gaudy Stone	Regicite	Gold Ball	
8	Folmin Mine	Axe	Gaudy Stone	Regicite	Gold Ball	
8	Folmin Mine	Gather	Gold Steel Web	Magic Tome Page	Seele Pilós	
8	Folmin Mine	Gather	Gold Steel Web	Magic Tome Page	Seele Pilós	
8	Folmin Mine	Gather	Gold Steel Web	Magic Tome Page	Seele Pilós	
8	Folmin Mine	Gather	Gold Steel Web	Magic Tome Page	Seele Pilós	
8	Folmin Mine	Gather	Rainbow Wing Fragment	Blue Gemstone	Eternal Crystal	
8	Folmin Mine	Gather	Rainbow Wing Fragment	Blue Gemstone	Eternal Crystal	
8	Folmin Mine	Gather	Rainbow Wing Fragment	Blue Gemstone	Eternal Crystal	
8	Folmin Mine	Gather	Rainbow Wing Fragment	Blue Gemstone	Eternal Crystal	
8	Folmin Mine	Gather	Ethereal Stone	Shining Powder	Celestial Silver Stone	
8	Folmin Mine	Gather	Ethereal Stone	Shining Powder	Celestial Silver Stone	
8	Folmin Mine	Gather	Ethereal Stone	Shining Powder	Celestial Silver Stone	
8	Folmin Mine	Gather	Ethereal Stone	Shining Powder	Celestial Silver Stone	
8	Folmin Mine	Axe	Glowing Diatom	Rainbow Wing Fragment	Riverstone	
8	Folmin Mine	Axe	Glowing Diatom	Rainbow Wing Fragment	Riverstone	
8	Folmin Mine	Axe	Glowing Diatom	Rainbow Wing Fragment	Riverstone	
8	Folmin Mine	Axe	Glowing Diatom	Rainbow Wing Fragment	Riverstone	
8	Folmin Mine	Bug Net	Honeypot Ant	Baby Wyrm	Lapis Papillion	
8	Folmin Mine	Bug Net	Honeypot Ant	Baby Wyrm	Lapis Papillion	
8	Folmin Mine	Bug Net	Honeypot Ant	Baby Wyrm	Lapis Papillion	
8	Folmin Mine	Bug Net	Honeypot Ant	Baby Wyrm	Lapis Papillion	
8	Folmin Mine	Gather	Zapping Water	Dark Dew	Golden Fruit	
8	Folmin Mine	Gather	Zapping Water	Dark Dew	Golden Fruit	
8	Folmin Mine	Gather	Zapping Water	Dark Dew	Golden Fruit	
8	Folmin Mine	Gather	Zapping Water	Dark Dew	Golden Fruit	
8	Folmin Mine	Gather	Paper Scraps	Rusted Sword	Sage Fish	
8	Folmin Mine	Gather	Paper Scraps	Rusted Sword	Sage Fish	
8	Folmin Mine	Gather	Paper Scraps	Rusted Sword	Sage Fish	
8	Folmin Mine	Gather	Paper Scraps	Rusted Sword	Sage Fish	
8	Folmin Mine	Gather	Ash Ball	Broken Rock	Gold Ball	
8	Folmin Mine	Gather	Ash Ball	Broken Rock	Gold Ball	
8	Folmin Mine	Gather	Ash Ball	Broken Rock	Gold Ball	
8	Folmin Mine	Gather	Ash Ball	Broken Rock	Gold Ball	
8	Folmin Mine	Gather	Gunpowder Base	Orange Glass	Rainbow Wing Fragment	
8	Folmin Mine	Gather	Gunpowder Base	Orange Glass	Rainbow Wing Fragment	
8	Folmin Mine	Gather	Gunpowder Base	Orange Glass	Rainbow Wing Fragment	
8	Folmin Mine	Gather	Gunpowder Base	Orange Glass	Rainbow Wing Fragment	
8	Folmin Mine	Gather	Diopside	Unknown Gemstone	Unknown Augite	
8	Folmin Mine	Gather	Diopside	Unknown Gemstone	Unknown Augite	
8	Folmin Mine	Gather	Diopside	Unknown Gemstone	Unknown Augite	
8	Folmin Mine	Gather	Diopside	Unknown Gemstone	Unknown Augite	
8	Folmin Mine	Gather	Fortima Ore	Zafloa Oil	Baby Wyrm	
8	Folmin Mine	Gather	Fortima Ore	Zafloa Oil	Baby Wyrm	
8	Folmin Mine	Gather	Fortima Ore	Zafloa Oil	Baby Wyrm	
8	Folmin Mine	Gather	Fortima Ore	Zafloa Oil	Baby Wyrm	
8	Folmin Mine	Gather	Fortima Ore	Zafloa Oil	Baby Wyrm	
8	Folmin Mine	Gather	Fortima Ore	Zafloa Oil	Baby Wyrm	
8	Folmin Mine	Gather	Fortima Ore	Zafloa Oil	Baby Wyrm	
8	Folmin Mine	Gather	Fortima Ore	Zafloa Oil	Baby Wyrm	
8	Folmin Mine	Gather	Fortima Ore	Zafloa Oil	Baby Wyrm	
8	Folmin Mine	Gather	Fortima Ore	Zafloa Oil	Baby Wyrm	
8	Folmin Mine	Gather	Broken Tools	Rusted Sword	Mysterious Metal Shard	
8	Folmin Mine	Gather	Broken Tools	Rusted Sword	Mysterious Metal Shard	
8	Folmin Mine	Gather	Broken Tools	Rusted Sword	Mysterious Metal Shard	
8	Folmin Mine	Gather	Broken Tools	Rusted Sword	Mysterious Metal Shard	
8	Folmin Mine	Gather	Rainbow Crystal	Rainbow Coral Fragment	Big Horned Beetle	
8	Folmin Mine	Gather	Rainbow Crystal	Rainbow Coral Fragment	Big Horned Beetle	
8	Folmin Mine	Gather	Rainbow Crystal	Rainbow Coral Fragment	Big Horned Beetle	
8	Folmin Mine	Gather	Rainbow Crystal	Rainbow Coral Fragment	Big Horned Beetle	
8	Folmin Mine	Gather	Expiation Worm	Yuqtul Frog	Chainweb	
8	Folmin Mine	Gather	Expiation Worm	Yuqtul Frog	Chainweb	
8	Folmin Mine	Gather	Expiation Worm	Yuqtul Frog	Chainweb	
8	Folmin Mine	Gather	Expiation Worm	Yuqtul Frog	Chainweb	
8	Folmin Mine	Gather	Rouge Gemstone	Muddied Crystal	Lunastone	
8	Folmin Mine	Gather	Rouge Gemstone	Muddied Crystal	Lunastone	
8	Folmin Mine	Gather	Rouge Gemstone	Muddied Crystal	Lunastone	
8	Folmin Mine	Gather	Rouge Gemstone	Muddied Crystal	Lunastone	
8	Folmin Mine	Gather	Groundwater	Diopside	Dark Dew	
8	Folmin Mine	Gather	Groundwater	Diopside	Dark Dew	
8	Folmin Mine	Gather	Groundwater	Diopside	Dark Dew	
8	Folmin Mine	Gather	Groundwater	Diopside	Dark Dew	
8	Folmin Mine	Axe	Unknown Gemstone	Eternal Crystal	Lunastone	
8	Folmin Mine	Axe	Unknown Gemstone	Eternal Crystal	Lunastone	
8	Folmin Mine	Axe	Unknown Gemstone	Eternal Crystal	Lunastone	
8	Folmin Mine	Axe	Unknown Gemstone	Eternal Crystal	Lunastone	
8	Folmin Mine	Axe	Gaudy Stone	Regicite	Gold Ball	
8	Folmin Mine	Axe	Gaudy Stone	Regicite	Gold Ball	
8	Folmin Mine	Axe	Gaudy Stone	Regicite	Gold Ball	
8	Folmin Mine	Axe	Gaudy Stone	Regicite	Gold Ball	
8	Folmin Mine	Gather	Rainbow Wing Fragment	Rouge Gemstone	Blue Gemstone	
8	Folmin Mine	Gather	Rainbow Wing Fragment	Rouge Gemstone	Blue Gemstone	
8	Folmin Mine	Gather	Rainbow Wing Fragment	Rouge Gemstone	Blue Gemstone	
8	Folmin Mine	Gather	Rainbow Wing Fragment	Rouge Gemstone	Blue Gemstone	
8	Folmin Mine	Gather	Steel Balls	Ethereal Stone	Undastone	
8	Folmin Mine	Gather	Steel Balls	Ethereal Stone	Undastone	
8	Folmin Mine	Gather	Steel Balls	Ethereal Stone	Undastone	
8	Folmin Mine	Gather	Steel Balls	Ethereal Stone	Undastone	
8	Folmin Mine	Axe	Glowing Diatom	Rainbow Wing Fragment	Riverstone	
8	Folmin Mine	Axe	Glowing Diatom	Rainbow Wing Fragment	Riverstone	
8	Folmin Mine	Axe	Glowing Diatom	Rainbow Wing Fragment	Riverstone	
8	Folmin Mine	Axe	Glowing Diatom	Rainbow Wing Fragment	Riverstone	
8	Folmin Mine	Bug Net	Honeypot Ant	Baby Menace	Ingot Beetle	
8	Folmin Mine	Bug Net	Honeypot Ant	Baby Menace	Ingot Beetle	
8	Folmin Mine	Bug Net	Honeypot Ant	Baby Menace	Ingot Beetle	
8	Folmin Mine	Bug Net	Honeypot Ant	Baby Menace	Ingot Beetle	
8	Folmin Mine	Gather	Charred Bark	Whimsy Strawberries	Golden Fruit	
8	Folmin Mine	Gather	Charred Bark	Whimsy Strawberries	Golden Fruit	
8	Folmin Mine	Gather	Charred Bark	Whimsy Strawberries	Golden Fruit	
8	Folmin Mine	Gather	Charred Bark	Whimsy Strawberries	Golden Fruit	
8	Folmin Mine	Gather	Rusted Sword	Steam Uni	Sage Fish	
8	Folmin Mine	Gather	Rusted Sword	Steam Uni	Sage Fish	
8	Folmin Mine	Gather	Rusted Sword	Steam Uni	Sage Fish	
8	Folmin Mine	Gather	Rusted Sword	Steam Uni	Sage Fish	
17	Shooting Star Lake	Chest	Forbidden Grimoire			
17	Shooting Star Lake	Chest	White Order			
17	Shooting Star Lake	Chest	Lanterna Earrings			
17	Shooting Star Lake	Chest	Langwolke			
17	Shooting Star Lake	Chest	Golem Core			
17	Shooting Star Lake	Chest	Gold Puniball			
17	Shooting Star Lake	Chest	Wire Master, Vol. 3			
17	Shooting Star Lake	Chest	Schwertite			
17	Shooting Star Lake	Chest	Asterisíma			
17	Shooting Star Lake	Sickle	Torch Grass	Diaphane	Shepherdflower	
17	Shooting Star Lake	Sickle	Torch Grass	Diaphane	Shepherdflower	
17	Shooting Star Lake	Sickle	Torch Grass	Diaphane	Shepherdflower	
17	Shooting Star Lake	Sickle	Torch Grass	Diaphane	Shepherdflower	
17	Shooting Star Lake	Gather	Arbor Ivy	Cotton Grass	Balloon Fruit	
17	Shooting Star Lake	Gather	Arbor Ivy	Cotton Grass	Balloon Fruit	
17	Shooting Star Lake	Gather	Arbor Ivy	Cotton Grass	Balloon Fruit	
17	Shooting Star Lake	Gather	Arbor Ivy	Cotton Grass	Balloon Fruit	
17	Shooting Star Lake	Gather	Eicheloa	Octoshroom	Dreamy Crown	
17	Shooting Star Lake	Gather	Eicheloa	Octoshroom	Dreamy Crown	
17	Shooting Star Lake	Gather	Eicheloa	Octoshroom	Dreamy Crown	
17	Shooting Star Lake	Gather	Eicheloa	Octoshroom	Dreamy Crown	
17	Shooting Star Lake	Gather	Supple Vine	Blackberry	Bitter Root	
17	Shooting Star Lake	Gather	Supple Vine	Blackberry	Bitter Root	
17	Shooting Star Lake	Gather	Supple Vine	Blackberry	Bitter Root	
17	Shooting Star Lake	Gather	Supple Vine	Blackberry	Bitter Root	
17	Shooting Star Lake	Gather	Wurzel Aqua	Gold Ball	Broken Tools	
17	Shooting Star Lake	Gather	Wurzel Aqua	Gold Ball	Broken Tools	
17	Shooting Star Lake	Gather	Wurzel Aqua	Gold Ball	Broken Tools	
17	Shooting Star Lake	Gather	Wurzel Aqua	Gold Ball	Broken Tools	
17	Shooting Star Lake	Gather	Tíkometal	Bewitching Chip	Rouge Gemstone	
17	Shooting Star Lake	Gather	Tíkometal	Bewitching Chip	Rouge Gemstone	
17	Shooting Star Lake	Gather	Tíkometal	Bewitching Chip	Rouge Gemstone	
17	Shooting Star Lake	Gather	Tíkometal	Bewitching Chip	Rouge Gemstone	
17	Shooting Star Lake	Gather	Thin Fruit	Nectar Fruit	Feather Draft	
17	Shooting Star Lake	Gather	Thin Fruit	Nectar Fruit	Feather Draft	
17	Shooting Star Lake	Gather	Thin Fruit	Nectar Fruit	Feather Draft	
17	Shooting Star Lake	Gather	Thin Fruit	Nectar Fruit	Feather Draft	
17	Shooting Star Lake	Gather	Uni	Demon Uni	Emperor Uni	
17	Shooting Star Lake	Gather	Uni	Demon Uni	Emperor Uni	
17	Shooting Star Lake	Gather	Uni	Demon Uni	Emperor Uni	
17	Shooting Star Lake	Gather	Uni	Demon Uni	Emperor Uni	
17	Shooting Star Lake	Sickle	Tail Fern	Princess Grass	Rainbow Wing Fragment	
17	Shooting Star Lake	Sickle	Tail Fern	Princess Grass	Rainbow Wing Fragment	
17	Shooting Star Lake	Sickle	Tail Fern	Princess Grass	Rainbow Wing Fragment	
17	Shooting Star Lake	Sickle	Tail Fern	Princess Grass	Rainbow Wing Fragment	
17	Shooting Star Lake	Gather	Lotus	Fureshumere	Plant Essence	
17	Shooting Star Lake	Gather	Lotus	Fureshumere	Plant Essence	
17	Shooting Star Lake	Gather	Lotus	Fureshumere	Plant Essence	
17	Shooting Star Lake	Gather	Lotus	Fureshumere	Plant Essence	
17	Shooting Star Lake	Gather	Thin Fruit	Nectar Fruit	Benevolent Twisted Tree	
17	Shooting Star Lake	Gather	Thin Fruit	Nectar Fruit	Benevolent Twisted Tree	
17	Shooting Star Lake	Gather	Thin Fruit	Nectar Fruit	Benevolent Twisted Tree	
17	Shooting Star Lake	Gather	Thin Fruit	Nectar Fruit	Benevolent Twisted Tree	
17	Shooting Star Lake	Axe	Tears of the Fallen Star	Celestial Silver Stone	Diopside	
17	Shooting Star Lake	Axe	Tears of the Fallen Star	Celestial Silver Stone	Diopside	
17	Shooting Star Lake	Axe	Tears of the Fallen Star	Celestial Silver Stone	Diopside	
17	Shooting Star Lake	Axe	Tears of the Fallen Star	Celestial Silver Stone	Diopside	
17	Shooting Star Lake	Sickle	Colored Cotton Grass	Clean Water	Mana Petal	
17	Shooting Star Lake	Sickle	Colored Cotton Grass	Clean Water	Mana Petal	
17	Shooting Star Lake	Sickle	Colored Cotton Grass	Clean Water	Mana Petal	
17	Shooting Star Lake	Sickle	Colored Cotton Grass	Clean Water	Mana Petal	
17	Shooting Star Lake	Axe	Eiche	Rotting Arbor Twig	Rotting Arbor Branch	
17	Shooting Star Lake	Axe	Eiche	Rotting Arbor Twig	Rotting Arbor Branch	
17	Shooting Star Lake	Axe	Eiche	Rotting Arbor Twig	Rotting Arbor Branch	
17	Shooting Star Lake	Axe	Eiche	Rotting Arbor Twig	Rotting Arbor Branch	
17	Shooting Star Lake	Gather	Tall Taun	Forest Sage	Shepherdflower	
17	Shooting Star Lake	Gather	Tall Taun	Forest Sage	Shepherdflower	
17	Shooting Star Lake	Gather	Tall Taun	Forest Sage	Shepherdflower	
17	Shooting Star Lake	Gather	Tall Taun	Forest Sage	Shepherdflower	
17	Shooting Star Lake	Gather	Crab	Baby Wyrm	Gold Steel Web	
17	Shooting Star Lake	Gather	Crab	Baby Wyrm	Gold Steel Web	
17	Shooting Star Lake	Gather	Crab	Baby Wyrm	Gold Steel Web	
17	Shooting Star Lake	Gather	Crab	Baby Wyrm	Gold Steel Web	
17	Shooting Star Lake	Bug Net	Honeypot Ant	Lapis Papillion	Ingot Bug	
17	Shooting Star Lake	Bug Net	Honeypot Ant	Lapis Papillion	Ingot Bug	
17	Shooting Star Lake	Bug Net	Honeypot Ant	Lapis Papillion	Ingot Bug	
17	Shooting Star Lake	Bug Net	Honeypot Ant	Lapis Papillion	Ingot Bug	
17	Shooting Star Lake	Gather	Blackberry	Umbrella Tree Strawberry	Thin Fruit	
17	Shooting Star Lake	Gather	Blackberry	Umbrella Tree Strawberry	Thin Fruit	
17	Shooting Star Lake	Gather	Blackberry	Umbrella Tree Strawberry	Thin Fruit	
17	Shooting Star Lake	Gather	Blackberry	Umbrella Tree Strawberry	Thin Fruit	
17	Shooting Star Lake	Gather	Palma Fruit	Arbor Ivy	Ripe Fruit	
17	Shooting Star Lake	Gather	Palma Fruit	Arbor Ivy	Ripe Fruit	
17	Shooting Star Lake	Gather	Palma Fruit	Arbor Ivy	Ripe Fruit	
17	Shooting Star Lake	Gather	Palma Fruit	Arbor Ivy	Ripe Fruit	
17	Shooting Star Lake	Gather	Uni	Demon Uni	Gold Uni	
17	Shooting Star Lake	Gather	Uni	Demon Uni	Gold Uni	
17	Shooting Star Lake	Gather	Uni	Demon Uni	Gold Uni	
17	Shooting Star Lake	Gather	Uni	Demon Uni	Gold Uni	
17	Shooting Star Lake	Sickle	Tail Fern	Zafloa Oil	Seele Pilós	
17	Shooting Star Lake	Sickle	Tail Fern	Zafloa Oil	Seele Pilós	
17	Shooting Star Lake	Sickle	Tail Fern	Zafloa Oil	Seele Pilós	
17	Shooting Star Lake	Sickle	Tail Fern	Zafloa Oil	Seele Pilós	
17	Shooting Star Lake	Gather	Lotus	Plant Essence	Medicinal Moss	
17	Shooting Star Lake	Gather	Lotus	Plant Essence	Medicinal Moss	
17	Shooting Star Lake	Gather	Lotus	Plant Essence	Medicinal Moss	
17	Shooting Star Lake	Gather	Lotus	Plant Essence	Medicinal Moss	
17	Shooting Star Lake	Gather	Nectar Fruit	Ripe Fruit	Benevolent Twisted Tree	
17	Shooting Star Lake	Gather	Nectar Fruit	Ripe Fruit	Benevolent Twisted Tree	
17	Shooting Star Lake	Gather	Nectar Fruit	Ripe Fruit	Benevolent Twisted Tree	
17	Shooting Star Lake	Gather	Nectar Fruit	Ripe Fruit	Benevolent Twisted Tree	
17	Shooting Star Lake	Axe	Tears of the Fallen Star	Orange Glass	Steel Balls	
17	Shooting Star Lake	Axe	Tears of the Fallen Star	Orange Glass	Steel Balls	
17	Shooting Star Lake	Axe	Tears of the Fallen Star	Orange Glass	Steel Balls	
17	Shooting Star Lake	Axe	Tears of the Fallen Star	Orange Glass	Steel Balls	
17	Shooting Star Lake	Sickle	Lotus	Crackling Water	Mana Petal	
17	Shooting Star Lake	Sickle	Lotus	Crackling Water	Mana Petal	
17	Shooting Star Lake	Sickle	Lotus	Crackling Water	Mana Petal	
17	Shooting Star Lake	Sickle	Lotus	Crackling Water	Mana Petal	
17	Shooting Star Lake	Axe	Eiche	Evihibrow	Holy Arbor Branch	
17	Shooting Star Lake	Axe	Eiche	Evihibrow	Holy Arbor Branch	
17	Shooting Star Lake	Axe	Eiche	Evihibrow	Holy Arbor Branch	
17	Shooting Star Lake	Axe	Eiche	Evihibrow	Holy Arbor Branch	
17	Shooting Star Lake	Gather	Nightglow Flower	Forest Sage	Eternal Blossom	
17	Shooting Star Lake	Gather	Nightglow Flower	Forest Sage	Eternal Blossom	
17	Shooting Star Lake	Gather	Nightglow Flower	Forest Sage	Eternal Blossom	
17	Shooting Star Lake	Gather	Nightglow Flower	Forest Sage	Eternal Blossom	
17	Shooting Star Lake	Gather	Star Ladybug	Ferrous Isopod	Gold Steel Web	
17	Shooting Star Lake	Gather	Star Ladybug	Ferrous Isopod	Gold Steel Web	
17	Shooting Star Lake	Gather	Star Ladybug	Ferrous Isopod	Gold Steel Web	
17	Shooting Star Lake	Gather	Star Ladybug	Ferrous Isopod	Gold Steel Web	
17	Shooting Star Lake	Gather	Gold Beehive	Ancient Beehive	Honey Ball	
17	Shooting Star Lake	Gather	Gold Beehive	Ancient Beehive	Honey Ball	
17	Shooting Star Lake	Gather	Gold Beehive	Ancient Beehive	Honey Ball	
17	Shooting Star Lake	Gather	Gold Beehive	Ancient Beehive	Honey Ball	
17	Shooting Star Lake	Gather	Esplante	Star Ladybug	Ingot Bug	
17	Shooting Star Lake	Gather	Esplante	Star Ladybug	Ingot Bug	
17	Shooting Star Lake	Gather	Esplante	Star Ladybug	Ingot Bug	
17	Shooting Star Lake	Gather	Esplante	Star Ladybug	Ingot Bug	
18	Meridie Volcano	Chest	Water Beast Fossil			
18	Meridie Volcano	Chest	Moon Drop			
18	Meridie Volcano	Chest	Lumiere Potpourri			
18	Meridie Volcano	Chest	Red Hot Crystal			
18	Meridie Volcano	Sickle	Steam Uni	Indignant Scream	Thousand Scale Fruit	
18	Meridie Volcano	Sickle	Steam Uni	Indignant Scream	Thousand Scale Fruit	
18	Meridie Volcano	Sickle	Steam Uni	Indignant Scream	Thousand Scale Fruit	
18	Meridie Volcano	Sickle	Steam Uni	Indignant Scream	Thousand Scale Fruit	
18	Meridie Volcano	Axe	Charred Bark	Umbrella Tree Strawberry	Jewelgrass Seeds	
18	Meridie Volcano	Axe	Charred Bark	Umbrella Tree Strawberry	Jewelgrass Seeds	
18	Meridie Volcano	Axe	Charred Bark	Umbrella Tree Strawberry	Jewelgrass Seeds	
18	Meridie Volcano	Axe	Charred Bark	Umbrella Tree Strawberry	Jewelgrass Seeds	
18	Meridie Volcano	Gather	Gold Beehive	Ancient Beehive	Blazing Beehive	
18	Meridie Volcano	Gather	Gold Beehive	Ancient Beehive	Blazing Beehive	
18	Meridie Volcano	Gather	Gold Beehive	Ancient Beehive	Blazing Beehive	
18	Meridie Volcano	Gather	Gold Beehive	Ancient Beehive	Blazing Beehive	
18	Meridie Volcano	Gather	Sunbeam Powder	Flaming Black Sand	Crimson Ore	
18	Meridie Volcano	Gather	Sunbeam Powder	Flaming Black Sand	Crimson Ore	
18	Meridie Volcano	Gather	Sunbeam Powder	Flaming Black Sand	Crimson Ore	
18	Meridie Volcano	Gather	Sunbeam Powder	Flaming Black Sand	Crimson Ore	
18	Meridie Volcano	Axe	Gaudy Stone	Regicite	Gold Ball	
18	Meridie Volcano	Axe	Gaudy Stone	Regicite	Gold Ball	
18	Meridie Volcano	Axe	Gaudy Stone	Regicite	Gold Ball	
18	Meridie Volcano	Axe	Gaudy Stone	Regicite	Gold Ball	
18	Meridie Volcano	Axe	Ethereal Stone	Rouge Gemstone	Haine Fire Stone	
18	Meridie Volcano	Axe	Ethereal Stone	Rouge Gemstone	Haine Fire Stone	
18	Meridie Volcano	Axe	Ethereal Stone	Rouge Gemstone	Haine Fire Stone	
18	Meridie Volcano	Axe	Ethereal Stone	Rouge Gemstone	Haine Fire Stone	
18	Meridie Volcano	Gather	Rusted Sword	Ancient Sword	Wurzel Aqua	
18	Meridie Volcano	Gather	Rusted Sword	Ancient Sword	Wurzel Aqua	
18	Meridie Volcano	Gather	Rusted Sword	Ancient Sword	Wurzel Aqua	
18	Meridie Volcano	Gather	Rusted Sword	Ancient Sword	Wurzel Aqua	
18	Meridie Volcano	Gather	Forbidden Grimoire	Underground Spider Queen	Honey Ball	
18	Meridie Volcano	Gather	Forbidden Grimoire	Underground Spider Queen	Honey Ball	
18	Meridie Volcano	Gather	Forbidden Grimoire	Underground Spider Queen	Honey Ball	
18	Meridie Volcano	Gather	Forbidden Grimoire	Underground Spider Queen	Honey Ball	
18	Meridie Volcano	Gather	Red Sand	Zafloa Oil	Mine Ant	
18	Meridie Volcano	Gather	Red Sand	Zafloa Oil	Mine Ant	
18	Meridie Volcano	Gather	Red Sand	Zafloa Oil	Mine Ant	
18	Meridie Volcano	Gather	Red Sand	Zafloa Oil	Mine Ant	
18	Meridie Volcano	Axe	Metal Ore	Muddied Crystal	Hygea Ore	
18	Meridie Volcano	Axe	Metal Ore	Muddied Crystal	Hygea Ore	
18	Meridie Volcano	Axe	Metal Ore	Muddied Crystal	Hygea Ore	
18	Meridie Volcano	Axe	Metal Ore	Muddied Crystal	Hygea Ore	
18	Meridie Volcano	Gather	Medium Medicine	Spiral Bone	Baby Menace	
18	Meridie Volcano	Gather	Medium Medicine	Spiral Bone	Baby Menace	
18	Meridie Volcano	Gather	Medium Medicine	Spiral Bone	Baby Menace	
18	Meridie Volcano	Gather	Medium Medicine	Spiral Bone	Baby Menace	
18	Meridie Volcano	Gather	Flaming Black Sand	Ruin Stone	Groundwater	
18	Meridie Volcano	Gather	Flaming Black Sand	Ruin Stone	Groundwater	
18	Meridie Volcano	Gather	Flaming Black Sand	Ruin Stone	Groundwater	
18	Meridie Volcano	Gather	Flaming Black Sand	Ruin Stone	Groundwater	
18	Meridie Volcano	Gather	Sturdy Claws	Blessed Feather	Baby Menace	
18	Meridie Volcano	Gather	Sturdy Claws	Blessed Feather	Baby Menace	
18	Meridie Volcano	Gather	Sturdy Claws	Blessed Feather	Baby Menace	
18	Meridie Volcano	Gather	Sturdy Claws	Blessed Feather	Baby Menace	
18	Meridie Volcano	Gather	Seele Pilós	Crimson Ore	Tíkometal	
18	Meridie Volcano	Gather	Seele Pilós	Crimson Ore	Tíkometal	
18	Meridie Volcano	Gather	Seele Pilós	Crimson Ore	Tíkometal	
18	Meridie Volcano	Gather	Seele Pilós	Crimson Ore	Tíkometal	
18	Meridie Volcano	Axe	Unknown Gemstone	Eternal Crystal	Lunastone	
18	Meridie Volcano	Axe	Unknown Gemstone	Eternal Crystal	Lunastone	
18	Meridie Volcano	Axe	Unknown Gemstone	Eternal Crystal	Lunastone	
18	Meridie Volcano	Axe	Unknown Gemstone	Eternal Crystal	Lunastone	
18	Meridie Volcano	Axe	Flaming Black Sand	Diopside	Everlasting Saft	
18	Meridie Volcano	Axe	Flaming Black Sand	Diopside	Everlasting Saft	
18	Meridie Volcano	Axe	Flaming Black Sand	Diopside	Everlasting Saft	
18	Meridie Volcano	Axe	Flaming Black Sand	Diopside	Everlasting Saft	
18	Meridie Volcano	Gather	Ashen Sand	Gunpowder Base	Crimson Ore	
18	Meridie Volcano	Gather	Ashen Sand	Gunpowder Base	Crimson Ore	
18	Meridie Volcano	Gather	Ashen Sand	Gunpowder Base	Crimson Ore	
18	Meridie Volcano	Gather	Ashen Sand	Gunpowder Base	Crimson Ore	
18	Meridie Volcano	Axe	Gunpowder Base	Crimson Ore	Magma Powder	
18	Meridie Volcano	Axe	Gunpowder Base	Crimson Ore	Magma Powder	
18	Meridie Volcano	Axe	Gunpowder Base	Crimson Ore	Magma Powder	
18	Meridie Volcano	Axe	Gunpowder Base	Crimson Ore	Magma Powder	
18	Meridie Volcano	Gather	Amatite Ore	Crimson Ore	Haine Fire Stone	
18	Meridie Volcano	Gather	Amatite Ore	Crimson Ore	Haine Fire Stone	
18	Meridie Volcano	Gather	Amatite Ore	Crimson Ore	Haine Fire Stone	
18	Meridie Volcano	Gather	Amatite Ore	Crimson Ore	Haine Fire Stone	
18	Meridie Volcano	Axe	Regicite	Haine Fire Stone	Eternal Crystal	
18	Meridie Volcano	Axe	Regicite	Haine Fire Stone	Eternal Crystal	
18	Meridie Volcano	Axe	Regicite	Haine Fire Stone	Eternal Crystal	
18	Meridie Volcano	Axe	Regicite	Haine Fire Stone	Eternal Crystal	
18	Meridie Volcano	Gather	Medium Medicine	Mine Ant	Yuqtul Frog	
18	Meridie Volcano	Gather	Medium Medicine	Mine Ant	Yuqtul Frog	
18	Meridie Volcano	Gather	Medium Medicine	Mine Ant	Yuqtul Frog	
18	Meridie Volcano	Gather	Medium Medicine	Mine Ant	Yuqtul Frog	
18	Meridie Volcano	Gather	Blue Gemstone	Rainbow Wing Fragment	Trois Mineral	
18	Meridie Volcano	Gather	Blue Gemstone	Rainbow Wing Fragment	Trois Mineral	
18	Meridie Volcano	Gather	Blue Gemstone	Rainbow Wing Fragment	Trois Mineral	
18	Meridie Volcano	Gather	Blue Gemstone	Rainbow Wing Fragment	Trois Mineral	
18	Meridie Volcano	Gather	Charred Bark	Sturdy Claws	Gold Steel Web	
18	Meridie Volcano	Gather	Charred Bark	Sturdy Claws	Gold Steel Web	
18	Meridie Volcano	Gather	Charred Bark	Sturdy Claws	Gold Steel Web	
18	Meridie Volcano	Gather	Charred Bark	Sturdy Claws	Gold Steel Web	
18	Meridie Volcano	Gather	Glowshroom	Honey Fungus	Dreamy Crown	
18	Meridie Volcano	Gather	Glowshroom	Honey Fungus	Dreamy Crown	
18	Meridie Volcano	Gather	Glowshroom	Honey Fungus	Dreamy Crown	
18	Meridie Volcano	Gather	Glowshroom	Honey Fungus	Dreamy Crown	
18	Meridie Volcano	Axe	Blue Crystal	Muddied Crystal	Rose Crystal	
18	Meridie Volcano	Axe	Blue Crystal	Muddied Crystal	Rose Crystal	
18	Meridie Volcano	Axe	Blue Crystal	Muddied Crystal	Rose Crystal	
18	Meridie Volcano	Axe	Blue Crystal	Muddied Crystal	Rose Crystal	
18	Meridie Volcano	Axe	Goldinite	Hygea Ore	Lunastone	
18	Meridie Volcano	Axe	Goldinite	Hygea Ore	Lunastone	
18	Meridie Volcano	Axe	Goldinite	Hygea Ore	Lunastone	
18	Meridie Volcano	Axe	Goldinite	Hygea Ore	Lunastone	
18	Meridie Volcano	Gather	Metal Ore	Flaming Black Sand	Sunbeam Powder	
18	Meridie Volcano	Gather	Metal Ore	Flaming Black Sand	Sunbeam Powder	
18	Meridie Volcano	Gather	Metal Ore	Flaming Black Sand	Sunbeam Powder	
18	Meridie Volcano	Gather	Metal Ore	Flaming Black Sand	Sunbeam Powder	
18	Meridie Volcano	Gather	Spiral Bone	Beast Fossil	Mist Liquid	
18	Meridie Volcano	Gather	Spiral Bone	Beast Fossil	Mist Liquid	
18	Meridie Volcano	Gather	Spiral Bone	Beast Fossil	Mist Liquid	
18	Meridie Volcano	Gather	Spiral Bone	Beast Fossil	Mist Liquid	
19	Ancient Temple	Chest	Antique Decorating Techniques			
19	Ancient Temple	Chest	Bolt Techniques of the Past			
19	Ancient Temple	Chest	Ancient Starpearls, Vol 1			
19	Ancient Temple	Chest	Ancient Starpearls, Vol 2			
19	Ancient Temple	Chest	Ancient Starpearls, Vol 3			
19	Ancient Temple	Chest	Geranóvirgen			
19	Ancient Temple	Sickle	Sky Bubble	Manaphoria	Wake-Up Flower	
19	Ancient Temple	Sickle	Sky Bubble	Manaphoria	Wake-Up Flower	
19	Ancient Temple	Sickle	Rainbow Crystal	Minuit Fleur	Heilige Blume	
19	Ancient Temple	Sickle	Rainbow Crystal	Minuit Fleur	Heilige Blume	
19	Ancient Temple	Axe	Rotting Arbor Twig	Rotwood Miasma	Fused Hardwood	
19	Ancient Temple	Axe	Rotting Arbor Twig	Rotwood Miasma	Fused Hardwood	
19	Ancient Temple	Gather	Uni	Demon Uni	Gold Uni	
19	Ancient Temple	Gather	Uni	Demon Uni	Gold Uni	
19	Ancient Temple	Axe	Goldinite	Hygea Ore	Lunastone	
19	Ancient Temple	Axe	Goldinite	Hygea Ore	Lunastone	
19	Ancient Temple	Gather	Nightglow Flower	Diaphane	Eternal Blossom	
19	Ancient Temple	Gather	Nightglow Flower	Diaphane	Eternal Blossom	
19	Ancient Temple	Gather	Feather Draft	Mist Liquid	Underground Spider Queen	
19	Ancient Temple	Gather	Feather Draft	Mist Liquid	Underground Spider Queen	
19	Ancient Temple	Axe	Rotwood Miasma	Rotting Arbor Branch	Benevolent Twisted Tree	
19	Ancient Temple	Axe	Rotwood Miasma	Rotting Arbor Branch	Benevolent Twisted Tree	
19	Ancient Temple	Axe	Rusted Sword	Ancient Sword	Fail Plywood	
19	Ancient Temple	Axe	Rusted Sword	Ancient Sword	Fail Plywood	
19	Ancient Temple	Gather	Fail Plywood	Ancient Sword	Mysterious Metal Shard	
19	Ancient Temple	Gather	Fail Plywood	Ancient Sword	Mysterious Metal Shard	
19	Ancient Temple	Gather	Broken Tools	Poison Powder	Fail Plywood	
19	Ancient Temple	Gather	Broken Tools	Poison Powder	Fail Plywood	
19	Ancient Temple	Gather	Medium Medicine	Spiral Bone	Baby Menace	
19	Ancient Temple	Gather	Medium Medicine	Spiral Bone	Baby Menace	
19	Ancient Temple	Gather	Arbor Ivy	Cotton Grass	Balloon Fruit	
19	Ancient Temple	Gather	Arbor Ivy	Cotton Grass	Balloon Fruit	
19	Ancient Temple	Sickle	Palma Fruit	Snow Queen	Jewelgrass Seeds	
19	Ancient Temple	Sickle	Palma Fruit	Snow Queen	Jewelgrass Seeds	
19	Ancient Temple	Gather	Blue Gemstone	Unknown Gemstone	Unknown Augite	
19	Ancient Temple	Gather	Blue Gemstone	Unknown Gemstone	Unknown Augite	
19	Ancient Temple	Axe	Diopside	Ash Ball	Fairystone Fragment	
19	Ancient Temple	Axe	Diopside	Ash Ball	Fairystone Fragment	
19	Ancient Temple	Gather	Tall Taun	Minuit Fleur	Eternal Blossom	
19	Ancient Temple	Gather	Tall Taun	Minuit Fleur	Eternal Blossom	
19	Ancient Temple	Bug Net	Lapis Papillion	Moonlight Firefly	Ingot Beetle	
19	Ancient Temple	Bug Net	Lapis Papillion	Moonlight Firefly	Ingot Beetle	
19	Ancient Temple	Gather	Paper Scraps	Magic Tome Page	Forbidden Grimoire	
19	Ancient Temple	Gather	Paper Scraps	Magic Tome Page	Forbidden Grimoire	
19	Ancient Temple	Gather	Honey Fungus	Dreamy Crown	Golden Crown	
19	Ancient Temple	Gather	Honey Fungus	Dreamy Crown	Golden Crown	
19	Ancient Temple	Gather	Rapier Fish	Rose Crystal	Living Fossil	
19	Ancient Temple	Gather	Rapier Fish	Rose Crystal	Living Fossil	
19	Ancient Temple	Gather	Mist Liquid	Magma Powder	Sage Fish	
19	Ancient Temple	Gather	Mist Liquid	Magma Powder	Sage Fish	
20	Skyglow Path	Chest	Demon Claws			
20	Skyglow Path	Chest	Mythical Hide			
20	Skyglow Path	Chest	Inverted Scale			
20	Skyglow Path	Chest	Griffon Plate			
20	Skyglow Path	Chest	Spirit Beast's Tail			
20	Skyglow Path	Chest	Iridescence			
20	Skyglow Path	Chest	Blue Flame Riverstone			
20	Skyglow Path	Sickle	Sky Bubble	Manaphoria	Wake-Up Flower	
20	Skyglow Path	Sickle	Sky Bubble	Manaphoria	Wake-Up Flower	
20	Skyglow Path	Sickle	Rainbow Crystal	Minuit Fleur	Rose Crystal	
20	Skyglow Path	Sickle	Rainbow Crystal	Minuit Fleur	Rose Crystal	
20	Skyglow Path	Axe	Rotting Arbor Twig	Rotwood Miasma	Fused Hardwood	
20	Skyglow Path	Axe	Rotting Arbor Twig	Rotwood Miasma	Fused Hardwood	
20	Skyglow Path	Gather	Uni	Demon Uni	Gold Uni	
20	Skyglow Path	Gather	Uni	Demon Uni	Gold Uni	
20	Skyglow Path	Axe	Flaming Black Sand	Diopside	Everlasting Saft	
20	Skyglow Path	Axe	Flaming Black Sand	Diopside	Everlasting Saft	
20	Skyglow Path	Gather	Tall Taun	Shepherdflower	Forest Sage	
20	Skyglow Path	Gather	Tall Taun	Shepherdflower	Forest Sage	
20	Skyglow Path	Gather	Feather Draft	Mist Liquid	Underground Spider Queen	
20	Skyglow Path	Gather	Feather Draft	Mist Liquid	Underground Spider Queen	
20	Skyglow Path	Axe	Rotwood Miasma	Rotting Arbor Branch	Benevolent Twisted Tree	
20	Skyglow Path	Axe	Rotwood Miasma	Rotting Arbor Branch	Benevolent Twisted Tree	
20	Skyglow Path	Axe	Rusted Sword	Ancient Sword	Fail Plywood	
20	Skyglow Path	Axe	Rusted Sword	Ancient Sword	Fail Plywood	
20	Skyglow Path	Gather	Fail Plywood	Ancient Sword	Mysterious Metal Shard	
20	Skyglow Path	Gather	Fail Plywood	Ancient Sword	Mysterious Metal Shard	
20	Skyglow Path	Gather	Paper Scraps	Magic Tome Page	Rotwood Miasma	
20	Skyglow Path	Gather	Paper Scraps	Magic Tome Page	Rotwood Miasma	
20	Skyglow Path	Gather	Medium Medicine	Tough Bone	Spiral Bone	
20	Skyglow Path	Gather	Medium Medicine	Tough Bone	Spiral Bone	
20	Skyglow Path	Gather	Dried Lumber	Bitter Root	Moonlight Firefly	
20	Skyglow Path	Gather	Dried Lumber	Bitter Root	Moonlight Firefly	
20	Skyglow Path	Sickle	Palma Fruit	Snow Queen	Jewelgrass Seeds	
20	Skyglow Path	Sickle	Palma Fruit	Snow Queen	Jewelgrass Seeds	
20	Skyglow Path	Gather	Rouge Gemstone	Trois Mineral	Unknown Augite	
20	Skyglow Path	Gather	Rouge Gemstone	Trois Mineral	Unknown Augite	
20	Skyglow Path	Axe	Diopside	Gold Ball	Ancient Blue Water	
20	Skyglow Path	Axe	Diopside	Gold Ball	Ancient Blue Water	
20	Skyglow Path	Gather	Tall Taun	Minuit Fleur	Eternal Blossom	
20	Skyglow Path	Gather	Tall Taun	Minuit Fleur	Eternal Blossom	
20	Skyglow Path	Bug Net	Lapis Papillion	Moonlight Firefly	Ingot Beetle	
20	Skyglow Path	Bug Net	Lapis Papillion	Moonlight Firefly	Ingot Beetle	
20	Skyglow Path	Gather	Paper Scraps	Magic Tome Page	Forbidden Grimoire	
20	Skyglow Path	Gather	Paper Scraps	Magic Tome Page	Forbidden Grimoire	
20	Skyglow Path	Gather	Honey Fungus	Dreamy Crown	Golden Crown	
20	Skyglow Path	Gather	Honey Fungus	Dreamy Crown	Golden Crown	
20	Skyglow Path	Gather	Sunbeam Powder	Rose Crystal	Dark Dew	
20	Skyglow Path	Gather	Sunbeam Powder	Rose Crystal	Dark Dew	
20	Skyglow Path	Gather	Rose Crystal	Mysterious Metal Shard	Shining Disk	
20	Skyglow Path	Gather	Rose Crystal	Mysterious Metal Shard	Shining Disk	
-4294967296		0				[0, 0]
-1	Evermaze Forest	Gather	Blue Clover	Black Water	Esplante	[1, 2]
-1	Evermaze Forest	Sickle	Princess Grass	Pentafruit	Forest Sage	[1, 2]
-1	Evermaze Forest	Bug Net	Star Ladybug	Baby Menace	Ingot Beetle	[1, 2]
-1	Evermaze Forest	Gather	Esplante	Star Ladybug	Yuqtul Frog	[1, 2]
-1	Evermaze Forest	Axe	Eiche	Evihibrow	Holy Arbor Branch	[1, 2]
-1	Evermaze Forest	Gather	Silver Web	Chainweb	Lapis Papillion	[1, 2]
-1	Evermaze Forest	Gather	Lotus	Plant Essence	Medicinal Moss	[1, 2]
-1	Evermaze Forest	Gather	Cotton Grass	Evihibrow	Bewitching Chip	[1, 2]
-1	Evermaze Forest	Gather	Whimsy Strawberries	Umbrella Tree Strawberry	Frost Uni	[1, 2]
-1	Evermaze Forest	Gather	Thin Fruit	Nectar Fruit	Benevolent Twisted Tree	[1, 2]
-1	Evermaze Forest	Gather	Palma Fruit	Sour Fruit	Sour Apple	[1, 2]
-1	Evermaze Forest	Bug Net	Honeypot Ant	Ingot Bug	Mine Ant	[1, 2]
-1	Evermaze Forest	Gather	Natural Oil	Zapping Water	Dark Dew	[1, 2]
-1	Evermaze Forest	Gather	Uni	Demon Uni	Emperor Uni	[1, 2]
-1	Evermaze Forest	Gather	Crackling Water	Gaudy Stone	Ancient Blue Water	[1, 2]
-1	Evermaze Forest	Gather	Gunpowder Base	Zapping Water	Regicite	[1, 2]
-1	Evermaze Forest	Gather	Esplante	Poison Powder	Rotwood Miasma	[3, 6]
-1	Evermaze Forest	Sickle	Magic Herb	Pentafruit	Endangered Herb	[3, 6]
-1	Evermaze Forest	Bug Net	Sweet Flower	Ingot Bug	Rotwood Miasma	[3, 6]
-1	Evermaze Forest	Sickle	Shepherdflower	Supple Vine	Torch Grass	[3, 6]
-1	Evermaze Forest	Gather	Magic Herb	Poison Grass	Colored Cotton Grass	[3, 6]
-1	Evermaze Forest	Gather	Lucky Clover	Tall Taun	Wake-Up Flower	[3, 6]
-1	Evermaze Forest	Gather	Black Water	Fatal Nebula	Esplante	[3, 6]
-1	Evermaze Forest	Axe	Eiche	Evihibrow	Holy Arbor Branch	[3, 6]
-1	Evermaze Forest	Gather	Darkshroom	Mushroom Colony	Glowshroom	[3, 6]
-1	Evermaze Forest	Gather	Beehive	Silver Beehive	Ancient Beehive	[3, 6]
-1	Evermaze Forest	Gather	Uni	Demon Uni	Emperor Uni	[3, 6]
-1	Evermaze Forest	Gather	Silver Web	Chainweb	Lapis Papillion	[3, 6]
-1	Evermaze Forest	Gather	Lotus	Colored Cotton Grass	Nightglow Flower	[3, 6]
-1	Evermaze Forest	Gather	Cotton Grass	Ripe Fruit	Balloon Fruit	[3, 6]
-1	Evermaze Forest	Gather	Eicheloa	Darkshroom	Honey Fungus	[3, 6]
-1	Evermaze Forest	Gather	Whimsy Strawberries	Umbrella Tree Strawberry	Frost Uni	[3, 6]
-1	Evermaze Forest	Gather	Thin Fruit	Ripe Fruit	Sour Fruit	[3, 6]
-1	Evermaze Forest	Gather	Seele Pilós	Sparkling Sand	Crab	[3, 6]
-1	Evermaze Forest	Gather	Palma Fruit	Sour Fruit	Gold Spiky Fruit	[3, 6]
-1	Evermaze Forest	Gather	Ferrous Isopod	Lucky Clover	Sour Apple	[3, 6]
-1	Evermaze Forest	Bug Net	Honeypot Ant	Ingot Bug	Mine Ant	[3, 6]
-1	Evermaze Forest	Sickle	Lotus	Crackling Water	Mana Petal	[3, 6]
-1	Evermaze Forest	Gather	Clean Water	Fatal Nebula	Mist Liquid	[3, 6]
-1	Evermaze Forest	Gather	Crackling Water	Frost Uni	Honey Ball	[3, 6]
-1	Evermaze Forest	Gather	Sand Crystals	Sky Bubble	Fatal Nebula	[3, 6]
-1	Evermaze Forest	Gather	Poison Powder	Rotwood Miasma	Jewelgrass Seeds	[7, 9]
-1	Evermaze Forest	Sickle	Pentafruit	Magic Herb	Endangered Herb	[7, 9]
-1	Evermaze Forest	Bug Net	Ferrous Isopod	Baby Menace	Rotwood Miasma	[7, 9]
-1	Evermaze Forest	Sickle	Sweet Flower	Torch Grass	Mana Petal	[7, 9]
-1	Evermaze Forest	Gather	Magic Herb	Poison Grass	Colored Cotton Grass	[7, 9]
-1	Evermaze Forest	Gather	Lucky Clover	Tall Taun	Wake-Up Flower	[7, 9]
-1	Evermaze Forest	Gather	Esplante	Star Ladybug	Yuqtul Frog	[7, 9]
-1	Evermaze Forest	Axe	Eiche	Evihibrow	Holy Arbor Branch	[7, 9]
-1	Evermaze Forest	Gather	Darkshroom	Mushroom Colony	Glowshroom	[7, 9]
-1	Evermaze Forest	Gather	Beehive	Silver Beehive	Ancient Beehive	[7, 9]
-1	Evermaze Forest	Gather	Uni	Demon Uni	Emperor Uni	[7, 9]
-1	Evermaze Forest	Gather	Silver Web	Gold Steel Web	Lapis Papillion	[7, 9]
-1	Evermaze Forest	Gather	Lotus	Colored Cotton Grass	Nightglow Flower	[7, 9]
-1	Evermaze Forest	Gather	Cotton Grass	Ripe Fruit	Balloon Fruit	[7, 9]
-1	Evermaze Forest	Gather	Eicheloa	Octoshroom	Dreamy Crown	[7, 9]
-1	Evermaze Forest	Gather	Whimsy Strawberries	Elder Garlic	Bitter Root	[7, 9]
-1	Evermaze Forest	Gather	Nectar Fruit	Ripe Fruit	Benevolent Twisted Tree	[7, 9]
-1	Evermaze Forest	Gather	Gunpowder Base	Sparkling Sand	Crab	[7, 9]
-1	Evermaze Forest	Gather	Palma Fruit	Sour Fruit	Sour Apple	[7, 9]
-1	Evermaze Forest	Gather	Ferrous Isopod	Umbrella Tree Strawberry	Blackberry	[7, 9]
-1	Evermaze Forest	Bug Net	Star Ladybug	Big Horned Beetle	Moonlight Firefly	[7, 9]
-1	Evermaze Forest	Bug Net	Expiation Worm	Ferrous Isopod	Underground Spider Queen	[7, 9]
-1	Evermaze Forest	Gather	Sand Crystals	Fureshumere	Plant Essence	[7, 9]
-1	Evermaze Forest	Gather	Crab	Goldinite	Gold Uni	[7, 9]
-2	Dripcrystal Cave	Gather	Ashen Sand	Fureshumere	Rainbow Coral Fragment	[1, 3]
-2	Dripcrystal Cave	Axe	Glowing Diatom	Rotting Arbor Twig	Legehart Fruit	[1, 3]
-2	Dripcrystal Cave	Sickle	Torch Grass	Diaphane	Shepherdflower	[1, 3]
-2	Dripcrystal Cave	Sickle	Tail Fern	Princess Grass	Rainbow Wing Fragment	[1, 3]
-2	Dripcrystal Cave	Gather	Darkshroom	Octoshroom	Glowshroom	[1, 3]
-2	Dripcrystal Cave	Gather	Blue Gemstone	Rouge Gemstone	Trois Mineral	[1, 3]
-2	Dripcrystal Cave	Gather	Amatite Ore	Shining Powder	Diamant Gemstone	[1, 3]
-2	Dripcrystal Cave	Gather	Trois Mineral	Blue Crystal	Eternal Crystal	[1, 3]
-2	Dripcrystal Cave	Gather	Pourpremoule	Pretty Shells	Rapier Fish	[1, 3]
-2	Dripcrystal Cave	Axe	Steel Balls	Unknown Gemstone	Celestial Silver Stone	[1, 3]
-2	Dripcrystal Cave	Gather	Groundwater	Spirit Dew	Ashen Sand	[1, 3]
-2	Dripcrystal Cave	Axe	Blue Crystal	Amatite Ore	Fairystone Fragment	[1, 3]
-2	Dripcrystal Cave	Gather	Red Sand	Zafloa Oil	Baby Wyrm	[1, 3]
-2	Dripcrystal Cave	Gather	Sweet Flower	Mana Petal	Minuit Fleur	[1, 3]
-2	Dripcrystal Cave	Gather	Nightglow Flower	Diaphane	Eternal Blossom	[1, 3]
-2	Dripcrystal Cave	Axe	Shining Powder	Poison Powder	Goldinite	[1, 3]
-2	Dripcrystal Cave	Gather	Blue Clover	Silver Web	Moonlight Firefly	[1, 3]
-2	Dripcrystal Cave	Gather	Zapping Water	Crackling Water	Poison Cube	[1, 3]
-2	Dripcrystal Cave	Gather	Sand Crystals	Zapping Water	Poison Powder	[1, 3]
-2	Dripcrystal Cave	Gather	Crab	Fureshumere	Rainbow Coral Fragment	[5, 7]
-2	Dripcrystal Cave	Axe	Evihibrow	Rotting Arbor Twig	Legehart Fruit	[5, 7]
-2	Dripcrystal Cave	Sickle	Torch Grass	Diaphane	Shepherdflower	[5, 7]
-2	Dripcrystal Cave	Sickle	Tail Fern	Princess Grass	Rainbow Wing Fragment	[5, 7]
-2	Dripcrystal Cave	Gather	Mushroom Colony	Octoshroom	Glowshroom	[5, 7]
-2	Dripcrystal Cave	Gather	Blue Crystal	Ethereal Stone	Eternal Crystal	[5, 7]
-2	Dripcrystal Cave	Gather	Steel Balls	Ash Ball	Undastone	[5, 7]
-2	Dripcrystal Cave	Gather	Trois Mineral	Muddied Crystal	Ingot Beetle	[5, 7]
-2	Dripcrystal Cave	Gather	Pretty Shells	Sea Horse	Diopside	[5, 7]
-2	Dripcrystal Cave	Axe	Blue Gemstone	Blue Crystal	Eternal Crystal	[5, 7]
-2	Dripcrystal Cave	Gather	Rouge Gemstone	Muddied Crystal	Lunastone	[5, 7]
-2	Dripcrystal Cave	Gather	Groundwater	Spirit Dew	Jellyfish Larvae	[5, 7]
-2	Dripcrystal Cave	Axe	Glowing Diatom	Metal Ore	Riverstone	[5, 7]
-2	Dripcrystal Cave	Gather	Ethereal Stone	Rouge Gemstone	Ruin Stone	[5, 7]
-2	Dripcrystal Cave	Gather	Sweet Flower	Mana Petal	Minuit Fleur	[5, 7]
-2	Dripcrystal Cave	Gather	Nightglow Flower	Diaphane	Eternal Blossom	[5, 7]
-2	Dripcrystal Cave	Gather	Crackling Water	Poison Cube	Wurzel Aqua	[5, 7]
-2	Dripcrystal Cave	Gather	Zapping Water	Dried Lumber	Mist Liquid	[5, 7]
-2	Dripcrystal Cave	Gather	Jellyfish Larvae	Fureshumere	Rainbow Coral Fragment	[9, 12]
-2	Dripcrystal Cave	Axe	Legehart Fruit	Bewitching Chip	Rotting Arbor Branch	[9, 12]
-2	Dripcrystal Cave	Sickle	Torch Grass	Diaphane	Shepherdflower	[9, 12]
-2	Dripcrystal Cave	Sickle	Tail Fern	Princess Grass	Rainbow Wing Fragment	[9, 12]
-2	Dripcrystal Cave	Gather	Glowshroom	Honey Fungus	Mushroom Colony	[9, 12]
-2	Dripcrystal Cave	Gather	Blue Gemstone	Rainbow Wing Fragment	Trois Mineral	[9, 12]
-2	Dripcrystal Cave	Gather	Ethereal Stone	Shining Powder	Celestial Silver Stone	[9, 12]
-2	Dripcrystal Cave	Gather	Trois Mineral	Ingot Bug	Eternal Crystal	[9, 12]
-2	Dripcrystal Cave	Gather	Pretty Shells	Diopside	Sea Horse	[9, 12]
-2	Dripcrystal Cave	Axe	Steel Balls	Unknown Gemstone	Celestial Silver Stone	[9, 12]
-2	Dripcrystal Cave	Gather	Sparkling Sand	Pourpremoule	Unknown Augite	[9, 12]
-2	Dripcrystal Cave	Gather	Spirit Dew	Groundwater	Jellyfish Larvae	[9, 12]
-2	Dripcrystal Cave	Axe	Blue Crystal	Amatite Ore	Fairystone Fragment	[9, 12]
-2	Dripcrystal Cave	Gather	Red Sand	Zafloa Oil	Baby Wyrm	[9, 12]
-2	Dripcrystal Cave	Sickle	Taun	Magic Herb	Lanterna Blossoms	[9, 12]
-2	Dripcrystal Cave	Gather	Poison Grass	Sweet Flower	Minuit Fleur	[9, 12]
-2	Dripcrystal Cave	Gather	Tall Taun	Shepherdflower	Forest Sage	[9, 12]
-2	Dripcrystal Cave	Axe	Steel Balls	Orange Glass	Undastone	[9, 12]
-2	Dripcrystal Cave	Gather	Star Ladybug	Ferrous Isopod	Gold Steel Web	[9, 12]
-2	Dripcrystal Cave	Gather	Green Spiky Fruit	Sunbeam Powder	Seele Pilós	[9, 12]
-2	Dripcrystal Cave	Gather	Broken Tools	Paper Scraps	Seele Pilós	[9, 12]
-3	Mt. Bone-Eater	Gather	Blessed Feather	Baby Wyrm	Wyvern Egg	[1, 5]
-3	Mt. Bone-Eater	Gather	Palma Fruit	Mana Gem	Baby Wyrm	[1, 5]
-3	Mt. Bone-Eater	Gather	Tough Bone	Medium Medicine	Beast Fossil	[1, 5]
-3	Mt. Bone-Eater	Gather	Blackberry	Manaphoria	Forest Sage	[1, 5]
-3	Mt. Bone-Eater	Sickle	Sky Bubble	Sweet Flower	Nightglow Flower	[1, 5]
-3	Mt. Bone-Eater	Gather	Green Spiky Fruit	Sour Fruit	Gold Spiky Fruit	[1, 5]
-3	Mt. Bone-Eater	Axe	Big Horned Beetle	Fatal Nebula	Ancient Log	[1, 5]
-3	Mt. Bone-Eater	Gather	Mushroom Colony	Octoshroom	Glowshroom	[1, 5]
-3	Mt. Bone-Eater	Gather	Demon Uni	Frost Uni	Emperor Uni	[1, 5]
-3	Mt. Bone-Eater	Gather	Medium Medicine	Tough Bone	Spiral Bone	[1, 5]
-3	Mt. Bone-Eater	Gather	Arbor Ivy	Cotton Grass	Balloon Fruit	[1, 5]
-3	Mt. Bone-Eater	Gather	Pourpremoule	Pretty Shells	Diopside	[1, 5]
-3	Mt. Bone-Eater	Gather	Goldinite	Shining Powder	Celestial Silver Stone	[1, 5]
-3	Mt. Bone-Eater	Gather	Blackberry	Elder Garlic	Supple Vine	[1, 5]
-3	Mt. Bone-Eater	Gather	Palma Fruit	Sour Fruit	Gold Spiky Fruit	[1, 5]
-3	Mt. Bone-Eater	Axe	Mud Ball	Plant Essence	Ancient Blue Water	[1, 5]
-3	Mt. Bone-Eater	Sickle	Heilige Blume	Medicinal Moss	Rainbow Crystal	[1, 5]
-3	Mt. Bone-Eater	Gather	Gunpowder Base	Sparkling Sand	Crab	[1, 5]
-3	Mt. Bone-Eater	Gather	Natural Oil	Zapping Water	Dark Dew	[1, 5]
-3	Mt. Bone-Eater	Gather	Tall Taun	Shepherdflower	Forest Sage	[1, 5]
-3	Mt. Bone-Eater	Gather	Coralia	Crackling Water	Gold Ball	[1, 5]
-3	Mt. Bone-Eater	Gather	Eternal Breeze	Smech	Ancient Blue Water	[1, 5]
-3	Mt. Bone-Eater	Gather	Blessed Feather	Mine Ant	Wyvern Egg	[6, 10]
-3	Mt. Bone-Eater	Gather	Palma Fruit	Mana Gem	Baby Wyrm	[6, 10]
-3	Mt. Bone-Eater	Gather	Tough Bone	Beast Fossil	Spiral Bone	[6, 10]
-3	Mt. Bone-Eater	Gather	Umbrella Tree Strawberry	Mine Ant	Jewelgrass Seeds	[6, 10]
-3	Mt. Bone-Eater	Sickle	Sky Bubble	Sweet Flower	Nightglow Flower	[6, 10]
-3	Mt. Bone-Eater	Gather	Green Spiky Fruit	Sour Fruit	Gold Spiky Fruit	[6, 10]
-3	Mt. Bone-Eater	Axe	Ancient Log	Rotwood Miasma	Holy Arbor Branch	[6, 10]
-3	Mt. Bone-Eater	Gather	Uni	Demon Uni	Emperor Uni	[6, 10]
-3	Mt. Bone-Eater	Gather	Medium Medicine	Tough Bone	Spiral Bone	[6, 10]
-3	Mt. Bone-Eater	Gather	Spiral Bone	Beast Fossil	Mist Liquid	[6, 10]
-3	Mt. Bone-Eater	Gather	Arbor Ivy	Cotton Grass	Balloon Fruit	[6, 10]
-3	Mt. Bone-Eater	Gather	Sparkling Sand	Pourpremoule	Unknown Augite	[6, 10]
-3	Mt. Bone-Eater	Gather	Ethereal Stone	Shining Powder	Celestial Silver Stone	[6, 10]
-3	Mt. Bone-Eater	Gather	Blackberry	Elder Garlic	Supple Vine	[6, 10]
-3	Mt. Bone-Eater	Gather	Sour Fruit	Balloon Fruit	Golden Fruit	[6, 10]
-3	Mt. Bone-Eater	Axe	Mud Ball	Plant Essence	Ancient Blue Water	[6, 10]
-3	Mt. Bone-Eater	Sickle	Rainbow Crystal	Medicinal Moss	Heilige Blume	[6, 10]
-3	Mt. Bone-Eater	Gather	Mud Ball	Bitter Root	Elder Garlic	[6, 10]
-3	Mt. Bone-Eater	Gather	Ashen Sand	Zapping Water	Dark Dew	[6, 10]
-3	Mt. Bone-Eater	Gather	Blue Clover	Nightglow Flower	Eternal Blossom	[6, 10]
-3	Mt. Bone-Eater	Gather	Coralia	Poison Cube	Fatal Nebula	[6, 10]
-3	Mt. Bone-Eater	Gather	Eternal Breeze	Frost Uni	Undastone	[6, 10]
-3	Mt. Bone-Eater	Gather	Blessed Feather	Giant Bird Egg	Dragon Egg	[11, 15]
-3	Mt. Bone-Eater	Gather	Mana Gem	Gold Spiky Fruit	Thousand Scale Fruit	[11, 15]
-3	Mt. Bone-Eater	Gather	Tough Bone	Beast Fossil	Spiral Bone	[11, 15]
-3	Mt. Bone-Eater	Gather	Umbrella Tree Strawberry	Mine Ant	Manaphoria	[11, 15]
-3	Mt. Bone-Eater	Sickle	Sky Bubble	Sweet Flower	Nightglow Flower	[11, 15]
-3	Mt. Bone-Eater	Gather	Green Spiky Fruit	Sour Fruit	Gold Spiky Fruit	[11, 15]
-3	Mt. Bone-Eater	Axe	Ancient Log	Rotting Arbor Twig	Big Horned Beetle	[11, 15]
-3	Mt. Bone-Eater	Gather	Mushroom Colony	Octoshroom	Glowshroom	[11, 15]
-3	Mt. Bone-Eater	Gather	Uni	Demon Uni	Emperor Uni	[11, 15]
-3	Mt. Bone-Eater	Gather	Medium Medicine	Tough Bone	Spiral Bone	[11, 15]
-3	Mt. Bone-Eater	Gather	Spiral Bone	Beast Fossil	Mist Liquid	[11, 15]
-3	Mt. Bone-Eater	Gather	Dried Lumber	Bitter Root	Moonlight Firefly	[11, 15]
-3	Mt. Bone-Eater	Gather	Sparkling Sand	Unknown Augite	Goldinite	[11, 15]
-3	Mt. Bone-Eater	Gather	Supple Vine	Blackberry	Bitter Root	[11, 15]
-3	Mt. Bone-Eater	Gather	Expiation Worm	Balloon Fruit	Nectar Fruit	[11, 15]
-3	Mt. Bone-Eater	Axe	Taun	Plant Essence	Dark Dew	[11, 15]
-3	Mt. Bone-Eater	Sickle	Rainbow Crystal	Medicinal Moss	Heilige Blume	[11, 15]
-3	Mt. Bone-Eater	Gather	Mud Ball	Bitter Root	Elder Garlic	[11, 15]
-3	Mt. Bone-Eater	Gather	Natural Oil	Zapping Water	Dark Dew	[11, 15]
-3	Mt. Bone-Eater	Gather	Nightglow Flower	Diaphane	Eternal Blossom	[11, 15]
-3	Mt. Bone-Eater	Gather	Crab	Baby Wyrm	Gold Steel Web	[11, 15]
-3	Mt. Bone-Eater	Gather	Coralia	Fatal Nebula	Gold Uni	[11, 15]
-3	Mt. Bone-Eater	Gather	Eternal Breeze	Charred Bark	Tíkometal	[11, 15]
-4	Loiky Lava Cave	Axe	Unknown Augite	Flaming Black Sand	Crimson Ore	[1, 5]
-4	Loiky Lava Cave	Axe	Natural Oil	Big Horned Beetle	Everlasting Saft	[1, 5]
-4	Loiky Lava Cave	Axe	Umbrella Tree Strawberry	Indignant Scream	Rotting Arbor Branch	[1, 5]
-4	Loiky Lava Cave	Gather	Gold Beehive	Blazing Beehive	Ancient Beehive	[1, 5]
-4	Loiky Lava Cave	Sickle	Steam Uni	Indignant Scream	Thousand Scale Fruit	[1, 5]
-4	Loiky Lava Cave	Axe	Regicite	Ashen Sand	Eternal Crystal	[1, 5]
-4	Loiky Lava Cave	Axe	Flaming Black Sand	Diopside	Everlasting Saft	[1, 5]
-4	Loiky Lava Cave	Gather	Sand Crystals	Heatwave Water	Groundwater	[1, 5]
-4	Loiky Lava Cave	Axe	Magma Powder	Regicite	Gunpowder Base	[1, 5]
-4	Loiky Lava Cave	Gather	Medium Medicine	Spiral Bone	Baby Menace	[1, 5]
-4	Loiky Lava Cave	Gather	Rouge Gemstone	Muddied Crystal	Lunastone	[1, 5]
-4	Loiky Lava Cave	Gather	Charred Bark	Sturdy Claws	Gold Steel Web	[1, 5]
-4	Loiky Lava Cave	Gather	Blue Gemstone	Rainbow Wing Fragment	Goldinite	[1, 5]
-4	Loiky Lava Cave	Gather	Gunpowder Base	Orange Glass	Rainbow Wing Fragment	[1, 5]
-4	Loiky Lava Cave	Axe	Ethereal Stone	Steel Balls	Black Volcanic Ore	[1, 5]
-4	Loiky Lava Cave	Gather	Metal Ore	Gold Ball	Sunbeam Powder	[1, 5]
-4	Loiky Lava Cave	Gather	Blue Gemstone	Unknown Augite	Sparkling Sand	[1, 5]
-4	Loiky Lava Cave	Gather	Ancient Sword	Fairystone Fragment	Steam Uni	[1, 5]
-4	Loiky Lava Cave	Gather	Tíkometal	Steel Balls	Magma Powder	[1, 5]
-4	Loiky Lava Cave	Axe	Unknown Augite	Flaming Black Sand	Crimson Ore	[6, 10]
-4	Loiky Lava Cave	Axe	Zafloa Oil	Everlasting Saft	Sunbeam Powder	[6, 10]
-4	Loiky Lava Cave	Axe	Charred Bark	Indignant Scream	Thousand Scale Fruit	[6, 10]
-4	Loiky Lava Cave	Gather	Gold Beehive	Ancient Beehive	Blazing Beehive	[6, 10]
-4	Loiky Lava Cave	Sickle	Big Horned Beetle	Steam Uni	Jewelgrass Seeds	[6, 10]
-4	Loiky Lava Cave	Axe	Riverstone	Gunpowder Base	Fairystone Fragment	[6, 10]
-4	Loiky Lava Cave	Axe	Goldinite	Riverstone	Everlasting Saft	[6, 10]
-4	Loiky Lava Cave	Gather	Gunpowder Base	Heatwave Water	Groundwater	[6, 10]
-4	Loiky Lava Cave	Axe	Magma Powder	Regicite	Gunpowder Base	[6, 10]
-4	Loiky Lava Cave	Gather	Medium Medicine	Spiral Bone	Baby Menace	[6, 10]
-4	Loiky Lava Cave	Gather	Clean Water	Sparkling Sand	Smech	[6, 10]
-4	Loiky Lava Cave	Gather	Flaming Black Sand	Ruin Stone	Groundwater	[6, 10]
-4	Loiky Lava Cave	Gather	Magma Powder	Gunpowder Base	Ingot Beetle	[6, 10]
-4	Loiky Lava Cave	Gather	Charred Bark	Sturdy Claws	Gold Steel Web	[6, 10]
-4	Loiky Lava Cave	Axe	Ethereal Stone	Steel Balls	Black Volcanic Ore	[6, 10]
-4	Loiky Lava Cave	Gather	Metal Ore	Flaming Black Sand	Sunbeam Powder	[6, 10]
-4	Loiky Lava Cave	Gather	Blue Gemstone	Unknown Gemstone	Unknown Augite	[6, 10]
-4	Loiky Lava Cave	Gather	Ashen Sand	Goldinite	Tíkometal	[6, 10]
-4	Loiky Lava Cave	Gather	Charred Bark	Fatal Nebula	Undastone	[6, 10]
-4	Loiky Lava Cave	Axe	Trois Mineral	Hygea Ore	Brenn Ore	[11, 15]
-4	Loiky Lava Cave	Axe	Ferrous Isopod	Everlasting Saft	Wurzel Aqua	[11, 15]
-4	Loiky Lava Cave	Axe	Charred Bark	Indignant Scream	Jewelgrass Seeds	[11, 15]
-4	Loiky Lava Cave	Gather	Gold Beehive	Ancient Beehive	Blazing Beehive	[11, 15]
-4	Loiky Lava Cave	Sickle	Big Horned Beetle	Steam Uni	Jewelgrass Seeds	[11, 15]
-4	Loiky Lava Cave	Axe	Riverstone	Gunpowder Base	Fairystone Fragment	[11, 15]
-4	Loiky Lava Cave	Axe	Goldinite	Riverstone	Everlasting Saft	[11, 15]
-4	Loiky Lava Cave	Gather	Groundwater	Heatwave Water	Dark Dew	[11, 15]
-4	Loiky Lava Cave	Axe	Gunpowder Base	Crimson Ore	Heatwave Water	[11, 15]
-4	Loiky Lava Cave	Gather	Medium Medicine	Spiral Bone	Baby Menace	[11, 15]
-4	Loiky Lava Cave	Gather	Rouge Gemstone	Muddied Crystal	Lunastone	[11, 15]
-4	Loiky Lava Cave	Gather	Flaming Black Sand	Ruin Stone	Groundwater	[11, 15]
-4	Loiky Lava Cave	Gather	Magma Powder	Gunpowder Base	Ingot Beetle	[11, 15]
-4	Loiky Lava Cave	Gather	Charred Bark	Sturdy Claws	Gold Steel Web	[11, 15]
-4	Loiky Lava Cave	Axe	Ethereal Stone	Unknown Gemstone	Black Volcanic Ore	[11, 15]
-4	Loiky Lava Cave	Gather	Metal Ore	Flaming Black Sand	Sunbeam Powder	[11, 15]
-4	Loiky Lava Cave	Gather	Blue Gemstone	Rouge Gemstone	Unknown Augite	[11, 15]
-4	Loiky Lava Cave	Gather	Red Sand	Heatwave Water	Sunbeam Powder	[11, 15]
-4	Loiky Lava Cave	Gather	Charred Bark	Magma Powder	Fused Hardwood	[11, 15]
-5	Darklit Tundra	Axe	Rainbow Wing Fragment	Diamant Gemstone	Lunastone	[1, 6]
-5	Darklit Tundra	Gather	Clean Water	Wurzel Aqua	Émeraude Water	[1, 6]
-5	Darklit Tundra	Bug Net	Ferrous Isopod	Snow Queen	Whitefly	[1, 6]
-5	Darklit Tundra	Axe	Eiche	Rotwood Miasma	Holy Arbor Branch	[1, 6]
-5	Darklit Tundra	Gather	Gold Beehive	Ancient Beehive	Honey Ball	[1, 6]
-5	Darklit Tundra	Sickle	Tail Fern	Star Ladybug	Rainbow Crystal	[1, 6]
-5	Darklit Tundra	Gather	Expiation Worm	Yuqtul Frog	Chainweb	[1, 6]
-5	Darklit Tundra	Axe	Steel Balls	Unknown Gemstone	Celestial Silver Stone	[1, 6]
-5	Darklit Tundra	Gather	Pourpremoule	Pretty Shells	Diopside	[1, 6]
-5	Darklit Tundra	Gather	Steel Balls	Ethereal Stone	Undastone	[1, 6]
-5	Darklit Tundra	Axe	Ashen Sand	Undastone	Metal Ore	[1, 6]
-5	Darklit Tundra	Axe	Diopside	Trois Mineral	Underground Spider Queen	[1, 6]
-5	Darklit Tundra	Sickle	Rainbow Crystal	Medicinal Moss	Heilige Blume	[1, 6]
-5	Darklit Tundra	Axe	Mud Ball	Mossy Stone	Diamant Gemstone	[1, 6]
-5	Darklit Tundra	Axe	Crackling Water	Wurzel Aqua	Snow Queen	[1, 6]
-5	Darklit Tundra	Axe	Diamant Gemstone	Feather Draft	Lunastone	[1, 6]
-5	Darklit Tundra	Gather	Medium Medicine	Mine Ant	Yuqtul Frog	[1, 6]
-5	Darklit Tundra	Gather	Dried Lumber	Living Fossil	Celestial Silver Stone	[1, 6]
-5	Darklit Tundra	Gather	Bewitching Chip	Orange Glass	Living Fossil	[1, 6]
-5	Darklit Tundra	Axe	Rainbow Wing Fragment	Diamant Gemstone	Lunastone	[7, 12]
-5	Darklit Tundra	Gather	Spirit Dew	Living Fossil	Émeraude Water	[7, 12]
-5	Darklit Tundra	Bug Net	Minuit Fleur	Snow Queen	Plant Essence	[7, 12]
-5	Darklit Tundra	Axe	Big Horned Beetle	Fatal Nebula	Holy Arbor Branch	[7, 12]
-5	Darklit Tundra	Gather	Everfreeze Beehive	Ancient Beehive	Honey Ball	[7, 12]
-5	Darklit Tundra	Sickle	Frost-Speckled Wood	Tail Fern	Zafloa Oil	[7, 12]
-5	Darklit Tundra	Gather	Medium Medicine	Spiral Bone	Baby Menace	[7, 12]
-5	Darklit Tundra	Axe	Glowing Diatom	Rainbow Wing Fragment	Riverstone	[7, 12]
-5	Darklit Tundra	Gather	Pretty Shells	Pourpremoule	Smech	[7, 12]
-5	Darklit Tundra	Gather	Steel Balls	Ethereal Stone	Undastone	[7, 12]
-5	Darklit Tundra	Axe	Glowing Diatom	Metal Ore	Riverstone	[7, 12]
-5	Darklit Tundra	Axe	Diopside	Trois Mineral	Underground Spider Queen	[7, 12]
-5	Darklit Tundra	Sickle	Rainbow Crystal	Medicinal Moss	Heilige Blume	[7, 12]
-5	Darklit Tundra	Axe	Mud Ball	Mossy Stone	Diamant Gemstone	[7, 12]
-5	Darklit Tundra	Axe	Crackling Water	Wurzel Aqua	Snow Queen	[7, 12]
-5	Darklit Tundra	Axe	Diamant Gemstone	Feather Draft	Lunastone	[7, 12]
-5	Darklit Tundra	Gather	Medium Medicine	Spiral Bone	Beast Fossil	[7, 12]
-5	Darklit Tundra	Axe	Diopside	Ash Ball	Fairystone Fragment	[7, 12]
-5	Darklit Tundra	Gather	Ancient Blue Water	Living Fossil	Dark Dew	[7, 12]
-5	Darklit Tundra	Gather	Crab	Rusted Sword	Whitefly	[7, 12]
-5	Darklit Tundra	Axe	Rainbow Wing Fragment	Diamant Gemstone	Lunastone	[13, 18]
-5	Darklit Tundra	Gather	Spirit Dew	Wurzel Aqua	Émeraude Water	[13, 18]
-5	Darklit Tundra	Bug Net	Minuit Fleur	Snow Queen	Plant Essence	[13, 18]
-5	Darklit Tundra	Axe	Big Horned Beetle	Fatal Nebula	Holy Arbor Branch	[13, 18]
-5	Darklit Tundra	Gather	Gold Beehive	Everfreeze Beehive	Honey Ball	[13, 18]
-5	Darklit Tundra	Sickle	Frost-Speckled Wood	Tail Fern	Seele Pilós	[13, 18]
-5	Darklit Tundra	Gather	Medium Medicine	Mine Ant	Yuqtul Frog	[13, 18]
-5	Darklit Tundra	Axe	Blue Gemstone	Blue Crystal	Eternal Crystal	[13, 18]
-5	Darklit Tundra	Gather	Sparkling Sand	Pourpremoule	Unknown Augite	[13, 18]
-5	Darklit Tundra	Gather	Steel Balls	Ethereal Stone	Undastone	[13, 18]
-5	Darklit Tundra	Axe	Blue Crystal	Amatite Ore	Fairystone Fragment	[13, 18]
-5	Darklit Tundra	Axe	Diopside	Trois Mineral	Underground Spider Queen	[13, 18]
-5	Darklit Tundra	Sickle	Rainbow Crystal	Medicinal Moss	Heilige Blume	[13, 18]
-5	Darklit Tundra	Axe	Mud Ball	Mossy Stone	Diamant Gemstone	[13, 18]
-5	Darklit Tundra	Axe	Crackling Water	Wurzel Aqua	Snow Queen	[13, 18]
-5	Darklit Tundra	Axe	Diamant Gemstone	Spirit Dew	Émeraude Water	[13, 18]
-5	Darklit Tundra	Gather	Spiral Bone	Beast Fossil	Mist Liquid	[13, 18]
-5	Darklit Tundra	Axe	Diopside	Gold Ball	Ancient Blue Water	[13, 18]
-5	Darklit Tundra	Gather	Frost Uni	Ancient Sword	Sage Fish	[13, 18]
-5	Darklit Tundra	Gather	Rusted Sword	Shining Disk	Eternal Crystal	[13, 18]
-6	Ancient Capital Corridors	Gather	Poison Cube	Rotwood Miasma	Seele Pilós	[1, 10]
-6	Ancient Capital Corridors	Gather	Broken Tools	Mysterious Metal Shard	Shining Disk	[1, 10]
-6	Ancient Capital Corridors	Gather	Mushroom Colony	Dreamy Crown	Golden Crown	[1, 10]
-6	Ancient Capital Corridors	Gather	Uni	Demon Uni	Gold Uni	[1, 10]
-6	Ancient Capital Corridors	Axe	Rusted Sword	Ancient Sword	Fail Plywood	[1, 10]
-6	Ancient Capital Corridors	Gather	Broken Tools	Poison Powder	Fail Plywood	[1, 10]
-6	Ancient Capital Corridors	Gather	Silver Web	Gold Steel Web	Tíkometal	[1, 10]
-6	Ancient Capital Corridors	Gather	Paper Scraps	Magic Tome Page	Forbidden Grimoire	[1, 10]
-6	Ancient Capital Corridors	Axe	Mossy Stone	Undastone	Riverstone	[1, 10]
-6	Ancient Capital Corridors	Axe	Undastone	Amatite Ore	Gold Steel Web	[1, 10]
-6	Ancient Capital Corridors	Gather	Fail Plywood	Ancient Sword	Mysterious Metal Shard	[1, 10]
-6	Ancient Capital Corridors	Sickle	Sky Bubble	Manaphoria	Wake-Up Flower	[1, 10]
-6	Ancient Capital Corridors	Gather	Plant Essence	Living Fossil	Rapier Fish	[1, 10]
-6	Ancient Capital Corridors	Gather	Mist Liquid	Tíkometal	Sage Fish	[1, 10]
-7	Evermaze Forest: Peculiar	Gather	Blue Clover	Black Water	Esplante	[1, 5]
-7	Evermaze Forest: Peculiar	Bug Net	Ferrous Isopod	Baby Menace	Rotwood Miasma	[1, 5]
-7	Evermaze Forest: Peculiar	Sickle	Shepherdflower	Supple Vine	Torch Grass	[1, 5]
-7	Evermaze Forest: Peculiar	Gather	Cotton Grass	Poison Grass	Wake-Up Flower	[1, 5]
-7	Evermaze Forest: Peculiar	Gather	Taun	Natural Oil	Minuit Fleur	[1, 5]
-7	Evermaze Forest: Peculiar	Gather	Black Water	Fatal Nebula	Esplante	[1, 5]
-7	Evermaze Forest: Peculiar	Axe	Eiche	Evihibrow	Holy Arbor Branch	[1, 5]
-7	Evermaze Forest: Peculiar	Gather	Thin Fruit	Nectar Fruit	Feather Draft	[1, 5]
-7	Evermaze Forest: Peculiar	Gather	Gold Beehive	Ancient Beehive	Honey Ball	[1, 5]
-7	Evermaze Forest: Peculiar	Gather	Uni	Demon Uni	Steam Uni	[1, 5]
-7	Evermaze Forest: Peculiar	Gather	Chainweb	Gold Steel Web	Underground Spider Queen	[1, 5]
-7	Evermaze Forest: Peculiar	Gather	Lotus	Colored Cotton Grass	Nightglow Flower	[1, 5]
-7	Evermaze Forest: Peculiar	Gather	Cotton Grass	Evihibrow	Bewitching Chip	[1, 5]
-7	Evermaze Forest: Peculiar	Gather	Darkshroom	Mushroom Colony	Glowshroom	[1, 5]
-7	Evermaze Forest: Peculiar	Gather	Whimsy Strawberries	Elder Garlic	Bitter Root	[1, 5]
-7	Evermaze Forest: Peculiar	Gather	Thin Fruit	Nectar Fruit	Benevolent Twisted Tree	[1, 5]
-7	Evermaze Forest: Peculiar	Gather	Blue Clover	Nightglow Flower	Mana Petal	[1, 5]
-7	Evermaze Forest: Peculiar	Gather	Palma Fruit	Sour Fruit	Gold Spiky Fruit	[1, 5]
-7	Evermaze Forest: Peculiar	Gather	Ferrous Isopod	Umbrella Tree Strawberry	Blackberry	[1, 5]
-7	Evermaze Forest: Peculiar	Bug Net	Expiation Worm	Big Horned Beetle	Underground Spider Queen	[1, 5]
-7	Evermaze Forest: Peculiar	Gather	Ashen Sand	Ancient Blue Water	Poison Cube	[1, 5]
-7	Evermaze Forest: Peculiar	Gather	Poison Cube	Mana Gem	Living Fossil	[1, 5]
-7	Evermaze Forest: Peculiar	Gather	Blue Clover	Black Water	Esplante	[6, 10]
-7	Evermaze Forest: Peculiar	Sickle	Pentafruit	Magic Herb	Endangered Herb	[6, 10]
-7	Evermaze Forest: Peculiar	Bug Net	Ferrous Isopod	Baby Menace	Rotwood Miasma	[6, 10]
-7	Evermaze Forest: Peculiar	Sickle	Shepherdflower	Supple Vine	Torch Grass	[6, 10]
-7	Evermaze Forest: Peculiar	Gather	Cotton Grass	Poison Grass	Wake-Up Flower	[6, 10]
-7	Evermaze Forest: Peculiar	Gather	Taun	Natural Oil	Minuit Fleur	[6, 10]
-7	Evermaze Forest: Peculiar	Gather	Black Water	Fatal Nebula	Esplante	[6, 10]
-7	Evermaze Forest: Peculiar	Axe	Eiche	Evihibrow	Holy Arbor Branch	[6, 10]
-7	Evermaze Forest: Peculiar	Gather	Thin Fruit	Nectar Fruit	Feather Draft	[6, 10]
-7	Evermaze Forest: Peculiar	Gather	Gold Beehive	Ancient Beehive	Honey Ball	[6, 10]
-7	Evermaze Forest: Peculiar	Gather	Uni	Demon Uni	Steam Uni	[6, 10]
-7	Evermaze Forest: Peculiar	Gather	Chainweb	Gold Steel Web	Underground Spider Queen	[6, 10]
-7	Evermaze Forest: Peculiar	Gather	Lotus	Colored Cotton Grass	Nightglow Flower	[6, 10]
-7	Evermaze Forest: Peculiar	Gather	Cotton Grass	Evihibrow	Bewitching Chip	[6, 10]
-7	Evermaze Forest: Peculiar	Gather	Darkshroom	Mushroom Colony	Glowshroom	[6, 10]
-7	Evermaze Forest: Peculiar	Gather	Whimsy Strawberries	Elder Garlic	Bitter Root	[6, 10]
-7	Evermaze Forest: Peculiar	Gather	Thin Fruit	Nectar Fruit	Benevolent Twisted Tree	[6, 10]
-7	Evermaze Forest: Peculiar	Gather	Blue Clover	Nightglow Flower	Mana Petal	[6, 10]
-7	Evermaze Forest: Peculiar	Gather	Palma Fruit	Sour Apple	Gold Spiky Fruit	[6, 10]
-7	Evermaze Forest: Peculiar	Gather	Ferrous Isopod	Umbrella Tree Strawberry	Blackberry	[6, 10]
-7	Evermaze Forest: Peculiar	Sickle	Lotus	Nightglow Flower	Moon Drop	[6, 10]
-7	Evermaze Forest: Peculiar	Bug Net	Honeypot Ant	Baby Wyrm	Lapis Papillion	[6, 10]
-7	Evermaze Forest: Peculiar	Gather	Ashen Sand	Ancient Blue Water	Poison Cube	[6, 10]
-7	Evermaze Forest: Peculiar	Gather	Poison Cube	Silver Web	Fatal Nebula	[6, 10]
-7	Evermaze Forest: Peculiar	Gather	Blue Clover	Black Water	Esplante	[11, 15]
-7	Evermaze Forest: Peculiar	Sickle	Pentafruit	Magic Herb	Endangered Herb	[11, 15]
-7	Evermaze Forest: Peculiar	Bug Net	Star Ladybug	Baby Menace	Ingot Beetle	[11, 15]
-7	Evermaze Forest: Peculiar	Sickle	Shepherdflower	Supple Vine	Torch Grass	[11, 15]
-7	Evermaze Forest: Peculiar	Gather	Cotton Grass	Poison Grass	Wake-Up Flower	[11, 15]
-7	Evermaze Forest: Peculiar	Gather	Taun	Natural Oil	Minuit Fleur	[11, 15]
-7	Evermaze Forest: Peculiar	Gather	Black Water	Fatal Nebula	Esplante	[11, 15]
-7	Evermaze Forest: Peculiar	Axe	Eiche	Evihibrow	Holy Arbor Branch	[11, 15]
-7	Evermaze Forest: Peculiar	Gather	Thin Fruit	Nectar Fruit	Feather Draft	[11, 15]
-7	Evermaze Forest: Peculiar	Gather	Gold Beehive	Ancient Beehive	Honey Ball	[11, 15]
-7	Evermaze Forest: Peculiar	Gather	Uni	Demon Uni	Steam Uni	[11, 15]
-7	Evermaze Forest: Peculiar	Gather	Chainweb	Gold Steel Web	Underground Spider Queen	[11, 15]
-7	Evermaze Forest: Peculiar	Gather	Lotus	Colored Cotton Grass	Nightglow Flower	[11, 15]
-7	Evermaze Forest: Peculiar	Gather	Cotton Grass	Evihibrow	Bewitching Chip	[11, 15]
-7	Evermaze Forest: Peculiar	Gather	Darkshroom	Mushroom Colony	Glowshroom	[11, 15]
-7	Evermaze Forest: Peculiar	Gather	Whimsy Strawberries	Elder Garlic	Bitter Root	[11, 15]
-7	Evermaze Forest: Peculiar	Gather	Thin Fruit	Nectar Fruit	Benevolent Twisted Tree	[11, 15]
-7	Evermaze Forest: Peculiar	Gather	Blue Clover	Nightglow Flower	Mana Petal	[11, 15]
-7	Evermaze Forest: Peculiar	Gather	Palma Fruit	Sour Apple	Gold Spiky Fruit	[11, 15]
-7	Evermaze Forest: Peculiar	Gather	Ferrous Isopod	Umbrella Tree Strawberry	Blackberry	[11, 15]
-7	Evermaze Forest: Peculiar	Sickle	Lotus	Nightglow Flower	Moon Drop	[11, 15]
-7	Evermaze Forest: Peculiar	Bug Net	Honeypot Ant	Baby Menace	Ingot Beetle	[11, 15]
-7	Evermaze Forest: Peculiar	Gather	Frost Uni	Rapier Fish	Sage Fish	[11, 15]
-7	Evermaze Forest: Peculiar	Gather	Seele Pilós	Tíkometal	Rapier Fish	[11, 15]
-8	Dripcrystal Cave: Peculiar	Gather	Jellyfish Larvae	Smech	Ancient Blue Water	[1, 5]
-8	Dripcrystal Cave: Peculiar	Axe	Legehart Fruit	Rotting Arbor Twig	Holy Arbor Branch	[1, 5]
-8	Dripcrystal Cave: Peculiar	Sickle	Torch Grass	Shepherdflower	Mana Petal	[1, 5]
-8	Dripcrystal Cave: Peculiar	Sickle	Tail Fern	Princess Grass	Rainbow Wing Fragment	[1, 5]
-8	Dripcrystal Cave: Peculiar	Gather	Mushroom Colony	Octoshroom	Glowshroom	[1, 5]
-8	Dripcrystal Cave: Peculiar	Gather	Blue Gemstone	Hainelight	Ethereal Stone	[1, 5]
-8	Dripcrystal Cave: Peculiar	Gather	Amatite Ore	Shining Powder	Diamant Gemstone	[1, 5]
-8	Dripcrystal Cave: Peculiar	Gather	Rainbow Crystal	Rainbow Coral Fragment	Big Horned Beetle	[1, 5]
-8	Dripcrystal Cave: Peculiar	Gather	Pretty Shells	Sea Horse	Diopside	[1, 5]
-8	Dripcrystal Cave: Peculiar	Axe	Fairystone Fragment	Rainbow Wing Fragment	Riverstone	[1, 5]
-8	Dripcrystal Cave: Peculiar	Gather	Crab	Pourpremoule	Smech	[1, 5]
-8	Dripcrystal Cave: Peculiar	Axe	Glowing Diatom	Metal Ore	Riverstone	[1, 5]
-8	Dripcrystal Cave: Peculiar	Gather	Red Sand	Zafloa Oil	Baby Wyrm	[1, 5]
-8	Dripcrystal Cave: Peculiar	Gather	Blue Clover	Nightglow Flower	Mana Petal	[1, 5]
-8	Dripcrystal Cave: Peculiar	Gather	Tall Taun	Shepherdflower	Forest Sage	[1, 5]
-8	Dripcrystal Cave: Peculiar	Axe	Hainelight	Ash Ball	Goldinite	[1, 5]
-8	Dripcrystal Cave: Peculiar	Gather	Star Ladybug	Ferrous Isopod	Silver Web	[1, 5]
-8	Dripcrystal Cave: Peculiar	Gather	Zafloa Oil	Fail Plywood	Snow Queen	[1, 5]
-8	Dripcrystal Cave: Peculiar	Gather	Whitefly	Red Sand	Spirit Dew	[1, 5]
-8	Dripcrystal Cave: Peculiar	Gather	Pourpremoule	Smech	Jellyfish Larvae	[6, 10]
-8	Dripcrystal Cave: Peculiar	Axe	Legehart Fruit	Rotting Arbor Twig	Rotting Arbor Branch	[6, 10]
-8	Dripcrystal Cave: Peculiar	Sickle	Torch Grass	Diaphane	Shepherdflower	[6, 10]
-8	Dripcrystal Cave: Peculiar	Sickle	Tail Fern	Zafloa Oil	Seele Pilós	[6, 10]
-8	Dripcrystal Cave: Peculiar	Gather	Glowshroom	Honey Fungus	Mushroom Colony	[6, 10]
-8	Dripcrystal Cave: Peculiar	Gather	Blue Crystal	Hainelight	Trois Mineral	[6, 10]
-8	Dripcrystal Cave: Peculiar	Gather	Amatite Ore	Shining Powder	Diamant Gemstone	[6, 10]
-8	Dripcrystal Cave: Peculiar	Gather	Rainbow Coral Fragment	Smech	Living Fossil	[6, 10]
-8	Dripcrystal Cave: Peculiar	Gather	Pretty Shells	Sea Horse	Diopside	[6, 10]
-8	Dripcrystal Cave: Peculiar	Axe	Glowing Diatom	Rainbow Wing Fragment	Riverstone	[6, 10]
-8	Dripcrystal Cave: Peculiar	Gather	Pretty Shells	Smech	Fureshumere	[6, 10]
-8	Dripcrystal Cave: Peculiar	Gather	Sand Crystals	Black Water	Orange Glass	[6, 10]
-8	Dripcrystal Cave: Peculiar	Axe	Glowing Diatom	Metal Ore	Riverstone	[6, 10]
-8	Dripcrystal Cave: Peculiar	Gather	Red Sand	Zafloa Oil	Baby Wyrm	[6, 10]
-8	Dripcrystal Cave: Peculiar	Sickle	Taun	Magic Herb	Lanterna Blossoms	[6, 10]
-8	Dripcrystal Cave: Peculiar	Gather	Blue Clover	Nightglow Flower	Eternal Blossom	[6, 10]
-8	Dripcrystal Cave: Peculiar	Axe	Hainelight	Trois Mineral	Underground Spider Queen	[6, 10]
-8	Dripcrystal Cave: Peculiar	Gather	Star Ladybug	Ferrous Isopod	Gold Steel Web	[6, 10]
-8	Dripcrystal Cave: Peculiar	Gather	Paper Scraps	Esplante	Living Fossil	[6, 10]
-8	Dripcrystal Cave: Peculiar	Gather	Frost Uni	Mysterious Metal Shard	Spirit Dew	[6, 10]
-8	Dripcrystal Cave: Peculiar	Gather	Rainbow Crystal	Fureshumere	Rainbow Coral Fragment	[11, 15]
-8	Dripcrystal Cave: Peculiar	Axe	Legehart Fruit	Rotting Arbor Branch	Lapis Papillion	[11, 15]
-8	Dripcrystal Cave: Peculiar	Sickle	Torch Grass	Shepherdflower	Mana Petal	[11, 15]
-8	Dripcrystal Cave: Peculiar	Sickle	Tail Fern	Star Ladybug	Rainbow Crystal	[11, 15]
-8	Dripcrystal Cave: Peculiar	Gather	Mushroom Colony	Dreamy Crown	Glowshroom	[11, 15]
-8	Dripcrystal Cave: Peculiar	Gather	Ruin Stone	Hainelight	Ingot Bug	[11, 15]
-8	Dripcrystal Cave: Peculiar	Gather	Amatite Ore	Shining Powder	Diamant Gemstone	[11, 15]
-8	Dripcrystal Cave: Peculiar	Gather	Pretty Shells	Smech	Living Fossil	[11, 15]
-8	Dripcrystal Cave: Peculiar	Gather	Pretty Shells	Sea Horse	Diopside	[11, 15]
-8	Dripcrystal Cave: Peculiar	Axe	Steel Balls	Unknown Gemstone	Celestial Silver Stone	[11, 15]
-8	Dripcrystal Cave: Peculiar	Gather	Pretty Shells	Smech	Fureshumere	[11, 15]
-8	Dripcrystal Cave: Peculiar	Gather	Gunpowder Base	Groundwater	Jellyfish Larvae	[11, 15]
-8	Dripcrystal Cave: Peculiar	Axe	Ashen Sand	Undastone	Metal Ore	[11, 15]
-8	Dripcrystal Cave: Peculiar	Gather	Rouge Gemstone	Gaudy Stone	Ruin Stone	[11, 15]
-8	Dripcrystal Cave: Peculiar	Sickle	Taun	Magic Herb	Lanterna Blossoms	[11, 15]
-8	Dripcrystal Cave: Peculiar	Gather	Blue Clover	Nightglow Flower	Eternal Blossom	[11, 15]
-8	Dripcrystal Cave: Peculiar	Axe	Hainelight	Orange Glass	Undastone	[11, 15]
-8	Dripcrystal Cave: Peculiar	Gather	Star Ladybug	Ferrous Isopod	Gold Steel Web	[11, 15]
-8	Dripcrystal Cave: Peculiar	Gather	Expiation Worm	Ancient Blue Water	Fail Plywood	[11, 15]
-8	Dripcrystal Cave: Peculiar	Gather	Bewitching Chip	Undastone	Ancient Sword	[11, 15]
-9	Mt. Bone-Eater: Peculiar	Gather	Blessed Feather	Mine Ant	Wyvern Egg	[1, 5]
-9	Mt. Bone-Eater: Peculiar	Gather	Palma Fruit	Mana Gem	Baby Wyrm	[1, 5]
-9	Mt. Bone-Eater: Peculiar	Gather	Tough Bone	Beast Fossil	Spiral Bone	[1, 5]
-9	Mt. Bone-Eater: Peculiar	Gather	Umbrella Tree Strawberry	Mine Ant	Jewelgrass Seeds	[1, 5]
-9	Mt. Bone-Eater: Peculiar	Sickle	Sky Bubble	Sweet Flower	Nightglow Flower	[1, 5]
-9	Mt. Bone-Eater: Peculiar	Gather	Charred Bark	Ripe Fruit	Gold Spiky Fruit	[1, 5]
-9	Mt. Bone-Eater: Peculiar	Axe	Holy Arbor Branch	Ancient Log	Big Horned Beetle	[1, 5]
-9	Mt. Bone-Eater: Peculiar	Gather	Glowshroom	Honey Fungus	Dreamy Crown	[1, 5]
-9	Mt. Bone-Eater: Peculiar	Gather	Uni	Demon Uni	Emperor Uni	[1, 5]
-9	Mt. Bone-Eater: Peculiar	Gather	Expiation Worm	Yuqtul Frog	Chainweb	[1, 5]
-9	Mt. Bone-Eater: Peculiar	Gather	Medium Medicine	Spiral Bone	Beast Fossil	[1, 5]
-9	Mt. Bone-Eater: Peculiar	Gather	Dried Lumber	Bitter Root	Moonlight Firefly	[1, 5]
-9	Mt. Bone-Eater: Peculiar	Gather	Rouge Gemstone	Muddied Crystal	Lunastone	[1, 5]
-9	Mt. Bone-Eater: Peculiar	Gather	Ethereal Stone	Shining Powder	Celestial Silver Stone	[1, 5]
-9	Mt. Bone-Eater: Peculiar	Gather	Supple Vine	Blackberry	Bitter Root	[1, 5]
-9	Mt. Bone-Eater: Peculiar	Gather	Sour Fruit	Balloon Fruit	Golden Fruit	[1, 5]
-9	Mt. Bone-Eater: Peculiar	Axe	Taun	Plant Essence	Dark Dew	[1, 5]
-9	Mt. Bone-Eater: Peculiar	Sickle	Rainbow Crystal	Medicinal Moss	Heilige Blume	[1, 5]
-9	Mt. Bone-Eater: Peculiar	Gather	Gunpowder Base	Orange Glass	Rainbow Wing Fragment	[1, 5]
-9	Mt. Bone-Eater: Peculiar	Gather	Zafloa Oil	Zapping Water	Dark Dew	[1, 5]
-9	Mt. Bone-Eater: Peculiar	Gather	Tall Taun	Shepherdflower	Forest Sage	[1, 5]
-9	Mt. Bone-Eater: Peculiar	Gather	Star Ladybug	Ferrous Isopod	Gold Steel Web	[1, 5]
-9	Mt. Bone-Eater: Peculiar	Gather	Coralia	Medicinal Moss	Wurzel Aqua	[1, 5]
-9	Mt. Bone-Eater: Peculiar	Gather	Eternal Breeze	Underground Spider Queen	Celestial Silver Stone	[1, 5]
-9	Mt. Bone-Eater: Peculiar	Gather	Blessed Feather	Giant Bird Egg	Wyvern Egg	[6, 10]
-9	Mt. Bone-Eater: Peculiar	Gather	Mana Gem	Gold Spiky Fruit	Thousand Scale Fruit	[6, 10]
-9	Mt. Bone-Eater: Peculiar	Gather	Tough Bone	Beast Fossil	Spiral Bone	[6, 10]
-9	Mt. Bone-Eater: Peculiar	Gather	Blackberry	Umbrella Tree Strawberry	Manaphoria	[6, 10]
-9	Mt. Bone-Eater: Peculiar	Sickle	Sky Bubble	Sweet Flower	Nightglow Flower	[6, 10]
-9	Mt. Bone-Eater: Peculiar	Gather	Green Spiky Fruit	Sour Fruit	Gold Spiky Fruit	[6, 10]
-9	Mt. Bone-Eater: Peculiar	Axe	Big Horned Beetle	Fatal Nebula	Ancient Log	[6, 10]
-9	Mt. Bone-Eater: Peculiar	Gather	Glowshroom	Honey Fungus	Dreamy Crown	[6, 10]
-9	Mt. Bone-Eater: Peculiar	Gather	Uni	Demon Uni	Emperor Uni	[6, 10]
-9	Mt. Bone-Eater: Peculiar	Gather	Tough Bone	Spiral Bone	Baby Menace	[6, 10]
-9	Mt. Bone-Eater: Peculiar	Gather	Medium Medicine	Mine Ant	Yuqtul Frog	[6, 10]
-9	Mt. Bone-Eater: Peculiar	Gather	Arbor Ivy	Cotton Grass	Balloon Fruit	[6, 10]
-9	Mt. Bone-Eater: Peculiar	Gather	Sparkling Sand	Pourpremoule	Unknown Augite	[6, 10]
-9	Mt. Bone-Eater: Peculiar	Gather	Unknown Gemstone	Red Hot Crystal	Baby Menace	[6, 10]
-9	Mt. Bone-Eater: Peculiar	Gather	Blackberry	Umbrella Tree Strawberry	Elder Garlic	[6, 10]
-9	Mt. Bone-Eater: Peculiar	Gather	Palma Fruit	Sour Fruit	Gold Spiky Fruit	[6, 10]
-9	Mt. Bone-Eater: Peculiar	Axe	Taun	Plant Essence	Dark Dew	[6, 10]
-9	Mt. Bone-Eater: Peculiar	Sickle	Rainbow Crystal	Minuit Fleur	Heilige Blume	[6, 10]
-9	Mt. Bone-Eater: Peculiar	Gather	Gunpowder Base	Orange Glass	Rainbow Wing Fragment	[6, 10]
-9	Mt. Bone-Eater: Peculiar	Gather	Natural Oil	Coralia	Dark Dew	[6, 10]
-9	Mt. Bone-Eater: Peculiar	Gather	Tall Taun	Shepherdflower	Forest Sage	[6, 10]
-9	Mt. Bone-Eater: Peculiar	Gather	Blue Clover	Silver Web	Moonlight Firefly	[6, 10]
-9	Mt. Bone-Eater: Peculiar	Gather	Coralia	Thin Fruit	Indignant Scream	[6, 10]
-9	Mt. Bone-Eater: Peculiar	Gather	Eternal Breeze	Mossy Stone	Elder Garlic	[6, 10]
-9	Mt. Bone-Eater: Peculiar	Gather	Blessed Feather	Wyvern Egg	Dragon Egg	[11, 15]
-9	Mt. Bone-Eater: Peculiar	Gather	Palma Fruit	Mana Gem	Baby Wyrm	[11, 15]
-9	Mt. Bone-Eater: Peculiar	Gather	Tough Bone	Beast Fossil	Spiral Bone	[11, 15]
-9	Mt. Bone-Eater: Peculiar	Gather	Umbrella Tree Strawberry	Manaphoria	Jewelgrass Seeds	[11, 15]
-9	Mt. Bone-Eater: Peculiar	Sickle	Sky Bubble	Sweet Flower	Nightglow Flower	[11, 15]
-9	Mt. Bone-Eater: Peculiar	Gather	Charred Bark	Ripe Fruit	Gold Spiky Fruit	[11, 15]
-9	Mt. Bone-Eater: Peculiar	Axe	Holy Arbor Branch	Octoshroom	Big Horned Beetle	[11, 15]
-9	Mt. Bone-Eater: Peculiar	Gather	Glowshroom	Honey Fungus	Dreamy Crown	[11, 15]
-9	Mt. Bone-Eater: Peculiar	Gather	Uni	Demon Uni	Emperor Uni	[11, 15]
-9	Mt. Bone-Eater: Peculiar	Gather	Expiation Worm	Yuqtul Frog	Chainweb	[11, 15]
-9	Mt. Bone-Eater: Peculiar	Gather	Medium Medicine	Spiral Bone	Beast Fossil	[11, 15]
-9	Mt. Bone-Eater: Peculiar	Gather	Dried Lumber	Bitter Root	Moonlight Firefly	[11, 15]
-9	Mt. Bone-Eater: Peculiar	Gather	Rouge Gemstone	Muddied Crystal	Lunastone	[11, 15]
-9	Mt. Bone-Eater: Peculiar	Gather	Ethereal Stone	Shining Powder	Celestial Silver Stone	[11, 15]
-9	Mt. Bone-Eater: Peculiar	Gather	Supple Vine	Blackberry	Bitter Root	[11, 15]
-9	Mt. Bone-Eater: Peculiar	Gather	Sour Fruit	Balloon Fruit	Golden Fruit	[11, 15]
-9	Mt. Bone-Eater: Peculiar	Axe	Taun	Plant Essence	Dark Dew	[11, 15]
-9	Mt. Bone-Eater: Peculiar	Sickle	Rainbow Crystal	Medicinal Moss	Heilige Blume	[11, 15]
-9	Mt. Bone-Eater: Peculiar	Gather	Gunpowder Base	Orange Glass	Rainbow Wing Fragment	[11, 15]
-9	Mt. Bone-Eater: Peculiar	Gather	Natural Oil	Coralia	Dark Dew	[11, 15]
-9	Mt. Bone-Eater: Peculiar	Gather	Tall Taun	Shepherdflower	Forest Sage	[11, 15]
-9	Mt. Bone-Eater: Peculiar	Gather	Star Ladybug	Ferrous Isopod	Gold Steel Web	[11, 15]
-9	Mt. Bone-Eater: Peculiar	Gather	Coralia	Ashen Sand	Spirit Dew	[11, 15]
-9	Mt. Bone-Eater: Peculiar	Gather	Eternal Breeze	Rainbow Coral Fragment	Ingot Bug	[11, 15]
-10	Loiky Lava Cave: Peculiar	Axe	Crimson Ore	Brenn Ore	Black Volcanic Ore	[1, 5]
-10	Loiky Lava Cave: Peculiar	Axe	Ferrous Isopod	Everlasting Saft	Wurzel Aqua	[1, 5]
-10	Loiky Lava Cave: Peculiar	Axe	Charred Bark	Indignant Scream	Thousand Scale Fruit	[1, 5]
-10	Loiky Lava Cave: Peculiar	Gather	Gold Beehive	Ancient Beehive	Blazing Beehive	[1, 5]
-10	Loiky Lava Cave: Peculiar	Sickle	Steam Uni	Indignant Scream	Thousand Scale Fruit	[1, 5]
-10	Loiky Lava Cave: Peculiar	Axe	Metal Ore	Muddied Crystal	Hygea Ore	[1, 5]
-10	Loiky Lava Cave: Peculiar	Axe	Goldinite	Hygea Ore	Lunastone	[1, 5]
-10	Loiky Lava Cave: Peculiar	Gather	Spirit Dew	Groundwater	Sparkling Sand	[1, 5]
-10	Loiky Lava Cave: Peculiar	Gather	Flaming Black Sand	Crimson Ore	Hygea Ore	[1, 5]
-10	Loiky Lava Cave: Peculiar	Axe	Magma Powder	Regicite	Gunpowder Base	[1, 5]
-10	Loiky Lava Cave: Peculiar	Gather	Medium Medicine	Spiral Bone	Baby Menace	[1, 5]
-10	Loiky Lava Cave: Peculiar	Gather	Rouge Gemstone	Muddied Crystal	Lunastone	[1, 5]
-10	Loiky Lava Cave: Peculiar	Gather	Flaming Black Sand	Ruin Stone	Groundwater	[1, 5]
-10	Loiky Lava Cave: Peculiar	Gather	Magma Powder	Gunpowder Base	Ingot Beetle	[1, 5]
-10	Loiky Lava Cave: Peculiar	Gather	Sturdy Claws	Blessed Feather	Baby Menace	[1, 5]
-10	Loiky Lava Cave: Peculiar	Axe	Riverstone	Red Hot Crystal	Fairystone Fragment	[1, 5]
-10	Loiky Lava Cave: Peculiar	Gather	Unknown Gemstone	Gold Ball	Baby Menace	[1, 5]
-10	Loiky Lava Cave: Peculiar	Gather	Rouge Gemstone	Trois Mineral	Unknown Augite	[1, 5]
-10	Loiky Lava Cave: Peculiar	Gather	Heatwave Water	Ancient Blue Water	Fail Plywood	[1, 5]
-10	Loiky Lava Cave: Peculiar	Gather	Poison Powder	Silver Web	Fatal Nebula	[1, 5]
-10	Loiky Lava Cave: Peculiar	Axe	Crimson Ore	Brenn Ore	Riverstone	[6, 10]
-10	Loiky Lava Cave: Peculiar	Axe	Ferrous Isopod	Everlasting Saft	Wurzel Aqua	[6, 10]
-10	Loiky Lava Cave: Peculiar	Axe	Charred Bark	Shepherdflower	Fused Hardwood	[6, 10]
-10	Loiky Lava Cave: Peculiar	Gather	Gold Beehive	Ancient Beehive	Blazing Beehive	[6, 10]
-10	Loiky Lava Cave: Peculiar	Sickle	Steam Uni	Indignant Scream	Thousand Scale Fruit	[6, 10]
-10	Loiky Lava Cave: Peculiar	Axe	Riverstone	Gunpowder Base	Blue Flame Riverstone	[6, 10]
-10	Loiky Lava Cave: Peculiar	Axe	Goldinite	Hygea Ore	Lunastone	[6, 10]
-10	Loiky Lava Cave: Peculiar	Gather	Spirit Dew	Heatwave Water	Crimson Ore	[6, 10]
-10	Loiky Lava Cave: Peculiar	Gather	Flaming Black Sand	Crimson Ore	Hygea Ore	[6, 10]
-10	Loiky Lava Cave: Peculiar	Axe	Magma Powder	Regicite	Gunpowder Base	[6, 10]
-10	Loiky Lava Cave: Peculiar	Gather	Medium Medicine	Spiral Bone	Baby Menace	[6, 10]
-10	Loiky Lava Cave: Peculiar	Gather	Rouge Gemstone	Muddied Crystal	Lunastone	[6, 10]
-10	Loiky Lava Cave: Peculiar	Gather	Flaming Black Sand	Ruin Stone	Groundwater	[6, 10]
-10	Loiky Lava Cave: Peculiar	Gather	Magma Powder	Gunpowder Base	Ingot Beetle	[6, 10]
-10	Loiky Lava Cave: Peculiar	Gather	Sturdy Claws	Blessed Feather	Baby Menace	[6, 10]
-10	Loiky Lava Cave: Peculiar	Axe	Gunpowder Base	Red Hot Crystal	Fairystone Fragment	[6, 10]
-10	Loiky Lava Cave: Peculiar	Gather	Unknown Gemstone	Red Hot Crystal	Baby Menace	[6, 10]
-10	Loiky Lava Cave: Peculiar	Gather	Rouge Gemstone	Goldinite	Unknown Augite	[6, 10]
-10	Loiky Lava Cave: Peculiar	Axe	Blue Crystal	Amatite Ore	Black Volcanic Ore	[6, 10]
-10	Loiky Lava Cave: Peculiar	Gather	Sea Horse	Charred Bark	Mist Liquid	[6, 10]
-10	Loiky Lava Cave: Peculiar	Gather	Red Sand	Tíkometal	Rotting Arbor Branch	[6, 10]
-10	Loiky Lava Cave: Peculiar	Axe	Crimson Ore	Brenn Ore	Riverstone	[11, 15]
-10	Loiky Lava Cave: Peculiar	Axe	Ferrous Isopod	Everlasting Saft	Wurzel Aqua	[11, 15]
-10	Loiky Lava Cave: Peculiar	Axe	Charred Bark	Shepherdflower	Fused Hardwood	[11, 15]
-10	Loiky Lava Cave: Peculiar	Gather	Gold Beehive	Ancient Beehive	Blazing Beehive	[11, 15]
-10	Loiky Lava Cave: Peculiar	Sickle	Steam Uni	Indignant Scream	Thousand Scale Fruit	[11, 15]
-10	Loiky Lava Cave: Peculiar	Axe	Flaming Black Sand	Eternal Crystal	Blue Flame Riverstone	[11, 15]
-10	Loiky Lava Cave: Peculiar	Axe	Goldinite	Hygea Ore	Lunastone	[11, 15]
-10	Loiky Lava Cave: Peculiar	Gather	Spirit Dew	Heatwave Water	Crimson Ore	[11, 15]
-10	Loiky Lava Cave: Peculiar	Gather	Flaming Black Sand	Crimson Ore	Hygea Ore	[11, 15]
-10	Loiky Lava Cave: Peculiar	Axe	Magma Powder	Regicite	Gunpowder Base	[11, 15]
-10	Loiky Lava Cave: Peculiar	Gather	Medium Medicine	Spiral Bone	Baby Menace	[11, 15]
-10	Loiky Lava Cave: Peculiar	Gather	Rouge Gemstone	Muddied Crystal	Lunastone	[11, 15]
-10	Loiky Lava Cave: Peculiar	Gather	Flaming Black Sand	Ruin Stone	Groundwater	[11, 15]
-10	Loiky Lava Cave: Peculiar	Gather	Magma Powder	Gunpowder Base	Ingot Beetle	[11, 15]
-10	Loiky Lava Cave: Peculiar	Gather	Sturdy Claws	Blessed Feather	Baby Menace	[11, 15]
-10	Loiky Lava Cave: Peculiar	Axe	Gunpowder Base	Red Hot Crystal	Fairystone Fragment	[11, 15]
-10	Loiky Lava Cave: Peculiar	Gather	Unknown Gemstone	Red Hot Crystal	Baby Menace	[11, 15]
-10	Loiky Lava Cave: Peculiar	Gather	Rouge Gemstone	Goldinite	Unknown Augite	[11, 15]
-10	Loiky Lava Cave: Peculiar	Axe	Blue Crystal	Amatite Ore	Black Volcanic Ore	[11, 15]
-10	Loiky Lava Cave: Peculiar	Gather	Wurzel Aqua	Rapier Fish	Sage Fish	[11, 15]
-10	Loiky Lava Cave: Peculiar	Gather	Fairystone Fragment	Natural Oil	Rapier Fish	[11, 15]
-11	Darklit Tundra: Peculiar	Axe	Rainbow Wing Fragment	Diamant Gemstone	Lunastone	[1, 5]
-11	Darklit Tundra: Peculiar	Gather	Seele Pilós	Émeraude Water	Living Fossil	[1, 5]
-11	Darklit Tundra: Peculiar	Bug Net	Minuit Fleur	Snow Queen	Plant Essence	[1, 5]
-11	Darklit Tundra: Peculiar	Axe	Eiche	Holy Arbor Branch	Rotting Arbor Branch	[1, 5]
-11	Darklit Tundra: Peculiar	Gather	Gold Beehive	Ancient Beehive	Everfreeze Beehive	[1, 5]
-11	Darklit Tundra: Peculiar	Sickle	Frost-Speckled Wood	Star Ladybug	Rainbow Crystal	[1, 5]
-11	Darklit Tundra: Peculiar	Gather	Blue Gemstone	Rainbow Wing Fragment	Trois Mineral	[1, 5]
-11	Darklit Tundra: Peculiar	Axe	Glowing Diatom	Shining Crystal	Riverstone	[1, 5]
-11	Darklit Tundra: Peculiar	Gather	Rainbow Coral Fragment	Sparkling Sand	Eternal Crystal	[1, 5]
-11	Darklit Tundra: Peculiar	Gather	Steel Balls	Ethereal Stone	Undastone	[1, 5]
-11	Darklit Tundra: Peculiar	Axe	Unknown Gemstone	Eternal Crystal	Lunastone	[1, 5]
-11	Darklit Tundra: Peculiar	Axe	Diopside	Trois Mineral	Underground Spider Queen	[1, 5]
-11	Darklit Tundra: Peculiar	Sickle	Rainbow Crystal	Medicinal Moss	Heilige Blume	[1, 5]
-11	Darklit Tundra: Peculiar	Axe	Mud Ball	Mossy Stone	Diamant Gemstone	[1, 5]
-11	Darklit Tundra: Peculiar	Axe	Crackling Water	Wurzel Aqua	Snow Queen	[1, 5]
-11	Darklit Tundra: Peculiar	Axe	Diamant Gemstone	Spirit Dew	Endangered Herb	[1, 5]
-11	Darklit Tundra: Peculiar	Gather	Medium Medicine	Spiral Bone	Beast Fossil	[1, 5]
-11	Darklit Tundra: Peculiar	Axe	Diopside	Ash Ball	Fairystone Fragment	[1, 5]
-11	Darklit Tundra: Peculiar	Gather	Mist Liquid	Shining Disk	Tíkometal	[1, 5]
-11	Darklit Tundra: Peculiar	Gather	Benevolent Twisted Tree	Mist Liquid	Shining Disk	[1, 5]
-11	Darklit Tundra: Peculiar	Axe	Rainbow Wing Fragment	Diamant Gemstone	Lunastone	[6, 10]
-11	Darklit Tundra: Peculiar	Gather	Seele Pilós	Émeraude Water	Living Fossil	[6, 10]
-11	Darklit Tundra: Peculiar	Bug Net	Expiation Worm	Silver Web	Whitefly	[6, 10]
-11	Darklit Tundra: Peculiar	Axe	Eiche	Holy Arbor Branch	Bronekeleton	[6, 10]
-11	Darklit Tundra: Peculiar	Gather	Gold Beehive	Ancient Beehive	Everfreeze Beehive	[6, 10]
-11	Darklit Tundra: Peculiar	Sickle	Frost-Speckled Wood	Rainbow Crystal	Tail Fern	[6, 10]
-11	Darklit Tundra: Peculiar	Gather	Ruin Stone	Chainweb	Ingot Bug	[6, 10]
-11	Darklit Tundra: Peculiar	Axe	Steel Balls	Unknown Gemstone	Celestial Silver Stone	[6, 10]
-11	Darklit Tundra: Peculiar	Gather	Rainbow Crystal	Rainbow Coral Fragment	Big Horned Beetle	[6, 10]
-11	Darklit Tundra: Peculiar	Gather	Ethereal Stone	Shining Powder	Celestial Silver Stone	[6, 10]
-11	Darklit Tundra: Peculiar	Axe	Blue Crystal	Muddied Crystal	Riverstone	[6, 10]
-11	Darklit Tundra: Peculiar	Axe	Undastone	Gunpowder Base	Lunastone	[6, 10]
-11	Darklit Tundra: Peculiar	Sickle	Rainbow Crystal	Minuit Fleur	Rose Crystal	[6, 10]
-11	Darklit Tundra: Peculiar	Axe	Mud Ball	Mossy Stone	Diamant Gemstone	[6, 10]
-11	Darklit Tundra: Peculiar	Axe	Zapping Water	Wurzel Aqua	Ancient Blue Water	[6, 10]
-11	Darklit Tundra: Peculiar	Axe	Diamant Gemstone	Spirit Dew	Endangered Herb	[6, 10]
-11	Darklit Tundra: Peculiar	Gather	Spiral Bone	Beast Fossil	Mist Liquid	[6, 10]
-11	Darklit Tundra: Peculiar	Axe	Diopside	Ash Ball	Fairystone Fragment	[6, 10]
-11	Darklit Tundra: Peculiar	Gather	Dried Lumber	Seele Pilós	Mist Liquid	[6, 10]
-11	Darklit Tundra: Peculiar	Gather	Poison Powder	Mist Liquid	Seele Pilós	[6, 10]
-11	Darklit Tundra: Peculiar	Axe	Rainbow Wing Fragment	Diamant Gemstone	Lunastone	[11, 15]
-11	Darklit Tundra: Peculiar	Gather	Seele Pilós	Émeraude Water	Living Fossil	[11, 15]
-11	Darklit Tundra: Peculiar	Bug Net	Star Ladybug	Snow Queen	Whitefly	[11, 15]
-11	Darklit Tundra: Peculiar	Axe	Holy Arbor Branch	Benevolent Twisted Tree	Bronekeleton	[11, 15]
-11	Darklit Tundra: Peculiar	Gather	Gold Beehive	Ancient Beehive	Everfreeze Beehive	[11, 15]
-11	Darklit Tundra: Peculiar	Sickle	Frost-Speckled Wood	Rainbow Crystal	Whitefly	[11, 15]
-11	Darklit Tundra: Peculiar	Gather	Ruin Stone	Chainweb	Ingot Bug	[11, 15]
-11	Darklit Tundra: Peculiar	Axe	Steel Balls	Unknown Gemstone	Celestial Silver Stone	[11, 15]
-11	Darklit Tundra: Peculiar	Gather	Pretty Shells	Smech	Living Fossil	[11, 15]
-11	Darklit Tundra: Peculiar	Gather	Ethereal Stone	Shining Powder	Celestial Silver Stone	[11, 15]
-11	Darklit Tundra: Peculiar	Axe	Blue Crystal	Muddied Crystal	Eternal Crystal	[11, 15]
-11	Darklit Tundra: Peculiar	Axe	Undastone	Gunpowder Base	Lunastone	[11, 15]
-11	Darklit Tundra: Peculiar	Sickle	Rainbow Crystal	Minuit Fleur	Rose Crystal	[11, 15]
-11	Darklit Tundra: Peculiar	Axe	Mossy Stone	Glowing Diatom	Diamant Gemstone	[11, 15]
-11	Darklit Tundra: Peculiar	Axe	Zapping Water	Wurzel Aqua	Ancient Blue Water	[11, 15]
-11	Darklit Tundra: Peculiar	Axe	Diamant Gemstone	Spirit Dew	Émeraude Water	[11, 15]
-11	Darklit Tundra: Peculiar	Gather	Spiral Bone	Beast Fossil	Mist Liquid	[11, 15]
-11	Darklit Tundra: Peculiar	Axe	Diopside	Gold Ball	Ancient Blue Water	[11, 15]
-11	Darklit Tundra: Peculiar	Gather	Crab	Dark Dew	Seele Pilós	[11, 15]
-11	Darklit Tundra: Peculiar	Gather	Sand Crystals	Mossy Stone	Moonlight Firefly	[11, 15]
