SkillId	text_ENG	desc_ENG	Unknown1	Numbers1	Unknown2	Power1	Values1	Power2	Values2	Number	Flag	Index	Unknown3	text_JPN	desc_JPN	text_CHS	desc_CHS	text_CHT	desc_CHT	text_KOR	desc_KOR
0			[0, 0, 0, 0]	[0, 0, 0, 0]	[0, 0, 0, 0, 0, 0, 0, 0]	0	[0, 0, 0, 0, 0, 0, 0, 0, 0, 0, 0, 0, 0, 0]	0	[0, 0, 0, 0, 0, 0, 0, 0, 0, 0, 0, 0, 0, 0]	0	0	0	[0, 0, 0, 4294967295, 4294967295, 4294967295, 3212836864, 3212836864, 0, 0, 0, 0, 0, 0]								
40791156	Skill 0		[0, 0, 0, 1415384097]	[0, 0, 0, 100]	[40791156, 0, 0, 0, 0, 0, 0, 0]	100	[0, 0, 0, 0, 0, 0, 0, 0, 0, 0, 0, 0, 0, 0]	0	[0, 0, 0, 0, 0, 0, 0, 0, 0, 0, 0, 0, 0, 0]	0	0	0	[3338823302, 2118932054, 1590773769, 4294967295, 4294967295, 4294967295, 3212836864, 3212836864, 0, 0, 0, 0, 0, 0]	スキル０００		技能000		技能000			
1969839330	Skill 1		[0, 0, 0, 1415384097]	[0, 0, 0, 100]	[1969839330, 0, 0, 0, 0, 0, 0, 0]	100	[0, 0, 0, 0, 0, 0, 0, 0, 0, 0, 0, 0, 0, 0]	0	[0, 0, 0, 0, 0, 0, 0, 0, 0, 0, 0, 0, 0, 0]	0	0	0	[2572894134, 1520292249, 1590773769, 4294967295, 4294967295, 4294967295, 3212836864, 3212836864, 0, 0, 0, 0, 0, 0]	スキル００１		技能001		技能001			
329249448	Skill 2		[0, 0, 0, 1415384097]	[0, 0, 0, 100]	[329249448, 0, 0, 0, 0, 0, 0, 0]	100	[0, 0, 0, 0, 0, 0, 0, 0, 0, 0, 0, 0, 0, 0]	0	[0, 0, 0, 0, 0, 0, 0, 0, 0, 0, 0, 0, 0, 0]	0	0	0	[2715769732, 159011009, 1614965990, 4294967295, 4294967295, 4294967295, 3212836864, 3212836864, 0, 0, 0, 0, 0, 0]	スキル００２		技能002		技能002			
1481748070	Normal Attack	Deals physical damage to an enemy. Gain AP when attacking.	[0, 0, 0, 1415384097]	[0, 7, 5, 130]	[1862461130, 58379218, 0, 0, 0, 0, 0, 0]	70	[12, 0, 0, 0, 0, 0, 0, 0, 0, 0, 0, 0, 0, 0]	0	[0, 0, 0, 0, 0, 0, 0, 0, 0, 0, 0, 0, 0, 0]	0	0	0	[1476909808, 450397065, 1590773769, 4294967295, 4294967295, 4294967295, 3212836864, 3212836864, 0, 0, 0, 0, 0, 0]	通常攻撃	敵単体に物理ダメージを与える。攻撃時、ＡＰを獲得する	普通攻击	对敌方单体造成物理伤害。攻击时获得AP。	普通攻擊	對敵方單體造成物理傷害。攻擊時，獲得AP。	통상공격	단일 적에게 물리 대미지를 준다.공격 시 AP를 획득한다
1051131936	Normal Attack	Deals physical damage to an enemy. Gain AP when attacking.	[0, 0, 0, 1415384097]	[0, 10, 5, 130]	[153059127, 2132536843, 0, 0, 0, 0, 0, 0]	80	[25, 0, 0, 0, 0, 0, 0, 0, 0, 0, 0, 0, 0, 0]	0	[0, 0, 0, 0, 0, 0, 0, 0, 0, 0, 0, 0, 0, 0]	0	0	0	[1619246790, 1228866257, 1590773769, 4294967295, 4294967295, 4294967295, 3212836864, 3212836864, 0, 0, 0, 0, 0, 0]	通常攻撃	敵単体に物理ダメージを与える。攻撃時、ＡＰを獲得する	普通攻击	对敌方单体造成物理伤害。攻击时获得AP。	普通攻擊	對敵方單體造成物理傷害。攻擊時，獲得AP。	통상공격	단일 적에게 물리 대미지를 준다.공격 시 AP를 획득한다
1235234998	Normal Attack	Deals physical damage to an enemy. Gain AP when attacking.	[0, 0, 0, 1415384097]	[0, 14, 5, 130]	[929980169, 502001795, 0, 0, 0, 0, 0, 0]	90	[39, 0, 0, 0, 0, 0, 0, 0, 0, 0, 0, 0, 0, 0]	0	[0, 0, 0, 0, 0, 0, 0, 0, 0, 0, 0, 0, 0, 0]	0	0	0	[3606113636, 1122533062, 1590773769, 4294967295, 4294967295, 4294967295, 3212836864, 3212836864, 0, 0, 0, 0, 0, 0]	通常攻撃	敵単体に物理ダメージを与える。攻撃時、ＡＰを獲得する	普通攻击	对敌方单体造成物理伤害。攻击时获得AP。	普通攻擊	對敵方單體造成物理傷害。攻擊時，獲得AP。	통상공격	단일 적에게 물리 대미지를 준다.공격 시 AP를 획득한다
118107400	Wind Whip	Deals air damage to an enemy.	[0, 0, 0, 1415384097]	[10, 0, 10, 180]	[941193409, 1762434674, 0, 0, 0, 0, 0, 0]	100	[47, 0, 0, 0, 0, 0, 0, 0, 0, 0, 0, 0, 0, 0]	0	[0, 0, 0, 0, 0, 0, 0, 0, 0, 0, 0, 0, 0, 0]	0	0	0	[279192953, 128388069, 1590773769, 4294967295, 4294967295, 4294967295, 3212836864, 3212836864, 0, 0, 0, 0, 0, 0]	ヴィントウィップ	敵単体に風ダメージを与える	疾风之鞭	对敌方单体造成风伤害。	疾風之鞭	對敵方單體造成風傷害。	빈트 윕	단일 적에게 풍 대미지를 준다
118575138	Wind Whip	Deals air damage to an enemy.	[0, 0, 0, 1415384097]	[10, 0, 10, 180]	[941193409, 1762434674, 0, 0, 0, 0, 0, 0]	110	[47, 0, 0, 0, 0, 0, 0, 0, 0, 0, 0, 0, 0, 0]	0	[0, 0, 0, 0, 0, 0, 0, 0, 0, 0, 0, 0, 0, 0]	0	0	0	[279192953, 128388069, 1590773769, 4294967295, 4294967295, 4294967295, 3212836864, 3212836864, 0, 0, 0, 0, 0, 0]	ヴィントウィップ	敵単体に風ダメージを与える	疾风之鞭	对敌方单体造成风伤害。	疾風之鞭	對敵方單體造成風傷害。	빈트 윕	단일 적에게 풍 대미지를 준다
1880514744	Wind Whip	Deals air damage to an enemy.	[0, 0, 0, 1415384097]	[10, 0, 10, 180]	[941193409, 1762434674, 0, 0, 0, 0, 0, 0]	120	[47, 0, 0, 0, 0, 0, 0, 0, 0, 0, 0, 0, 0, 0]	0	[0, 0, 0, 0, 0, 0, 0, 0, 0, 0, 0, 0, 0, 0]	0	0	0	[279192953, 128388069, 1590773769, 4294967295, 4294967295, 4294967295, 3212836864, 3212836864, 0, 0, 0, 0, 0, 0]	ヴィントウィップ	敵単体に風ダメージを与える	疾风之鞭	对敌方单体造成风伤害。	疾風之鞭	對敵方單體造成風傷害。	빈트 윕	단일 적에게 풍 대미지를 준다
294456043	Wind Whip	Deals air damage to an enemy.	[0, 0, 0, 1415384097]	[10, 0, 10, 180]	[941193409, 1762434674, 0, 0, 0, 0, 0, 0]	130	[47, 0, 0, 0, 0, 0, 0, 0, 0, 0, 0, 0, 0, 0]	0	[0, 0, 0, 0, 0, 0, 0, 0, 0, 0, 0, 0, 0, 0]	0	0	0	[279192953, 128388069, 1590773769, 4294967295, 4294967295, 4294967295, 3212836864, 3212836864, 0, 0, 0, 0, 0, 0]	ヴィントウィップ	敵単体に風ダメージを与える	疾风之鞭	对敌方单体造成风伤害。	疾風之鞭	對敵方單體造成風傷害。	빈트 윕	단일 적에게 풍 대미지를 준다
1720334973	Wind Whip	Deals air damage to an enemy.	[0, 0, 0, 1415384097]	[10, 0, 10, 180]	[941193409, 1762434674, 0, 0, 0, 0, 0, 0]	140	[47, 0, 0, 0, 0, 0, 0, 0, 0, 0, 0, 0, 0, 0]	0	[0, 0, 0, 0, 0, 0, 0, 0, 0, 0, 0, 0, 0, 0]	0	0	0	[279192953, 128388069, 1590773769, 4294967295, 4294967295, 4294967295, 3212836864, 3212836864, 0, 0, 0, 0, 0, 0]	ヴィントウィップ	敵単体に風ダメージを与える	疾风之鞭	对敌方单体造成风伤害。	疾風之鞭	對敵方單體造成風傷害。	빈트 윕	단일 적에게 풍 대미지를 준다
1643938626	Brilliant Cheer	Boosts an ally's SPD by {7}% and Critical rate by {3}%. Increases the duration of the target's buff effects by {11}. (Cannot exceed initial value.)	[0, 0, 0, 826054873]	[15, 0, 15, 225]	[545316433, 0, 0, 0, 0, 0, 0, 0]	170	[0, 0, 0, 0, 0, 0, 0, 0, 0, 0, 0, 0, 0, 0]	0	[0, 0, 0, 0, 0, 0, 0, 0, 0, 0, 0, 0, 0, 0]	0	0	0	[1836357896, 2100543155, 2024091195, 4294967295, 4294967295, 4294967295, 3212836864, 3212836864, 1208736161, 1623824545, 1966847044, 0, 0, 0]	ブリリアントエール	味方単体の素早さを{7}％、クリティカル率を{3}％上昇させ、対象のバフ効果のターン数を{11}回復する。ターン数は初期値を超えて回復しない	绝妙声援	我方单体敏捷提升{7}%，暴击率提升{3}%，并使目标的增益效果回合数恢复{11}。所恢复的回合数不会超过初始值。	絕妙聲援	我方單體的敏捷上升{7}%、重擊率上升{3}%，並使目標的增益效果回合數回復{11}。回復的回合數不會超過初始值。	브릴리언트 엘	단일 아군의 민첩성을 {7}%, 크리티컬 확률을 {3}% 상승시키고 대상의 강화 효과의 턴 수를 {11} 회복한다. 턴 수는 초기치를 초과해 회복되지 않는다
1085352690	Brilliant Cheer	Boosts an ally's SPD by {7}% and Critical rate by {3}%. Increases the duration of the target's buff effects by {11}. (Cannot exceed initial value.)	[0, 0, 0, 826054873]	[15, 0, 15, 225]	[545316433, 0, 0, 0, 0, 0, 0, 0]	180	[0, 0, 0, 0, 0, 0, 0, 0, 0, 0, 0, 0, 0, 0]	0	[0, 0, 0, 0, 0, 0, 0, 0, 0, 0, 0, 0, 0, 0]	0	0	0	[1836357896, 2100543155, 2024091195, 4294967295, 4294967295, 4294967295, 3212836864, 3212836864, 788363237, 661250673, 849071764, 0, 0, 0]	ブリリアントエール	味方単体の素早さを{7}％、クリティカル率を{3}％上昇させ、対象のバフ効果のターン数を{11}回復する。ターン数は初期値を超えて回復しない	绝妙声援	我方单体敏捷提升{7}%，暴击率提升{3}%，并使目标的增益效果回合数恢复{11}。所恢复的回合数不会超过初始值。	絕妙聲援	我方單體的敏捷上升{7}%、重擊率上升{3}%，並使目標的增益效果回合數回復{11}。回復的回合數不會超過初始值。	브릴리언트 엘	단일 아군의 민첩성을 {7}%, 크리티컬 확률을 {3}% 상승시키고 대상의 강화 효과의 턴 수를 {11} 회복한다. 턴 수는 초기치를 초과해 회복되지 않는다
934681192	Brilliant Cheer	Boosts an ally's SPD by {7}% and Critical rate by {3}%. Increases the duration of the target's buff effects by {11}. (Cannot exceed initial value.)	[0, 0, 0, 826054873]	[15, 0, 15, 225]	[545316433, 0, 0, 0, 0, 0, 0, 0]	190	[0, 0, 0, 0, 0, 0, 0, 0, 0, 0, 0, 0, 0, 0]	0	[0, 0, 0, 0, 0, 0, 0, 0, 0, 0, 0, 0, 0, 0]	0	0	0	[1836357896, 2100543155, 2024091195, 4294967295, 4294967295, 4294967295, 3212836864, 3212836864, 1509574515, 436849601, 268166948, 0, 0, 0]	ブリリアントエール	味方単体の素早さを{7}％、クリティカル率を{3}％上昇させ、対象のバフ効果のターン数を{11}回復する。ターン数は初期値を超えて回復しない	绝妙声援	我方单体敏捷提升{7}%，暴击率提升{3}%，并使目标的增益效果回合数恢复{11}。所恢复的回合数不会超过初始值。	絕妙聲援	我方單體的敏捷上升{7}%、重擊率上升{3}%，並使目標的增益效果回合數回復{11}。回復的回合數不會超過初始值。	브릴리언트 엘	단일 아군의 민첩성을 {7}%, 크리티컬 확률을 {3}% 상승시키고 대상의 강화 효과의 턴 수를 {11} 회복한다. 턴 수는 초기치를 초과해 회복되지 않는다
1445818427	Brilliant Cheer	Boosts an ally's SPD by {7}% and Critical rate by {3}%. Increases the duration of the target's buff effects by {11}. (Cannot exceed initial value.)	[0, 0, 0, 826054873]	[15, 0, 15, 225]	[545316433, 0, 0, 0, 0, 0, 0, 0]	200	[0, 0, 0, 0, 0, 0, 0, 0, 0, 0, 0, 0, 0, 0]	0	[0, 0, 0, 0, 0, 0, 0, 0, 0, 0, 0, 0, 0, 0]	0	0	0	[1836357896, 2100543155, 2024091195, 4294967295, 4294967295, 4294967295, 3212836864, 3212836864, 945892654, 1473701935, 1109705932, 0, 0, 0]	ブリリアントエール	味方単体の素早さを{7}％、クリティカル率を{3}％上昇させ、対象のバフ効果のターン数を{11}回復する。ターン数は初期値を超えて回復しない	绝妙声援	我方单体敏捷提升{7}%，暴击率提升{3}%，并使目标的增益效果回合数恢复{11}。所恢复的回合数不会超过初始值。	絕妙聲援	我方單體的敏捷上升{7}%、重擊率上升{3}%，並使目標的增益效果回合數回復{11}。回復的回合數不會超過初始值。	브릴리언트 엘	단일 아군의 민첩성을 {7}%, 크리티컬 확률을 {3}% 상승시키고 대상의 강화 효과의 턴 수를 {11} 회복한다. 턴 수는 초기치를 초과해 회복되지 않는다
556417197	Brilliant Cheer	Boosts all allies' SPD by {7}% and critical rate by {3}%. Increases the duration of the targets' buff effects by {11}. (Cannot exceed initial value.)	[0, 0, 0, 1883795445]	[30, 0, 30, 225]	[545316433, 0, 0, 0, 0, 0, 0, 0]	210	[0, 0, 0, 0, 0, 0, 0, 0, 0, 0, 0, 0, 0, 0]	0	[0, 0, 0, 0, 0, 0, 0, 0, 0, 0, 0, 0, 0, 0]	0	0	0	[1836357896, 2100543155, 2024091195, 4294967295, 4294967295, 4294967295, 3212836864, 3212836864, 1332092344, 1790362015, 2135223676, 0, 0, 0]	ブリリアントエール	味方全体の素早さを{7}％、クリティカル率を{3}％上昇させ、対象のバフ効果のターン数を{11}回復する。ターン数は初期値を超えて回復しない	绝妙声援	我方全体敏捷提升{7}%、暴击率提升{3}%，并使目标的增益效果回合数恢复{11}。所恢复的回合数不会超过初始值。	絕妙聲援	我方全體的敏捷上升{7}%、重擊率上升{3}%，並使目標的增益效果回合數回復{11}。回復的回合數不會超過初始值。	브릴리언트 엘	모든 아군의 민첩성을 {7}%, 크리티컬 확률을 {3}% 상승시키고 대상의 강화 효과의 턴 수를 {11} 회복한다. 턴 수는 초기치를 초과해 회복되지 않는다
385594324	Rumble Twister	Deals air damage to an enemy. Advances the time card of the next ally in the turn order to immediately after this skill.	[0, 0, 0, 1415384097]	[25, 0, 25, 250]	[1618329858, 2006820131, 0, 0, 0, 0, 0, 0]	100	[62, 0, 0, 0, 0, 0, 0, 0, 0, 0, 0, 0, 0, 0]	0	[0, 0, 0, 0, 0, 0, 0, 0, 0, 0, 0, 0, 0, 0]	0	0	0	[1441856830, 785661931, 1590773769, 4294967295, 4294967295, 4294967295, 3212836864, 3212836864, 1970008081, 0, 0, 0, 0, 0]	ランブルツイスター	敵単体に風ダメージを与え、行動順が最も近い味方のタイムカードを直後に移動させる	轰鸣旋风	对敌方单体造成风伤害，并使行动顺序最前的我方时间卡片移动至此行动之后。	轟鳴旋風	對敵方單體造成風傷害，並使行動順序第一的我方時間卡片移動至此行動之後。	럼블 트위스터	단일 적에게 풍 대미지를 주고 행동순서가 가장 가까운 아군의 타임카드를 바로 뒤로 이동시킨다
2110849858	Rumble Twister	Deals air damage to an enemy. Advances the time card of the next ally in the turn order to immediately after this skill.	[0, 0, 0, 1415384097]	[25, 0, 25, 250]	[1618329858, 2006820131, 0, 0, 0, 0, 0, 0]	110	[62, 0, 0, 0, 0, 0, 0, 0, 0, 0, 0, 0, 0, 0]	0	[0, 0, 0, 0, 0, 0, 0, 0, 0, 0, 0, 0, 0, 0]	0	0	0	[1441856830, 785661931, 1590773769, 4294967295, 4294967295, 4294967295, 3212836864, 3212836864, 1970008081, 0, 0, 0, 0, 0]	ランブルツイスター	敵単体に風ダメージを与え、行動順が最も近い味方のタイムカードを直後に移動させる	轰鸣旋风	对敌方单体造成风伤害，并使行动顺序最前的我方时间卡片移动至此行动之后。	轟鳴旋風	對敵方單體造成風傷害，並使行動順序第一的我方時間卡片移動至此行動之後。	럼블 트위스터	단일 적에게 풍 대미지를 주고 행동순서가 가장 가까운 아군의 타임카드를 바로 뒤로 이동시킨다
181810136	Rumble Twister	Deals air damage to an enemy. Advances the time card of the next ally in the turn order to immediately after this skill.	[0, 0, 0, 1415384097]	[25, 0, 25, 250]	[1618329858, 2006820131, 0, 0, 0, 0, 0, 0]	120	[62, 0, 0, 0, 0, 0, 0, 0, 0, 0, 0, 0, 0, 0]	0	[0, 0, 0, 0, 0, 0, 0, 0, 0, 0, 0, 0, 0, 0]	0	0	0	[1441856830, 785661931, 1590773769, 4294967295, 4294967295, 4294967295, 3212836864, 3212836864, 1970008081, 0, 0, 0, 0, 0]	ランブルツイスター	敵単体に風ダメージを与え、行動順が最も近い味方のタイムカードを直後に移動させる	轰鸣旋风	对敌方单体造成风伤害，并使行动顺序最前的我方时间卡片移动至此行动之后。	轟鳴旋風	對敵方單體造成風傷害，並使行動順序第一的我方時間卡片移動至此行動之後。	럼블 트위스터	단일 적에게 풍 대미지를 주고 행동순서가 가장 가까운 아군의 타임카드를 바로 뒤로 이동시킨다
1800231307	Rumble Twister	Deals air damage to an enemy. Advances the time card of the next ally in the turn order to immediately after this skill.	[0, 0, 0, 1415384097]	[25, 0, 25, 250]	[1618329858, 2006820131, 0, 0, 0, 0, 0, 0]	130	[62, 0, 0, 0, 0, 0, 0, 0, 0, 0, 0, 0, 0, 0]	0	[0, 0, 0, 0, 0, 0, 0, 0, 0, 0, 0, 0, 0, 0]	0	0	0	[1441856830, 785661931, 1590773769, 4294967295, 4294967295, 4294967295, 3212836864, 3212836864, 1970008081, 0, 0, 0, 0, 0]	ランブルツイスター	敵単体に風ダメージを与え、行動順が最も近い味方のタイムカードを直後に移動させる	轰鸣旋风	对敌方单体造成风伤害，并使行动顺序最前的我方时间卡片移动至此行动之后。	轟鳴旋風	對敵方單體造成風傷害，並使行動順序第一的我方時間卡片移動至此行動之後。	럼블 트위스터	단일 적에게 풍 대미지를 주고 행동순서가 가장 가까운 아군의 타임카드를 바로 뒤로 이동시킨다
474638621	Rumble Twister	Deals air damage to an enemy. Advances the time card of the next ally in the turn order to immediately after this skill.	[0, 0, 0, 1415384097]	[25, 0, 25, 250]	[1618329858, 2006820131, 0, 0, 0, 0, 0, 0]	140	[62, 0, 0, 0, 0, 0, 0, 0, 0, 0, 0, 0, 0, 0]	0	[0, 0, 0, 0, 0, 0, 0, 0, 0, 0, 0, 0, 0, 0]	0	0	0	[1441856830, 785661931, 1590773769, 4294967295, 4294967295, 4294967295, 3212836864, 3212836864, 1970008081, 0, 0, 0, 0, 0]	ランブルツイスター	敵単体に風ダメージを与え、行動順が最も近い味方のタイムカードを直後に移動させる	轰鸣旋风	对敌方单体造成风伤害，并使行动顺序最前的我方时间卡片移动至此行动之后。	轟鳴旋風	對敵方單體造成風傷害，並使行動順序第一的我方時間卡片移動至此行動之後。	럼블 트위스터	단일 적에게 풍 대미지를 주고 행동순서가 가장 가까운 아군의 타임카드를 바로 뒤로 이동시킨다
2002835849	Tornado Blow	Deals air damage to all enemies. Reduces targets' DEF by {3}% and increases the duration of their debuff effects by {7}. (Cannot exceed initial value.)	[0, 0, 0, 355072781]	[30, 0, 30, 275]	[1229902979, 307236835, 0, 0, 0, 0, 0, 0]	60	[43, 0, 0, 0, 0, 0, 0, 0, 0, 0, 0, 0, 0, 0]	0	[0, 0, 0, 0, 0, 0, 0, 0, 0, 0, 0, 0, 0, 0]	0	0	0	[3817057948, 620971004, 1590773769, 4294967295, 4294967295, 4294967295, 3212836864, 3212836864, 951374847, 120534506, 0, 0, 0, 0]	トルネードブロー	敵全体に風ダメージを与える。さらに、対象の防御力を{3}％低下させ、デバフ効果のターン数を{7}回復する。ターン数は初期値を超えて回復しない	狂风重击	对敌方全体造成风伤害，目标防御力下降{3}%，减益效果回合数恢复{7}。所恢复的回合数不会超过初始值。	狂風重擊	對敵方全體造成風傷害。另外，使目標的防禦力下降{3}%，減益效果回合數回復{7}。回復的回合數不會超過初始值。	토네이도 블로	모든 적에게 풍 대미지를 준다. 추가로 대상의 방어력을 {3}% 저하시키고 약화 효과의 턴 수를 {7} 회복한다. 턴 수는 초기치를 초과해 회복되지 않는다
806232238	Tornado Blow	Deals air damage to all enemies. Reduces targets' DEF by {3}% and increases the duration of their debuff effects by {7}. (Cannot exceed initial value.)	[0, 0, 0, 355072781]	[30, 0, 30, 275]	[1229902979, 307236835, 0, 0, 0, 0, 0, 0]	70	[43, 0, 0, 0, 0, 0, 0, 0, 0, 0, 0, 0, 0, 0]	0	[0, 0, 0, 0, 0, 0, 0, 0, 0, 0, 0, 0, 0, 0]	0	0	0	[3817057948, 620971004, 1590773769, 4294967295, 4294967295, 4294967295, 3212836864, 3212836864, 1581415867, 1083133754, 0, 0, 0, 0]	トルネードブロー	敵全体に風ダメージを与える。さらに、対象の防御力を{3}％低下させ、デバフ効果のターン数を{7}回復する。ターン数は初期値を超えて回復しない	狂风重击	对敌方全体造成风伤害，目标防御力下降{3}%，减益效果回合数恢复{7}。所恢复的回合数不会超过初始值。	狂風重擊	對敵方全體造成風傷害。另外，使目標的防禦力下降{3}%，減益效果回合數回復{7}。回復的回合數不會超過初始值。	토네이도 블로	모든 적에게 풍 대미지를 준다. 추가로 대상의 방어력을 {3}% 저하시키고 약화 효과의 턴 수를 {7} 회복한다. 턴 수는 초기치를 초과해 회복되지 않는다
1191776312	Tornado Blow	Deals air damage to all enemies. Reduces targets' DEF by {3}% and increases the duration of their debuff effects by {7}. (Cannot exceed initial value.)	[0, 0, 0, 355072781]	[30, 0, 30, 275]	[1229902979, 307236835, 0, 0, 0, 0, 0, 0]	80	[43, 0, 0, 0, 0, 0, 0, 0, 0, 0, 0, 0, 0, 0]	0	[0, 0, 0, 0, 0, 0, 0, 0, 0, 0, 0, 0, 0, 0]	0	0	0	[3817057948, 620971004, 1590773769, 4294967295, 4294967295, 4294967295, 3212836864, 3212836864, 692407597, 2112841354, 0, 0, 0, 0]	トルネードブロー	敵全体に風ダメージを与える。さらに、対象の防御力を{3}％低下させ、デバフ効果のターン数を{7}回復する。ターン数は初期値を超えて回復しない	狂风重击	对敌方全体造成风伤害，目标防御力下降{3}%，减益效果回合数恢复{7}。所恢复的回合数不会超过初始值。	狂風重擊	對敵方全體造成風傷害。另外，使目標的防禦力下降{3}%，減益效果回合數回復{7}。回復的回合數不會超過初始值。	토네이도 블로	모든 적에게 풍 대미지를 준다. 추가로 대상의 방어력을 {3}% 저하시키고 약화 효과의 턴 수를 {7} 회복한다. 턴 수는 초기치를 초과해 회복되지 않는다
647133797	Tornado Blow	Deals air damage to all enemies. Reduces targets' DEF by {3}% and increases the duration of their debuff effects by {7}. (Cannot exceed initial value.)	[0, 0, 0, 355072781]	[30, 0, 30, 275]	[1229902979, 307236835, 0, 0, 0, 0, 0, 0]	90	[43, 0, 0, 0, 0, 0, 0, 0, 0, 0, 0, 0, 0, 0]	0	[0, 0, 0, 0, 0, 0, 0, 0, 0, 0, 0, 0, 0, 0]	0	0	0	[3817057948, 620971004, 1590773769, 4294967295, 4294967295, 4294967295, 3212836864, 3212836864, 1222518642, 808469862, 0, 0, 0, 0]	トルネードブロー	敵全体に風ダメージを与える。さらに、対象の防御力を{3}％低下させ、デバフ効果のターン数を{7}回復する。ターン数は初期値を超えて回復しない	狂风重击	对敌方全体造成风伤害，目标防御力下降{3}%，减益效果回合数恢复{7}。所恢复的回合数不会超过初始值。	狂風重擊	對敵方全體造成風傷害。另外，使目標的防禦力下降{3}%，減益效果回合數回復{7}。回復的回合數不會超過初始值。	토네이도 블로	모든 적에게 풍 대미지를 준다. 추가로 대상의 방어력을 {3}% 저하시키고 약화 효과의 턴 수를 {7} 회복한다. 턴 수는 초기치를 초과해 회복되지 않는다
1368738547	Tornado Blow	Deals air damage to all enemies. Reduces targets' DEF by {3}% and increases the duration of their debuff effects by {7}. (Cannot exceed initial value.)	[0, 0, 0, 355072781]	[30, 0, 30, 275]	[1229902979, 307236835, 0, 0, 0, 0, 0, 0]	100	[43, 0, 0, 0, 0, 0, 0, 0, 0, 0, 0, 0, 0, 0]	0	[0, 0, 0, 0, 0, 0, 0, 0, 0, 0, 0, 0, 0, 0]	0	0	0	[3817057948, 620971004, 1590773769, 4294967295, 4294967295, 4294967295, 3212836864, 3212836864, 1071192040, 223374550, 0, 0, 0, 0]	トルネードブロー	敵全体に風ダメージを与える。さらに、対象の防御力を{3}％低下させ、デバフ効果のターン数を{7}回復する。ターン数は初期値を超えて回復しない	狂风重击	对敌方全体造成风伤害，目标防御力下降{3}%，减益效果回合数恢复{7}。所恢复的回合数不会超过初始值。	狂風重擊	對敵方全體造成風傷害。另外，使目標的防禦力下降{3}%，減益效果回合數回復{7}。回復的回合數不會超過初始值。	토네이도 블로	모든 적에게 풍 대미지를 준다. 추가로 대상의 방어력을 {3}% 저하시키고 약화 효과의 턴 수를 {7} 회복한다. 턴 수는 초기치를 초과해 회복되지 않는다
6809887	Mistral Bringer	Deals air damage to an enemy and boosts the critical rate of attacks it receives by {3}%.	[0, 0, 0, 1415384097]	[40, 0, 40, 350]	[2000680125, 1889538411, 0, 0, 0, 0, 0, 0]	210	[156, 0, 0, 0, 0, 0, 0, 0, 0, 0, 0, 0, 0, 0]	0	[0, 0, 0, 0, 0, 0, 0, 0, 0, 0, 0, 0, 0, 0]	0	0	0	[2976418699, 1862176439, 1590773769, 4294967295, 4294967295, 4294967295, 3212836864, 3212836864, 97843791, 0, 0, 0, 0, 0]	ミストラルブリンガー	敵単体に風ダメージを与え、被クリティカル率を{3}％上昇させる	北风使者	对敌方单体造成风伤害，使其所受暴击率提升{3}%。	北風使者	對敵方單體造成風傷害，並使其所受重擊率上升{3}%。	미스트랄 블링거	단일 적에게 풍 대미지를 주고 피격 크리티컬 확률을 {3}% 상승시킨다
225315102	Mistral Bringer	Deals air damage to an enemy and boosts the critical rate of attacks it receives by {3}%.	[0, 0, 0, 1415384097]	[40, 0, 40, 350]	[2000680125, 1889538411, 0, 0, 0, 0, 0, 0]	220	[156, 0, 0, 0, 0, 0, 0, 0, 0, 0, 0, 0, 0, 0]	0	[0, 0, 0, 0, 0, 0, 0, 0, 0, 0, 0, 0, 0, 0]	0	0	0	[2976418699, 1862176439, 1590773769, 4294967295, 4294967295, 4294967295, 3212836864, 3212836864, 1663194123, 0, 0, 0, 0, 0]	ミストラルブリンガー	敵単体に風ダメージを与え、被クリティカル率を{3}％上昇させる	北风使者	对敌方单体造成风伤害，使其所受暴击率提升{3}%。	北風使者	對敵方單體造成風傷害，並使其所受重擊率上升{3}%。	미스트랄 블링거	단일 적에게 풍 대미지를 주고 피격 크리티컬 확률을 {3}% 상승시킨다
2053716360	Mistral Bringer	Deals air damage to an enemy and boosts the critical rate of attacks it receives by {3}%.	[0, 0, 0, 1415384097]	[40, 0, 40, 350]	[2000680125, 1889538411, 0, 0, 0, 0, 0, 0]	230	[156, 0, 0, 0, 0, 0, 0, 0, 0, 0, 0, 0, 0, 0]	0	[0, 0, 0, 0, 0, 0, 0, 0, 0, 0, 0, 0, 0, 0]	0	0	0	[2976418699, 1862176439, 1590773769, 4294967295, 4294967295, 4294967295, 3212836864, 3212836864, 337994909, 0, 0, 0, 0, 0]	ミストラルブリンガー	敵単体に風ダメージを与え、被クリティカル率を{3}％上昇させる	北风使者	对敌方单体造成风伤害，使其所受暴击率提升{3}%。	北風使者	對敵方單體造成風傷害，並使其所受重擊率上升{3}%。	미스트랄 블링거	단일 적에게 풍 대미지를 주고 피격 크리티컬 확률을 {3}% 상승시킨다
468866005	Mistral Bringer	Deals air damage to an enemy and boosts the critical rate of attacks it receives by {3}%.	[0, 0, 0, 1415384097]	[40, 0, 40, 350]	[2000680125, 1889538411, 0, 0, 0, 0, 0, 0]	240	[156, 0, 0, 0, 0, 0, 0, 0, 0, 0, 0, 0, 0, 0]	0	[0, 0, 0, 0, 0, 0, 0, 0, 0, 0, 0, 0, 0, 0]	0	0	0	[2976418699, 1862176439, 1590773769, 4294967295, 4294967295, 4294967295, 3212836864, 3212836864, 1975389890, 0, 0, 0, 0, 0]	ミストラルブリンガー	敵単体に風ダメージを与え、被クリティカル率を{3}％上昇させる	北风使者	对敌方单体造成风伤害，使其所受暴击率提升{3}%。	北風使者	對敵方單體造成風傷害，並使其所受重擊率上升{3}%。	미스트랄 블링거	단일 적에게 풍 대미지를 주고 피격 크리티컬 확률을 {3}% 상승시킨다
1828021059	Mistral Bringer	Deals air damage to an enemy and boosts the critical rate of attacks it receives by {3}%.	[0, 0, 0, 1415384097]	[40, 0, 40, 350]	[2000680125, 1889538411, 0, 0, 0, 0, 0, 0]	250	[156, 0, 0, 0, 0, 0, 0, 0, 0, 0, 0, 0, 0, 0]	0	[0, 0, 0, 0, 0, 0, 0, 0, 0, 0, 0, 0, 0, 0]	0	0	0	[2976418699, 1862176439, 1590773769, 4294967295, 4294967295, 4294967295, 3212836864, 3212836864, 45694552, 0, 0, 0, 0, 0]	ミストラルブリンガー	敵単体に風ダメージを与え、被クリティカル率を{3}％上昇させる	北风使者	对敌方单体造成风伤害，使其所受暴击率提升{3}%。	北風使者	對敵方單體造成風傷害，並使其所受重擊率上升{3}%。	미스트랄 블링거	단일 적에게 풍 대미지를 주고 피격 크리티컬 확률을 {3}% 상승시킨다
1720797019	Gale Slash	Deals air damage to an enemy. Gain AP when attacking.	[0, 0, 0, 1415384097]	[0, 0, 0, 0]	[287468868, 213988530, 0, 0, 0, 0, 0, 0]	90	[15, 0, 0, 0, 0, 0, 0, 0, 0, 0, 0, 0, 0, 0]	0	[0, 0, 0, 0, 0, 0, 0, 0, 0, 0, 0, 0, 0, 0]	0	0	0	[1125707274, 397811959, 1590773769, 4294967295, 4294967295, 4294967295, 3212836864, 3212836864, 1114931359, 0, 0, 0, 0, 0]	ゲイルスラッシュ	敵単体に風ダメージを与える。攻撃時、ＡＰを獲得する	强风斩击	对敌方单体造成风伤害。攻击时获得AP。	強風斬擊	對敵方單體造成風傷害。攻擊時，獲得AP。	게일 슬래시	단일 적에게 풍 대미지를 준다.공격 시 AP를 획득한다
1255044046	Gale Slash	Deals air damage to an enemy. Gain AP when attacking.	[0, 0, 0, 1415384097]	[0, 0, 0, 0]	[287468868, 213988530, 0, 0, 0, 0, 0, 0]	95	[15, 0, 0, 0, 0, 0, 0, 0, 0, 0, 0, 0, 0, 0]	0	[0, 0, 0, 0, 0, 0, 0, 0, 0, 0, 0, 0, 0, 0]	0	0	0	[1125707274, 397811959, 1590773769, 4294967295, 4294967295, 4294967295, 3212836864, 3212836864, 612511451, 0, 0, 0, 0, 0]	ゲイルスラッシュ	敵単体に風ダメージを与える。攻撃時、ＡＰを獲得する	强风斩击	对敌方单体造成风伤害。攻击时获得AP。	強風斬擊	對敵方單體造成風傷害。攻擊時，獲得AP。	게일 슬래시	단일 적에게 풍 대미지를 준다.공격 시 AP를 획득한다
1036600152	Gale Slash	Deals air damage to an enemy. Gain AP when attacking.	[0, 0, 0, 1415384097]	[0, 0, 0, 0]	[287468868, 213988530, 0, 0, 0, 0, 0, 0]	100	[15, 0, 0, 0, 0, 0, 0, 0, 0, 0, 0, 0, 0, 0]	0	[0, 0, 0, 0, 0, 0, 0, 0, 0, 0, 0, 0, 0, 0]	0	0	0	[1125707274, 397811959, 1590773769, 4294967295, 4294967295, 4294967295, 3212836864, 3212836864, 1401232973, 0, 0, 0, 0, 0]	ゲイルスラッシュ	敵単体に風ダメージを与える。攻撃時、ＡＰを獲得する	强风斩击	对敌方单体造成风伤害。攻击时获得AP。	強風斬擊	對敵方單體造成風傷害。攻擊時，獲得AP。	게일 슬래시	단일 적에게 풍 대미지를 준다.공격 시 AP를 획득한다
1548888325	Gale Slash	Deals air damage to an enemy. Gain AP when attacking.	[0, 0, 0, 1415384097]	[0, 0, 0, 0]	[287468868, 213988530, 0, 0, 0, 0, 0, 0]	105	[15, 0, 0, 0, 0, 0, 0, 0, 0, 0, 0, 0, 0, 0]	0	[0, 0, 0, 0, 0, 0, 0, 0, 0, 0, 0, 0, 0, 0]	0	0	0	[1125707274, 397811959, 1590773769, 4294967295, 4294967295, 4294967295, 3212836864, 3212836864, 840856594, 0, 0, 0, 0, 0]	ゲイルスラッシュ	敵単体に風ダメージを与える。攻撃時、ＡＰを獲得する	强风斩击	对敌方单体造成风伤害。攻击时获得AP。	強風斬擊	對敵方單體造成風傷害。攻擊時，獲得AP。	게일 슬래시	단일 적에게 풍 대미지를 준다.공격 시 AP를 획득한다
726997395	Gale Slash	Deals air damage to an enemy. Gain AP when attacking.	[0, 0, 0, 1415384097]	[0, 0, 0, 0]	[287468868, 213988530, 0, 0, 0, 0, 0, 0]	110	[15, 0, 0, 0, 0, 0, 0, 0, 0, 0, 0, 0, 0, 0]	0	[0, 0, 0, 0, 0, 0, 0, 0, 0, 0, 0, 0, 0, 0]	0	0	0	[1125707274, 397811959, 1590773769, 4294967295, 4294967295, 4294967295, 3212836864, 3212836864, 1159283848, 0, 0, 0, 0, 0]	ゲイルスラッシュ	敵単体に風ダメージを与える。攻撃時、ＡＰを獲得する	强风斩击	对敌方单体造成风伤害。攻击时获得AP。	強風斬擊	對敵方單體造成風傷害。攻擊時，獲得AP。	게일 슬래시	단일 적에게 풍 대미지를 준다.공격 시 AP를 획득한다
295073741	Wheel Wind	Deals air damage to an enemy. Gain AP when attacking and boosts own SPD by {3}%.	[0, 0, 0, 1415384097]	[0, 0, 0, 0]	[793988476, 1848715832, 0, 0, 0, 0, 0, 0]	120	[31, 0, 0, 0, 0, 0, 0, 0, 0, 0, 0, 0, 0, 0]	0	[0, 0, 0, 0, 0, 0, 0, 0, 0, 0, 0, 0, 0, 0]	0	0	0	[2073856576, 1146200495, 1590773769, 4294967295, 4294967295, 4294967295, 3212836864, 3212836864, 1306132874, 710860272, 0, 0, 0, 0]	ホイールウィンド	敵単体に風ダメージを与える。攻撃時、ＡＰを獲得し、自身の素早さを{3}％上昇させる	轮舞之风	对敌方单体造成风伤害。攻击时获得AP，且自身敏捷提升{3}%。	輪舞之風	對敵方單體造成風傷害。攻擊時，獲得AP，並使自身敏捷上升{3}%。	휠 윈드	단일 적에게 풍 대미지를 준다.공격 시 AP를 획득하고 자신의 민첩성을 {3}% 상승시킨다
2007915134	Wheel Wind	Deals air damage to an enemy. Gain AP when attacking and boosts own SPD by {3}%.	[0, 0, 0, 1415384097]	[0, 0, 0, 0]	[793988476, 1848715832, 0, 0, 0, 0, 0, 0]	130	[31, 0, 0, 0, 0, 0, 0, 0, 0, 0, 0, 0, 0, 0]	0	[0, 0, 0, 0, 0, 0, 0, 0, 0, 0, 0, 0, 0, 0]	0	0	0	[2073856576, 1146200495, 1590773769, 4294967295, 4294967295, 4294967295, 3212836864, 3212836864, 1601154660, 1845405504, 0, 0, 0, 0]	ホイールウィンド	敵単体に風ダメージを与える。攻撃時、ＡＰを獲得し、自身の素早さを{3}％上昇させる	轮舞之风	对敌方单体造成风伤害。攻击时获得AP，且自身敏捷提升{3}%。	輪舞之風	對敵方單體造成風傷害。攻擊時，獲得AP，並使自身敏捷上升{3}%。	휠 윈드	단일 적에게 풍 대미지를 준다.공격 시 AP를 획득하고 자신의 민첩성을 {3}% 상승시킨다
11102952	Wheel Wind	Deals air damage to an enemy. Gain AP when attacking and boosts own SPD by {3}%.	[0, 0, 0, 1415384097]	[0, 0, 0, 0]	[793988476, 1848715832, 0, 0, 0, 0, 0, 0]	140	[31, 0, 0, 0, 0, 0, 0, 0, 0, 0, 0, 0, 0, 0]	0	[0, 0, 0, 0, 0, 0, 0, 0, 0, 0, 0, 0, 0, 0]	0	0	0	[2073856576, 1146200495, 1590773769, 4294967295, 4294967295, 4294967295, 3212836864, 3212836864, 405550847, 1352568464, 0, 0, 0, 0]	ホイールウィンド	敵単体に風ダメージを与える。攻撃時、ＡＰを獲得し、自身の素早さを{3}％上昇させる	轮舞之风	对敌方单体造成风伤害。攻击时获得AP，且自身敏捷提升{3}%。	輪舞之風	對敵方單體造成風傷害。攻擊時，獲得AP，並使自身敏捷上升{3}%。	휠 윈드	단일 적에게 풍 대미지를 준다.공격 시 AP를 획득하고 자신의 민첩성을 {3}% 상승시킨다
1630666933	Wheel Wind	Deals air damage to an enemy. Gain AP when attacking and boosts own SPD by {3}%.	[0, 0, 0, 1415384097]	[0, 0, 0, 0]	[793988476, 1848715832, 0, 0, 0, 0, 0, 0]	150	[31, 0, 0, 0, 0, 0, 0, 0, 0, 0, 0, 0, 0, 0]	0	[0, 0, 0, 0, 0, 0, 0, 0, 0, 0, 0, 0, 0, 0]	0	0	0	[2073856576, 1146200495, 1590773769, 4294967295, 4294967295, 4294967295, 3212836864, 3212836864, 2047144376, 490843488, 0, 0, 0, 0]	ホイールウィンド	敵単体に風ダメージを与える。攻撃時、ＡＰを獲得し、自身の素早さを{3}％上昇させる	轮舞之风	对敌方单体造成风伤害。攻击时获得AP，且自身敏捷提升{3}%。	輪舞之風	對敵方單體造成風傷害。攻擊時，獲得AP，並使自身敏捷上升{3}%。	휠 윈드	단일 적에게 풍 대미지를 준다.공격 시 AP를 획득하고 자신의 민첩성을 {3}% 상승시킨다
372584483	Wheel Wind	Deals air damage to an enemy. Gain AP when attacking and boosts own SPD by {3}%.	[0, 0, 0, 1415384097]	[0, 0, 0, 0]	[793988476, 1848715832, 0, 0, 0, 0, 0, 0]	160	[31, 0, 0, 0, 0, 0, 0, 0, 0, 0, 0, 0, 0, 0]	0	[0, 0, 0, 0, 0, 0, 0, 0, 0, 0, 0, 0, 0, 0]	0	0	0	[2073856576, 1146200495, 1590773769, 4294967295, 4294967295, 4294967295, 3212836864, 3212836864, 1028090147, 539067600, 0, 0, 0, 0]	ホイールウィンド	敵単体に風ダメージを与える。攻撃時、ＡＰを獲得し、自身の素早さを{3}％上昇させる	轮舞之风	对敌方单体造成风伤害。攻击时获得AP，且自身敏捷提升{3}%。	輪舞之風	對敵方單體造成風傷害。攻擊時，獲得AP，並使自身敏捷上升{3}%。	휠 윈드	단일 적에게 풍 대미지를 준다.공격 시 AP를 획득하고 자신의 민첩성을 {3}% 상승시킨다
2127992228	Einzelkampf	Deals air damage to an enemy. Restores remaining uses for each of your items by {3}.	[0, 0, 0, 1415384097]	[0, 0, 0, 0]	[1129596486, 950378190, 0, 0, 0, 0, 0, 0]	350	[235, 0, 0, 0, 0, 0, 0, 0, 0, 0, 0, 0, 0, 0]	0	[0, 0, 0, 0, 0, 0, 0, 0, 0, 0, 0, 0, 0, 0]	8	0	0	[2216413299, 152417165, 1590773769, 4294967295, 4294967295, 4294967295, 3212836864, 3212836864, 732550976, 0, 0, 0, 0, 0]	アインツェルカンプ	敵単体に風ダメージを与える。自身の各アイテム残使用回数＋{3}	一骑当千	对敌方单体造成风伤害。自身各种道具的剩余使用次数+{3}。	最強一擊	對敵方單體造成風傷害，並使自身各種道具的剩餘使用次數+{3}。	아인첼 캄프	"단일 적에게 풍 대미지를 준다.
자신의 각 아이템 잔여 사용횟수＋{3}"
167850577	Einzelkampf	Deals air damage to an enemy. Restores remaining uses for each of your items by {3}.	[0, 0, 0, 1415384097]	[0, 0, 0, 0]	[1129596486, 950378190, 0, 0, 0, 0, 0, 0]	370	[235, 0, 0, 0, 0, 0, 0, 0, 0, 0, 0, 0, 0, 0]	0	[0, 0, 0, 0, 0, 0, 0, 0, 0, 0, 0, 0, 0, 0]	8	0	0	[2216413299, 152417165, 1590773769, 4294967295, 4294967295, 4294967295, 3212836864, 3212836864, 732550976, 0, 0, 0, 0, 0]	アインツェルカンプ	敵単体に風ダメージを与える。自身の各アイテム残使用回数＋{3}	一骑当千	对敌方单体造成风伤害。自身各种道具的剩余使用次数+{3}。	最強一擊	對敵方單體造成風傷害，並使自身各種道具的剩餘使用次數+{3}。	아인첼 캄프	"단일 적에게 풍 대미지를 준다.
자신의 각 아이템 잔여 사용횟수＋{3}"
2097545927	Einzelkampf	Deals air damage to an enemy. Restores remaining uses for each of your items by {3}.	[0, 0, 0, 1415384097]	[0, 0, 0, 0]	[1129596486, 950378190, 0, 0, 0, 0, 0, 0]	380	[235, 0, 0, 0, 0, 0, 0, 0, 0, 0, 0, 0, 0, 0]	0	[0, 0, 0, 0, 0, 0, 0, 0, 0, 0, 0, 0, 0, 0]	8	0	0	[2216413299, 152417165, 1590773769, 4294967295, 4294967295, 4294967295, 3212836864, 3212836864, 732550976, 0, 0, 0, 0, 0]	アインツェルカンプ	敵単体に風ダメージを与える。自身の各アイテム残使用回数＋{3}	一骑当千	对敌方单体造成风伤害。自身各种道具的剩余使用次数+{3}。	最強一擊	對敵方單體造成風傷害，並使自身各種道具的剩餘使用次數+{3}。	아인첼 캄프	"단일 적에게 풍 대미지를 준다.
자신의 각 아이템 잔여 사용횟수＋{3}"
480077978	Einzelkampf	Deals air damage to an enemy. Restores remaining uses for each of your items by {3}.	[0, 0, 0, 1415384097]	[0, 0, 0, 0]	[1129596486, 950378190, 0, 0, 0, 0, 0, 0]	390	[235, 0, 0, 0, 0, 0, 0, 0, 0, 0, 0, 0, 0, 0]	0	[0, 0, 0, 0, 0, 0, 0, 0, 0, 0, 0, 0, 0, 0]	8	0	0	[2216413299, 152417165, 1590773769, 4294967295, 4294967295, 4294967295, 3212836864, 3212836864, 732550976, 0, 0, 0, 0, 0]	アインツェルカンプ	敵単体に風ダメージを与える。自身の各アイテム残使用回数＋{3}	一骑当千	对敌方单体造成风伤害。自身各种道具的剩余使用次数+{3}。	最強一擊	對敵方單體造成風傷害，並使自身各種道具的剩餘使用次數+{3}。	아인첼 캄프	"단일 적에게 풍 대미지를 준다.
자신의 각 아이템 잔여 사용횟수＋{3}"
1805277196	Einzelkampf	Deals air damage to an enemy. Restores remaining uses for each of your items by {3}.	[0, 0, 0, 1415384097]	[0, 0, 0, 0]	[1129596486, 950378190, 0, 0, 0, 0, 0, 0]	410	[235, 0, 0, 0, 0, 0, 0, 0, 0, 0, 0, 0, 0, 0]	0	[0, 0, 0, 0, 0, 0, 0, 0, 0, 0, 0, 0, 0, 0]	8	0	0	[2216413299, 152417165, 1590773769, 4294967295, 4294967295, 4294967295, 3212836864, 3212836864, 732550976, 0, 0, 0, 0, 0]	アインツェルカンプ	敵単体に風ダメージを与える。自身の各アイテム残使用回数＋{3}	一骑当千	对敌方单体造成风伤害。自身各种道具的剩余使用次数+{3}。	最強一擊	對敵方單體造成風傷害，並使自身各種道具的剩餘使用次數+{3}。	아인첼 캄프	"단일 적에게 풍 대미지를 준다.
자신의 각 아이템 잔여 사용횟수＋{3}"
1650353671	Normal Attack	Deals physical damage to an enemy. Gain AP when attacking.	[0, 0, 0, 1415384097]	[0, 7, 5, 130]	[1883892974, 668947809, 0, 0, 0, 0, 0, 0]	70	[12, 0, 0, 0, 0, 0, 0, 0, 0, 0, 0, 0, 0, 0]	0	[0, 0, 0, 0, 0, 0, 0, 0, 0, 0, 0, 0, 0, 0]	0	0	0	[3059748278, 1264415515, 1590773769, 4294967295, 4294967295, 4294967295, 3212836864, 3212836864, 0, 0, 0, 0, 0, 0]	通常攻撃	敵単体に物理ダメージを与える。攻撃時、ＡＰを獲得する	普通攻击	对敌方单体造成物理伤害。攻击时，获得AP。	普通攻擊	對敵方單體造成物理傷害。攻擊時，獲得AP。	통상공격	단일 적에게 물리 대미지를 준다.공격 시 AP를 획득한다
78170179	Normal Attack	Deals physical damage to an enemy. Gain AP when attacking.	[0, 0, 0, 1415384097]	[0, 10, 5, 130]	[374633747, 1539207356, 0, 0, 0, 0, 0, 0]	80	[25, 0, 0, 0, 0, 0, 0, 0, 0, 0, 0, 0, 0, 0]	0	[0, 0, 0, 0, 0, 0, 0, 0, 0, 0, 0, 0, 0, 0]	0	0	0	[2397333888, 414904899, 1590773769, 4294967295, 4294967295, 4294967295, 3212836864, 3212836864, 0, 0, 0, 0, 0, 0]	通常攻撃	敵単体に物理ダメージを与える。攻撃時、ＡＰを獲得する	普通攻击	对敌方单体造成物理伤害。攻击时，获得AP。	普通攻擊	對敵方單體造成物理傷害。攻擊時，獲得AP。	통상공격	단일 적에게 물리 대미지를 준다.공격 시 AP를 획득한다
1940912341	Normal Attack	Deals physical damage to an enemy. Gain AP when attacking.	[0, 0, 0, 1415384097]	[0, 14, 5, 130]	[673535277, 961441330, 0, 0, 0, 0, 0, 0]	90	[39, 0, 0, 0, 0, 0, 0, 0, 0, 0, 0, 0, 0, 0]	0	[0, 0, 0, 0, 0, 0, 0, 0, 0, 0, 0, 0, 0, 0]	0	0	0	[949434918, 325946964, 1590773769, 4294967295, 4294967295, 4294967295, 3212836864, 3212836864, 0, 0, 0, 0, 0, 0]	通常攻撃	敵単体に物理ダメージを与える。攻撃時、ＡＰを獲得する	普通攻击	对敌方单体造成物理伤害。攻击时，获得AP。	普通攻擊	對敵方單體造成物理傷害。攻擊時，獲得AP。	통상공격	단일 적에게 물리 대미지를 준다.공격 시 AP를 획득한다
1292242624	Thunder Thrust	Deals bolt damage to an enemy. Has a {6}% chance to inflict Taunt.	[0, 0, 0, 1415384097]	[10, 0, 10, 180]	[1450167788, 2016512387, 0, 0, 0, 0, 0, 0]	100	[47, 0, 0, 0, 0, 0, 0, 0, 0, 0, 0, 0, 0, 0]	0	[0, 0, 0, 0, 0, 0, 0, 0, 0, 0, 0, 0, 0, 0]	0	0	0	[4274254399, 1445133175, 1590773769, 4294967295, 4294967295, 4294967295, 3212836864, 3212836864, 673523137, 0, 0, 0, 0, 0]	雷鳴突	敵単体に雷ダメージを与え、{6}％の確率で挑発を付与する	雷鸣突刺	对敌方单体造成雷伤害，并有{6}%的概率赋予挑衅。	雷鳴突刺	對敵方單體造成雷傷害，並以{6}%的機率賦予挑釁。	뇌명돌	단일 적에게 뇌 대미지를 주고 {6}%의 확률로 도발을 부여한다
547346064	Thunder Thrust	Deals bolt damage to an enemy. Has a {6}% chance to inflict Taunt.	[0, 0, 0, 1415384097]	[10, 0, 10, 180]	[1450167788, 2016512387, 0, 0, 0, 0, 0, 0]	110	[47, 0, 0, 0, 0, 0, 0, 0, 0, 0, 0, 0, 0, 0]	0	[0, 0, 0, 0, 0, 0, 0, 0, 0, 0, 0, 0, 0, 0]	0	0	0	[4274254399, 1445133175, 1590773769, 4294967295, 4294967295, 4294967295, 3212836864, 3212836864, 673523137, 0, 0, 0, 0, 0]	雷鳴突	敵単体に雷ダメージを与え、{6}％の確率で挑発を付与する	雷鸣突刺	对敌方单体造成雷伤害，并有{6}%的概率赋予挑衅。	雷鳴突刺	對敵方單體造成雷傷害，並以{6}%的機率賦予挑釁。	뇌명돌	단일 적에게 뇌 대미지를 주고 {6}%의 확률로 도발을 부여한다
1469638150	Thunder Thrust	Deals bolt damage to an enemy. Has a {6}% chance to inflict Taunt.	[0, 0, 0, 1415384097]	[10, 0, 10, 180]	[1450167788, 2016512387, 0, 0, 0, 0, 0, 0]	120	[47, 0, 0, 0, 0, 0, 0, 0, 0, 0, 0, 0, 0, 0]	0	[0, 0, 0, 0, 0, 0, 0, 0, 0, 0, 0, 0, 0, 0]	0	0	0	[4274254399, 1445133175, 1590773769, 4294967295, 4294967295, 4294967295, 3212836864, 3212836864, 1322486661, 0, 0, 0, 0, 0]	雷鳴突	敵単体に雷ダメージを与え、{6}％の確率で挑発を付与する	雷鸣突刺	对敌方单体造成雷伤害，并有{6}%的概率赋予挑衅。	雷鳴突刺	對敵方單體造成雷傷害，並以{6}%的機率賦予挑釁。	뇌명돌	단일 적에게 뇌 대미지를 주고 {6}%의 확률로 도발을 부여한다
906202203	Thunder Thrust	Deals bolt damage to an enemy. Has a {6}% chance to inflict Taunt.	[0, 0, 0, 1415384097]	[10, 0, 10, 180]	[1450167788, 2016512387, 0, 0, 0, 0, 0, 0]	130	[47, 0, 0, 0, 0, 0, 0, 0, 0, 0, 0, 0, 0, 0]	0	[0, 0, 0, 0, 0, 0, 0, 0, 0, 0, 0, 0, 0, 0]	0	0	0	[4274254399, 1445133175, 1590773769, 4294967295, 4294967295, 4294967295, 3212836864, 3212836864, 1322486661, 0, 0, 0, 0, 0]	雷鳴突	敵単体に雷ダメージを与え、{6}％の確率で挑発を付与する	雷鸣突刺	对敌方单体造成雷伤害，并有{6}%的概率赋予挑衅。	雷鳴突刺	對敵方單體造成雷傷害，並以{6}%的機率賦予挑釁。	뇌명돌	단일 적에게 뇌 대미지를 주고 {6}%의 확률로 도발을 부여한다
1090829517	Thunder Thrust	Deals bolt damage to an enemy. Has a {6}% chance to inflict Taunt.	[0, 0, 0, 1415384097]	[10, 0, 10, 180]	[1450167788, 2016512387, 0, 0, 0, 0, 0, 0]	140	[47, 0, 0, 0, 0, 0, 0, 0, 0, 0, 0, 0, 0, 0]	0	[0, 0, 0, 0, 0, 0, 0, 0, 0, 0, 0, 0, 0, 0]	0	0	0	[4274254399, 1445133175, 1590773769, 4294967295, 4294967295, 4294967295, 3212836864, 3212836864, 970242835, 0, 0, 0, 0, 0]	雷鳴突	敵単体に雷ダメージを与え、{6}％の確率で挑発を付与する	雷鸣突刺	对敌方单体造成雷伤害，并有{6}%的概率赋予挑衅。	雷鳴突刺	對敵方單體造成雷傷害，並以{6}%的機率賦予挑釁。	뇌명돌	단일 적에게 뇌 대미지를 주고 {6}%의 확률로 도발을 부여한다
737190138	Defensive Aura	Boosts own DEF by {3}% and boosts TP gained when blocking by {7}%. Also gain {11} AP when blocking.	[0, 0, 0, 1306449111]	[15, 0, 15, 225]	[1505672684, 0, 0, 0, 0, 0, 0, 0]	170	[0, 0, 0, 0, 0, 0, 0, 0, 0, 0, 0, 0, 0, 0]	0	[0, 0, 0, 0, 0, 0, 0, 0, 0, 0, 0, 0, 0, 0]	0	0	0	[2199080526, 750145057, 1590773769, 4294967295, 4294967295, 4294967295, 3212836864, 3212836864, 1871011601, 1854616835, 1497289495, 0, 0, 0]	護法陣	自身の防御力を{3}％、ガード時のＴＰ獲得量を{7}％上昇させる。さらに、ガード時ＡＰを{11}獲得する	护法阵	自身防御力提升{3}%，防御时TP获得量提升{7}%，并且在防御时获得{11}AP。	護法陣	自身防禦力上升{3}%，並使防禦時的TP獲得量上升{7}%。另外，防禦時獲得{11}AP。	호법진	자신의 방어력을 {3}%, 방어 시의 TP 획득량을 {7}% 상승시킨다. 추가로 방어 시 AP를 {11} 획득한다
1732226112	Defensive Aura	Boosts own DEF by {3}% and boosts TP gained when blocking by {7}%. Also gain {11} AP when blocking.	[0, 0, 0, 1306449111]	[15, 0, 15, 225]	[1505672684, 0, 0, 0, 0, 0, 0, 0]	180	[0, 0, 0, 0, 0, 0, 0, 0, 0, 0, 0, 0, 0, 0]	0	[0, 0, 0, 0, 0, 0, 0, 0, 0, 0, 0, 0, 0, 0]	0	0	0	[2199080526, 750145057, 1590773769, 4294967295, 4294967295, 4294967295, 3212836864, 3212836864, 158593365, 2084477677, 1267432697, 0, 0, 0]	護法陣	自身の防御力を{3}％、ガード時のＴＰ獲得量を{7}％上昇させる。さらに、ガード時ＡＰを{11}獲得する	护法阵	自身防御力提升{3}%，防御时TP获得量提升{7}%，并且在防御时获得{11}AP。	護法陣	自身防禦力上升{3}%，並使防禦時的TP獲得量上升{7}%。另外，防禦時獲得{11}AP。	호법진	자신의 방어력을 {3}%, 방어 시의 TP 획득량을 {7}% 상승시킨다. 추가로 방어 시 AP를 {11} 획득한다
272145622	Defensive Aura	Boosts own DEF by {3}% and boosts TP gained when blocking by {7}%. Also gain {11} AP when blocking.	[0, 0, 0, 1306449111]	[15, 0, 15, 225]	[1505672684, 0, 0, 0, 0, 0, 0, 0]	190	[0, 0, 0, 0, 0, 0, 0, 0, 0, 0, 0, 0, 0, 0]	0	[0, 0, 0, 0, 0, 0, 0, 0, 0, 0, 0, 0, 0, 0]	0	0	0	[2199080526, 750145057, 1590773769, 4294967295, 4294967295, 4294967295, 3212836864, 3212836864, 2121580995, 998048374, 214492258, 0, 0, 0]	護法陣	自身の防御力を{3}％、ガード時のＴＰ獲得量を{7}％上昇させる。さらに、ガード時ＡＰを{11}獲得する	护法阵	自身防御力提升{3}%，防御时TP获得量提升{7}%，并且在防御时获得{11}AP。	護法陣	自身防禦力上升{3}%，並使防禦時的TP獲得量上升{7}%。另外，防禦時獲得{11}AP。	호법진	자신의 방어력을 {3}%, 방어 시의 TP 획득량을 {7}% 상승시킨다. 추가로 방어 시 AP를 {11} 획득한다
1906570891	Defensive Aura	Boosts own DEF by {3}% and boosts TP gained when blocking by {7}%. Also gain {11} AP when blocking.	[0, 0, 0, 1306449111]	[15, 0, 15, 225]	[1505672684, 0, 0, 0, 0, 0, 0, 0]	200	[0, 0, 0, 0, 0, 0, 0, 0, 0, 0, 0, 0, 0, 0]	0	[0, 0, 0, 0, 0, 0, 0, 0, 0, 0, 0, 0, 0, 0]	0	0	0	[2199080526, 750145057, 1590773769, 4294967295, 4294967295, 4294967295, 3212836864, 3212836864, 535800736, 1498793265, 1860182821, 0, 0, 0]	護法陣	自身の防御力を{3}％、ガード時のＴＰ獲得量を{7}％上昇させる。さらに、ガード時ＡＰを{11}獲得する	护法阵	自身防御力提升{3}%，防御时TP获得量提升{7}%，并且在防御时获得{11}AP。	護法陣	自身防禦力上升{3}%，並使防禦時的TP獲得量上升{7}%。另外，防禦時獲得{11}AP。	호법진	자신의 방어력을 {3}%, 방어 시의 TP 획득량을 {7}% 상승시킨다. 추가로 방어 시 AP를 {11} 획득한다
111461917	Defensive Aura	Boosts own DEF by {3}% and boosts TP gained when blocking by {7}%. Also gain {11} AP when blocking.	[0, 0, 0, 1306449111]	[15, 0, 15, 225]	[1505672684, 0, 0, 0, 0, 0, 0, 0]	210	[0, 0, 0, 0, 0, 0, 0, 0, 0, 0, 0, 0, 0, 0]	0	[0, 0, 0, 0, 0, 0, 0, 0, 0, 0, 0, 0, 0, 0]	0	0	0	[2199080526, 750145057, 1590773769, 4294967295, 4294967295, 4294967295, 3212836864, 3212836864, 1760074506, 504782250, 698596286, 0, 0, 0]	護法陣	自身の防御力を{3}％、ガード時のＴＰ獲得量を{7}％上昇させる。さらに、ガード時ＡＰを{11}獲得する	护法阵	自身防御力提升{3}%，防御时TP获得量提升{7}%，并且在防御时获得{11}AP。	護法陣	自身防禦力上升{3}%，並使防禦時的TP獲得量上升{7}%。另外，防禦時獲得{11}AP。	호법진	자신의 방어력을 {3}%, 방어 시의 TP 획득량을 {7}% 상승시킨다. 추가로 방어 시 AP를 {11} 획득한다
1559728236	Dancing Yaksha	Deals physical damage to an enemy. Damage is increased the lower your HP is, and is increased further if the target is inflicted with a status effect.	[0, 0, 0, 1415384097]	[20, 0, 20, 250]	[235107373, 1721807568, 0, 0, 0, 0, 0, 0]	100	[54, 0, 0, 0, 0, 0, 0, 0, 0, 0, 0, 0, 0, 0]	0	[0, 0, 0, 0, 0, 0, 0, 0, 0, 0, 0, 0, 0, 0]	0	0	0	[3147246200, 2136067961, 1590773769, 4294967295, 4294967295, 4294967295, 3212836864, 3212836864, 1390769825, 709322758, 0, 0, 0, 0]	舞夜叉	敵単体に物理ダメージを与える。自身のＨＰが少ないほどダメージが上昇する。さらに、対象が状態異常時、与えるダメージが上昇する	夜叉之舞	对敌方单体造成物理伤害。自身HP越少，伤害提升越多。目标处于异常状态时，造成的伤害提升。	夜叉之舞	對敵方單體造成物理傷害。自身HP越少，傷害上升越多。另外，目標為異常狀態時，造成的傷害上升。	무야차	단일 적에게 물리 대미지를 준다. 자신의 HP가 적을수록 대미지가 상승한다. 추가로 대상이 상태이상일 때 주는 대미지가 상승한다
1516209648	Dancing Yaksha	Deals physical damage to an enemy. Damage is increased the lower your HP is, and is increased further if the target is inflicted with a status effect.	[0, 0, 0, 1415384097]	[20, 0, 20, 250]	[235107373, 1721807568, 0, 0, 0, 0, 0, 0]	110	[54, 0, 0, 0, 0, 0, 0, 0, 0, 0, 0, 0, 0, 0]	0	[0, 0, 0, 0, 0, 0, 0, 0, 0, 0, 0, 0, 0, 0]	0	0	0	[3147246200, 2136067961, 1590773769, 4294967295, 4294967295, 4294967295, 3212836864, 3212836864, 873715941, 1843860182, 0, 0, 0, 0]	舞夜叉	敵単体に物理ダメージを与える。自身のＨＰが少ないほどダメージが上昇する。さらに、対象が状態異常時、与えるダメージが上昇する	夜叉之舞	对敌方单体造成物理伤害。自身HP越少，伤害提升越多。目标处于异常状态时，造成的伤害提升。	夜叉之舞	對敵方單體造成物理傷害。自身HP越少，傷害上升越多。另外，目標為異常狀態時，造成的傷害上升。	무야차	단일 적에게 물리 대미지를 준다. 자신의 HP가 적을수록 대미지가 상승한다. 추가로 대상이 상태이상일 때 주는 대미지가 상승한다
760788326	Dancing Yaksha	Deals physical damage to an enemy. Damage is increased the lower your HP is, and is increased further if the target is inflicted with a status effect.	[0, 0, 0, 1415384097]	[20, 0, 20, 250]	[235107373, 1721807568, 0, 0, 0, 0, 0, 0]	120	[54, 0, 0, 0, 0, 0, 0, 0, 0, 0, 0, 0, 0, 0]	0	[0, 0, 0, 0, 0, 0, 0, 0, 0, 0, 0, 0, 0, 0]	0	0	0	[3147246200, 2136067961, 1590773769, 4294967295, 4294967295, 4294967295, 3212836864, 3212836864, 1125443699, 1351039846, 0, 0, 0, 0]	舞夜叉	敵単体に物理ダメージを与える。自身のＨＰが少ないほどダメージが上昇する。さらに、対象が状態異常時、与えるダメージが上昇する	夜叉之舞	对敌方单体造成物理伤害。自身HP越少，伤害提升越多。目标处于异常状态时，造成的伤害提升。	夜叉之舞	對敵方單體造成物理傷害。自身HP越少，傷害上升越多。另外，目標為異常狀態時，造成的傷害上升。	무야차	단일 적에게 물리 대미지를 준다. 자신의 HP가 적을수록 대미지가 상승한다. 추가로 대상이 상태이상일 때 주는 대미지가 상승한다
1287905083	Dancing Yaksha	Deals physical damage to an enemy. Damage is increased the lower your HP is, and is increased further if the target is inflicted with a status effect.	[0, 0, 0, 1415384097]	[20, 0, 20, 250]	[235107373, 1721807568, 0, 0, 0, 0, 0, 0]	130	[54, 0, 0, 0, 0, 0, 0, 0, 0, 0, 0, 0, 0, 0]	0	[0, 0, 0, 0, 0, 0, 0, 0, 0, 0, 0, 0, 0, 0]	0	0	0	[3147246200, 2136067961, 1590773769, 4294967295, 4294967295, 4294967295, 3212836864, 3212836864, 579830320, 492312714, 0, 0, 0, 0]	舞夜叉	敵単体に物理ダメージを与える。自身のＨＰが少ないほどダメージが上昇する。さらに、対象が状態異常時、与えるダメージが上昇する	夜叉之舞	对敌方单体造成物理伤害。自身HP越少，伤害提升越多。目标处于异常状态时，造成的伤害提升。	夜叉之舞	對敵方單體造成物理傷害。自身HP越少，傷害上升越多。另外，目標為異常狀態時，造成的傷害上升。	무야차	단일 적에게 물리 대미지를 준다. 자신의 HP가 적을수록 대미지가 상승한다. 추가로 대상이 상태이상일 때 주는 대미지가 상승한다
1002762157	Dancing Yaksha	Deals physical damage to an enemy. Damage is increased the lower your HP is, and is increased further if the target is inflicted with a status effect.	[0, 0, 0, 1415384097]	[20, 0, 20, 250]	[235107373, 1721807568, 0, 0, 0, 0, 0, 0]	140	[54, 0, 0, 0, 0, 0, 0, 0, 0, 0, 0, 0, 0, 0]	0	[0, 0, 0, 0, 0, 0, 0, 0, 0, 0, 0, 0, 0, 0]	0	0	0	[3147246200, 2136067961, 1590773769, 4294967295, 4294967295, 4294967295, 3212836864, 3212836864, 1435022010, 540553530, 0, 0, 0, 0]	舞夜叉	敵単体に物理ダメージを与える。自身のＨＰが少ないほどダメージが上昇する。さらに、対象が状態異常時、与えるダメージが上昇する	夜叉之舞	对敌方单体造成物理伤害。自身HP越少，伤害提升越多。目标处于异常状态时，造成的伤害提升。	夜叉之舞	對敵方單體造成物理傷害。自身HP越少，傷害上升越多。另外，目標為異常狀態時，造成的傷害上升。	무야차	단일 적에게 물리 대미지를 준다. 자신의 HP가 적을수록 대미지가 상승한다. 추가로 대상이 상태이상일 때 주는 대미지가 상승한다
1030552113	Violet Lightning Slash	Deals bolt damage to all enemies and reduces targets' DEF by {3}%. Also boosts own DEF by the total DEF reduction amount.	[0, 0, 0, 355072781]	[30, 0, 30, 275]	[658006446, 57481232, 0, 0, 0, 0, 0, 0]	60	[43, 0, 0, 0, 0, 0, 0, 0, 0, 0, 0, 0, 0, 0]	0	[0, 0, 0, 0, 0, 0, 0, 0, 0, 0, 0, 0, 0, 0]	0	0	0	[233077214, 1954984814, 1590773769, 4294967295, 4294967295, 4294967295, 3212836864, 3212836864, 523916623, 1757375149, 0, 0, 0, 0]	紫電斬	敵全体に雷ダメージを与え、対象の防御力を{3}％低下させる。さらに、低下させた防御力の総量分、自身の防御力を上昇させる	紫电斩	对敌方全体造成雷伤害，并使目标的防御力下降{3}%。根据防御力的总下降量，使自身防御力提升。	紫電斬	對敵方全體造成雷傷害，並使目標的防禦力下降{3}%。另外，依據防禦力的總下降量，使自身防禦力上升。	자전참	모든 적에게 뇌 대미지를 주고 대상의 방어력을 {3}% 저하시킨다. 추가로 저하시킨 방어력의 총량만큼 자신의 방어력을 상승시킨다
394307104	Violet Lightning Slash	Deals bolt damage to all enemies and reduces targets' DEF by {3}%. Also boosts own DEF by the total DEF reduction amount.	[0, 0, 0, 355072781]	[30, 0, 30, 275]	[658006446, 57481232, 0, 0, 0, 0, 0, 0]	70	[43, 0, 0, 0, 0, 0, 0, 0, 0, 0, 0, 0, 0, 0]	0	[0, 0, 0, 0, 0, 0, 0, 0, 0, 0, 0, 0, 0, 0]	0	0	0	[233077214, 1954984814, 1590773769, 4294967295, 4294967295, 4294967295, 3212836864, 3212836864, 2043476747, 790564989, 0, 0, 0, 0]	紫電斬	敵全体に雷ダメージを与え、対象の防御力を{3}％低下させる。さらに、低下させた防御力の総量分、自身の防御力を上昇させる	紫电斩	对敌方全体造成雷伤害，并使目标的防御力下降{3}%。根据防御力的总下降量，使自身防御力提升。	紫電斬	對敵方全體造成雷傷害，並使目標的防禦力下降{3}%。另外，依據防禦力的總下降量，使自身防禦力上升。	자전참	모든 적에게 뇌 대미지를 주고 대상의 방어력을 {3}% 저하시킨다. 추가로 저하시킨 방어력의 총량만큼 자신의 방어력을 상승시킨다
1619498634	Violet Lightning Slash	Deals bolt damage to all enemies and reduces targets' DEF by {3}%. Also boosts own DEF by the total DEF reduction amount.	[0, 0, 0, 355072781]	[30, 0, 30, 275]	[658006446, 57481232, 0, 0, 0, 0, 0, 0]	80	[43, 0, 0, 0, 0, 0, 0, 0, 0, 0, 0, 0, 0, 0]	0	[0, 0, 0, 0, 0, 0, 0, 0, 0, 0, 0, 0, 0, 0]	0	0	0	[233077214, 1954984814, 1590773769, 4294967295, 4294967295, 4294967295, 3212836864, 3212836864, 248236957, 310327757, 0, 0, 0, 0]	紫電斬	敵全体に雷ダメージを与え、対象の防御力を{3}％低下させる。さらに、低下させた防御力の総量分、自身の防御力を上昇させる	紫电斩	对敌方全体造成雷伤害，并使目标的防御力下降{3}%。根据防御力的总下降量，使自身防御力提升。	紫電斬	對敵方全體造成雷傷害，並使目標的防禦力下降{3}%。另外，依據防禦力的總下降量，使自身防禦力上升。	자전참	모든 적에게 뇌 대미지를 주고 대상의 방어력을 {3}% 저하시킨다. 추가로 저하시킨 방어력의 총량만큼 자신의 방어력을 상승시킨다
18676949	Violet Lightning Slash	Deals bolt damage to all enemies and reduces targets' DEF by {3}%. Also boosts own DEF by the total DEF reduction amount.	[0, 0, 0, 355072781]	[30, 0, 30, 275]	[658006446, 57481232, 0, 0, 0, 0, 0, 0]	90	[43, 0, 0, 0, 0, 0, 0, 0, 0, 0, 0, 0, 0, 0]	0	[0, 0, 0, 0, 0, 0, 0, 0, 0, 0, 0, 0, 0, 0]	0	0	0	[233077214, 1954984814, 1590773769, 4294967295, 4294967295, 4294967295, 3212836864, 3212836864, 1867555264, 1604327971, 0, 0, 0, 0]	紫電斬	敵全体に雷ダメージを与え、対象の防御力を{3}％低下させる。さらに、低下させた防御力の総量分、自身の防御力を上昇させる	紫电斩	对敌方全体造成雷伤害，并使目标的防御力下降{3}%。根据防御力的总下降量，使自身防御力提升。	紫電斬	對敵方全體造成雷傷害，並使目標的防禦力下降{3}%。另外，依據防禦力的總下降量，使自身防禦力上升。	자전참	모든 적에게 뇌 대미지를 주고 대상의 방어력을 {3}% 저하시킨다. 추가로 저하시킨 방어력의 총량만큼 자신의 방어력을 상승시킨다
1981533251	Violet Lightning Slash	Deals bolt damage to all enemies and reduces targets' DEF by {3}%. Also boosts own DEF by the total DEF reduction amount.	[0, 0, 0, 355072781]	[30, 0, 30, 275]	[658006446, 57481232, 0, 0, 0, 0, 0, 0]	100	[43, 0, 0, 0, 0, 0, 0, 0, 0, 0, 0, 0, 0, 0]	0	[0, 0, 0, 0, 0, 0, 0, 0, 0, 0, 0, 0, 0, 0]	0	0	0	[233077214, 1954984814, 1590773769, 4294967295, 4294967295, 4294967295, 3212836864, 3212836864, 408392022, 1656763283, 0, 0, 0, 0]	紫電斬	敵全体に雷ダメージを与え、対象の防御力を{3}％低下させる。さらに、低下させた防御力の総量分、自身の防御力を上昇させる	紫电斩	对敌方全体造成雷伤害，并使目标的防御力下降{3}%。根据防御力的总下降量，使自身防御力提升。	紫電斬	對敵方全體造成雷傷害，並使目標的防禦力下降{3}%。另外，依據防禦力的總下降量，使自身防禦力上升。	자전참	모든 적에게 뇌 대미지를 주고 대상의 방어력을 {3}% 저하시킨다. 추가로 저하시킨 방어력의 총량만큼 자신의 방어력을 상승시킨다
1248578215	Crimson Skewer	Deals physical damage to an enemy. Removes DEF Up and boosts damage based on the buff's potency. Damage is increased if target is stunned.	[0, 0, 0, 1415384097]	[45, 0, 45, 350]	[424231314, 1637680794, 0, 0, 0, 0, 0, 0]	220	[141, 0, 0, 0, 0, 0, 0, 0, 0, 0, 0, 0, 0, 0]	0	[0, 0, 0, 0, 0, 0, 0, 0, 0, 0, 0, 0, 0, 0]	0	0	0	[1594842317, 1065057829, 1590773769, 4294967295, 4294967295, 4294967295, 3212836864, 3212836864, 576355583, 2114741104, 0, 0, 0, 0]	紅穿	敵単体に物理ダメージを与える。スキル時、防御力ＵＰを解除し、その効果量に応じてダメージを上昇させる。対象がブレイク中の時、ダメージが上昇する	红穿	对敌方单体造成物理伤害。使用技能时，解除防御力提升效果，并根据该效果量提升伤害。目标处于破防时，伤害提升。	紅穿	對敵方單體造成物理傷害。使用技能時，解除防禦力上升效果，並依據該效果量使傷害上升。目標破防時，傷害上升。	홍천	단일 적에게 물리 대미지를 준다. 스킬 시, 방어력 UP을 해제하고 그 효과량에 따라 대미지를 상승시킨다. 대상이 브레이크 중이면 대미지가 상승한다
719359920	Crimson Skewer	Deals physical damage to an enemy. Removes DEF Up and boosts damage based on the buff's potency. Damage is increased if target is stunned.	[0, 0, 0, 1415384097]	[45, 0, 45, 350]	[424231314, 1637680794, 0, 0, 0, 0, 0, 0]	230	[141, 0, 0, 0, 0, 0, 0, 0, 0, 0, 0, 0, 0, 0]	0	[0, 0, 0, 0, 0, 0, 0, 0, 0, 0, 0, 0, 0, 0]	0	0	0	[1594842317, 1065057829, 1590773769, 4294967295, 4294967295, 4294967295, 3212836864, 3212836864, 1152176827, 967580064, 0, 0, 0, 0]	紅穿	敵単体に物理ダメージを与える。スキル時、防御力ＵＰを解除し、その効果量に応じてダメージを上昇させる。対象がブレイク中の時、ダメージが上昇する	红穿	对敌方单体造成物理伤害。使用技能时，解除防御力提升效果，并根据该效果量提升伤害。目标处于破防时，伤害提升。	紅穿	對敵方單體造成物理傷害。使用技能時，解除防禦力上升效果，並依據該效果量使傷害上升。目標破防時，傷害上升。	홍천	단일 적에게 물리 대미지를 준다. 스킬 시, 방어력 UP을 해제하고 그 효과량에 따라 대미지를 상승시킨다. 대상이 브레이크 중이면 대미지가 상승한다
1575468858	Crimson Skewer	Deals physical damage to an enemy. Removes DEF Up and boosts damage based on the buff's potency. Damage is increased if target is stunned.	[0, 0, 0, 1415384097]	[45, 0, 45, 350]	[424231314, 1637680794, 0, 0, 0, 0, 0, 0]	240	[141, 0, 0, 0, 0, 0, 0, 0, 0, 0, 0, 0, 0, 0]	0	[0, 0, 0, 0, 0, 0, 0, 0, 0, 0, 0, 0, 0, 0]	0	0	0	[1594842317, 1065057829, 1590773769, 4294967295, 4294967295, 4294967295, 3212836864, 3212836864, 866902573, 80490512, 0, 0, 0, 0]	紅穿	敵単体に物理ダメージを与える。スキル時、防御力ＵＰを解除し、その効果量に応じてダメージを上昇させる。対象がブレイク中の時、ダメージが上昇する	红穿	对敌方单体造成物理伤害。使用技能时，解除防御力提升效果，并根据该效果量提升伤害。目标处于破防时，伤害提升。	紅穿	對敵方單體造成物理傷害。使用技能時，解除防禦力上升效果，並依據該效果量使傷害上升。目標破防時，傷害上升。	홍천	단일 적에게 물리 대미지를 준다. 스킬 시, 방어력 UP을 해제하고 그 효과량에 따라 대미지를 상승시킨다. 대상이 브레이크 중이면 대미지가 상승한다
1014814053	Crimson Skewer	Deals physical damage to an enemy. Removes DEF Up and boosts damage based on the buff's potency. Damage is increased if target is stunned.	[0, 0, 0, 1415384097]	[45, 0, 45, 350]	[424231314, 1637680794, 0, 0, 0, 0, 0, 0]	250	[141, 0, 0, 0, 0, 0, 0, 0, 0, 0, 0, 0, 0, 0]	0	[0, 0, 0, 0, 0, 0, 0, 0, 0, 0, 0, 0, 0, 0]	0	0	0	[1594842317, 1065057829, 1590773769, 4294967295, 4294967295, 4294967295, 3212836864, 3212836864, 1378912368, 1225987072, 0, 0, 0, 0]	紅穿	敵単体に物理ダメージを与える。スキル時、防御力ＵＰを解除し、その効果量に応じてダメージを上昇させる。対象がブレイク中の時、ダメージが上昇する	红穿	对敌方单体造成物理伤害。使用技能时，解除防御力提升效果，并根据该效果量提升伤害。目标处于破防时，伤害提升。	紅穿	對敵方單體造成物理傷害。使用技能時，解除防禦力上升效果，並依據該效果量使傷害上升。目標破防時，傷害上升。	홍천	단일 적에게 물리 대미지를 준다. 스킬 시, 방어력 UP을 해제하고 그 효과량에 따라 대미지를 상승시킨다. 대상이 브레이크 중이면 대미지가 상승한다
1266410995	Crimson Skewer	Deals physical damage to an enemy. Removes DEF Up and boosts damage based on the buff's potency. Damage is increased if target is stunned.	[0, 0, 0, 1415384097]	[45, 0, 45, 350]	[424231314, 1637680794, 0, 0, 0, 0, 0, 0]	260	[141, 0, 0, 0, 0, 0, 0, 0, 0, 0, 0, 0, 0, 0]	0	[0, 0, 0, 0, 0, 0, 0, 0, 0, 0, 0, 0, 0, 0]	0	0	0	[1594842317, 1065057829, 1590773769, 4294967295, 4294967295, 4294967295, 3212836864, 3212836864, 624408806, 1953708624, 0, 0, 0, 0]	紅穿	敵単体に物理ダメージを与える。スキル時、防御力ＵＰを解除し、その効果量に応じてダメージを上昇させる。対象がブレイク中の時、ダメージが上昇する	红穿	对敌方单体造成物理伤害。使用技能时，解除防御力提升效果，并根据该效果量提升伤害。目标处于破防时，伤害提升。	紅穿	對敵方單體造成物理傷害。使用技能時，解除防禦力上升效果，並依據該效果量使傷害上升。目標破防時，傷害上升。	홍천	단일 적에게 물리 대미지를 준다. 스킬 시, 방어력 UP을 해제하고 그 효과량에 따라 대미지를 상승시킨다. 대상이 브레이크 중이면 대미지가 상승한다
748512483	Gleaming Blade	Deals physical damage to an enemy and reduces its DEF by {6}%.	[0, 0, 0, 1415384097]	[0, 0, 0, 0]	[2136266863, 503063363, 0, 0, 0, 0, 0, 0]	100	[11, 0, 0, 0, 0, 0, 0, 0, 0, 0, 0, 0, 0, 0]	0	[0, 0, 0, 0, 0, 0, 0, 0, 0, 0, 0, 0, 0, 0]	0	0	0	[2910796112, 1177800805, 1590773769, 4294967295, 4294967295, 4294967295, 3212836864, 3212836864, 1710884399, 0, 0, 0, 0, 0]	閃流刃	敵単体に物理ダメージを与え、対象の防御力を{6}％低下させる	闪流刃	对敌方单体造成物理伤害，并使目标的防御力下降{6}%。	閃流刃	對敵方單體造成物理傷害，並使目標的防禦力下降{6}%。	섬류인	단일 적에게 물리 대미지를 주고 대상의 방어력을 {6}% 저하시킨다
1832973696	Gleaming Blade	Deals physical damage to an enemy and reduces its DEF by {6}%.	[0, 0, 0, 1415384097]	[0, 0, 0, 0]	[2136266863, 503063363, 0, 0, 0, 0, 0, 0]	105	[11, 0, 0, 0, 0, 0, 0, 0, 0, 0, 0, 0, 0, 0]	0	[0, 0, 0, 0, 0, 0, 0, 0, 0, 0, 0, 0, 0, 0]	0	0	0	[2910796112, 1177800805, 1590773769, 4294967295, 4294967295, 4294967295, 3212836864, 3212836864, 51161195, 0, 0, 0, 0, 0]	閃流刃	敵単体に物理ダメージを与え、対象の防御力を{6}％低下させる	闪流刃	对敌方单体造成物理伤害，并使目标的防御力下降{6}%。	閃流刃	對敵方單體造成物理傷害，並使目標的防禦力下降{6}%。	섬류인	단일 적에게 물리 대미지를 주고 대상의 방어력을 {6}% 저하시킨다
440911338	Gleaming Blade	Deals physical damage to an enemy and reduces its DEF by {6}%.	[0, 0, 0, 1415384097]	[0, 0, 0, 0]	[2136266863, 503063363, 0, 0, 0, 0, 0, 0]	110	[11, 0, 0, 0, 0, 0, 0, 0, 0, 0, 0, 0, 0, 0]	0	[0, 0, 0, 0, 0, 0, 0, 0, 0, 0, 0, 0, 0, 0]	0	0	0	[2910796112, 1177800805, 1590773769, 4294967295, 4294967295, 4294967295, 3212836864, 3212836864, 1946917117, 0, 0, 0, 0, 0]	閃流刃	敵単体に物理ダメージを与え、対象の防御力を{6}％低下させる	闪流刃	对敌方单体造成物理伤害，并使目标的防御力下降{6}%。	閃流刃	對敵方單體造成物理傷害，並使目標的防禦力下降{6}%。	섬류인	단일 적에게 물리 대미지를 주고 대상의 방어력을 {6}% 저하시킨다
2078060469	Gleaming Blade	Deals physical damage to an enemy and reduces its DEF by {6}%.	[0, 0, 0, 1415384097]	[0, 0, 0, 0]	[2136266863, 503063363, 0, 0, 0, 0, 0, 0]	115	[11, 0, 0, 0, 0, 0, 0, 0, 0, 0, 0, 0, 0, 0]	0	[0, 0, 0, 0, 0, 0, 0, 0, 0, 0, 0, 0, 0, 0]	0	0	0	[2910796112, 1177800805, 1590773769, 4294967295, 4294967295, 4294967295, 3212836864, 3212836864, 361820832, 0, 0, 0, 0, 0]	閃流刃	敵単体に物理ダメージを与え、対象の防御力を{6}％低下させる	闪流刃	对敌方单体造成物理伤害，并使目标的防御力下降{6}%。	閃流刃	對敵方單體造成物理傷害，並使目標的防禦力下降{6}%。	섬류인	단일 적에게 물리 대미지를 주고 대상의 방어력을 {6}% 저하시킨다
215719715	Gleaming Blade	Deals physical damage to an enemy and reduces its DEF by {6}%.	[0, 0, 0, 1415384097]	[0, 0, 0, 0]	[2136266863, 503063363, 0, 0, 0, 0, 0, 0]	120	[11, 0, 0, 0, 0, 0, 0, 0, 0, 0, 0, 0, 0, 0]	0	[0, 0, 0, 0, 0, 0, 0, 0, 0, 0, 0, 0, 0, 0]	0	0	0	[2910796112, 1177800805, 1590773769, 4294967295, 4294967295, 4294967295, 3212836864, 3212836864, 1654112822, 0, 0, 0, 0, 0]	閃流刃	敵単体に物理ダメージを与え、対象の防御力を{6}％低下させる	闪流刃	对敌方单体造成物理伤害，并使目标的防御力下降{6}%。	閃流刃	對敵方單體造成物理傷害，並使目標的防禦力下降{6}%。	섬류인	단일 적에게 물리 대미지를 주고 대상의 방어력을 {6}% 저하시킨다
1536840821	Demon Swallow	Deals physical damage to an enemy. Also has a {6}% chance to inflict Taunt and reduce target's Stun Res by {7}%.	[0, 0, 0, 1415384097]	[0, 0, 0, 0]	[1093007441, 2131508683, 0, 0, 0, 0, 0, 0]	140	[23, 0, 0, 0, 0, 0, 0, 0, 0, 0, 0, 0, 0, 0]	0	[0, 0, 0, 0, 0, 0, 0, 0, 0, 0, 0, 0, 0, 0]	0	0	0	[2516278650, 366235965, 1590773769, 4294967295, 4294967295, 4294967295, 3212836864, 3212836864, 1486499743, 1868859919, 0, 0, 0, 0]	鬼燕	敵単体に物理ダメージを与える。さらに、{6}％の確率で挑発を付与し、対象のブレイク耐性を{7}％低下させる	鬼燕	对敌方单体造成物理伤害，并有{6}%的概率赋予挑衅，使目标的破防耐性下降{7}%。	鬼燕	對敵方單體造成物理傷害。另外，以{6}%的機率賦予挑釁，使目標的破防耐性下降{7}%。	귀연	단일 적에게 물리 대미지를 준다. 추가로 {6}%의 확률로 도발을 부여하고 대상의 브레이크 내성을 {7}% 저하시킨다
1344330960	Demon Swallow	Deals physical damage to an enemy. Also has a {6}% chance to inflict Taunt and reduce target's Stun Res by {7}%.	[0, 0, 0, 1415384097]	[0, 0, 0, 0]	[1093007441, 2131508683, 0, 0, 0, 0, 0, 0]	150	[23, 0, 0, 0, 0, 0, 0, 0, 0, 0, 0, 0, 0, 0]	0	[0, 0, 0, 0, 0, 0, 0, 0, 0, 0, 0, 0, 0, 0]	0	0	0	[2516278650, 366235965, 1590773769, 4294967295, 4294967295, 4294967295, 3212836864, 3212836864, 1047298523, 683995359, 0, 0, 0, 0]	鬼燕	敵単体に物理ダメージを与える。さらに、{6}％の確率で挑発を付与し、対象のブレイク耐性を{7}％低下させる	鬼燕	对敌方单体造成物理伤害，并有{6}%的概率赋予挑衅，使目标的破防耐性下降{7}%。	鬼燕	對敵方單體造成物理傷害。另外，以{6}%的機率賦予挑釁，使目標的破防耐性下降{7}%。	귀연	단일 적에게 물리 대미지를 준다. 추가로 {6}%의 확률로 도발을 부여하고 대상의 브레이크 내성을 {7}% 저하시킨다
656927834	Demon Swallow	Deals physical damage to an enemy. Also has a {6}% chance to inflict Taunt and reduce target's Stun Res by {7}%.	[0, 0, 0, 1415384097]	[0, 0, 0, 0]	[1093007441, 2131508683, 0, 0, 0, 0, 0, 0]	160	[23, 0, 0, 0, 0, 0, 0, 0, 0, 0, 0, 0, 0, 0]	0	[0, 0, 0, 0, 0, 0, 0, 0, 0, 0, 0, 0, 0, 0]	0	0	0	[2516278650, 366235965, 1590773769, 4294967295, 4294967295, 4294967295, 3212836864, 3212836864, 1231794509, 363125103, 0, 0, 0, 0]	鬼燕	敵単体に物理ダメージを与える。さらに、{6}％の確率で挑発を付与し、対象のブレイク耐性を{7}％低下させる	鬼燕	对敌方单体造成物理伤害，并有{6}%的概率赋予挑衅，使目标的破防耐性下降{7}%。	鬼燕	對敵方單體造成物理傷害。另外，以{6}%的機率賦予挑釁，使目標的破防耐性下降{7}%。	귀연	단일 적에게 물리 대미지를 준다. 추가로 {6}%의 확률로 도발을 부여하고 대상의 브레이크 내성을 {7}% 저하시킨다
1186760197	Demon Swallow	Deals physical damage to an enemy. Also has a {6}% chance to inflict Taunt and reduce target's Stun Res by {7}%.	[0, 0, 0, 1415384097]	[0, 0, 0, 0]	[1093007441, 2131508683, 0, 0, 0, 0, 0, 0]	170	[23, 0, 0, 0, 0, 0, 0, 0, 0, 0, 0, 0, 0, 0]	0	[0, 0, 0, 0, 0, 0, 0, 0, 0, 0, 0, 0, 0, 0]	0	0	0	[2516278650, 366235965, 1590773769, 4294967295, 4294967295, 4294967295, 3212836864, 3212836864, 686873360, 1484520065, 0, 0, 0, 0]	鬼燕	敵単体に物理ダメージを与える。さらに、{6}％の確率で挑発を付与し、対象のブレイク耐性を{7}％低下させる	鬼燕	对敌方单体造成物理伤害，并有{6}%的概率赋予挑衅，使目标的破防耐性下降{7}%。	鬼燕	對敵方單體造成物理傷害。另外，以{6}%的機率賦予挑釁，使目標的破防耐性下降{7}%。	귀연	단일 적에게 물리 대미지를 준다. 추가로 {6}%의 확률로 도발을 부여하고 대상의 브레이크 내성을 {7}% 저하시킨다
834385555	Demon Swallow	Deals physical damage to an enemy. Also has a {6}% chance to inflict Taunt and reduce target's Stun Res by {7}%.	[0, 0, 0, 1415384097]	[0, 0, 0, 0]	[1093007441, 2131508683, 0, 0, 0, 0, 0, 0]	180	[23, 0, 0, 0, 0, 0, 0, 0, 0, 0, 0, 0, 0, 0]	0	[0, 0, 0, 0, 0, 0, 0, 0, 0, 0, 0, 0, 0, 0]	0	0	0	[2516278650, 366235965, 1590773769, 4294967295, 4294967295, 4294967295, 3212836864, 3212836864, 1610083206, 1696322353, 0, 0, 0, 0]	鬼燕	敵単体に物理ダメージを与える。さらに、{6}％の確率で挑発を付与し、対象のブレイク耐性を{7}％低下させる	鬼燕	对敌方单体造成物理伤害，并有{6}%的概率赋予挑衅，使目标的破防耐性下降{7}%。	鬼燕	對敵方單體造成物理傷害。另外，以{6}%的機率賦予挑釁，使目標的破防耐性下降{7}%。	귀연	단일 적에게 물리 대미지를 준다. 추가로 {6}%의 확률로 도발을 부여하고 대상의 브레이크 내성을 {7}% 저하시킨다
886748700	Starfall Spear	Deals bolt damage to an enemy.	[0, 0, 0, 1415384097]	[0, 0, 0, 0]	[757265257, 697862461, 0, 0, 0, 0, 0, 0]	380	[156, 0, 0, 0, 0, 0, 0, 0, 0, 0, 0, 0, 0, 0]	0	[0, 0, 0, 0, 0, 0, 0, 0, 0, 0, 0, 0, 0, 0]	8	0	0	[1786519349, 1485849375, 1590773769, 4294967295, 4294967295, 4294967295, 3212836864, 3212836864, 0, 0, 0, 0, 0, 0]	終の槍・星堕とし	敵単体に雷ダメージを与える	终焉之枪·星陨	对敌方单体造成雷伤害。	終結之槍‧星隕	對敵方單體造成雷傷害。	최후의 창ㆍ별 낙하	단일 적에게 뇌 대미지를 준다
764392673	Starfall Spear	Deals bolt damage to an enemy.	[0, 0, 0, 1415384097]	[0, 0, 0, 0]	[757265257, 697862461, 0, 0, 0, 0, 0, 0]	390	[156, 0, 0, 0, 0, 0, 0, 0, 0, 0, 0, 0, 0, 0]	0	[0, 0, 0, 0, 0, 0, 0, 0, 0, 0, 0, 0, 0, 0]	8	0	0	[1786519349, 1485849375, 1590773769, 4294967295, 4294967295, 4294967295, 3212836864, 3212836864, 0, 0, 0, 0, 0, 0]	終の槍・星堕とし	敵単体に雷ダメージを与える	终焉之枪·星陨	对敌方单体造成雷伤害。	終結之槍‧星隕	對敵方單體造成雷傷害。	최후의 창ㆍ별 낙하	단일 적에게 뇌 대미지를 준다
1518896247	Starfall Spear	Deals bolt damage to an enemy.	[0, 0, 0, 1415384097]	[0, 0, 0, 0]	[757265257, 697862461, 0, 0, 0, 0, 0, 0]	400	[156, 0, 0, 0, 0, 0, 0, 0, 0, 0, 0, 0, 0, 0]	0	[0, 0, 0, 0, 0, 0, 0, 0, 0, 0, 0, 0, 0, 0]	8	0	0	[1786519349, 1485849375, 1590773769, 4294967295, 4294967295, 4294967295, 3212836864, 3212836864, 0, 0, 0, 0, 0, 0]	終の槍・星堕とし	敵単体に雷ダメージを与える	终焉之枪·星陨	对敌方单体造成雷伤害。	終結之槍‧星隕	對敵方單體造成雷傷害。	최후의 창ㆍ별 낙하	단일 적에게 뇌 대미지를 준다
991161900	Starfall Spear	Deals bolt damage to an enemy.	[0, 0, 0, 1415384097]	[0, 0, 0, 0]	[757265257, 697862461, 0, 0, 0, 0, 0, 0]	420	[156, 0, 0, 0, 0, 0, 0, 0, 0, 0, 0, 0, 0, 0]	0	[0, 0, 0, 0, 0, 0, 0, 0, 0, 0, 0, 0, 0, 0]	8	0	0	[1786519349, 1485849375, 1590773769, 4294967295, 4294967295, 4294967295, 3212836864, 3212836864, 0, 0, 0, 0, 0, 0]	終の槍・星堕とし	敵単体に雷ダメージを与える	终焉之枪·星陨	对敌方单体造成雷伤害。	終結之槍‧星隕	對敵方單體造成雷傷害。	최후의 창ㆍ별 낙하	단일 적에게 뇌 대미지를 준다
1276436158	Starfall Spear	Deals bolt damage to an enemy.	[0, 0, 0, 1415384097]	[0, 0, 0, 0]	[757265257, 697862461, 0, 0, 0, 0, 0, 0]	430	[156, 0, 0, 0, 0, 0, 0, 0, 0, 0, 0, 0, 0, 0]	0	[0, 0, 0, 0, 0, 0, 0, 0, 0, 0, 0, 0, 0, 0]	8	0	0	[1786519349, 1485849375, 1590773769, 4294967295, 4294967295, 4294967295, 3212836864, 3212836864, 0, 0, 0, 0, 0, 0]	終の槍・星堕とし	敵単体に雷ダメージを与える	终焉之枪·星陨	对敌方单体造成雷伤害。	終結之槍‧星隕	對敵方單體造成雷傷害。	최후의 창ㆍ별 낙하	단일 적에게 뇌 대미지를 준다
136825004	Normal Attack	Deals physical damage to an enemy. Gain AP when attacking.	[0, 0, 0, 1415384097]	[0, 7, 5, 130]	[1857102426, 24058857, 0, 0, 0, 0, 0, 0]	70	[3, 0, 0, 0, 0, 0, 0, 0, 0, 0, 0, 0, 0, 0]	0	[0, 0, 0, 0, 0, 0, 0, 0, 0, 0, 0, 0, 0, 0]	0	0	0	[1690819907, 144408455, 1590773769, 4294967295, 4294967295, 4294967295, 3212836864, 3212836864, 0, 0, 0, 0, 0, 0]	通常攻撃	敵単体に物理ダメージを与える。攻撃時、ＡＰを獲得する	普通攻击	对敌方单体造成物理伤害。攻击时，获得AP。	普通攻擊	對敵方單體造成物理傷害。攻擊時，獲得AP。	통상공격	단일 적에게 물리 대미지를 준다.공격 시 AP를 획득한다
1859217130	Normal Attack	Deals physical damage to an enemy. Gain AP when attacking.	[0, 0, 0, 1415384097]	[0, 10, 5, 130]	[145537957, 2098085428, 0, 0, 0, 0, 0, 0]	80	[7, 0, 0, 0, 0, 0, 0, 0, 0, 0, 0, 0, 0, 0]	0	[0, 0, 0, 0, 0, 0, 0, 0, 0, 0, 0, 0, 0, 0]	0	0	0	[1547942261, 1534918367, 1590773769, 4294967295, 4294967295, 4294967295, 3212836864, 3212836864, 0, 0, 0, 0, 0, 0]	通常攻撃	敵単体に物理ダメージを与える。攻撃時、ＡＰを獲得する	普通攻击	对敌方单体造成物理伤害。攻击时，获得AP。	普通攻擊	對敵方單體造成物理傷害。攻擊時，獲得AP。	통상공격	단일 적에게 물리 대미지를 준다.공격 시 AP를 획득한다
433477248	Normal Attack	Deals physical damage to an enemy. Gain AP when attacking.	[0, 0, 0, 1415384097]	[0, 14, 5, 130]	[920492955, 536748218, 0, 0, 0, 0, 0, 0]	90	[11, 0, 0, 0, 0, 0, 0, 0, 0, 0, 0, 0, 0, 0]	0	[0, 0, 0, 0, 0, 0, 0, 0, 0, 0, 0, 0, 0, 0]	0	0	0	[3929074385, 1353417416, 1590773769, 4294967295, 4294967295, 4294967295, 3212836864, 3212836864, 0, 0, 0, 0, 0, 0]	通常攻撃	敵単体に物理ダメージを与える。攻撃時、ＡＰを獲得する	普通攻击	对敌方单体造成物理伤害。攻击时，获得AP。	普通攻擊	對敵方單體造成物理傷害。攻擊時，獲得AP。	통상공격	단일 적에게 물리 대미지를 준다.공격 시 AP를 획득한다
2071439441	Analyze	Deals physical damage to an enemy and boosts own critical rate by {3}%.	[0, 0, 0, 1415384097]	[10, 0, 10, 180]	[1606852007, 290434483, 0, 0, 0, 0, 0, 0]	100	[19, 0, 0, 0, 0, 0, 0, 0, 0, 0, 0, 0, 0, 0]	0	[0, 0, 0, 0, 0, 0, 0, 0, 0, 0, 0, 0, 0, 0]	0	0	0	[744760010, 367327211, 1590773769, 4294967295, 4294967295, 4294967295, 3212836864, 3212836864, 464138283, 0, 0, 0, 0, 0]	アナライズ	敵単体に物理ダメージを与え、自身のクリティカル率を{3}％上昇させる	灿光解析	对敌方单体造成物理伤害，自身暴击率提升{3}%。	分析之力	對敵方單體造成物理傷害，並使自身重擊率上升{3}%。	애널라이즈	단일 적에게 물리 대미지를 주고 자신의 크리티컬 확률을 {3}% 상승시킨다
319865724	Analyze	Deals physical damage to an enemy and boosts own critical rate by {3}%.	[0, 0, 0, 1415384097]	[10, 0, 10, 180]	[1606852007, 290434483, 0, 0, 0, 0, 0, 0]	110	[19, 0, 0, 0, 0, 0, 0, 0, 0, 0, 0, 0, 0, 0]	0	[0, 0, 0, 0, 0, 0, 0, 0, 0, 0, 0, 0, 0, 0]	0	0	0	[744760010, 367327211, 1590773769, 4294967295, 4294967295, 4294967295, 3212836864, 3212836864, 2103221871, 0, 0, 0, 0, 0]	アナライズ	敵単体に物理ダメージを与え、自身のクリティカル率を{3}％上昇させる	灿光解析	对敌方单体造成物理伤害，自身暴击率提升{3}%。	分析之力	對敵方單體造成物理傷害，並使自身重擊率上升{3}%。	애널라이즈	단일 적에게 물리 대미지를 주고 자신의 크리티컬 확률을 {3}% 상승시킨다
1679291374	Analyze	Deals physical damage to an enemy and boosts own critical rate by {3}%.	[0, 0, 0, 1415384097]	[10, 0, 10, 180]	[1606852007, 290434483, 0, 0, 0, 0, 0, 0]	120	[19, 0, 0, 0, 0, 0, 0, 0, 0, 0, 0, 0, 0, 0]	0	[0, 0, 0, 0, 0, 0, 0, 0, 0, 0, 0, 0, 0, 0]	0	0	0	[744760010, 367327211, 1590773769, 4294967295, 4294967295, 4294967295, 3212836864, 3212836864, 173780729, 0, 0, 0, 0, 0]	アナライズ	敵単体に物理ダメージを与え、自身のクリティカル率を{3}％上昇させる	灿光解析	对敌方单体造成物理伤害，自身暴击率提升{3}%。	分析之力	對敵方單體造成物理傷害，並使自身重擊率上升{3}%。	애널라이즈	단일 적에게 물리 대미지를 주고 자신의 크리티컬 확률을 {3}% 상승시킨다
93100465	Analyze	Deals physical damage to an enemy and boosts own critical rate by {3}%.	[0, 0, 0, 1415384097]	[10, 0, 10, 180]	[1606852007, 290434483, 0, 0, 0, 0, 0, 0]	130	[19, 0, 0, 0, 0, 0, 0, 0, 0, 0, 0, 0, 0, 0]	0	[0, 0, 0, 0, 0, 0, 0, 0, 0, 0, 0, 0, 0, 0]	0	0	0	[744760010, 367327211, 1590773769, 4294967295, 4294967295, 4294967295, 3212836864, 3212836864, 1807795364, 0, 0, 0, 0, 0]	アナライズ	敵単体に物理ダメージを与え、自身のクリティカル率を{3}％上昇させる	灿光解析	对敌方单体造成物理伤害，自身暴击率提升{3}%。	分析之力	對敵方單體造成物理傷害，並使自身重擊率上升{3}%。	애널라이즈	단일 적에게 물리 대미지를 주고 자신의 크리티컬 확률을 {3}% 상승시킨다
1921755431	Analyze	Deals physical damage to an enemy and boosts own critical rate by {3}%.	[0, 0, 0, 1415384097]	[10, 0, 10, 180]	[1606852007, 290434483, 0, 0, 0, 0, 0, 0]	140	[19, 0, 0, 0, 0, 0, 0, 0, 0, 0, 0, 0, 0, 0]	0	[0, 0, 0, 0, 0, 0, 0, 0, 0, 0, 0, 0, 0, 0]	0	0	0	[744760010, 367327211, 1590773769, 4294967295, 4294967295, 4294967295, 3212836864, 3212836864, 482866226, 0, 0, 0, 0, 0]	アナライズ	敵単体に物理ダメージを与え、自身のクリティカル率を{3}％上昇させる	灿光解析	对敌方单体造成物理伤害，自身暴击率提升{3}%。	分析之力	對敵方單體造成物理傷害，並使自身重擊率上升{3}%。	애널라이즈	단일 적에게 물리 대미지를 주고 자신의 크리티컬 확률을 {3}% 상승시킨다
494994965	Photon Silhouette	Generates {4} time cards for Raze's turn, during which a random skill will be used. The time cards will be removed if Raze moves to the back row.	[0, 0, 0, 1306449111]	[15, 0, 15, 275]	[1241129770, 0, 0, 0, 0, 0, 0, 0]	0	[0, 0, 0, 0, 0, 0, 0, 0, 0, 0, 0, 0, 0, 0]	0	[0, 0, 0, 0, 0, 0, 0, 0, 0, 0, 0, 0, 0, 0]	0	0	0	[3745753385, 926990322, 1590773769, 4294967295, 4294967295, 4294967295, 3212836864, 3212836864, 1544178427, 0, 0, 0, 0, 0]	フォトンシルエット	自分の手番のタイムカードを{4}枚生成する。生成されたタイムカードはランダムにスキルを使用する。ロゼが後衛に回るとタイムカードは消滅する	光子幻象	生成{4}张自己行动回合的时间卡片。生成的时间卡片会随机使用技能。罗杰切换至后卫时，时间卡片就会消失。	光子幻影	產生{4}張自己行動回合的時間卡片。產生的時間卡片會隨機使用技能。羅傑切換至後衛時，時間卡片即會消失。	포톤 실루엣	자신의 순서의 타임카드를 {4}장 생성한다. 생성된 타임카드는 무작위로 스킬을 사용한다. 로제가 후열로 돌아가면 타임카드는 소멸한다
1420868012	Photon Silhouette	Generates {4} time cards for Raze's turn, during which a random skill will be used. The time cards will be removed if Raze moves to the back row.	[0, 0, 0, 1306449111]	[15, 0, 15, 250]	[1241129770, 0, 0, 0, 0, 0, 0, 0]	0	[0, 0, 0, 0, 0, 0, 0, 0, 0, 0, 0, 0, 0, 0]	0	[0, 0, 0, 0, 0, 0, 0, 0, 0, 0, 0, 0, 0, 0]	0	0	0	[3745753385, 926990322, 1590773769, 4294967295, 4294967295, 4294967295, 3212836864, 3212836864, 989652159, 0, 0, 0, 0, 0]	フォトンシルエット	自分の手番のタイムカードを{4}枚生成する。生成されたタイムカードはランダムにスキルを使用する。ロゼが後衛に回るとタイムカードは消滅する	光子幻象	生成{4}张自己行动回合的时间卡片。生成的时间卡片会随机使用技能。罗杰切换至后卫时，时间卡片就会消失。	光子幻影	產生{4}張自己行動回合的時間卡片。產生的時間卡片會隨機使用技能。羅傑切換至後衛時，時間卡片即會消失。	포톤 실루엣	자신의 순서의 타임카드를 {4}장 생성한다. 생성된 타임카드는 무작위로 스킬을 사용한다. 로제가 후열로 돌아가면 타임카드는 소멸한다
599230782	Photon Silhouette	Generates {4} time cards for Raze's turn, during which a random skill will be used. The time cards will be removed if Raze moves to the back row.	[0, 0, 0, 1306449111]	[20, 0, 20, 250]	[1241129770, 0, 0, 0, 0, 0, 0, 0]	0	[0, 0, 0, 0, 0, 0, 0, 0, 0, 0, 0, 0, 0, 0]	0	[0, 0, 0, 0, 0, 0, 0, 0, 0, 0, 0, 0, 0, 0]	0	0	0	[3745753385, 926990322, 1590773769, 4294967295, 4294967295, 4294967295, 3212836864, 3212836864, 1308349481, 0, 0, 0, 0, 0]	フォトンシルエット	自分の手番のタイムカードを{4}枚生成する。生成されたタイムカードはランダムにスキルを使用する。ロゼが後衛に回るとタイムカードは消滅する	光子幻象	生成{4}张自己行动回合的时间卡片。生成的时间卡片会随机使用技能。罗杰切换至后卫时，时间卡片就会消失。	光子幻影	產生{4}張自己行動回合的時間卡片。產生的時間卡片會隨機使用技能。羅傑切換至後衛時，時間卡片即會消失。	포톤 실루엣	자신의 순서의 타임카드를 {4}장 생성한다. 생성된 타임카드는 무작위로 스킬을 사용한다. 로제가 후열로 돌아가면 타임카드는 소멸한다
1110238049	Photon Silhouette	Generates {4} time cards for Raze's turn, during which a random skill will be used. The time cards will be removed if Raze moves to the back row.	[0, 0, 0, 1306449111]	[20, 0, 20, 225]	[1241129770, 0, 0, 0, 0, 0, 0, 0]	0	[0, 0, 0, 0, 0, 0, 0, 0, 0, 0, 0, 0, 0, 0]	0	[0, 0, 0, 0, 0, 0, 0, 0, 0, 0, 0, 0, 0, 0]	0	0	0	[3745753385, 926990322, 1590773769, 4294967295, 4294967295, 4294967295, 3212836864, 3212836864, 744537716, 0, 0, 0, 0, 0]	フォトンシルエット	自分の手番のタイムカードを{4}枚生成する。生成されたタイムカードはランダムにスキルを使用する。ロゼが後衛に回るとタイムカードは消滅する	光子幻象	生成{4}张自己行动回合的时间卡片。生成的时间卡片会随机使用技能。罗杰切换至后卫时，时间卡片就会消失。	光子幻影	產生{4}張自己行動回合的時間卡片。產生的時間卡片會隨機使用技能。羅傑切換至後衛時，時間卡片即會消失。	포톤 실루엣	자신의 순서의 타임카드를 {4}장 생성한다. 생성된 타임카드는 무작위로 스킬을 사용한다. 로제가 후열로 돌아가면 타임카드는 소멸한다
892064759	Photon Silhouette	Generates {4} time cards for Raze's turn, during which a random skill will be used. The time cards will be removed if Raze moves to the back row.	[0, 0, 0, 1306449111]	[25, 0, 25, 225]	[1241129770, 0, 0, 0, 0, 0, 0, 0]	0	[0, 0, 0, 0, 0, 0, 0, 0, 0, 0, 0, 0, 0, 0]	0	[0, 0, 0, 0, 0, 0, 0, 0, 0, 0, 0, 0, 0, 0]	0	0	0	[3745753385, 926990322, 1590773769, 4294967295, 4294967295, 4294967295, 3212836864, 3212836864, 1533513442, 0, 0, 0, 0, 0]	フォトンシルエット	自分の手番のタイムカードを{4}枚生成する。生成されたタイムカードはランダムにスキルを使用する。ロゼが後衛に回るとタイムカードは消滅する	光子幻象	生成{4}张自己行动回合的时间卡片。生成的时间卡片会随机使用技能。罗杰切换至后卫时，时间卡片就会消失。	光子幻影	產生{4}張自己行動回合的時間卡片。產生的時間卡片會隨機使用技能。羅傑切換至後衛時，時間卡片即會消失。	포톤 실루엣	자신의 순서의 타임카드를 {4}장 생성한다. 생성된 타임카드는 무작위로 스킬을 사용한다. 로제가 후열로 돌아가면 타임카드는 소멸한다
1787180675	Twin Caliburn	Deals physical damage to all enemies.	[0, 0, 0, 355072781]	[25, 0, 25, 250]	[128590950, 266245856, 0, 0, 0, 0, 0, 0]	80	[17, 0, 0, 0, 0, 0, 0, 0, 0, 0, 0, 0, 0, 0]	0	[0, 0, 0, 0, 0, 0, 0, 0, 0, 0, 0, 0, 0, 0]	0	0	0	[1370791611, 1869628093, 1590773769, 4294967295, 4294967295, 4294967295, 3212836864, 3212836864, 0, 0, 0, 0, 0, 0]	ツインカリバーン	敵全体に物理ダメージを与える	双重圣剑	对敌方全体造成物理伤害。	雙聖劍擊	對敵方全體造成物理傷害。	트윈 칼리번	모든 적에게 물리 대미지를 준다
1775276060	Twin Caliburn	Deals physical damage to all enemies.	[0, 0, 0, 355072781]	[25, 0, 25, 250]	[128590950, 266245856, 0, 0, 0, 0, 0, 0]	90	[17, 0, 0, 0, 0, 0, 0, 0, 0, 0, 0, 0, 0, 0]	0	[0, 0, 0, 0, 0, 0, 0, 0, 0, 0, 0, 0, 0, 0]	0	0	0	[1370791611, 1869628093, 1590773769, 4294967295, 4294967295, 4294967295, 3212836864, 3212836864, 0, 0, 0, 0, 0, 0]	ツインカリバーン	敵全体に物理ダメージを与える	双重圣剑	对敌方全体造成物理伤害。	雙聖劍擊	對敵方全體造成物理傷害。	트윈 칼리번	모든 적에게 물리 대미지를 준다
517447822	Twin Caliburn	Deals physical damage to all enemies.	[0, 0, 0, 355072781]	[25, 0, 25, 250]	[128590950, 266245856, 0, 0, 0, 0, 0, 0]	100	[17, 0, 0, 0, 0, 0, 0, 0, 0, 0, 0, 0, 0, 0]	0	[0, 0, 0, 0, 0, 0, 0, 0, 0, 0, 0, 0, 0, 0]	0	0	0	[1370791611, 1869628093, 1590773769, 4294967295, 4294967295, 4294967295, 3212836864, 3212836864, 0, 0, 0, 0, 0, 0]	ツインカリバーン	敵全体に物理ダメージを与える	双重圣剑	对敌方全体造成物理伤害。	雙聖劍擊	對敵方全體造成物理傷害。	트윈 칼리번	모든 적에게 물리 대미지를 준다
2135739089	Twin Caliburn	Deals physical damage to all enemies.	[0, 0, 0, 355072781]	[25, 0, 25, 250]	[128590950, 266245856, 0, 0, 0, 0, 0, 0]	110	[17, 0, 0, 0, 0, 0, 0, 0, 0, 0, 0, 0, 0, 0]	0	[0, 0, 0, 0, 0, 0, 0, 0, 0, 0, 0, 0, 0, 0]	0	0	0	[1370791611, 1869628093, 1590773769, 4294967295, 4294967295, 4294967295, 3212836864, 3212836864, 0, 0, 0, 0, 0, 0]	ツインカリバーン	敵全体に物理ダメージを与える	双重圣剑	对敌方全体造成物理伤害。	雙聖劍擊	對敵方全體造成物理傷害。	트윈 칼리번	모든 적에게 물리 대미지를 준다
139196999	Twin Caliburn	Deals physical damage to all enemies.	[0, 0, 0, 355072781]	[25, 0, 25, 250]	[128590950, 266245856, 0, 0, 0, 0, 0, 0]	120	[17, 0, 0, 0, 0, 0, 0, 0, 0, 0, 0, 0, 0, 0]	0	[0, 0, 0, 0, 0, 0, 0, 0, 0, 0, 0, 0, 0, 0]	0	0	0	[1370791611, 1869628093, 1590773769, 4294967295, 4294967295, 4294967295, 3212836864, 3212836864, 0, 0, 0, 0, 0, 0]	ツインカリバーン	敵全体に物理ダメージを与える	双重圣剑	对敌方全体造成物理伤害。	雙聖劍擊	對敵方全體造成物理傷害。	트윈 칼리번	모든 적에게 물리 대미지를 준다
186473694	Falling Blade	Deals physical damage to an enemy. Grants Raze up to {5} follow-up attacks whenever he attacks. This effect ends if Raze moves to the back row.	[0, 0, 0, 1415384097]	[20, 0, 20, 275]	[781267429, 1779645472, 0, 0, 0, 0, 0, 0]	170	[15, 0, 0, 0, 0, 0, 0, 0, 0, 0, 0, 0, 0, 0]	0	[0, 0, 0, 0, 0, 0, 0, 0, 0, 0, 0, 0, 0, 0]	0	0	0	[1764817549, 1016579045, 1590773769, 4294967295, 4294967295, 4294967295, 3212836864, 3212836864, 750076069, 0, 0, 0, 0, 0]	フォーリンブレード	敵単体に物理ダメージを与える。スキル後、ロゼが攻撃する度に最大{5}回まで追撃を行う。ロゼが後衛に回ると効果は消滅する	天堕之剑	对敌方单体造成物理伤害。使用技能后，罗杰每次攻击最多可追击{5}次。罗杰切换至后卫时，效果就会消失。	天墜之劍	對敵方單體造成物理傷害。使用技能後，羅傑每次攻擊最多可發動{5}次追擊。羅傑切換至後衛時，效果即會消失。	폴링 블레이드	단일 적에게 물리 대미지를 준다. 스킬 후, 로제가 공격할 때마다 최대 {5}회까지 추격을 한다. 로제가 후열로 돌아가면 효과는 사라진다
605008884	Falling Blade	Deals physical damage to an enemy. Grants Raze up to {5} follow-up attacks whenever he attacks. This effect ends if Raze moves to the back row.	[0, 0, 0, 1415384097]	[20, 0, 20, 275]	[781267429, 1779645472, 0, 0, 0, 0, 0, 0]	180	[15, 0, 0, 0, 0, 0, 0, 0, 0, 0, 0, 0, 0, 0]	0	[0, 0, 0, 0, 0, 0, 0, 0, 0, 0, 0, 0, 0, 0]	0	0	0	[1764817549, 1016579045, 1590773769, 4294967295, 4294967295, 4294967295, 3212836864, 3212836864, 1245966049, 0, 0, 0, 0, 0]	フォーリンブレード	敵単体に物理ダメージを与える。スキル後、ロゼが攻撃する度に最大{5}回まで追撃を行う。ロゼが後衛に回ると効果は消滅する	天堕之剑	对敌方单体造成物理伤害。使用技能后，罗杰每次攻击最多可追击{5}次。罗杰切换至后卫时，效果就会消失。	天墜之劍	對敵方單體造成物理傷害。使用技能後，羅傑每次攻擊最多可發動{5}次追擊。羅傑切換至後衛時，效果即會消失。	폴링 블레이드	단일 적에게 물리 대미지를 준다. 스킬 후, 로제가 공격할 때마다 최대 {5}회까지 추격을 한다. 로제가 후열로 돌아가면 효과는 사라진다
1393066850	Falling Blade	Deals physical damage to an enemy. Grants Raze up to {5} follow-up attacks whenever he attacks. This effect ends if Raze moves to the back row.	[0, 0, 0, 1415384097]	[20, 0, 20, 275]	[781267429, 1779645472, 0, 0, 0, 0, 0, 0]	190	[15, 0, 0, 0, 0, 0, 0, 0, 0, 0, 0, 0, 0, 0]	0	[0, 0, 0, 0, 0, 0, 0, 0, 0, 0, 0, 0, 0, 0]	0	0	0	[1764817549, 1016579045, 1590773769, 4294967295, 4294967295, 4294967295, 3212836864, 3212836864, 1027923575, 0, 0, 0, 0, 0]	フォーリンブレード	敵単体に物理ダメージを与える。スキル後、ロゼが攻撃する度に最大{5}回まで追撃を行う。ロゼが後衛に回ると効果は消滅する	天堕之剑	对敌方单体造成物理伤害。使用技能后，罗杰每次攻击最多可追击{5}次。罗杰切换至后卫时，效果就会消失。	天墜之劍	對敵方單體造成物理傷害。使用技能後，羅傑每次攻擊最多可發動{5}次追擊。羅傑切換至後衛時，效果即會消失。	폴링 블레이드	단일 적에게 물리 대미지를 준다. 스킬 후, 로제가 공격할 때마다 최대 {5}회까지 추격을 한다. 로제가 후열로 돌아가면 효과는 사라진다
848554303	Falling Blade	Deals physical damage to an enemy. Grants Raze up to {5} follow-up attacks whenever he attacks. This effect ends if Raze moves to the back row.	[0, 0, 0, 1415384097]	[20, 0, 20, 275]	[781267429, 1779645472, 0, 0, 0, 0, 0, 0]	200	[15, 0, 0, 0, 0, 0, 0, 0, 0, 0, 0, 0, 0, 0]	0	[0, 0, 0, 0, 0, 0, 0, 0, 0, 0, 0, 0, 0, 0]	0	0	0	[1764817549, 1016579045, 1590773769, 4294967295, 4294967295, 4294967295, 3212836864, 3212836864, 1558164524, 0, 0, 0, 0, 0]	フォーリンブレード	敵単体に物理ダメージを与える。スキル後、ロゼが攻撃する度に最大{5}回まで追撃を行う。ロゼが後衛に回ると効果は消滅する	天堕之剑	对敌方单体造成物理伤害。使用技能后，罗杰每次攻击最多可追击{5}次。罗杰切换至后卫时，效果就会消失。	天墜之劍	對敵方單體造成物理傷害。使用技能後，羅傑每次攻擊最多可發動{5}次追擊。羅傑切換至後衛時，效果即會消失。	폴링 블레이드	단일 적에게 물리 대미지를 준다. 스킬 후, 로제가 공격할 때마다 최대 {5}회까지 추격을 한다. 로제가 후열로 돌아가면 효과는 사라진다
1167382953	Falling Blade	Deals physical damage to an enemy. Grants Raze up to {5} follow-up attacks whenever he attacks. This effect ends if Raze moves to the back row.	[0, 0, 0, 1415384097]	[20, 0, 20, 275]	[781267429, 1779645472, 0, 0, 0, 0, 0, 0]	210	[15, 0, 0, 0, 0, 0, 0, 0, 0, 0, 0, 0, 0, 0]	0	[0, 0, 0, 0, 0, 0, 0, 0, 0, 0, 0, 0, 0, 0]	0	0	0	[1764817549, 1016579045, 1590773769, 4294967295, 4294967295, 4294967295, 3212836864, 3212836864, 735610046, 0, 0, 0, 0, 0]	フォーリンブレード	敵単体に物理ダメージを与える。スキル後、ロゼが攻撃する度に最大{5}回まで追撃を行う。ロゼが後衛に回ると効果は消滅する	天堕之剑	对敌方单体造成物理伤害。使用技能后，罗杰每次攻击最多可追击{5}次。罗杰切换至后卫时，效果就会消失。	天墜之劍	對敵方單體造成物理傷害。使用技能後，羅傑每次攻擊最多可發動{5}次追擊。羅傑切換至後衛時，效果即會消失。	폴링 블레이드	단일 적에게 물리 대미지를 준다. 스킬 후, 로제가 공격할 때마다 최대 {5}회까지 추격을 한다. 로제가 후열로 돌아가면 효과는 사라진다
2082106440	Drive Calibur	Deals physical damage to an enemy. Damage is increased on a critical hit.	[0, 0, 0, 1415384097]	[40, 0, 40, 350]	[283120091, 149103274, 0, 0, 0, 0, 0, 0]	240	[25, 0, 0, 0, 0, 0, 0, 0, 0, 0, 0, 0, 0, 0]	0	[0, 0, 0, 0, 0, 0, 0, 0, 0, 0, 0, 0, 0, 0]	0	0	0	[2376633400, 2092790457, 1590773769, 4294967295, 4294967295, 4294967295, 3212836864, 3212836864, 299198741, 0, 0, 0, 0, 0]	ドライブキャリバー	敵単体に物理ダメージを与える。クリティカル時、ダメージが上昇する	驱动之力	对敌方单体造成物理伤害。暴击时伤害提升。	驅動之力	對敵方單體造成物理傷害。發生重擊時，傷害上升。	드라이브 칼리버	단일 적에게 물리 대미지를 준다. 크리티컬 시 대미지가 상승한다
426744388	Drive Calibur	Deals physical damage to an enemy. Damage is increased on a critical hit.	[0, 0, 0, 1415384097]	[40, 0, 40, 350]	[283120091, 149103274, 0, 0, 0, 0, 0, 0]	250	[25, 0, 0, 0, 0, 0, 0, 0, 0, 0, 0, 0, 0, 0]	0	[0, 0, 0, 0, 0, 0, 0, 0, 0, 0, 0, 0, 0, 0]	0	0	0	[2376633400, 2092790457, 1590773769, 4294967295, 4294967295, 4294967295, 3212836864, 3212836864, 1998833489, 0, 0, 0, 0, 0]	ドライブキャリバー	敵単体に物理ダメージを与える。クリティカル時、ダメージが上昇する	驱动之力	对敌方单体造成物理伤害。暴击时伤害提升。	驅動之力	對敵方單體造成物理傷害。發生重擊時，傷害上升。	드라이브 칼리버	단일 적에게 물리 대미지를 준다. 크리티컬 시 대미지가 상승한다
1852353234	Drive Calibur	Deals physical damage to an enemy. Damage is increased on a critical hit.	[0, 0, 0, 1415384097]	[40, 0, 40, 350]	[283120091, 149103274, 0, 0, 0, 0, 0, 0]	260	[25, 0, 0, 0, 0, 0, 0, 0, 0, 0, 0, 0, 0, 0]	0	[0, 0, 0, 0, 0, 0, 0, 0, 0, 0, 0, 0, 0, 0]	0	0	0	[2376633400, 2092790457, 1590773769, 4294967295, 4294967295, 4294967295, 3212836864, 3212836864, 2422727, 0, 0, 0, 0, 0]	ドライブキャリバー	敵単体に物理ダメージを与える。クリティカル時、ダメージが上昇する	驱动之力	对敌方单体造成物理伤害。暴击时伤害提升。	驅動之力	對敵方單體造成物理傷害。發生重擊時，傷害上升。	드라이브 칼리버	단일 적에게 물리 대미지를 준다. 크리티컬 시 대미지가 상승한다
267632783	Drive Calibur	Deals physical damage to an enemy. Damage is increased on a critical hit.	[0, 0, 0, 1415384097]	[40, 0, 40, 350]	[283120091, 149103274, 0, 0, 0, 0, 0, 0]	270	[25, 0, 0, 0, 0, 0, 0, 0, 0, 0, 0, 0, 0, 0]	0	[0, 0, 0, 0, 0, 0, 0, 0, 0, 0, 0, 0, 0, 0]	0	0	0	[2376633400, 2092790457, 1590773769, 4294967295, 4294967295, 4294967295, 3212836864, 3212836864, 1639947676, 0, 0, 0, 0, 0]	ドライブキャリバー	敵単体に物理ダメージを与える。クリティカル時、ダメージが上昇する	驱动之力	对敌方单体造成物理伤害。暴击时伤害提升。	驅動之力	對敵方單體造成物理傷害。發生重擊時，傷害上升。	드라이브 칼리버	단일 적에게 물리 대미지를 준다. 크리티컬 시 대미지가 상승한다
2029318169	Drive Calibur	Deals physical damage to an enemy. Damage is increased on a critical hit.	[0, 0, 0, 1415384097]	[40, 0, 40, 350]	[283120091, 149103274, 0, 0, 0, 0, 0, 0]	280	[25, 0, 0, 0, 0, 0, 0, 0, 0, 0, 0, 0, 0, 0]	0	[0, 0, 0, 0, 0, 0, 0, 0, 0, 0, 0, 0, 0, 0]	0	0	0	[2376633400, 2092790457, 1590773769, 4294967295, 4294967295, 4294967295, 3212836864, 3212836864, 381201678, 0, 0, 0, 0, 0]	ドライブキャリバー	敵単体に物理ダメージを与える。クリティカル時、ダメージが上昇する	驱动之力	对敌方单体造成物理伤害。暴击时伤害提升。	驅動之力	對敵方單體造成物理傷害。發生重擊時，傷害上升。	드라이브 칼리버	단일 적에게 물리 대미지를 준다. 크리티컬 시 대미지가 상승한다
451723790	Gram Upswing	Deals physical damage to an enemy.	[0, 0, 0, 1415384097]	[0, 0, 0, 0]	[1996326948, 1954678643, 0, 0, 0, 0, 0, 0]	90	[14, 0, 0, 0, 0, 0, 0, 0, 0, 0, 0, 0, 0, 0]	0	[0, 0, 0, 0, 0, 0, 0, 0, 0, 0, 0, 0, 0, 0]	0	0	0	[2144922043, 99998969, 1590773769, 4294967295, 4294967295, 4294967295, 3212836864, 3212836864, 0, 0, 0, 0, 0, 0]	アッパーグラム	敵単体に物理ダメージを与える	轰天重击	对敌方单体造成物理伤害。	轟天重擊	對敵方單體造成物理傷害。	어퍼 그램	단일 적에게 물리 대미지를 준다
1868926077	Gram Upswing	Deals physical damage to an enemy.	[0, 0, 0, 1415384097]	[0, 0, 0, 0]	[1996326948, 1954678643, 0, 0, 0, 0, 0, 0]	95	[14, 0, 0, 0, 0, 0, 0, 0, 0, 0, 0, 0, 0, 0]	0	[0, 0, 0, 0, 0, 0, 0, 0, 0, 0, 0, 0, 0, 0]	0	0	0	[2144922043, 99998969, 1590773769, 4294967295, 4294967295, 4294967295, 3212836864, 3212836864, 0, 0, 0, 0, 0, 0]	アッパーグラム	敵単体に物理ダメージを与える	轰天重击	对敌方单体造成物理伤害。	轟天重擊	對敵方單體造成物理傷害。	어퍼 그램	단일 적에게 물리 대미지를 준다
409124075	Gram Upswing	Deals physical damage to an enemy.	[0, 0, 0, 1415384097]	[0, 0, 0, 0]	[1996326948, 1954678643, 0, 0, 0, 0, 0, 0]	100	[14, 0, 0, 0, 0, 0, 0, 0, 0, 0, 0, 0, 0, 0]	0	[0, 0, 0, 0, 0, 0, 0, 0, 0, 0, 0, 0, 0, 0]	0	0	0	[2144922043, 99998969, 1590773769, 4294967295, 4294967295, 4294967295, 3212836864, 3212836864, 0, 0, 0, 0, 0, 0]	アッパーグラム	敵単体に物理ダメージを与える	轰天重击	对敌方单体造成物理伤害。	轟天重擊	對敵方單體造成物理傷害。	어퍼 그램	단일 적에게 물리 대미지를 준다
2046416568	Gram Upswing	Deals physical damage to an enemy.	[0, 0, 0, 1415384097]	[0, 0, 0, 0]	[1996326948, 1954678643, 0, 0, 0, 0, 0, 0]	105	[14, 0, 0, 0, 0, 0, 0, 0, 0, 0, 0, 0, 0, 0]	0	[0, 0, 0, 0, 0, 0, 0, 0, 0, 0, 0, 0, 0, 0]	0	0	0	[2144922043, 99998969, 1590773769, 4294967295, 4294967295, 4294967295, 3212836864, 3212836864, 0, 0, 0, 0, 0, 0]	アッパーグラム	敵単体に物理ダメージを与える	轰天重击	对敌方单体造成物理伤害。	轟天重擊	對敵方單體造成物理傷害。	어퍼 그램	단일 적에게 물리 대미지를 준다
251586082	Gram Upswing	Deals physical damage to an enemy.	[0, 0, 0, 1415384097]	[0, 0, 0, 0]	[1996326948, 1954678643, 0, 0, 0, 0, 0, 0]	110	[14, 0, 0, 0, 0, 0, 0, 0, 0, 0, 0, 0, 0, 0]	0	[0, 0, 0, 0, 0, 0, 0, 0, 0, 0, 0, 0, 0, 0]	0	0	0	[2144922043, 99998969, 1590773769, 4294967295, 4294967295, 4294967295, 3212836864, 3212836864, 0, 0, 0, 0, 0, 0]	アッパーグラム	敵単体に物理ダメージを与える	轰天重击	对敌方单体造成物理伤害。	轟天重擊	對敵方單體造成物理傷害。	어퍼 그램	단일 적에게 물리 대미지를 준다
1844179612	Brionac Raid	Deals physical damage to an enemy.	[0, 0, 0, 1415384097]	[0, 0, 0, 0]	[1217177628, 376576507, 0, 0, 0, 0, 0, 0]	130	[23, 0, 0, 0, 0, 0, 0, 0, 0, 0, 0, 0, 0, 0]	0	[0, 0, 0, 0, 0, 0, 0, 0, 0, 0, 0, 0, 0, 0]	0	0	0	[1197247885, 1444044193, 1590773769, 4294967295, 4294967295, 4294967295, 3212836864, 3212836864, 0, 0, 0, 0, 0, 0]	ブリューナクレイド	敵単体に物理ダメージを与える	圣枪突袭	对敌方单体造成物理伤害。	聖槍突襲	對敵方單體造成物理傷害。	브류나크 레이드	단일 적에게 물리 대미지를 준다
673584360	Brionac Raid	Deals physical damage to an enemy.	[0, 0, 0, 1415384097]	[0, 0, 0, 0]	[1217177628, 376576507, 0, 0, 0, 0, 0, 0]	140	[23, 0, 0, 0, 0, 0, 0, 0, 0, 0, 0, 0, 0, 0]	0	[0, 0, 0, 0, 0, 0, 0, 0, 0, 0, 0, 0, 0, 0]	0	0	0	[1197247885, 1444044193, 1590773769, 4294967295, 4294967295, 4294967295, 3212836864, 3212836864, 0, 0, 0, 0, 0, 0]	ブリューナクレイド	敵単体に物理ダメージを与える	圣枪突袭	对敌方单体造成物理伤害。	聖槍突襲	對敵方單體造成物理傷害。	브류나크 레이드	단일 적에게 물리 대미지를 준다
1596007538	Brionac Raid	Deals physical damage to an enemy.	[0, 0, 0, 1415384097]	[0, 0, 0, 0]	[1217177628, 376576507, 0, 0, 0, 0, 0, 0]	150	[23, 0, 0, 0, 0, 0, 0, 0, 0, 0, 0, 0, 0, 0]	0	[0, 0, 0, 0, 0, 0, 0, 0, 0, 0, 0, 0, 0, 0]	0	0	0	[1197247885, 1444044193, 1590773769, 4294967295, 4294967295, 4294967295, 3212836864, 3212836864, 0, 0, 0, 0, 0, 0]	ブリューナクレイド	敵単体に物理ダメージを与える	圣枪突袭	对敌方单体造成物理伤害。	聖槍突襲	對敵方單體造成物理傷害。	브류나크 레이드	단일 적에게 물리 대미지를 준다
1052397101	Brionac Raid	Deals physical damage to an enemy.	[0, 0, 0, 1415384097]	[0, 0, 0, 0]	[1217177628, 376576507, 0, 0, 0, 0, 0, 0]	160	[23, 0, 0, 0, 0, 0, 0, 0, 0, 0, 0, 0, 0, 0]	0	[0, 0, 0, 0, 0, 0, 0, 0, 0, 0, 0, 0, 0, 0]	0	0	0	[1197247885, 1444044193, 1590773769, 4294967295, 4294967295, 4294967295, 3212836864, 3212836864, 0, 0, 0, 0, 0, 0]	ブリューナクレイド	敵単体に物理ダメージを与える	圣枪突袭	对敌方单体造成物理伤害。	聖槍突襲	對敵方單體造成物理傷害。	브류나크 레이드	단일 적에게 물리 대미지를 준다
1237155515	Brionac Raid	Deals physical damage to an enemy.	[0, 0, 0, 1415384097]	[0, 0, 0, 0]	[1217177628, 376576507, 0, 0, 0, 0, 0, 0]	170	[23, 0, 0, 0, 0, 0, 0, 0, 0, 0, 0, 0, 0, 0]	0	[0, 0, 0, 0, 0, 0, 0, 0, 0, 0, 0, 0, 0, 0]	0	0	0	[1197247885, 1444044193, 1590773769, 4294967295, 4294967295, 4294967295, 3212836864, 3212836864, 0, 0, 0, 0, 0, 0]	ブリューナクレイド	敵単体に物理ダメージを与える	圣枪突袭	对敌方单体造成物理伤害。	聖槍突襲	對敵方單體造成物理傷害。	브류나크 레이드	단일 적에게 물리 대미지를 준다
44765429	Mana Extinguisher	Deals physical damage to an enemy.	[0, 0, 0, 1415384097]	[0, 0, 0, 0]	[613131042, 1088859405, 0, 0, 0, 0, 0, 0]	380	[62, 0, 0, 0, 0, 0, 0, 0, 0, 0, 0, 0, 0, 0]	0	[0, 0, 0, 0, 0, 0, 0, 0, 0, 0, 0, 0, 0, 0]	8	0	0	[3101413312, 458641283, 1590773769, 4294967295, 4294967295, 4294967295, 3212836864, 3212836864, 0, 0, 0, 0, 0, 0]	マナを断絶するもの	敵単体に物理ダメージを与える	断绝玛那之物	对敌方单体造成物理伤害。	斷絕瑪那者	對敵方單體造成物理傷害。	마나를 단절하는 것	단일 적에게 물리 대미지를 준다
503357707	Mana Extinguisher	Deals physical damage to an enemy.	[0, 0, 0, 1415384097]	[0, 0, 0, 0]	[613131042, 1088859405, 0, 0, 0, 0, 0, 0]	390	[62, 0, 0, 0, 0, 0, 0, 0, 0, 0, 0, 0, 0, 0]	0	[0, 0, 0, 0, 0, 0, 0, 0, 0, 0, 0, 0, 0, 0]	8	0	0	[3101413312, 458641283, 1590773769, 4294967295, 4294967295, 4294967295, 3212836864, 3212836864, 0, 0, 0, 0, 0, 0]	マナを断絶するもの	敵単体に物理ダメージを与える	断绝玛那之物	对敌方单体造成物理伤害。	斷絕瑪那者	對敵方單體造成物理傷害。	마나를 단절하는 것	단일 적에게 물리 대미지를 준다
1762103709	Mana Extinguisher	Deals physical damage to an enemy.	[0, 0, 0, 1415384097]	[0, 0, 0, 0]	[613131042, 1088859405, 0, 0, 0, 0, 0, 0]	400	[62, 0, 0, 0, 0, 0, 0, 0, 0, 0, 0, 0, 0, 0]	0	[0, 0, 0, 0, 0, 0, 0, 0, 0, 0, 0, 0, 0, 0]	8	0	0	[3101413312, 458641283, 1590773769, 4294967295, 4294967295, 4294967295, 3212836864, 3212836864, 0, 0, 0, 0, 0, 0]	マナを断絶するもの	敵単体に物理ダメージを与える	断绝玛那之物	对敌方单体造成物理伤害。	斷絕瑪那者	對敵方單體造成物理傷害。	마나를 단절하는 것	단일 적에게 물리 대미지를 준다
144505792	Mana Extinguisher	Deals physical damage to an enemy.	[0, 0, 0, 1415384097]	[0, 0, 0, 0]	[613131042, 1088859405, 0, 0, 0, 0, 0, 0]	420	[62, 0, 0, 0, 0, 0, 0, 0, 0, 0, 0, 0, 0, 0]	0	[0, 0, 0, 0, 0, 0, 0, 0, 0, 0, 0, 0, 0, 0]	8	0	0	[3101413312, 458641283, 1590773769, 4294967295, 4294967295, 4294967295, 3212836864, 3212836864, 0, 0, 0, 0, 0, 0]	マナを断絶するもの	敵単体に物理ダメージを与える	断绝玛那之物	对敌方单体造成物理伤害。	斷絕瑪那者	對敵方單體造成物理傷害。	마나를 단절하는 것	단일 적에게 물리 대미지를 준다
2140916566	Mana Extinguisher	Deals physical damage to an enemy.	[0, 0, 0, 1415384097]	[0, 0, 0, 0]	[613131042, 1088859405, 0, 0, 0, 0, 0, 0]	430	[62, 0, 0, 0, 0, 0, 0, 0, 0, 0, 0, 0, 0, 0]	0	[0, 0, 0, 0, 0, 0, 0, 0, 0, 0, 0, 0, 0, 0]	8	0	0	[3101413312, 458641283, 1590773769, 4294967295, 4294967295, 4294967295, 3212836864, 3212836864, 0, 0, 0, 0, 0, 0]	マナを断絶するもの	敵単体に物理ダメージを与える	断绝玛那之物	对敌方单体造成物理伤害。	斷絕瑪那者	對敵方單體造成物理傷害。	마나를 단절하는 것	단일 적에게 물리 대미지를 준다
1139304882	Normal Attack	Deals physical damage to an enemy. Gain AP when attacking.	[0, 0, 0, 1415384097]	[0, 7, 5, 130]	[1099133366, 120165099, 0, 0, 0, 0, 0, 0]	70	[3, 0, 0, 0, 0, 0, 0, 0, 0, 0, 0, 0, 0, 0]	0	[0, 0, 0, 0, 0, 0, 0, 0, 0, 0, 0, 0, 0, 0]	0	0	0	[1463353902, 1646263043, 1590773769, 4294967295, 4294967295, 4294967295, 3212836864, 3212836864, 0, 0, 0, 0, 0, 0]	通常攻撃	敵単体に物理ダメージを与える。攻撃時、ＡＰを獲得する	普通攻击	对敌方单体造成物理伤害。攻击时，获得AP。	普通攻擊	對敵方單體造成物理傷害。攻擊時，獲得AP。	통상공격	단일 적에게 물리 대미지를 준다.공격 시 AP를 획득한다
622774264	Normal Attack	Deals physical damage to an enemy. Gain AP when attacking.	[0, 0, 0, 1415384097]	[0, 10, 5, 130]	[664725577, 2068363056, 0, 0, 0, 0, 0, 0]	80	[7, 0, 0, 0, 0, 0, 0, 0, 0, 0, 0, 0, 0, 0]	0	[0, 0, 0, 0, 0, 0, 0, 0, 0, 0, 0, 0, 0, 0]	0	0	0	[1874683420, 838367835, 1590773769, 4294967295, 4294967295, 4294967295, 3212836864, 3212836864, 0, 0, 0, 0, 0, 0]	通常攻撃	敵単体に物理ダメージを与える。攻撃時、ＡＰを獲得する	普通攻击	对敌方单体造成物理伤害。攻击时，获得AP。	普通攻擊	對敵方單體造成物理傷害。攻擊時，獲得AP。	통상공격	단일 적에게 물리 대미지를 준다.공격 시 AP를 획득한다
1377433442	Normal Attack	Deals physical damage to an enemy. Gain AP when attacking.	[0, 0, 0, 1415384097]	[0, 14, 5, 130]	[435144823, 431532474, 0, 0, 0, 0, 0, 0]	90	[11, 0, 0, 0, 0, 0, 0, 0, 0, 0, 0, 0, 0, 0]	0	[0, 0, 0, 0, 0, 0, 0, 0, 0, 0, 0, 0, 0, 0]	0	0	0	[3654170046, 976160332, 1590773769, 4294967295, 4294967295, 4294967295, 3212836864, 3212836864, 0, 0, 0, 0, 0, 0]	通常攻撃	敵単体に物理ダメージを与える。攻撃時、ＡＰを獲得する	普通攻击	对敌方单体造成物理伤害。攻击时，获得AP。	普通攻擊	對敵方單體造成物理傷害。攻擊時，獲得AP。	통상공격	단일 적에게 물리 대미지를 준다.공격 시 AP를 획득한다
1341984396	Heal Sphere	Restores HP to all allies.	[0, 0, 0, 1883795445]	[10, 0, 10, 180]	[391228954, 0, 0, 0, 0, 0, 0, 0]	10	[0, 0, 0, 0, 0, 0, 0, 0, 0, 0, 0, 0, 0, 0]	0	[0, 0, 0, 0, 0, 0, 0, 0, 0, 0, 0, 0, 0, 0]	0	0	0	[530251173, 2137027439, 1590773769, 4294967295, 4294967295, 4294967295, 3212836864, 3212836864, 0, 0, 0, 0, 0, 0]	ヒールスフィア	味方全員のＨＰを回復する	治愈之球	恢复我方全体HP。	治癒之球	回復我方全體的HP。	힐 스피어	모든 아군의 HP를 회복한다
1183899708	Heal Sphere	Restores HP to all allies.	[0, 0, 0, 1883795445]	[10, 0, 10, 180]	[391228954, 0, 0, 0, 0, 0, 0, 0]	15	[0, 0, 0, 0, 0, 0, 0, 0, 0, 0, 0, 0, 0, 0]	0	[0, 0, 0, 0, 0, 0, 0, 0, 0, 0, 0, 0, 0, 0]	0	0	0	[530251173, 2137027439, 1590773769, 4294967295, 4294967295, 4294967295, 3212836864, 3212836864, 0, 0, 0, 0, 0, 0]	ヒールスフィア	味方全員のＨＰを回復する	治愈之球	恢复我方全体HP。	治癒之球	回復我方全體的HP。	힐 스피어	모든 아군의 HP를 회복한다
832032938	Heal Sphere	Restores HP to all allies.	[0, 0, 0, 1883795445]	[10, 0, 10, 180]	[391228954, 0, 0, 0, 0, 0, 0, 0]	20	[0, 0, 0, 0, 0, 0, 0, 0, 0, 0, 0, 0, 0, 0]	0	[0, 0, 0, 0, 0, 0, 0, 0, 0, 0, 0, 0, 0, 0]	0	0	0	[530251173, 2137027439, 1590773769, 4294967295, 4294967295, 4294967295, 3212836864, 3212836864, 0, 0, 0, 0, 0, 0]	ヒールスフィア	味方全員のＨＰを回復する	治愈之球	恢复我方全体HP。	治癒之球	回復我方全體的HP。	힐 스피어	모든 아군의 HP를 회복한다
1343011575	Heal Sphere	Restores HP to all allies.	[0, 0, 0, 1883795445]	[10, 0, 10, 180]	[391228954, 0, 0, 0, 0, 0, 0, 0]	25	[0, 0, 0, 0, 0, 0, 0, 0, 0, 0, 0, 0, 0, 0]	0	[0, 0, 0, 0, 0, 0, 0, 0, 0, 0, 0, 0, 0, 0]	0	0	0	[530251173, 2137027439, 1590773769, 4294967295, 4294967295, 4294967295, 3212836864, 3212836864, 0, 0, 0, 0, 0, 0]	ヒールスフィア	味方全員のＨＰを回復する	治愈之球	恢复我方全体HP。	治癒之球	回復我方全體的HP。	힐 스피어	모든 아군의 HP를 회복한다
655067745	Heal Sphere	Restores HP to all allies.	[0, 0, 0, 1883795445]	[10, 0, 10, 180]	[391228954, 0, 0, 0, 0, 0, 0, 0]	30	[0, 0, 0, 0, 0, 0, 0, 0, 0, 0, 0, 0, 0, 0]	0	[0, 0, 0, 0, 0, 0, 0, 0, 0, 0, 0, 0, 0, 0]	0	0	0	[530251173, 2137027439, 1590773769, 4294967295, 4294967295, 4294967295, 3212836864, 3212836864, 0, 0, 0, 0, 0, 0]	ヒールスフィア	味方全員のＨＰを回復する	治愈之球	恢复我方全体HP。	治癒之球	回復我方全體的HP。	힐 스피어	모든 아군의 HP를 회복한다
688627918	Sheer Cold	Deals ice and air damage to an enemy . Reduces the target's Ice Res by {3}% and Air Res by {7}%. Also delays the target's turn order by 1.	[0, 0, 0, 1415384097]	[20, 0, 20, 225]	[1693740902, 1837571062, 0, 0, 0, 0, 0, 0]	130	[50, 0, 0, 0, 0, 0, 0, 0, 0, 0, 0, 0, 0, 0]	0	[0, 0, 0, 0, 0, 0, 0, 0, 0, 0, 0, 0, 0, 0]	0	0	0	[1649033686, 99927609, 1590773769, 4294967295, 4294967295, 4294967295, 3212836864, 3212836864, 160065981, 1445677127, 1315178997, 0, 0, 0]	フリーズシア	敵単体に氷・風ダメージを与え、対象の氷耐性を{3}％、風耐性を{7}％低下させる。さらに対象の行動順を1つ遅らせる	清澄冰结	对敌方单体造成冰、风伤害，目标的冰耐性下降{3}%、风耐性下降{7}%。同时使目标的行动顺序延后1位。	清澄冰結	對敵方單體造成冰、風傷害，並使目標的冰耐性下降{3}%、風耐性下降{7}%。另外，使目標的行動順序延後1位。	프리즈 시어	단일 적에게 빙ㆍ풍 대미지를 주고 대상의 빙내성을 {3}%, 풍내성을 {7}% 저하시킨다. 추가로 대상의 행동순서를 하나 늦춘다
19962604	Sheer Cold	Deals ice and air damage to an enemy . Reduces the target's Ice Res by {3}% and Air Res by {7}%. Also delays the target's turn order by 1.	[0, 0, 0, 1415384097]	[20, 0, 20, 225]	[1693740902, 1837571062, 0, 0, 0, 0, 0, 0]	140	[50, 0, 0, 0, 0, 0, 0, 0, 0, 0, 0, 0, 0, 0]	0	[0, 0, 0, 0, 0, 0, 0, 0, 0, 0, 0, 0, 0, 0]	0	0	0	[1649033686, 99927609, 1590773769, 4294967295, 4294967295, 4294967295, 3212836864, 3212836864, 1870448633, 294335127, 163869477, 0, 0, 0]	フリーズシア	敵単体に氷・風ダメージを与え、対象の氷耐性を{3}％、風耐性を{7}％低下させる。さらに対象の行動順を1つ遅らせる	清澄冰结	对敌方单体造成冰、风伤害，目标的冰耐性下降{3}%、风耐性下降{7}%。同时使目标的行动顺序延后1位。	清澄冰結	對敵方單體造成冰、風傷害，並使目標的冰耐性下降{3}%、風耐性下降{7}%。另外，使目標的行動順序延後1位。	프리즈 시어	단일 적에게 빙ㆍ풍 대미지를 주고 대상의 빙내성을 {3}%, 풍내성을 {7}% 저하시킨다. 추가로 대상의 행동순서를 하나 늦춘다
1983359610	Sheer Cold	Deals ice and air damage to an enemy . Reduces the target's Ice Res by {3}% and Air Res by {7}%. Also delays the target's turn order by 1.	[0, 0, 0, 1415384097]	[20, 0, 20, 225]	[1693740902, 1837571062, 0, 0, 0, 0, 0, 0]	150	[50, 0, 0, 0, 0, 0, 0, 0, 0, 0, 0, 0, 0, 0]	0	[0, 0, 0, 0, 0, 0, 0, 0, 0, 0, 0, 0, 0, 0]	0	0	0	[1649033686, 99927609, 1590773769, 4294967295, 4294967295, 4294967295, 3212836864, 3212836864, 410777455, 753605415, 883186325, 0, 0, 0]	フリーズシア	敵単体に氷・風ダメージを与え、対象の氷耐性を{3}％、風耐性を{7}％低下させる。さらに対象の行動順を1つ遅らせる	清澄冰结	对敌方单体造成冰、风伤害，目标的冰耐性下降{3}%、风耐性下降{7}%。同时使目标的行动顺序延后1位。	清澄冰結	對敵方單體造成冰、風傷害，並使目標的冰耐性下降{3}%、風耐性下降{7}%。另外，使目標的行動順序延後1位。	프리즈 시어	단일 적에게 빙ㆍ풍 대미지를 주고 대상의 빙내성을 {3}%, 풍내성을 {7}% 저하시킨다. 추가로 대상의 행동순서를 하나 늦춘다
397197351	Sheer Cold	Deals ice and air damage to an enemy . Reduces the target's Ice Res by {3}% and Air Res by {7}%. Also delays the target's turn order by 1.	[0, 0, 0, 1415384097]	[20, 0, 20, 225]	[1693740902, 1837571062, 0, 0, 0, 0, 0, 0]	160	[50, 0, 0, 0, 0, 0, 0, 0, 0, 0, 0, 0, 0, 0]	0	[0, 0, 0, 0, 0, 0, 0, 0, 0, 0, 0, 0, 0, 0]	0	0	0	[1649033686, 99927609, 1590773769, 4294967295, 4294967295, 4294967295, 3212836864, 3212836864, 2044763444, 1630812361, 2038135163, 0, 0, 0]	フリーズシア	敵単体に氷・風ダメージを与え、対象の氷耐性を{3}％、風耐性を{7}％低下させる。さらに対象の行動順を1つ遅らせる	清澄冰结	对敌方单体造成冰、风伤害，目标的冰耐性下降{3}%、风耐性下降{7}%。同时使目标的行动顺序延后1位。	清澄冰結	對敵方單體造成冰、風傷害，並使目標的冰耐性下降{3}%、風耐性下降{7}%。另外，使目標的行動順序延後1位。	프리즈 시어	단일 적에게 빙ㆍ풍 대미지를 주고 대상의 빙내성을 {3}%, 풍내성을 {7}% 저하시킨다. 추가로 대상의 행동순서를 하나 늦춘다
1621881009	Sheer Cold	Deals ice and air damage to an enemy . Reduces the target's Ice Res by {3}% and Air Res by {7}%. Also delays the target's turn order by 1.	[0, 0, 0, 1415384097]	[20, 0, 20, 225]	[1693740902, 1837571062, 0, 0, 0, 0, 0, 0]	170	[50, 0, 0, 0, 0, 0, 0, 0, 0, 0, 0, 0, 0, 0]	0	[0, 0, 0, 0, 0, 0, 0, 0, 0, 0, 0, 0, 0, 0]	0	0	0	[1649033686, 99927609, 1590773769, 4294967295, 4294967295, 4294967295, 3212836864, 3212836864, 250064294, 1549013369, 1142640843, 0, 0, 0]	フリーズシア	敵単体に氷・風ダメージを与え、対象の氷耐性を{3}％、風耐性を{7}％低下させる。さらに対象の行動順を1つ遅らせる	清澄冰结	对敌方单体造成冰、风伤害，目标的冰耐性下降{3}%、风耐性下降{7}%。同时使目标的行动顺序延后1位。	清澄冰結	對敵方單體造成冰、風傷害，並使目標的冰耐性下降{3}%、風耐性下降{7}%。另外，使目標的行動順序延後1位。	프리즈 시어	단일 적에게 빙ㆍ풍 대미지를 주고 대상의 빙내성을 {3}%, 풍내성을 {7}% 저하시킨다. 추가로 대상의 행동순서를 하나 늦춘다
1577881688	Duplicate	Use an item without lowering its use count. It will have {3}% less power and recovery than normal.	[0, 0, 0, 1306449111]	[20, 0, 20, 250]	[1557501428, 0, 0, 0, 0, 0, 0, 0]	0	[0, 0, 0, 0, 0, 0, 0, 0, 0, 0, 0, 0, 0, 0]	0	[0, 0, 0, 0, 0, 0, 0, 0, 0, 0, 0, 0, 0, 0]	0	0	0	[1523459556, 1444104033, 1590773769, 4294967295, 4294967295, 4294967295, 3212836864, 3212836864, 887767053, 0, 0, 0, 0, 0]	デュプリケイト	使用回数を消費せずにアイテムを使用する。威力と回復量は本来の{3}％分減衰して発動する	复制	无需消耗使用次数即可使用道具，但发动时道具威力与恢复量会下降{3}%。	複製	使用道具時無須消耗使用次數。但發動時威力及回復量將減少原本的{3}%。	듀플리케이트	사용횟수를 소비하지 않고 아이템을 사용한다.위력과 회복량은 본래의 {3}%만큼 감쇠되어 발동한다
1011921756	Duplicate	Use an item without lowering its use count. It will have {3}% less power and recovery than normal.	[0, 0, 0, 1306449111]	[20, 0, 20, 250]	[1557501428, 0, 0, 0, 0, 0, 0, 0]	0	[0, 0, 0, 0, 0, 0, 0, 0, 0, 0, 0, 0, 0, 0]	0	[0, 0, 0, 0, 0, 0, 0, 0, 0, 0, 0, 0, 0, 0]	0	0	0	[1523459556, 1444104033, 1590773769, 4294967295, 4294967295, 4294967295, 3212836864, 3212836864, 1377627721, 0, 0, 0, 0, 0]	デュプリケイト	使用回数を消費せずにアイテムを使用する。威力と回復量は本来の{3}％分減衰して発動する	复制	无需消耗使用次数即可使用道具，但发动时道具威力与恢复量会下降{3}%。	複製	使用道具時無須消耗使用次數。但發動時威力及回復量將減少原本的{3}%。	듀플리케이트	사용횟수를 소비하지 않고 아이템을 사용한다.위력과 회복량은 본래의 {3}%만큼 감쇠되어 발동한다
1264026570	Duplicate	Use an item without lowering its use count. It will have {3}% less power and recovery than normal.	[0, 0, 0, 1306449111]	[20, 0, 20, 250]	[1557501428, 0, 0, 0, 0, 0, 0, 0]	0	[0, 0, 0, 0, 0, 0, 0, 0, 0, 0, 0, 0, 0, 0]	0	[0, 0, 0, 0, 0, 0, 0, 0, 0, 0, 0, 0, 0, 0]	0	0	0	[1523459556, 1444104033, 1590773769, 4294967295, 4294967295, 4294967295, 3212836864, 3212836864, 622583519, 0, 0, 0, 0, 0]	デュプリケイト	使用回数を消費せずにアイテムを使用する。威力と回復量は本来の{3}％分減衰して発動する	复制	无需消耗使用次数即可使用道具，但发动时道具威力与恢复量会下降{3}%。	複製	使用道具時無須消耗使用次數。但發動時威力及回復量將減少原本的{3}%。	듀플리케이트	사용횟수를 소비하지 않고 아이템을 사용한다.위력과 회복량은 본래의 {3}%만큼 감쇠되어 발동한다
718072215	Duplicate	Use an item without lowering its use count. It will have {3}% less power and recovery than normal.	[0, 0, 0, 1306449111]	[20, 0, 20, 250]	[1557501428, 0, 0, 0, 0, 0, 0, 0]	0	[0, 0, 0, 0, 0, 0, 0, 0, 0, 0, 0, 0, 0, 0]	0	[0, 0, 0, 0, 0, 0, 0, 0, 0, 0, 0, 0, 0, 0]	0	0	0	[1523459556, 1444104033, 1590773769, 4294967295, 4294967295, 4294967295, 3212836864, 3212836864, 1149285508, 0, 0, 0, 0, 0]	デュプリケイト	使用回数を消費せずにアイテムを使用する。威力と回復量は本来の{3}％分減衰して発動する	复制	无需消耗使用次数即可使用道具，但发动时道具威力与恢复量会下降{3}%。	複製	使用道具時無須消耗使用次數。但發動時威力及回復量將減少原本的{3}%。	듀플리케이트	사용횟수를 소비하지 않고 아이템을 사용한다.위력과 회복량은 본래의 {3}%만큼 감쇠되어 발동한다
1573640449	Duplicate	Use an item without lowering its use count. It will have {3}% less power and recovery than normal.	[0, 0, 0, 1306449111]	[20, 0, 20, 250]	[1557501428, 0, 0, 0, 0, 0, 0, 0]	0	[0, 0, 0, 0, 0, 0, 0, 0, 0, 0, 0, 0, 0, 0]	0	[0, 0, 0, 0, 0, 0, 0, 0, 0, 0, 0, 0, 0, 0]	0	0	0	[1523459556, 1444104033, 1590773769, 4294967295, 4294967295, 4294967295, 3212836864, 3212836864, 864519190, 0, 0, 0, 0, 0]	デュプリケイト	使用回数を消費せずにアイテムを使用する。威力と回復量は本来の{3}％分減衰して発動する	复制	无需消耗使用次数即可使用道具，但发动时道具威力与恢复量会下降{3}%。	複製	使用道具時無須消耗使用次數。但發動時威力及回復量將減少原本的{3}%。	듀플리케이트	사용횟수를 소비하지 않고 아이템을 사용한다.위력과 회복량은 본래의 {3}%만큼 감쇠되어 발동한다
1066924549	Gaia Drive	Deals fire and bolt damage to an enemy. Reduces the target's Fire Res by {3}% and Bolt Res by {7}%. Also removes the target's buff effects.	[0, 0, 0, 1415384097]	[25, 0, 25, 275]	[1941854937, 1790619580, 0, 0, 0, 0, 0, 0]	130	[50, 0, 0, 0, 0, 0, 0, 0, 0, 0, 0, 0, 0, 0]	0	[0, 0, 0, 0, 0, 0, 0, 0, 0, 0, 0, 0, 0, 0]	0	0	0	[3971839558, 1573141366, 1590773769, 4294967295, 4294967295, 4294967295, 3212836864, 3212836864, 2033542115, 1016647417, 1966822409, 0, 0, 0]	ガイアドライブ	敵単体に火・雷ダメージを与え、対象の火耐性を{3}％、雷耐性を{7}％低下させる。さらに、対象のバフ効果を解除する	大地之力	对敌方单体造成火、雷伤害，目标的火耐性下降{3}%、雷耐性下降{7}%。同时解除目标的增益效果。	大地之力	對敵方單體造成火、雷傷害，並使目標的火耐性下降{3}%、雷耐性下降{7}%。另外，解除目標的增益效果。	가이아 드라이브	단일 적에게 화ㆍ뇌 대미지를 주고 대상의 화내성을 {3}%, 뇌내성을 {7}% 저하시킨다. 추가로 대상의 강화 효과를 해제한다
1905234100	Gaia Drive	Deals fire and bolt damage to an enemy. Reduces the target's Fire Res by {3}% and Bolt Res by {7}%. Also removes the target's buff effects.	[0, 0, 0, 1415384097]	[25, 0, 25, 275]	[1941854937, 1790619580, 0, 0, 0, 0, 0, 0]	140	[50, 0, 0, 0, 0, 0, 0, 0, 0, 0, 0, 0, 0, 0]	0	[0, 0, 0, 0, 0, 0, 0, 0, 0, 0, 0, 0, 0, 0]	0	0	0	[3971839558, 1573141366, 1590773769, 4294967295, 4294967295, 4294967295, 3212836864, 3212836864, 532925863, 2067313705, 849030873, 0, 0, 0]	ガイアドライブ	敵単体に火・雷ダメージを与え、対象の火耐性を{3}％、雷耐性を{7}％低下させる。さらに、対象のバフ効果を解除する	大地之力	对敌方单体造成火、雷伤害，目标的火耐性下降{3}%、雷耐性下降{7}%。同时解除目标的增益效果。	大地之力	對敵方單體造成火、雷傷害，並使目標的火耐性下降{3}%、雷耐性下降{7}%。另外，解除目標的增益效果。	가이아 드라이브	단일 적에게 화ㆍ뇌 대미지를 주고 대상의 화내성을 {3}%, 뇌내성을 {7}% 저하시킨다. 추가로 대상의 강화 효과를 해제한다
109617190	Gaia Drive	Deals fire and bolt damage to an enemy. Reduces the target's Fire Res by {3}% and Bolt Res by {7}%. Also removes the target's buff effects.	[0, 0, 0, 1415384097]	[25, 0, 25, 275]	[1941854937, 1790619580, 0, 0, 0, 0, 0, 0]	150	[50, 0, 0, 0, 0, 0, 0, 0, 0, 0, 0, 0, 0, 0]	0	[0, 0, 0, 0, 0, 0, 0, 0, 0, 0, 0, 0, 0, 0]	0	0	0	[3971839558, 1573141366, 1590773769, 4294967295, 4294967295, 4294967295, 3212836864, 3212836864, 1757740337, 1180212633, 268109673, 0, 0, 0]	ガイアドライブ	敵単体に火・雷ダメージを与え、対象の火耐性を{3}％、雷耐性を{7}％低下させる。さらに、対象のバフ効果を解除する	大地之力	对敌方单体造成火、雷伤害，目标的火耐性下降{3}%、雷耐性下降{7}%。同时解除目标的增益效果。	大地之力	對敵方單體造成火、雷傷害，並使目標的火耐性下降{3}%、雷耐性下降{7}%。另外，解除目標的增益效果。	가이아 드라이브	단일 적에게 화ㆍ뇌 대미지를 주고 대상의 화내성을 {3}%, 뇌내성을 {7}% 저하시킨다. 추가로 대상의 강화 효과를 해제한다
1729350265	Gaia Drive	Deals fire and bolt damage to an enemy. Reduces the target's Fire Res by {3}% and Bolt Res by {7}%. Also removes the target's buff effects.	[0, 0, 0, 1415384097]	[25, 0, 25, 275]	[1941854937, 1790619580, 0, 0, 0, 0, 0, 0]	160	[50, 0, 0, 0, 0, 0, 0, 0, 0, 0, 0, 0, 0, 0]	0	[0, 0, 0, 0, 0, 0, 0, 0, 0, 0, 0, 0, 0, 0]	0	0	0	[3971839558, 1573141366, 1590773769, 4294967295, 4294967295, 4294967295, 3212836864, 3212836864, 157259628, 193445495, 1109664903, 0, 0, 0]	ガイアドライブ	敵単体に火・雷ダメージを与え、対象の火耐性を{3}％、雷耐性を{7}％低下させる。さらに、対象のバフ効果を解除する	大地之力	对敌方单体造成火、雷伤害，目标的火耐性下降{3}%、雷耐性下降{7}%。同时解除目标的增益效果。	大地之力	對敵方單體造成火、雷傷害，並使目標的火耐性下降{3}%、雷耐性下降{7}%。另外，解除目標的增益效果。	가이아 드라이브	단일 적에게 화ㆍ뇌 대미지를 주고 대상의 화내성을 {3}%, 뇌내성을 {7}% 저하시킨다. 추가로 대상의 강화 효과를 해제한다
269810415	Gaia Drive	Deals fire and bolt damage to an enemy. Reduces the target's Fire Res by {3}% and Bolt Res by {7}%. Also removes the target's buff effects.	[0, 0, 0, 1415384097]	[25, 0, 25, 275]	[1941854937, 1790619580, 0, 0, 0, 0, 0, 0]	170	[50, 0, 0, 0, 0, 0, 0, 0, 0, 0, 0, 0, 0, 0]	0	[0, 0, 0, 0, 0, 0, 0, 0, 0, 0, 0, 0, 0, 0]	0	0	0	[3971839558, 1573141366, 1590773769, 4294967295, 4294967295, 4294967295, 3212836864, 3212836864, 2119739386, 921147335, 2135166263, 0, 0, 0]	ガイアドライブ	敵単体に火・雷ダメージを与え、対象の火耐性を{3}％、雷耐性を{7}％低下させる。さらに、対象のバフ効果を解除する	大地之力	对敌方单体造成火、雷伤害，目标的火耐性下降{3}%、雷耐性下降{7}%。同时解除目标的增益效果。	大地之力	對敵方單體造成火、雷傷害，並使目標的火耐性下降{3}%、雷耐性下降{7}%。另外，解除目標的增益效果。	가이아 드라이브	단일 적에게 화ㆍ뇌 대미지를 주고 대상의 화내성을 {3}%, 뇌내성을 {7}% 저하시킨다. 추가로 대상의 강화 효과를 해제한다
1217448595	Chim Dive	Deals magic damage to an enemy and removes {3} random debuff effect(s) from an ally.	[0, 0, 0, 1415384097]	[35, 0, 35, 350]	[1305443047, 139112758, 0, 0, 0, 0, 0, 0]	200	[86, 0, 0, 0, 0, 0, 0, 0, 0, 0, 0, 0, 0, 0]	0	[0, 0, 0, 0, 0, 0, 0, 0, 0, 0, 0, 0, 0, 0]	0	0	0	[3193328471, 372897341, 1590773769, 4294967295, 4294967295, 4294967295, 3212836864, 3212836864, 1869091206, 0, 0, 0, 0, 0]	ちむダイブ	敵単体に魔法ダメージを与え、味方のデバフ効果を{3}つランダムで解除する	小姆俯冲	对敌方单体造成魔法伤害，并随机解除{3}个我方的减益效果。	小姆俯衝	對敵方單體造成魔法傷害，並隨機解除我方的{3}個減益效果。	치무 다이브	단일 적에게 마법 대미지를 주고 아군의 약화 효과를 {3}개 무작위로 해제한다
1290778884	Chim Dive	Deals magic damage to an enemy and removes {3} random debuff effect(s) from an ally.	[0, 0, 0, 1415384097]	[35, 0, 35, 350]	[1305443047, 139112758, 0, 0, 0, 0, 0, 0]	210	[86, 0, 0, 0, 0, 0, 0, 0, 0, 0, 0, 0, 0, 0]	0	[0, 0, 0, 0, 0, 0, 0, 0, 0, 0, 0, 0, 0, 0]	0	0	0	[3193328471, 372897341, 1590773769, 4294967295, 4294967295, 4294967295, 3212836864, 3212836864, 684223318, 0, 0, 0, 0, 0]	ちむダイブ	敵単体に魔法ダメージを与え、味方のデバフ効果を{3}つランダムで解除する	小姆俯冲	对敌方单体造成魔法伤害，并随机解除{3}个我方的减益效果。	小姆俯衝	對敵方單體造成魔法傷害，並隨機解除我方的{3}個減益效果。	치무 다이브	단일 적에게 마법 대미지를 주고 아군의 약화 효과를 {3}개 무작위로 해제한다
1005095318	Chim Dive	Deals magic damage to an enemy and removes {3} random debuff effect(s) from an ally.	[0, 0, 0, 1415384097]	[35, 0, 35, 350]	[1305443047, 139112758, 0, 0, 0, 0, 0, 0]	220	[86, 0, 0, 0, 0, 0, 0, 0, 0, 0, 0, 0, 0, 0]	0	[0, 0, 0, 0, 0, 0, 0, 0, 0, 0, 0, 0, 0, 0]	0	0	0	[3193328471, 372897341, 1590773769, 4294967295, 4294967295, 4294967295, 3212836864, 3212836864, 363348710, 0, 0, 0, 0, 0]	ちむダイブ	敵単体に魔法ダメージを与え、味方のデバフ効果を{3}つランダムで解除する	小姆俯冲	对敌方单体造成魔法伤害，并随机解除{3}个我方的减益效果。	小姆俯衝	對敵方單體造成魔法傷害，並隨機解除我方的{3}個減益效果。	치무 다이브	단일 적에게 마법 대미지를 주고 아군의 약화 효과를 {3}개 무작위로 해제한다
1517544393	Chim Dive	Deals magic damage to an enemy and removes {3} random debuff effect(s) from an ally.	[0, 0, 0, 1415384097]	[35, 0, 35, 350]	[1305443047, 139112758, 0, 0, 0, 0, 0, 0]	230	[86, 0, 0, 0, 0, 0, 0, 0, 0, 0, 0, 0, 0, 0]	0	[0, 0, 0, 0, 0, 0, 0, 0, 0, 0, 0, 0, 0, 0]	0	0	0	[3193328471, 372897341, 1590773769, 4294967295, 4294967295, 4294967295, 3212836864, 3212836864, 1484218634, 0, 0, 0, 0, 0]	ちむダイブ	敵単体に魔法ダメージを与え、味方のデバフ効果を{3}つランダムで解除する	小姆俯冲	对敌方单体造成魔法伤害，并随机解除{3}个我方的减益效果。	小姆俯衝	對敵方單體造成魔法傷害，並隨機解除我方的{3}個減益效果。	치무 다이브	단일 적에게 마법 대미지를 주고 아군의 약화 효과를 {3}개 무작위로 해제한다
762631007	Chim Dive	Deals magic damage to an enemy and removes {3} random debuff effect(s) from an ally.	[0, 0, 0, 1415384097]	[35, 0, 35, 350]	[1305443047, 139112758, 0, 0, 0, 0, 0, 0]	240	[86, 0, 0, 0, 0, 0, 0, 0, 0, 0, 0, 0, 0, 0]	0	[0, 0, 0, 0, 0, 0, 0, 0, 0, 0, 0, 0, 0, 0]	0	0	0	[3193328471, 372897341, 1590773769, 4294967295, 4294967295, 4294967295, 3212836864, 3212836864, 1696024762, 0, 0, 0, 0, 0]	ちむダイブ	敵単体に魔法ダメージを与え、味方のデバフ効果を{3}つランダムで解除する	小姆俯冲	对敌方单体造成魔法伤害，并随机解除{3}个我方的减益效果。	小姆俯衝	對敵方單體造成魔法傷害，並隨機解除我方的{3}個減益效果。	치무 다이브	단일 적에게 마법 대미지를 주고 아군의 약화 효과를 {3}개 무작위로 해제한다
778462423	Craft Drift	Deals physical damage to an enemy and reduces its Stun Res by {3}%.	[0, 0, 0, 1415384097]	[0, 0, 0, 0]	[735240984, 1949013231, 0, 0, 0, 0, 0, 0]	90	[43, 0, 0, 0, 0, 0, 0, 0, 0, 0, 0, 0, 0, 0]	0	[0, 0, 0, 0, 0, 0, 0, 0, 0, 0, 0, 0, 0, 0]	0	0	0	[1277572820, 1869699197, 1590773769, 4294967295, 4294967295, 4294967295, 3212836864, 3212836864, 66400387, 0, 0, 0, 0, 0]	クラフトドリフト	敵単体に物理ダメージを与え、対象のブレイク耐性を{3}％低下させる	诡雷漂移	对敌方单体造成物理伤害，目标的破防耐性下降{3}%。	卡夫飄移	對敵方單體造成物理傷害，並使目標的破防耐性下降{3}%。	크래프트 드리프트	단일 적에게 물리 대미지를 주고 대상의 브레이크내성을 {3}% 저하시킨다
189776852	Craft Drift	Deals physical damage to an enemy and reduces its Stun Res by {3}%.	[0, 0, 0, 1415384097]	[0, 0, 0, 0]	[735240984, 1949013231, 0, 0, 0, 0, 0, 0]	95	[43, 0, 0, 0, 0, 0, 0, 0, 0, 0, 0, 0, 0, 0]	0	[0, 0, 0, 0, 0, 0, 0, 0, 0, 0, 0, 0, 0, 0]	0	0	0	[1277572820, 1869699197, 1590773769, 4294967295, 4294967295, 4294967295, 3212836864, 3212836864, 1694736071, 0, 0, 0, 0, 0]	クラフトドリフト	敵単体に物理ダメージを与え、対象のブレイク耐性を{3}％低下させる	诡雷漂移	对敌方单体造成物理伤害，目标的破防耐性下降{3}%。	卡夫飄移	對敵方單體造成物理傷害，並使目標的破防耐性下降{3}%。	크래프트 드리프트	단일 적에게 물리 대미지를 주고 대상의 브레이크내성을 {3}% 저하시킨다
2085155654	Craft Drift	Deals physical damage to an enemy and reduces its Stun Res by {3}%.	[0, 0, 0, 1415384097]	[0, 0, 0, 0]	[735240984, 1949013231, 0, 0, 0, 0, 0, 0]	100	[43, 0, 0, 0, 0, 0, 0, 0, 0, 0, 0, 0, 0, 0]	0	[0, 0, 0, 0, 0, 0, 0, 0, 0, 0, 0, 0, 0, 0]	0	0	0	[1277572820, 1869699197, 1590773769, 4294967295, 4294967295, 4294967295, 3212836864, 3212836864, 302296657, 0, 0, 0, 0, 0]	クラフトドリフト	敵単体に物理ダメージを与え、対象のブレイク耐性を{3}％低下させる	诡雷漂移	对敌方单体造成物理伤害，目标的破防耐性下降{3}%。	卡夫飄移	對敵方單體造成物理傷害，並使目標的破防耐性下降{3}%。	크래프트 드리프트	단일 적에게 물리 대미지를 주고 대상의 브레이크내성을 {3}% 저하시킨다
500406553	Craft Drift	Deals physical damage to an enemy and reduces its Stun Res by {3}%.	[0, 0, 0, 1415384097]	[0, 0, 0, 0]	[735240984, 1949013231, 0, 0, 0, 0, 0, 0]	105	[43, 0, 0, 0, 0, 0, 0, 0, 0, 0, 0, 0, 0, 0]	0	[0, 0, 0, 0, 0, 0, 0, 0, 0, 0, 0, 0, 0, 0]	0	0	0	[1277572820, 1869699197, 1590773769, 4294967295, 4294967295, 4294967295, 3212836864, 3212836864, 1939850252, 0, 0, 0, 0, 0]	クラフトドリフト	敵単体に物理ダメージを与え、対象のブレイク耐性を{3}％低下させる	诡雷漂移	对敌方单体造成物理伤害，目标的破防耐性下降{3}%。	卡夫飄移	對敵方單體造成物理傷害，並使目標的破防耐性下降{3}%。	크래프트 드리프트	단일 적에게 물리 대미지를 주고 대상의 브레이크내성을 {3}% 저하시킨다
1792321935	Craft Drift	Deals physical damage to an enemy and reduces its Stun Res by {3}%.	[0, 0, 0, 1415384097]	[0, 0, 0, 0]	[735240984, 1949013231, 0, 0, 0, 0, 0, 0]	110	[43, 0, 0, 0, 0, 0, 0, 0, 0, 0, 0, 0, 0, 0]	0	[0, 0, 0, 0, 0, 0, 0, 0, 0, 0, 0, 0, 0, 0]	0	0	0	[1277572820, 1869699197, 1590773769, 4294967295, 4294967295, 4294967295, 3212836864, 3212836864, 77132954, 0, 0, 0, 0, 0]	クラフトドリフト	敵単体に物理ダメージを与え、対象のブレイク耐性を{3}％低下させる	诡雷漂移	对敌方单体造成物理伤害，目标的破防耐性下降{3}%。	卡夫飄移	對敵方單體造成物理傷害，並使目標的破防耐性下降{3}%。	크래프트 드리프트	단일 적에게 물리 대미지를 주고 대상의 브레이크내성을 {3}% 저하시킨다
1499550785	Mega Ice Strike	Deals ice damage to an enemy. Has a {6}% chance to inflict Frostbite.	[0, 0, 0, 1415384097]	[0, 0, 0, 0]	[363053864, 383486567, 0, 0, 0, 0, 0, 0]	110	[70, 0, 0, 0, 0, 0, 0, 0, 0, 0, 0, 0, 0, 0]	0	[0, 0, 0, 0, 0, 0, 0, 0, 0, 0, 0, 0, 0, 0]	0	0	0	[1956795106, 1016518949, 1590773769, 4294967295, 4294967295, 4294967295, 3212836864, 3212836864, 1049958707, 0, 0, 0, 0, 0]	メガアイスストライク	敵単体に氷ダメージを与え、{6}％の確率でカチコチを付与する	极冰强袭	对敌方单体造成冰伤害，并有{6}%的概率赋予僵直。	極冰強襲	對敵方單體造成冰傷害，並以{6}%的機率賦予僵硬。	거대얼음 스트라이크	단일 적에게 빙 대미지를 주고 {6}%의 확률로 동상을 부여한다
909109860	Mega Ice Strike	Deals ice damage to an enemy. Has a {6}% chance to inflict Frostbite.	[0, 0, 0, 1415384097]	[0, 0, 0, 0]	[363053864, 383486567, 0, 0, 0, 0, 0, 0]	120	[70, 0, 0, 0, 0, 0, 0, 0, 0, 0, 0, 0, 0, 0]	0	[0, 0, 0, 0, 0, 0, 0, 0, 0, 0, 0, 0, 0, 0]	0	0	0	[1956795106, 1016518949, 1590773769, 4294967295, 4294967295, 4294967295, 3212836864, 3212836864, 1482930039, 0, 0, 0, 0, 0]	メガアイスストライク	敵単体に氷ダメージを与え、{6}％の確率でカチコチを付与する	极冰强袭	对敌方单体造成冰伤害，并有{6}%的概率赋予僵直。	極冰強襲	對敵方單體造成冰傷害，並以{6}%的機率賦予僵硬。	거대얼음 스트라이크	단일 적에게 빙 대미지를 주고 {6}%의 확률로 동상을 부여한다
1093196534	Mega Ice Strike	Deals ice damage to an enemy. Has a {6}% chance to inflict Frostbite.	[0, 0, 0, 1415384097]	[0, 0, 0, 0]	[363053864, 383486567, 0, 0, 0, 0, 0, 0]	130	[70, 0, 0, 0, 0, 0, 0, 0, 0, 0, 0, 0, 0, 0]	0	[0, 0, 0, 0, 0, 0, 0, 0, 0, 0, 0, 0, 0, 0]	0	0	0	[1956795106, 1016518949, 1590773769, 4294967295, 4294967295, 4294967295, 3212836864, 3212836864, 795117537, 0, 0, 0, 0, 0]	メガアイスストライク	敵単体に氷ダメージを与え、{6}％の確率でカチコチを付与する	极冰强袭	对敌方单体造成冰伤害，并有{6}%的概率赋予僵直。	極冰強襲	對敵方單體造成冰傷害，並以{6}%的機率賦予僵硬。	거대얼음 스트라이크	단일 적에게 빙 대미지를 주고 {6}%의 확률로 동상을 부여한다
548647081	Mega Ice Strike	Deals ice damage to an enemy. Has a {6}% chance to inflict Frostbite.	[0, 0, 0, 1415384097]	[0, 0, 0, 0]	[363053864, 383486567, 0, 0, 0, 0, 0, 0]	140	[70, 0, 0, 0, 0, 0, 0, 0, 0, 0, 0, 0, 0, 0]	0	[0, 0, 0, 0, 0, 0, 0, 0, 0, 0, 0, 0, 0, 0]	0	0	0	[1956795106, 1016518949, 1590773769, 4294967295, 4294967295, 4294967295, 3212836864, 3212836864, 1325395388, 0, 0, 0, 0, 0]	メガアイスストライク	敵単体に氷ダメージを与え、{6}％の確率でカチコチを付与する	极冰强袭	对敌方单体造成冰伤害，并有{6}%的概率赋予僵直。	極冰強襲	對敵方單體造成冰傷害，並以{6}%的機率賦予僵硬。	거대얼음 스트라이크	단일 적에게 빙 대미지를 주고 {6}%의 확률로 동상을 부여한다
1471447103	Mega Ice Strike	Deals ice damage to an enemy. Has a {6}% chance to inflict Frostbite.	[0, 0, 0, 1415384097]	[0, 0, 0, 0]	[363053864, 383486567, 0, 0, 0, 0, 0, 0]	150	[70, 0, 0, 0, 0, 0, 0, 0, 0, 0, 0, 0, 0, 0]	0	[0, 0, 0, 0, 0, 0, 0, 0, 0, 0, 0, 0, 0, 0]	0	0	0	[1956795106, 1016518949, 1590773769, 4294967295, 4294967295, 4294967295, 3212836864, 3212836864, 972610858, 0, 0, 0, 0, 0]	メガアイスストライク	敵単体に氷ダメージを与え、{6}％の確率でカチコチを付与する	极冰强袭	对敌方单体造成冰伤害，并有{6}%的概率赋予僵直。	極冰強襲	對敵方單體造成冰傷害，並以{6}%的機率賦予僵硬。	거대얼음 스트라이크	단일 적에게 빙 대미지를 주고 {6}%의 확률로 동상을 부여한다
908178992	Chim Curtain Call	Deals ice damage to all enemies and reduces all of their elemental resistances by {3}%.	[0, 0, 0, 355072781]	[0, 0, 0, 0]	[2040842270, 1078935185, 0, 0, 0, 0, 0, 0]	350	[78, 0, 0, 0, 0, 0, 0, 0, 0, 0, 0, 0, 0, 0]	0	[0, 0, 0, 0, 0, 0, 0, 0, 0, 0, 0, 0, 0, 0]	8	0	0	[2334462127, 1909639943, 1590773769, 4294967295, 4294967295, 4294967295, 3212836864, 3212836864, 1107675571, 167758705, 344829755, 1474459049, 1439307969, 1005265896]	ちむコールエンド	敵全体に氷ダメージを与え、各属性の耐性を{3}％低下させる	小姆灭击	对敌方全体造成冰伤害，敌方各属性耐性下降{3}%。	小姆滅擊	對敵方全體造成冰傷害，並使各屬性耐性下降{3}%。	치무 콜 엔드	모든 적에게 빙 대미지를 주고 각 속성의 내성을 {3}% 저하시킨다
1266713165	Chim Curtain Call	Deals ice damage to all enemies and reduces all of their elemental resistances by {3}%.	[0, 0, 0, 355072781]	[0, 0, 0, 0]	[2040842270, 1078935185, 0, 0, 0, 0, 0, 0]	370	[78, 0, 0, 0, 0, 0, 0, 0, 0, 0, 0, 0, 0, 0]	0	[0, 0, 0, 0, 0, 0, 0, 0, 0, 0, 0, 0, 0, 0]	8	0	0	[2334462127, 1909639943, 1590773769, 4294967295, 4294967295, 4294967295, 3212836864, 3212836864, 1107675571, 167758705, 344829755, 1474459049, 1439307969, 1005265896]	ちむコールエンド	敵全体に氷ダメージを与え、各属性の耐性を{3}％低下させる	小姆灭击	对敌方全体造成冰伤害，敌方各属性耐性下降{3}%。	小姆滅擊	對敵方全體造成冰傷害，並使各屬性耐性下降{3}%。	치무 콜 엔드	모든 적에게 빙 대미지를 주고 각 속성의 내성을 {3}% 저하시킨다
1015526107	Chim Curtain Call	Deals ice damage to all enemies and reduces all of their elemental resistances by {3}%.	[0, 0, 0, 355072781]	[0, 0, 0, 0]	[2040842270, 1078935185, 0, 0, 0, 0, 0, 0]	380	[78, 0, 0, 0, 0, 0, 0, 0, 0, 0, 0, 0, 0, 0]	0	[0, 0, 0, 0, 0, 0, 0, 0, 0, 0, 0, 0, 0, 0]	8	0	0	[2334462127, 1909639943, 1590773769, 4294967295, 4294967295, 4294967295, 3212836864, 3212836864, 1107675571, 167758705, 344829755, 1474459049, 1439307969, 1005265896]	ちむコールエンド	敵全体に氷ダメージを与え、各属性の耐性を{3}％低下させる	小姆灭击	对敌方全体造成冰伤害，敌方各属性耐性下降{3}%。	小姆滅擊	對敵方全體造成冰傷害，並使各屬性耐性下降{3}%。	치무 콜 엔드	모든 적에게 빙 대미지를 주고 각 속성의 내성을 {3}% 저하시킨다
1562171528	Chim Curtain Call	Deals ice damage to all enemies and reduces all of their elemental resistances by {3}%.	[0, 0, 0, 355072781]	[0, 0, 0, 0]	[2040842270, 1078935185, 0, 0, 0, 0, 0, 0]	390	[78, 0, 0, 0, 0, 0, 0, 0, 0, 0, 0, 0, 0, 0]	0	[0, 0, 0, 0, 0, 0, 0, 0, 0, 0, 0, 0, 0, 0]	8	0	0	[2334462127, 1909639943, 1590773769, 4294967295, 4294967295, 4294967295, 3212836864, 3212836864, 1107675571, 167758705, 344829755, 1474459049, 1439307969, 1005265896]	ちむコールエンド	敵全体に氷ダメージを与え、各属性の耐性を{3}％低下させる	小姆灭击	对敌方全体造成冰伤害，敌方各属性耐性下降{3}%。	小姆滅擊	對敵方全體造成冰傷害，並使各屬性耐性下降{3}%。	치무 콜 엔드	모든 적에게 빙 대미지를 주고 각 속성의 내성을 {3}% 저하시킨다
706471954	Chim Curtain Call	Deals ice damage to all enemies and reduces all of their elemental resistances by {3}%.	[0, 0, 0, 355072781]	[0, 0, 0, 0]	[2040842270, 1078935185, 0, 0, 0, 0, 0, 0]	410	[78, 0, 0, 0, 0, 0, 0, 0, 0, 0, 0, 0, 0, 0]	0	[0, 0, 0, 0, 0, 0, 0, 0, 0, 0, 0, 0, 0, 0]	8	0	0	[2334462127, 1909639943, 1590773769, 4294967295, 4294967295, 4294967295, 3212836864, 3212836864, 1107675571, 167758705, 344829755, 1474459049, 1439307969, 1005265896]	ちむコールエンド	敵全体に氷ダメージを与え、各属性の耐性を{3}％低下させる	小姆灭击	对敌方全体造成冰伤害，敌方各属性耐性下降{3}%。	小姆滅擊	對敵方全體造成冰傷害，並使各屬性耐性下降{3}%。	치무 콜 엔드	모든 적에게 빙 대미지를 주고 각 속성의 내성을 {3}% 저하시킨다
1386298447	Normal Attack	Deals physical damage to an enemy. Gain AP when attacking.	[0, 0, 0, 1415384097]	[0, 7, 5, 130]	[1741111123, 1237898402, 0, 0, 0, 0, 0, 0]	70	[13, 0, 0, 0, 0, 0, 0, 0, 0, 0, 0, 0, 0, 0]	0	[0, 0, 0, 0, 0, 0, 0, 0, 0, 0, 0, 0, 0, 0]	0	0	0	[3313992604, 1312829661, 1590773769, 4294967295, 4294967295, 4294967295, 3212836864, 3212836864, 0, 0, 0, 0, 0, 0]	通常攻撃	敵単体に物理ダメージを与える。攻撃時、ＡＰを獲得する	普通攻击	对敌方单体造成物理伤害。攻击时，获得AP。	普通攻擊	對敵方單體造成物理傷害。攻擊時，獲得AP。	통상공격	단일 적에게 물리 대미지를 준다.공격 시 AP를 획득한다
878154251	Normal Attack	Deals physical damage to an enemy. Gain AP when attacking.	[0, 0, 0, 1415384097]	[0, 10, 5, 130]	[31106732, 900329851, 0, 0, 0, 0, 0, 0]	80	[29, 0, 0, 0, 0, 0, 0, 0, 0, 0, 0, 0, 0, 0]	0	[0, 0, 0, 0, 0, 0, 0, 0, 0, 0, 0, 0, 0, 0]	0	0	0	[4244891562, 497529221, 1590773769, 4294967295, 4294967295, 4294967295, 3212836864, 3212836864, 0, 0, 0, 0, 0, 0]	通常攻撃	敵単体に物理ダメージを与える。攻撃時、ＡＰを獲得する	普通攻击	对敌方单体造成物理伤害。攻击时，获得AP。	普通攻擊	對敵方單體造成物理傷害。攻擊時，獲得AP。	통상공격	단일 적에게 물리 대미지를 준다.공격 시 AP를 획득한다
1129357981	Normal Attack	Deals physical damage to an enemy. Gain AP when attacking.	[0, 0, 0, 1415384097]	[0, 14, 5, 130]	[1068205716, 1465511923, 0, 0, 0, 0, 0, 0]	90	[43, 0, 0, 0, 0, 0, 0, 0, 0, 0, 0, 0, 0, 0]	0	[0, 0, 0, 0, 0, 0, 0, 0, 0, 0, 0, 0, 0, 0]	0	0	0	[1265677328, 376491410, 1590773769, 4294967295, 4294967295, 4294967295, 3212836864, 3212836864, 0, 0, 0, 0, 0, 0]	通常攻撃	敵単体に物理ダメージを与える。攻撃時、ＡＰを獲得する	普通攻击	对敌方单体造成物理伤害。攻击时，获得AP。	普通攻擊	對敵方單體造成物理傷害。攻擊時，獲得AP。	통상공격	단일 적에게 물리 대미지를 준다.공격 시 AP를 획득한다
147447414	Force Blitz	Deals magic damage to an enemy and boosts own stun damage dealt by {7}%. Gain {3} AP when you stun an enemy.	[0, 0, 0, 1415384097]	[10, 0, 10, 180]	[1862414706, 79081238, 0, 0, 0, 0, 0, 0]	100	[86, 0, 0, 0, 0, 0, 0, 0, 0, 0, 0, 0, 0, 0]	0	[0, 0, 0, 0, 0, 0, 0, 0, 0, 0, 0, 0, 0, 0]	0	0	0	[2367978517, 1396684977, 1590773769, 4294967295, 4294967295, 4294967295, 3212836864, 3212836864, 981921538, 941946644, 0, 0, 0, 0]	フォースブリッツ	敵単体に魔法ダメージを与え、自身の与ブレイクダメージを{7}％上昇させる。敵をブレイク時、ＡＰを{3}%返還する	原力急袭	对敌方单体造成魔法伤害，自身造成的破防伤害提升{7}%。敌人破防时，获得{3}%AP。	原力急襲	對敵方單體造成魔法傷害，並使自身造成的破防傷害上升{7}%。使敵人破防時，可獲得{3}%AP。	포스 블리츠	단일 적에게 마법 대미지를 주고 자신의 적중 브레이크 대미지를 {7}% 상승시킨다. 적 브레이크 시 AP를 {3}% 반환한다
842800209	Force Blitz	Deals magic damage to an enemy and boosts own stun damage dealt by {7}%. Gain {3} AP when you stun an enemy.	[0, 0, 0, 1415384097]	[10, 0, 10, 180]	[1862414706, 79081238, 0, 0, 0, 0, 0, 0]	110	[86, 0, 0, 0, 0, 0, 0, 0, 0, 0, 0, 0, 0, 0]	0	[0, 0, 0, 0, 0, 0, 0, 0, 0, 0, 0, 0, 0, 0]	0	0	0	[2367978517, 1396684977, 1590773769, 4294967295, 4294967295, 4294967295, 3212836864, 3212836864, 1550860612, 2139393476, 0, 0, 0, 0]	フォースブリッツ	敵単体に魔法ダメージを与え、自身の与ブレイクダメージを{7}％上昇させる。敵をブレイク時、ＡＰを{3}%返還する	原力急袭	对敌方单体造成魔法伤害，自身造成的破防伤害提升{7}%。敌人破防时，获得{3}%AP。	原力急襲	對敵方單體造成魔法傷害，並使自身造成的破防傷害上升{7}%。使敵人破防時，可獲得{3}%AP。	포스 블리츠	단일 적에게 마법 대미지를 주고 자신의 적중 브레이크 대미지를 {7}% 상승시킨다. 적 브레이크 시 AP를 {3}% 반환한다
1161505991	Force Blitz	Deals magic damage to an enemy and boosts own stun damage dealt by {7}%. Gain {3} AP when you stun an enemy.	[0, 0, 0, 1415384097]	[10, 0, 10, 180]	[1862414706, 79081238, 0, 0, 0, 0, 0, 0]	120	[86, 0, 0, 0, 0, 0, 0, 0, 0, 0, 0, 0, 0, 0]	0	[0, 0, 0, 0, 0, 0, 0, 0, 0, 0, 0, 0, 0, 0]	0	0	0	[2367978517, 1396684977, 1590773769, 4294967295, 4294967295, 4294967295, 3212836864, 3212836864, 729248210, 1122280564, 0, 0, 0, 0]	フォースブリッツ	敵単体に魔法ダメージを与え、自身の与ブレイクダメージを{7}％上昇させる。敵をブレイク時、ＡＰを{3}%返還する	原力急袭	对敌方单体造成魔法伤害，自身造成的破防伤害提升{7}%。敌人破防时，获得{3}%AP。	原力急襲	對敵方單體造成魔法傷害，並使自身造成的破防傷害上升{7}%。使敵人破防時，可獲得{3}%AP。	포스 블리츠	단일 적에게 마법 대미지를 주고 자신의 적중 브레이크 대미지를 {7}% 상승시킨다. 적 브레이크 시 AP를 {3}% 반환한다
614483612	Force Blitz	Deals magic damage to an enemy and boosts own stun damage dealt by {7}%. Gain {3} AP when you stun an enemy.	[0, 0, 0, 1415384097]	[10, 0, 10, 180]	[1862414706, 79081238, 0, 0, 0, 0, 0, 0]	130	[86, 0, 0, 0, 0, 0, 0, 0, 0, 0, 0, 0, 0, 0]	0	[0, 0, 0, 0, 0, 0, 0, 0, 0, 0, 0, 0, 0, 0]	0	0	0	[2367978517, 1396684977, 1590773769, 4294967295, 4294967295, 4294967295, 3212836864, 3212836864, 1256987535, 255559580, 0, 0, 0, 0]	フォースブリッツ	敵単体に魔法ダメージを与え、自身の与ブレイクダメージを{7}％上昇させる。敵をブレイク時、ＡＰを{3}%返還する	原力急袭	对敌方单体造成魔法伤害，自身造成的破防伤害提升{7}%。敌人破防时，获得{3}%AP。	原力急襲	對敵方單體造成魔法傷害，並使自身造成的破防傷害上升{7}%。使敵人破防時，可獲得{3}%AP。	포스 블리츠	단일 적에게 마법 대미지를 주고 자신의 적중 브레이크 대미지를 {7}% 상승시킨다. 적 브레이크 시 AP를 {3}% 반환한다
1403483662	Force Blitz	Deals magic damage to an enemy and boosts own stun damage dealt by {7}%. Gain {3} AP when you stun an enemy.	[0, 0, 0, 1415384097]	[10, 0, 10, 180]	[1862414706, 79081238, 0, 0, 0, 0, 0, 0]	140	[86, 0, 0, 0, 0, 0, 0, 0, 0, 0, 0, 0, 0, 0]	0	[0, 0, 0, 0, 0, 0, 0, 0, 0, 0, 0, 0, 0, 0]	0	0	0	[2367978517, 1396684977, 1590773769, 4294967295, 4294967295, 4294967295, 3212836864, 3212836864, 1038822169, 844869164, 0, 0, 0, 0]	フォースブリッツ	敵単体に魔法ダメージを与え、自身の与ブレイクダメージを{7}％上昇させる。敵をブレイク時、ＡＰを{3}%返還する	原力急袭	对敌方单体造成魔法伤害，自身造成的破防伤害提升{7}%。敌人破防时，获得{3}%AP。	原力急襲	對敵方單體造成魔法傷害，並使自身造成的破防傷害上升{7}%。使敵人破防時，可獲得{3}%AP。	포스 블리츠	단일 적에게 마법 대미지를 주고 자신의 적중 브레이크 대미지를 {7}% 상승시킨다. 적 브레이크 시 AP를 {3}% 반환한다
1849651252	Force Break	Deals magic damage to an enemy and reduces its DEF by {7}%. Boosts TP gained if target is stunned.	[0, 0, 0, 1415384097]	[20, 0, 20, 225]	[153069709, 2027391695, 0, 0, 0, 0, 0, 0]	130	[117, 0, 0, 0, 0, 0, 0, 0, 0, 0, 0, 0, 0, 0]	0	[0, 0, 0, 0, 0, 0, 0, 0, 0, 0, 0, 0, 0, 0]	0	0	0	[4042571876, 699076071, 1590773769, 4294967295, 4294967295, 4294967295, 3212836864, 3212836864, 2099680722, 2115391312, 0, 0, 0, 0]	フォースブレイク	敵単体に魔法ダメージを与え、対象の防御力を{7}％低下させる。対象がブレイク中の時、獲得するＴＰが上昇する	原力突破	对敌方单体造成魔法伤害，目标的防御力下降{7}%。目标处于破防时，获得TP提升。	原力突破	對敵方單體造成魔法傷害，並使目標的防禦力下降{7}%。目標破防時，獲得TP上升。	포스 브레이크	단일 적에게 마법 대미지를 주고 대상의 방어력을 {7}% 저하시킨다. 대상이 브레이크 중이면 획득하는 TP가 상승한다
1973184129	Force Break	Deals magic damage to an enemy and reduces its DEF by {7}%. Boosts TP gained if target is stunned.	[0, 0, 0, 1415384097]	[20, 0, 20, 225]	[153069709, 2027391695, 0, 0, 0, 0, 0, 0]	140	[117, 0, 0, 0, 0, 0, 0, 0, 0, 0, 0, 0, 0, 0]	0	[0, 0, 0, 0, 0, 0, 0, 0, 0, 0, 0, 0, 0, 0]	0	0	0	[4042571876, 699076071, 1590773769, 4294967295, 4294967295, 4294967295, 3212836864, 3212836864, 466631572, 968242592, 0, 0, 0, 0]	フォースブレイク	敵単体に魔法ダメージを与え、対象の防御力を{7}％低下させる。対象がブレイク中の時、獲得するＴＰが上昇する	原力突破	对敌方单体造成魔法伤害，目标的防御力下降{7}%。目标处于破防时，获得TP提升。	原力突破	對敵方單體造成魔法傷害，並使目標的防禦力下降{7}%。目標破防時，獲得TP上升。	포스 브레이크	단일 적에게 마법 대미지를 주고 대상의 방어력을 {7}% 저하시킨다. 대상이 브레이크 중이면 획득하는 TP가 상승한다
43734551	Force Break	Deals magic damage to an enemy and reduces its DEF by {7}%. Boosts TP gained if target is stunned.	[0, 0, 0, 1415384097]	[20, 0, 20, 225]	[153069709, 2027391695, 0, 0, 0, 0, 0, 0]	150	[117, 0, 0, 0, 0, 0, 0, 0, 0, 0, 0, 0, 0, 0]	0	[0, 0, 0, 0, 0, 0, 0, 0, 0, 0, 0, 0, 0, 0]	0	0	0	[4042571876, 699076071, 1590773769, 4294967295, 4294967295, 4294967295, 3212836864, 3212836864, 1826032386, 81140784, 0, 0, 0, 0]	フォースブレイク	敵単体に魔法ダメージを与え、対象の防御力を{7}％低下させる。対象がブレイク中の時、獲得するＴＰが上昇する	原力突破	对敌方单体造成魔法伤害，目标的防御力下降{7}%。目标处于破防时，获得TP提升。	原力突破	對敵方單體造成魔法傷害，並使目標的防禦力下降{7}%。目標破防時，獲得TP上升。	포스 브레이크	단일 적에게 마법 대미지를 주고 대상의 방어력을 {7}% 저하시킨다. 대상이 브레이크 중이면 획득하는 TP가 상승한다
1660959820	Force Break	Deals magic damage to an enemy and reduces its DEF by {7}%. Boosts TP gained if target is stunned.	[0, 0, 0, 1415384097]	[20, 0, 20, 225]	[153069709, 2027391695, 0, 0, 0, 0, 0, 0]	160	[117, 0, 0, 0, 0, 0, 0, 0, 0, 0, 0, 0, 0, 0]	0	[0, 0, 0, 0, 0, 0, 0, 0, 0, 0, 0, 0, 0, 0]	0	0	0	[4042571876, 699076071, 1590773769, 4294967295, 4294967295, 4294967295, 3212836864, 3212836864, 223109471, 1225342912, 0, 0, 0, 0]	フォースブレイク	敵単体に魔法ダメージを与え、対象の防御力を{7}％低下させる。対象がブレイク中の時、獲得するＴＰが上昇する	原力突破	对敌方单体造成魔法伤害，目标的防御力下降{7}%。目标处于破防时，获得TP提升。	原力突破	對敵方單體造成魔法傷害，並使目標的防禦力下降{7}%。目標破防時，獲得TP上升。	포스 브레이크	단일 적에게 마법 대미지를 주고 대상의 방어력을 {7}% 저하시킨다. 대상이 브레이크 중이면 획득하는 TP가 상승한다
336006366	Force Break	Deals magic damage to an enemy and reduces its DEF by {7}%. Boosts TP gained if target is stunned.	[0, 0, 0, 1415384097]	[20, 0, 20, 225]	[153069709, 2027391695, 0, 0, 0, 0, 0, 0]	170	[117, 0, 0, 0, 0, 0, 0, 0, 0, 0, 0, 0, 0, 0]	0	[0, 0, 0, 0, 0, 0, 0, 0, 0, 0, 0, 0, 0, 0]	0	0	0	[4042571876, 699076071, 1590773769, 4294967295, 4294967295, 4294967295, 3212836864, 3212836864, 2051756489, 1953044080, 0, 0, 0, 0]	フォースブレイク	敵単体に魔法ダメージを与え、対象の防御力を{7}％低下させる。対象がブレイク中の時、獲得するＴＰが上昇する	原力突破	对敌方单体造成魔法伤害，目标的防御力下降{7}%。目标处于破防时，获得TP提升。	原力突破	對敵方單體造成魔法傷害，並使目標的防禦力下降{7}%。目標破防時，獲得TP上升。	포스 브레이크	단일 적에게 마법 대미지를 주고 대상의 방어력을 {7}% 저하시킨다. 대상이 브레이크 중이면 획득하는 TP가 상승한다
423116966	Aegis Field	Boosts all allies' DEF by {3}%.	[0, 0, 0, 1883795445]	[20, 0, 20, 250]	[2075364481, 0, 0, 0, 0, 0, 0, 0]	0	[0, 0, 0, 0, 0, 0, 0, 0, 0, 0, 0, 0, 0, 0]	0	[0, 0, 0, 0, 0, 0, 0, 0, 0, 0, 0, 0, 0, 0]	0	0	0	[3362825298, 2051837119, 1590773769, 4294967295, 4294967295, 4294967295, 3212836864, 3212836864, 1078377570, 0, 0, 0, 0, 0]	イージスフィールド	味方全員の防御力を{3}％上昇させる	神盾领域	使我方全体防御力提升{3}%。	神盾領域	使我方全體的防禦力上升{3}%。	이지스 필드	모든 아군의 방어력을 {3}% 상승시킨다
1224494897	Aegis Field	Boosts all allies' DEF by {3}%.	[0, 0, 0, 1883795445]	[20, 0, 20, 250]	[2075364481, 0, 0, 0, 0, 0, 0, 0]	0	[0, 0, 0, 0, 0, 0, 0, 0, 0, 0, 0, 0, 0, 0]	0	[0, 0, 0, 0, 0, 0, 0, 0, 0, 0, 0, 0, 0, 0]	0	0	0	[3362825298, 2051837119, 1590773769, 4294967295, 4294967295, 4294967295, 3212836864, 3212836864, 649073188, 0, 0, 0, 0, 0]	イージスフィールド	味方全員の防御力を{3}％上昇させる	神盾领域	使我方全体防御力提升{3}%。	神盾領域	使我方全體的防禦力上升{3}%。	이지스 필드	모든 아군의 방어력을 {3}% 상승시킨다
1073446823	Aegis Field	Boosts all allies' DEF by {3}%.	[0, 0, 0, 1883795445]	[20, 0, 20, 250]	[2075364481, 0, 0, 0, 0, 0, 0, 0]	0	[0, 0, 0, 0, 0, 0, 0, 0, 0, 0, 0, 0, 0, 0]	0	[0, 0, 0, 0, 0, 0, 0, 0, 0, 0, 0, 0, 0, 0]	0	0	0	[3362825298, 2051837119, 1590773769, 4294967295, 4294967295, 4294967295, 3212836864, 3212836864, 1370956466, 0, 0, 0, 0, 0]	イージスフィールド	味方全員の防御力を{3}％上昇させる	神盾领域	使我方全体防御力提升{3}%。	神盾領域	使我方全體的防禦力上升{3}%。	이지스 필드	모든 아군의 방어력을 {3}% 상승시킨다
1583355388	Aegis Field	Boosts all allies' DEF by {3}%.	[0, 0, 0, 1883795445]	[20, 0, 20, 250]	[2075364481, 0, 0, 0, 0, 0, 0, 0]	0	[0, 0, 0, 0, 0, 0, 0, 0, 0, 0, 0, 0, 0, 0]	0	[0, 0, 0, 0, 0, 0, 0, 0, 0, 0, 0, 0, 0, 0]	0	0	0	[3362825298, 2051837119, 1590773769, 4294967295, 4294967295, 4294967295, 3212836864, 3212836864, 808208623, 0, 0, 0, 0, 0]	イージスフィールド	味方全員の防御力を{3}％上昇させる	神盾领域	使我方全体防御力提升{3}%。	神盾領域	使我方全體的防禦力上升{3}%。	이지스 필드	모든 아군의 방어력을 {3}% 상승시킨다
694625646	Aegis Field	Boosts all allies' DEF by {3}%.	[0, 0, 0, 1883795445]	[20, 0, 20, 250]	[2075364481, 0, 0, 0, 0, 0, 0, 0]	0	[0, 0, 0, 0, 0, 0, 0, 0, 0, 0, 0, 0, 0, 0]	0	[0, 0, 0, 0, 0, 0, 0, 0, 0, 0, 0, 0, 0, 0]	0	0	0	[3362825298, 2051837119, 1590773769, 4294967295, 4294967295, 4294967295, 3212836864, 3212836864, 1194031225, 0, 0, 0, 0, 0]	イージスフィールド	味方全員の防御力を{3}％上昇させる	神盾领域	使我方全体防御力提升{3}%。	神盾領域	使我方全體的防禦力上升{3}%。	이지스 필드	모든 아군의 방어력을 {3}% 상승시킨다
2023959289	Cross Smash	Deals physical damage to an enemy and reduces its Stun Res by {7}%. Boosts all allies' SPD by {3}% during Multi-Actions while in the back row.	[0, 0, 0, 1415384097]	[30, 0, 30, 275]	[508927280, 2146057863, 0, 0, 0, 0, 0, 0]	140	[129, 0, 0, 0, 0, 0, 0, 0, 0, 0, 0, 0, 0, 0]	0	[0, 0, 0, 0, 0, 0, 0, 0, 0, 0, 0, 0, 0, 0]	0	0	0	[2114189304, 1906045096, 1590773769, 4294967295, 4294967295, 4294967295, 3212836864, 3212836864, 228171662, 1912007523, 0, 0, 0, 0]	クロススマッシュ	敵単体に物理ダメージを与え、対象のブレイク耐性を{7}％低下させる。後衛時、マルチアクションでの使用で味方全体の素早さを{3}％上昇させる	十字冲击	对敌方单体造成物理伤害，并使目标的破防耐性下降{7}%。处于后卫时，使用多重行动可使我方全体敏捷提升{3}%。	十字衝擊	對敵方單體造成物理傷害，並使目標的破防耐性下降{7}%。處於後衛時，可使用多重行動使我方全體的敏捷上升{3}%。	크로스 스매시	단일 적에게 물리 대미지를 주고 대상의 브레이크내성을 {7}% 저하시킨다. 후열 시, 멀티 액션으로 사용하면 모든 아군의 민첩성을 {3}% 상승시킨다
86207711	Cross Smash	Deals physical damage to an enemy and reduces its Stun Res by {7}%. Boosts all allies' SPD by {3}% during Multi-Actions while in the back row.	[0, 0, 0, 1415384097]	[30, 0, 30, 275]	[508927280, 2146057863, 0, 0, 0, 0, 0, 0]	150	[129, 0, 0, 0, 0, 0, 0, 0, 0, 0, 0, 0, 0, 0]	0	[0, 0, 0, 0, 0, 0, 0, 0, 0, 0, 0, 0, 0, 0]	0	0	0	[2114189304, 1906045096, 1590773769, 4294967295, 4294967295, 4294967295, 3212836864, 3212836864, 1802449356, 1665352845, 0, 0, 0, 0]	クロススマッシュ	敵単体に物理ダメージを与え、対象のブレイク耐性を{7}％低下させる。後衛時、マルチアクションでの使用で味方全体の素早さを{3}％上昇させる	十字冲击	对敌方单体造成物理伤害，并使目标的破防耐性下降{7}%。处于后卫时，使用多重行动可使我方全体敏捷提升{3}%。	十字衝擊	對敵方單體造成物理傷害，並使目標的破防耐性下降{7}%。處於後衛時，可使用多重行動使我方全體的敏捷上升{3}%。	크로스 스매시	단일 적에게 물리 대미지를 주고 대상의 브레이크내성을 {7}% 저하시킨다. 후열 시, 멀티 액션으로 사용하면 모든 아군의 민첩성을 {3}% 상승시킨다
1914985545	Cross Smash	Deals physical damage to an enemy and reduces its Stun Res by {7}%. Boosts all allies' SPD by {3}% during Multi-Actions while in the back row.	[0, 0, 0, 1415384097]	[30, 0, 30, 275]	[508927280, 2146057863, 0, 0, 0, 0, 0, 0]	160	[129, 0, 0, 0, 0, 0, 0, 0, 0, 0, 0, 0, 0, 0]	0	[0, 0, 0, 0, 0, 0, 0, 0, 0, 0, 0, 0, 0, 0]	0	0	0	[2114189304, 1906045096, 1590773769, 4294967295, 4294967295, 4294967295, 3212836864, 3212836864, 476578142, 604036118, 0, 0, 0, 0]	クロススマッシュ	敵単体に物理ダメージを与え、対象のブレイク耐性を{7}％低下させる。後衛時、マルチアクションでの使用で味方全体の素早さを{3}％上昇させる	十字冲击	对敌方单体造成物理伤害，并使目标的破防耐性下降{7}%。处于后卫时，使用多重行动可使我方全体敏捷提升{3}%。	十字衝擊	對敵方單體造成物理傷害，並使目標的破防耐性下降{7}%。處於後衛時，可使用多重行動使我方全體的敏捷上升{3}%。	크로스 스매시	단일 적에게 물리 대미지를 주고 대상의 브레이크내성을 {7}% 저하시킨다. 후열 시, 멀티 액션으로 사용하면 모든 아군의 민첩성을 {3}% 상승시킨다
331298324	Cross Smash	Deals physical damage to an enemy and reduces its Stun Res by {7}%. Boosts all allies' SPD by {3}% during Multi-Actions while in the back row.	[0, 0, 0, 1415384097]	[30, 0, 30, 275]	[508927280, 2146057863, 0, 0, 0, 0, 0, 0]	170	[129, 0, 0, 0, 0, 0, 0, 0, 0, 0, 0, 0, 0, 0]	0	[0, 0, 0, 0, 0, 0, 0, 0, 0, 0, 0, 0, 0, 0]	0	0	0	[2114189304, 1906045096, 1590773769, 4294967295, 4294967295, 4294967295, 3212836864, 3212836864, 2113104641, 1177033553, 0, 0, 0, 0]	クロススマッシュ	敵単体に物理ダメージを与え、対象のブレイク耐性を{7}％低下させる。後衛時、マルチアクションでの使用で味方全体の素早さを{3}％上昇させる	十字冲击	对敌方单体造成物理伤害，并使目标的破防耐性下降{7}%。处于后卫时，使用多重行动可使我方全体敏捷提升{3}%。	十字衝擊	對敵方單體造成物理傷害，並使目標的破防耐性下降{7}%。處於後衛時，可使用多重行動使我方全體的敏捷上升{3}%。	크로스 스매시	단일 적에게 물리 대미지를 주고 대상의 브레이크내성을 {7}% 저하시킨다. 후열 시, 멀티 액션으로 사용하면 모든 아군의 민첩성을 {3}% 상승시킨다
1689781890	Cross Smash	Deals physical damage to an enemy and reduces its Stun Res by {7}%. Boosts all allies' SPD by {3}% during Multi-Actions while in the back row.	[0, 0, 0, 1415384097]	[30, 0, 30, 275]	[508927280, 2146057863, 0, 0, 0, 0, 0, 0]	180	[129, 0, 0, 0, 0, 0, 0, 0, 0, 0, 0, 0, 0, 0]	0	[0, 0, 0, 0, 0, 0, 0, 0, 0, 0, 0, 0, 0, 0]	0	0	0	[2114189304, 1906045096, 1590773769, 4294967295, 4294967295, 4294967295, 3212836864, 3212836864, 183786391, 23823306, 0, 0, 0, 0]	クロススマッシュ	敵単体に物理ダメージを与え、対象のブレイク耐性を{7}％低下させる。後衛時、マルチアクションでの使用で味方全体の素早さを{3}％上昇させる	十字冲击	对敌方单体造成物理伤害，并使目标的破防耐性下降{7}%。处于后卫时，使用多重行动可使我方全体敏捷提升{3}%。	十字衝擊	對敵方單體造成物理傷害，並使目標的破防耐性下降{7}%。處於後衛時，可使用多重行動使我方全體的敏捷上升{3}%。	크로스 스매시	단일 적에게 물리 대미지를 주고 대상의 브레이크내성을 {7}% 저하시킨다. 후열 시, 멀티 액션으로 사용하면 모든 아군의 민첩성을 {3}% 상승시킨다
262412911	Double Impact	Deals magic damage to all enemies. Boosts TP gained if target is stunned. Boosts all allies' ATK by {3}% during Multi-Actions while in the back row.	[0, 0, 0, 355072781]	[40, 0, 40, 350]	[539278608, 488251407, 0, 0, 0, 0, 0, 0]	180	[156, 0, 0, 0, 0, 0, 0, 0, 0, 0, 0, 0, 0, 0]	0	[0, 0, 0, 0, 0, 0, 0, 0, 0, 0, 0, 0, 0, 0]	0	0	0	[753455847, 979779043, 1590773769, 4294967295, 4294967295, 4294967295, 3212836864, 3212836864, 821671486, 1964438039, 0, 0, 0, 0]	ダブルインパクト	敵全体に魔法ダメージを与える。対象がブレイク中、獲得するＴＰが上昇する。後衛時、マルチアクションでの使用で味方全体の攻撃力を{3}％上昇させる	双重击打	对敌方全体造成魔法伤害。目标处于破防时，获得的TP提升。处于后卫时，使用多重行动可使我方全体攻击力提升{3}%。	雙重打擊	對敵方全體造成魔法傷害。目標破防時，獲得TP上升。處於後衛時，可使用多重行動使我方全體的攻擊力上升{3}%。	더블 임팩트	모든 적에게 마법 대미지를 준다. 대상이 브레이크 중이면 획득하는 TP가 상승한다. 후열 시, 멀티 액션으로 사용하면 모든 아군의 공격력을 {3}% 상승시킨다
943932783	Double Impact	Deals magic damage to all enemies. Boosts TP gained if target is stunned. Boosts all allies' ATK by {3}% during Multi-Actions while in the back row.	[0, 0, 0, 355072781]	[40, 0, 40, 350]	[539278608, 488251407, 0, 0, 0, 0, 0, 0]	190	[156, 0, 0, 0, 0, 0, 0, 0, 0, 0, 0, 0, 0, 0]	0	[0, 0, 0, 0, 0, 0, 0, 0, 0, 0, 0, 0, 0, 0]	0	0	0	[753455847, 979779043, 1590773769, 4294967295, 4294967295, 4294967295, 3212836864, 3212836864, 1443829884, 1738759673, 0, 0, 0, 0]	ダブルインパクト	敵全体に魔法ダメージを与える。対象がブレイク中、獲得するＴＰが上昇する。後衛時、マルチアクションでの使用で味方全体の攻撃力を{3}％上昇させる	双重击打	对敌方全体造成魔法伤害。目标处于破防时，获得的TP提升。处于后卫时，使用多重行动可使我方全体攻击力提升{3}%。	雙重打擊	對敵方全體造成魔法傷害。目標破防時，獲得TP上升。處於後衛時，可使用多重行動使我方全體的攻擊力上升{3}%。	더블 임팩트	모든 적에게 마법 대미지를 준다. 대상이 브레이크 중이면 획득하는 TP가 상승한다. 후열 시, 멀티 액션으로 사용하면 모든 아군의 공격력을 {3}% 상승시킨다
1329886713	Double Impact	Deals magic damage to all enemies. Boosts TP gained if target is stunned. Boosts all allies' ATK by {3}% during Multi-Actions while in the back row.	[0, 0, 0, 355072781]	[40, 0, 40, 350]	[539278608, 488251407, 0, 0, 0, 0, 0, 0]	200	[156, 0, 0, 0, 0, 0, 0, 0, 0, 0, 0, 0, 0, 0]	0	[0, 0, 0, 0, 0, 0, 0, 0, 0, 0, 0, 0, 0, 0]	0	0	0	[753455847, 979779043, 1590773769, 4294967295, 4294967295, 4294967295, 3212836864, 3212836864, 554182894, 551601508, 0, 0, 0, 0]	ダブルインパクト	敵全体に魔法ダメージを与える。対象がブレイク中、獲得するＴＰが上昇する。後衛時、マルチアクションでの使用で味方全体の攻撃力を{3}％上昇させる	双重击打	对敌方全体造成魔法伤害。目标处于破防时，获得的TP提升。处于后卫时，使用多重行动可使我方全体攻击力提升{3}%。	雙重打擊	對敵方全體造成魔法傷害。目標破防時，獲得TP上升。處於後衛時，可使用多重行動使我方全體的攻擊力上升{3}%。	더블 임팩트	모든 적에게 마법 대미지를 준다. 대상이 브레이크 중이면 획득하는 TP가 상승한다. 후열 시, 멀티 액션으로 사용하면 모든 아군의 공격력을 {3}% 상승시킨다
786374564	Double Impact	Deals magic damage to all enemies. Boosts TP gained if target is stunned. Boosts all allies' ATK by {3}% during Multi-Actions while in the back row.	[0, 0, 0, 355072781]	[40, 0, 40, 350]	[539278608, 488251407, 0, 0, 0, 0, 0, 0]	210	[156, 0, 0, 0, 0, 0, 0, 0, 0, 0, 0, 0, 0, 0]	0	[0, 0, 0, 0, 0, 0, 0, 0, 0, 0, 0, 0, 0, 0]	0	0	0	[753455847, 979779043, 1590773769, 4294967295, 4294967295, 4294967295, 3212836864, 3212836864, 1083392689, 1120404005, 0, 0, 0, 0]	ダブルインパクト	敵全体に魔法ダメージを与える。対象がブレイク中、獲得するＴＰが上昇する。後衛時、マルチアクションでの使用で味方全体の攻撃力を{3}％上昇させる	双重击打	对敌方全体造成魔法伤害。目标处于破防时，获得的TP提升。处于后卫时，使用多重行动可使我方全体攻击力提升{3}%。	雙重打擊	對敵方全體造成魔法傷害。目標破防時，獲得TP上升。處於後衛時，可使用多重行動使我方全體的攻擊力上升{3}%。	더블 임팩트	모든 적에게 마법 대미지를 준다. 대상이 브레이크 중이면 획득하는 TP가 상승한다. 후열 시, 멀티 액션으로 사용하면 모든 아군의 공격력을 {3}% 상승시킨다
1507340082	Double Impact	Deals magic damage to all enemies. Boosts TP gained if target is stunned. Boosts all allies' ATK by {3}% during Multi-Actions while in the back row.	[0, 0, 0, 355072781]	[40, 0, 40, 350]	[539278608, 488251407, 0, 0, 0, 0, 0, 0]	220	[156, 0, 0, 0, 0, 0, 0, 0, 0, 0, 0, 0, 0, 0]	0	[0, 0, 0, 0, 0, 0, 0, 0, 0, 0, 0, 0, 0, 0]	0	0	0	[753455847, 979779043, 1590773769, 4294967295, 4294967295, 4294967295, 3212836864, 3212836864, 932475431, 93035200, 0, 0, 0, 0]	ダブルインパクト	敵全体に魔法ダメージを与える。対象がブレイク中、獲得するＴＰが上昇する。後衛時、マルチアクションでの使用で味方全体の攻撃力を{3}％上昇させる	双重击打	对敌方全体造成魔法伤害。目标处于破防时，获得的TP提升。处于后卫时，使用多重行动可使我方全体攻击力提升{3}%。	雙重打擊	對敵方全體造成魔法傷害。目標破防時，獲得TP上升。處於後衛時，可使用多重行動使我方全體的攻擊力上升{3}%。	더블 임팩트	모든 적에게 마법 대미지를 준다. 대상이 브레이크 중이면 획득하는 TP가 상승한다. 후열 시, 멀티 액션으로 사용하면 모든 아군의 공격력을 {3}% 상승시킨다
1767027755	Charge Strike	Deals physical damage to an enemy. Has a {10}% chance to inflict Paralysis. Gain additional TP when you stun an enemy.	[0, 0, 0, 1415384097]	[0, 0, 0, 0]	[1178150129, 1635452374, 0, 0, 0, 0, 0, 0]	50	[101, 0, 0, 0, 0, 0, 0, 0, 0, 0, 0, 0, 0, 0]	0	[0, 0, 0, 0, 0, 0, 0, 0, 0, 0, 0, 0, 0, 0]	0	0	0	[3734550374, 1127125923, 1590773769, 4294967295, 4294967295, 4294967295, 3212836864, 3212836864, 73796108, 48827670, 0, 0, 0, 0]	チャージストライク	敵単体に物理ダメージを与え、{10}％の確率で麻痺を付与する。敵をブレイク時、TPを追加で獲得する	充填强袭	对敌方单体造成物理伤害，并有{10}%的概率赋予麻痹。敌人破防时，额外获得TP。	蓄積強襲	對敵方單體造成物理傷害，並以{10}%的機率賦予麻痺。使敵人破防時，可額外獲得TP。	차지 스트라이크	단일 적에게 물리 대미지를 주고 {10}%의 확률로 마비를 부여한다. 적 브레이크 시 추가로 TP를 획득한다
2145599423	Charge Strike	Deals physical damage to an enemy. Has a {10}% chance to inflict Paralysis. Gain additional TP when you stun an enemy.	[0, 0, 0, 1415384097]	[0, 0, 0, 0]	[1178150129, 1635452374, 0, 0, 0, 0, 0, 0]	60	[101, 0, 0, 0, 0, 0, 0, 0, 0, 0, 0, 0, 0, 0]	0	[0, 0, 0, 0, 0, 0, 0, 0, 0, 0, 0, 0, 0, 0]	0	0	0	[3734550374, 1127125923, 1590773769, 4294967295, 4294967295, 4294967295, 3212836864, 3212836864, 73796108, 48827670, 0, 0, 0, 0]	チャージストライク	敵単体に物理ダメージを与え、{10}％の確率で麻痺を付与する。敵をブレイク時、TPを追加で獲得する	充填强袭	对敌方单体造成物理伤害，并有{10}%的概率赋予麻痹。敌人破防时，额外获得TP。	蓄積強襲	對敵方單體造成物理傷害，並以{10}%的機率賦予麻痺。使敵人破防時，可額外獲得TP。	차지 스트라이크	단일 적에게 물리 대미지를 주고 {10}%의 확률로 마비를 부여한다. 적 브레이크 시 추가로 TP를 획득한다
149163817	Charge Strike	Deals physical damage to an enemy. Has a {10}% chance to inflict Paralysis. Gain additional TP when you stun an enemy.	[0, 0, 0, 1415384097]	[0, 0, 0, 0]	[1178150129, 1635452374, 0, 0, 0, 0, 0, 0]	70	[101, 0, 0, 0, 0, 0, 0, 0, 0, 0, 0, 0, 0, 0]	0	[0, 0, 0, 0, 0, 0, 0, 0, 0, 0, 0, 0, 0, 0]	0	0	0	[3734550374, 1127125923, 1590773769, 4294967295, 4294967295, 4294967295, 3212836864, 3212836864, 73796108, 48827670, 0, 0, 0, 0]	チャージストライク	敵単体に物理ダメージを与え、{10}％の確率で麻痺を付与する。敵をブレイク時、TPを追加で獲得する	充填强袭	对敌方单体造成物理伤害，并有{10}%的概率赋予麻痹。敌人破防时，额外获得TP。	蓄積強襲	對敵方單體造成物理傷害，並以{10}%的機率賦予麻痺。使敵人破防時，可額外獲得TP。	차지 스트라이크	단일 적에게 물리 대미지를 주고 {10}%의 확률로 마비를 부여한다. 적 브레이크 시 추가로 TP를 획득한다
1769956724	Charge Strike	Deals physical damage to an enemy. Has a {10}% chance to inflict Paralysis. Gain additional TP when you stun an enemy.	[0, 0, 0, 1415384097]	[0, 0, 0, 0]	[1178150129, 1635452374, 0, 0, 0, 0, 0, 0]	80	[101, 0, 0, 0, 0, 0, 0, 0, 0, 0, 0, 0, 0, 0]	0	[0, 0, 0, 0, 0, 0, 0, 0, 0, 0, 0, 0, 0, 0]	0	0	0	[3734550374, 1127125923, 1590773769, 4294967295, 4294967295, 4294967295, 3212836864, 3212836864, 73796108, 48827670, 0, 0, 0, 0]	チャージストライク	敵単体に物理ダメージを与え、{10}％の確率で麻痺を付与する。敵をブレイク時、TPを追加で獲得する	充填强袭	对敌方单体造成物理伤害，并有{10}%的概率赋予麻痹。敌人破防时，额外获得TP。	蓄積強襲	對敵方單體造成物理傷害，並以{10}%的機率賦予麻痺。使敵人破防時，可額外獲得TP。	차지 스트라이크	단일 적에게 물리 대미지를 주고 {10}%의 확률로 마비를 부여한다. 적 브레이크 시 추가로 TP를 획득한다
511202786	Charge Strike	Deals physical damage to an enemy. Has a {10}% chance to inflict Paralysis. Gain additional TP when you stun an enemy.	[0, 0, 0, 1415384097]	[0, 0, 0, 0]	[1178150129, 1635452374, 0, 0, 0, 0, 0, 0]	90	[101, 0, 0, 0, 0, 0, 0, 0, 0, 0, 0, 0, 0, 0]	0	[0, 0, 0, 0, 0, 0, 0, 0, 0, 0, 0, 0, 0, 0]	0	0	0	[3734550374, 1127125923, 1590773769, 4294967295, 4294967295, 4294967295, 3212836864, 3212836864, 73796108, 48827670, 0, 0, 0, 0]	チャージストライク	敵単体に物理ダメージを与え、{10}％の確率で麻痺を付与する。敵をブレイク時、TPを追加で獲得する	充填强袭	对敌方单体造成物理伤害，并有{10}%的概率赋予麻痹。敌人破防时，额外获得TP。	蓄積強襲	對敵方單體造成物理傷害，並以{10}%的機率賦予麻痺。使敵人破防時，可額外獲得TP。	차지 스트라이크	단일 적에게 물리 대미지를 주고 {10}%의 확률로 마비를 부여한다. 적 브레이크 시 추가로 TP를 획득한다
508921021	Shooting Star	Deals magic damage to an enemy and has a chance to delay its turn order by {7}. Boosts TP gained if target is stunned.	[0, 0, 0, 1415384097]	[0, 0, 0, 0]	[2017985743, 59448156, 0, 0, 0, 0, 0, 0]	90	[148, 0, 0, 0, 0, 0, 0, 0, 0, 0, 0, 0, 0, 0]	0	[0, 0, 0, 0, 0, 0, 0, 0, 0, 0, 0, 0, 0, 0]	0	0	0	[3860648788, 281613051, 1590773769, 4294967295, 4294967295, 4294967295, 3212836864, 3212836864, 926152042, 616279824, 0, 0, 0, 0]	シューティングスター	敵単体に魔法ダメージを与え、行動順を確率で{7}ターン遅らせる。対象がブレイク中、獲得するＴＰが上昇する	流星击	对敌方单体造成魔法伤害，并使目标的行动顺序延后{7}回合。目标处于破防时，获得TP提升。	流星之擊	對敵方單體造成魔法傷害，並使行動順序有機率延後{7}回合。目標破防時，獲得TP上升。	슈팅 스타	단일 적에게 마법 대미지를 주고 행동순서를 일정 확률로 {7}턴 늦춘다. 대상이 브레이크 중이면 획득하는 TP가 상승한다
1115887119	Shooting Star	Deals magic damage to an enemy and has a chance to delay its turn order by {7}. Boosts TP gained if target is stunned.	[0, 0, 0, 1415384097]	[0, 0, 0, 0]	[2017985743, 59448156, 0, 0, 0, 0, 0, 0]	100	[148, 0, 0, 0, 0, 0, 0, 0, 0, 0, 0, 0, 0, 0]	0	[0, 0, 0, 0, 0, 0, 0, 0, 0, 0, 0, 0, 0, 0]	0	0	0	[3860648788, 281613051, 1590773769, 4294967295, 4294967295, 4294967295, 3212836864, 3212836864, 926152042, 616279824, 0, 0, 0, 0]	シューティングスター	敵単体に魔法ダメージを与え、行動順を確率で{7}ターン遅らせる。対象がブレイク中、獲得するＴＰが上昇する	流星击	对敌方单体造成魔法伤害，并使目标的行动顺序延后{7}回合。目标处于破防时，获得TP提升。	流星之擊	對敵方單體造成魔法傷害，並使行動順序有機率延後{7}回合。目標破防時，獲得TP上升。	슈팅 스타	단일 적에게 마법 대미지를 주고 행동순서를 일정 확률로 {7}턴 늦춘다. 대상이 브레이크 중이면 획득하는 TP가 상승한다
897853081	Shooting Star	Deals magic damage to an enemy and has a chance to delay its turn order by {7}. Boosts TP gained if target is stunned.	[0, 0, 0, 1415384097]	[0, 0, 0, 0]	[2017985743, 59448156, 0, 0, 0, 0, 0, 0]	110	[148, 0, 0, 0, 0, 0, 0, 0, 0, 0, 0, 0, 0, 0]	0	[0, 0, 0, 0, 0, 0, 0, 0, 0, 0, 0, 0, 0, 0]	0	0	0	[3860648788, 281613051, 1590773769, 4294967295, 4294967295, 4294967295, 3212836864, 3212836864, 926152042, 616279824, 0, 0, 0, 0]	シューティングスター	敵単体に魔法ダメージを与え、行動順を確率で{7}ターン遅らせる。対象がブレイク中、獲得するＴＰが上昇する	流星击	对敌方单体造成魔法伤害，并使目标的行动顺序延后{7}回合。目标处于破防时，获得TP提升。	流星之擊	對敵方單體造成魔法傷害，並使行動順序有機率延後{7}回合。目標破防時，獲得TP上升。	슈팅 스타	단일 적에게 마법 대미지를 주고 행동순서를 일정 확률로 {7}턴 늦춘다. 대상이 브레이크 중이면 획득하는 TP가 상승한다
1411337412	Shooting Star	Deals magic damage to an enemy and has a chance to delay its turn order by {7}. Boosts TP gained if target is stunned.	[0, 0, 0, 1415384097]	[0, 0, 0, 0]	[2017985743, 59448156, 0, 0, 0, 0, 0, 0]	120	[148, 0, 0, 0, 0, 0, 0, 0, 0, 0, 0, 0, 0, 0]	0	[0, 0, 0, 0, 0, 0, 0, 0, 0, 0, 0, 0, 0, 0]	0	0	0	[3860648788, 281613051, 1590773769, 4294967295, 4294967295, 4294967295, 3212836864, 3212836864, 926152042, 616279824, 0, 0, 0, 0]	シューティングスター	敵単体に魔法ダメージを与え、行動順を確率で{7}ターン遅らせる。対象がブレイク中、獲得するＴＰが上昇する	流星击	对敌方单体造成魔法伤害，并使目标的行动顺序延后{7}回合。目标处于破防时，获得TP提升。	流星之擊	對敵方單體造成魔法傷害，並使行動順序有機率延後{7}回合。目標破防時，獲得TP上升。	슈팅 스타	단일 적에게 마법 대미지를 주고 행동순서를 일정 확률로 {7}턴 늦춘다. 대상이 브레이크 중이면 획득하는 TP가 상승한다
588807250	Shooting Star	Deals magic damage to an enemy and has a chance to delay its turn order by {7}. Boosts TP gained if target is stunned.	[0, 0, 0, 1415384097]	[0, 0, 0, 0]	[2017985743, 59448156, 0, 0, 0, 0, 0, 0]	130	[148, 0, 0, 0, 0, 0, 0, 0, 0, 0, 0, 0, 0, 0]	0	[0, 0, 0, 0, 0, 0, 0, 0, 0, 0, 0, 0, 0, 0]	0	0	0	[3860648788, 281613051, 1590773769, 4294967295, 4294967295, 4294967295, 3212836864, 3212836864, 926152042, 616279824, 0, 0, 0, 0]	シューティングスター	敵単体に魔法ダメージを与え、行動順を確率で{7}ターン遅らせる。対象がブレイク中、獲得するＴＰが上昇する	流星击	对敌方单体造成魔法伤害，并使目标的行动顺序延后{7}回合。目标处于破防时，获得TP提升。	流星之擊	對敵方單體造成魔法傷害，並使行動順序有機率延後{7}回合。目標破防時，獲得TP上升。	슈팅 스타	단일 적에게 마법 대미지를 주고 행동순서를 일정 확률로 {7}턴 늦춘다. 대상이 브레이크 중이면 획득하는 TP가 상승한다
1897227986	Law of Profusion	Deals magic damage to an enemy and stuns them.	[0, 0, 0, 1415384097]	[0, 0, 0, 0]	[340725751, 1428139946, 0, 0, 0, 0, 0, 0]	310	[78, 0, 0, 0, 0, 0, 0, 0, 0, 0, 0, 0, 0, 0]	0	[0, 0, 0, 0, 0, 0, 0, 0, 0, 0, 0, 0, 0, 0]	8	0	0	[429625631, 1569521881, 1590773769, 4294967295, 4294967295, 4294967295, 3212836864, 3212836864, 1449433918, 0, 0, 0, 0, 0]	百科繚乱の法	敵単体に魔法ダメージを与え、ブレイク状態にする	百花缭乱之术	对敌方单体造成魔法伤害，并使其陷入破防状态。	百科繚亂之法	對敵方單體造成魔法傷害，並使其陷入破防狀態。	백과요란의 법	단일 적에게 마법 대미지를 주고 브레이크 상태로 만든다
1059880480	Law of Profusion	Deals magic damage to an enemy and stuns them.	[0, 0, 0, 1415384097]	[0, 0, 0, 0]	[340725751, 1428139946, 0, 0, 0, 0, 0, 0]	330	[78, 0, 0, 0, 0, 0, 0, 0, 0, 0, 0, 0, 0, 0]	0	[0, 0, 0, 0, 0, 0, 0, 0, 0, 0, 0, 0, 0, 0]	8	0	0	[429625631, 1569521881, 1590773769, 4294967295, 4294967295, 4294967295, 3212836864, 3212836864, 1449433918, 0, 0, 0, 0, 0]	百科繚乱の法	敵単体に魔法ダメージを与え、ブレイク状態にする	百花缭乱之术	对敌方单体造成魔法伤害，并使其陷入破防状态。	百科繚亂之法	對敵方單體造成魔法傷害，並使其陷入破防狀態。	백과요란의 법	단일 적에게 마법 대미지를 주고 브레이크 상태로 만든다
1210797750	Law of Profusion	Deals magic damage to an enemy and stuns them.	[0, 0, 0, 1415384097]	[0, 0, 0, 0]	[340725751, 1428139946, 0, 0, 0, 0, 0, 0]	340	[78, 0, 0, 0, 0, 0, 0, 0, 0, 0, 0, 0, 0, 0]	0	[0, 0, 0, 0, 0, 0, 0, 0, 0, 0, 0, 0, 0, 0]	8	0	0	[429625631, 1569521881, 1590773769, 4294967295, 4294967295, 4294967295, 3212836864, 3212836864, 1449433918, 0, 0, 0, 0, 0]	百科繚乱の法	敵単体に魔法ダメージを与え、ブレイク状態にする	百花缭乱之术	对敌方单体造成魔法伤害，并使其陷入破防状态。	百科繚亂之法	對敵方單體造成魔法傷害，並使其陷入破防狀態。	백과요란의 법	단일 적에게 마법 대미지를 주고 브레이크 상태로 만든다
699409643	Law of Profusion	Deals magic damage to an enemy and stuns them.	[0, 0, 0, 1415384097]	[0, 0, 0, 0]	[340725751, 1428139946, 0, 0, 0, 0, 0, 0]	350	[78, 0, 0, 0, 0, 0, 0, 0, 0, 0, 0, 0, 0, 0]	0	[0, 0, 0, 0, 0, 0, 0, 0, 0, 0, 0, 0, 0, 0]	8	0	0	[429625631, 1569521881, 1590773769, 4294967295, 4294967295, 4294967295, 3212836864, 3212836864, 1449433918, 0, 0, 0, 0, 0]	百科繚乱の法	敵単体に魔法ダメージを与え、ブレイク状態にする	百花缭乱之术	对敌方单体造成魔法伤害，并使其陷入破防状态。	百科繚亂之法	對敵方單體造成魔法傷害，並使其陷入破防狀態。	백과요란의 법	단일 적에게 마법 대미지를 주고 브레이크 상태로 만든다
1589056637	Law of Profusion	Deals magic damage to an enemy and stuns them.	[0, 0, 0, 1415384097]	[0, 0, 0, 0]	[340725751, 1428139946, 0, 0, 0, 0, 0, 0]	370	[78, 0, 0, 0, 0, 0, 0, 0, 0, 0, 0, 0, 0, 0]	0	[0, 0, 0, 0, 0, 0, 0, 0, 0, 0, 0, 0, 0, 0]	8	0	0	[429625631, 1569521881, 1590773769, 4294967295, 4294967295, 4294967295, 3212836864, 3212836864, 1449433918, 0, 0, 0, 0, 0]	百科繚乱の法	敵単体に魔法ダメージを与え、ブレイク状態にする	百花缭乱之术	对敌方单体造成魔法伤害，并使其陷入破防状态。	百科繚亂之法	對敵方單體造成魔法傷害，並使其陷入破防狀態。	백과요란의 법	단일 적에게 마법 대미지를 주고 브레이크 상태로 만든다
1032272262	Normal Attack	Deals magic damage to an enemy. Gain AP when attacking.	[0, 0, 0, 1415384097]	[0, 7, 5, 130]	[269952873, 1702933192, 0, 0, 0, 0, 0, 0]	70	[7, 0, 0, 0, 0, 0, 0, 0, 0, 0, 0, 0, 0, 0]	0	[0, 0, 0, 0, 0, 0, 0, 0, 0, 0, 0, 0, 0, 0]	0	0	0	[3211447761, 15579564, 1590773769, 4294967295, 4294967295, 4294967295, 3212836864, 3212836864, 0, 0, 0, 0, 0, 0]	通常攻撃	敵単体に魔法ダメージを与える。攻撃時、ＡＰを獲得する	普通攻击	对敌方单体造成魔法伤害。攻击时，获得AP。	普通攻擊	對敵方單體造成魔法傷害。攻擊時，獲得AP。	통상공격	단일 적에게 마법 대미지를 준다.공격 시 AP를 획득한다
1534171072	Normal Attack	Deals magic damage to an enemy. Gain AP when attacking.	[0, 0, 0, 1415384097]	[0, 10, 5, 130]	[1980415640, 434214685, 0, 0, 0, 0, 0, 0]	80	[15, 0, 0, 0, 0, 0, 0, 0, 0, 0, 0, 0, 0, 0]	0	[0, 0, 0, 0, 0, 0, 0, 0, 0, 0, 0, 0, 0, 0]	0	0	0	[2280565223, 1393178868, 1590773769, 4294967295, 4294967295, 4294967295, 3212836864, 3212836864, 0, 0, 0, 0, 0, 0]	通常攻撃	敵単体に魔法ダメージを与える。攻撃時、ＡＰを獲得する	普通攻击	对敌方单体造成魔法伤害。攻击时，获得AP。	普通攻擊	對敵方單體造成魔法傷害。攻擊時，獲得AP。	통상공격	단일 적에게 마법 대미지를 준다.공격 시 AP를 획득한다
745973590	Normal Attack	Deals magic damage to an enemy. Gain AP when attacking.	[0, 0, 0, 1415384097]	[0, 14, 5, 130]	[1216061096, 2064746901, 0, 0, 0, 0, 0, 0]	90	[23, 0, 0, 0, 0, 0, 0, 0, 0, 0, 0, 0, 0, 0]	0	[0, 0, 0, 0, 0, 0, 0, 0, 0, 0, 0, 0, 0, 0]	0	0	0	[832436803, 1490896099, 1590773769, 4294967295, 4294967295, 4294967295, 3212836864, 3212836864, 0, 0, 0, 0, 0, 0]	通常攻撃	敵単体に魔法ダメージを与える。攻撃時、ＡＰを獲得する	普通攻击	对敌方单体造成魔法伤害。攻击时，获得AP。	普通攻擊	對敵方單體造成魔法傷害。攻擊時，獲得AP。	통상공격	단일 적에게 마법 대미지를 준다.공격 시 AP를 획득한다
1631849312	Flame Shot	Deals fire damage to an enemy. Has a {6}% chance to inflict Burns.	[0, 0, 0, 1415384097]	[10, 0, 10, 180]	[1220481962, 1790033236, 0, 0, 0, 0, 0, 0]	100	[43, 0, 0, 0, 0, 0, 0, 0, 0, 0, 0, 0, 0, 0]	0	[0, 0, 0, 0, 0, 0, 0, 0, 0, 0, 0, 0, 0, 0]	0	0	0	[4157157976, 496120256, 1590773769, 4294967295, 4294967295, 4294967295, 3212836864, 3212836864, 134670200, 0, 0, 0, 0, 0]	フレイムシュート	"敵単体に火ダメージを与える。
{6}％の確率で火傷を付与する"	烈焰射击	对敌方单体造成火伤害，并有{6}%的概率赋予火伤。	烈焰射擊	對敵方單體造成火傷害，並以{6}%的機率賦予燒傷。	프레임 슛	"단일 적에게 화속성 대미지를 준다.
{6}％의 확률로 화상을 부여한다"
12325927	Flame Shot	Deals fire damage to an enemy. Has a {6}% chance to inflict Burns.	[0, 0, 0, 1415384097]	[10, 0, 10, 180]	[1220481962, 1790033236, 0, 0, 0, 0, 0, 0]	110	[43, 0, 0, 0, 0, 0, 0, 0, 0, 0, 0, 0, 0, 0]	0	[0, 0, 0, 0, 0, 0, 0, 0, 0, 0, 0, 0, 0, 0]	0	0	0	[4157157976, 496120256, 1590773769, 4294967295, 4294967295, 4294967295, 3212836864, 3212836864, 1861241138, 0, 0, 0, 0, 0]	フレイムシュート	"敵単体に火ダメージを与える。
{6}％の確率で火傷を付与する"	烈焰射击	对敌方单体造成火伤害，并有{6}%的概率赋予火伤。	烈焰射擊	對敵方單體造成火傷害，並以{6}%的機率賦予燒傷。	프레임 슛	"단일 적에게 화속성 대미지를 준다.
{6}％의 확률로 화상을 부여한다"
2008753329	Flame Shot	Deals fire damage to an enemy. Has a {6}% chance to inflict Burns.	[0, 0, 0, 1415384097]	[10, 0, 10, 180]	[1220481962, 1790033236, 0, 0, 0, 0, 0, 0]	120	[43, 0, 0, 0, 0, 0, 0, 0, 0, 0, 0, 0, 0, 0]	0	[0, 0, 0, 0, 0, 0, 0, 0, 0, 0, 0, 0, 0, 0]	0	0	0	[4157157976, 496120256, 1590773769, 4294967295, 4294967295, 4294967295, 3212836864, 3212836864, 435648932, 0, 0, 0, 0, 0]	フレイムシュート	"敵単体に火ダメージを与える。
{6}％の確率で火傷を付与する"	烈焰射击	对敌方单体造成火伤害，并有{6}%的概率赋予火伤。	烈焰射擊	對敵方單體造成火傷害，並以{6}%的機率賦予燒傷。	프레임 슛	"단일 적에게 화속성 대미지를 준다.
{6}％의 확률로 화상을 부여한다"
371216110	Flame Shot	Deals fire damage to an enemy. Has a {6}% chance to inflict Burns.	[0, 0, 0, 1415384097]	[10, 0, 10, 180]	[1220481962, 1790033236, 0, 0, 0, 0, 0, 0]	130	[43, 0, 0, 0, 0, 0, 0, 0, 0, 0, 0, 0, 0, 0]	0	[0, 0, 0, 0, 0, 0, 0, 0, 0, 0, 0, 0, 0, 0]	0	0	0	[4157157976, 496120256, 1590773769, 4294967295, 4294967295, 4294967295, 3212836864, 3212836864, 2020348921, 0, 0, 0, 0, 0]	フレイムシュート	"敵単体に火ダメージを与える。
{6}％の確率で火傷を付与する"	烈焰射击	对敌方单体造成火伤害，并有{6}%的概率赋予火伤。	烈焰射擊	對敵方單體造成火傷害，並以{6}%的機率賦予燒傷。	프레임 슛	"단일 적에게 화속성 대미지를 준다.
{6}％의 확률로 화상을 부여한다"
1629978236	Flame Shot	Deals fire damage to an enemy. Has a {6}% chance to inflict Burns.	[0, 0, 0, 1415384097]	[10, 0, 10, 180]	[1220481962, 1790033236, 0, 0, 0, 0, 0, 0]	140	[43, 0, 0, 0, 0, 0, 0, 0, 0, 0, 0, 0, 0, 0]	0	[0, 0, 0, 0, 0, 0, 0, 0, 0, 0, 0, 0, 0, 0]	0	0	0	[4157157976, 496120256, 1590773769, 4294967295, 4294967295, 4294967295, 3212836864, 3212836864, 258679663, 0, 0, 0, 0, 0]	フレイムシュート	"敵単体に火ダメージを与える。
{6}％の確率で火傷を付与する"	烈焰射击	对敌方单体造成火伤害，并有{6}%的概率赋予火伤。	烈焰射擊	對敵方單體造成火傷害，並以{6}%的機率賦予燒傷。	프레임 슛	"단일 적에게 화속성 대미지를 준다.
{6}％의 확률로 화상을 부여한다"
129148186	Wind Cutter	Deals air damage to an enemy and reduces its SPD by {3}%.	[0, 0, 0, 1415384097]	[20, 0, 20, 225]	[782404181, 382769295, 0, 0, 0, 0, 0, 0]	160	[62, 0, 0, 0, 0, 0, 0, 0, 0, 0, 0, 0, 0, 0]	0	[0, 0, 0, 0, 0, 0, 0, 0, 0, 0, 0, 0, 0, 0]	0	0	0	[2316930601, 1728480406, 1590773769, 4294967295, 4294967295, 4294967295, 3212836864, 3212836864, 1336319400, 1926992611, 0, 0, 0, 0]	ウィンドカッター	敵単体に風ダメージを与え対象の素早さを{3}％低下させる	疾风之刃	对敌方单体造成风伤害，目标敏捷下降{3}%。	疾風之刃	對敵方單體造成風傷害，並使目標的敏捷下降{3}%。	윈드 커터	단일 적에게 풍 대미지를 주고 대상의 민첩성을 {3}% 저하시킨다
1193045751	Wind Cutter	Deals air damage to an enemy and reduces its SPD by {3}%.	[0, 0, 0, 1415384097]	[20, 0, 20, 225]	[782404181, 382769295, 0, 0, 0, 0, 0, 0]	170	[62, 0, 0, 0, 0, 0, 0, 0, 0, 0, 0, 0, 0, 0]	0	[0, 0, 0, 0, 0, 0, 0, 0, 0, 0, 0, 0, 0, 0]	0	0	0	[2316930601, 1728480406, 1590773769, 4294967295, 4294967295, 4294967295, 3212836864, 3212836864, 693122018, 897312819, 0, 0, 0, 0]	ウィンドカッター	敵単体に風ダメージを与え対象の素早さを{3}％低下させる	疾风之刃	对敌方单体造成风伤害，目标敏捷下降{3}%。	疾風之刃	對敵方單體造成風傷害，並使目標的敏捷下降{3}%。	윈드 커터	단일 적에게 풍 대미지를 주고 대상의 민첩성을 {3}% 저하시킨다
807100001	Wind Cutter	Deals air damage to an enemy and reduces its SPD by {3}%.	[0, 0, 0, 1415384097]	[20, 0, 20, 225]	[782404181, 382769295, 0, 0, 0, 0, 0, 0]	180	[62, 0, 0, 0, 0, 0, 0, 0, 0, 0, 0, 0, 0, 0]	0	[0, 0, 0, 0, 0, 0, 0, 0, 0, 0, 0, 0, 0, 0]	0	0	0	[2316930601, 1728480406, 1590773769, 4294967295, 4294967295, 4294967295, 3212836864, 3212836864, 1582760820, 136036739, 0, 0, 0, 0]	ウィンドカッター	敵単体に風ダメージを与え対象の素早さを{3}％低下させる	疾风之刃	对敌方单体造成风伤害，目标敏捷下降{3}%。	疾風之刃	對敵方單體造成風傷害，並使目標的敏捷下降{3}%。	윈드 커터	단일 적에게 풍 대미지를 주고 대상의 민첩성을 {3}% 저하시킨다
1367356478	Wind Cutter	Deals air damage to an enemy and reduces its SPD by {3}%.	[0, 0, 0, 1415384097]	[20, 0, 20, 225]	[782404181, 382769295, 0, 0, 0, 0, 0, 0]	190	[62, 0, 0, 0, 0, 0, 0, 0, 0, 0, 0, 0, 0, 0]	0	[0, 0, 0, 0, 0, 0, 0, 0, 0, 0, 0, 0, 0, 0]	0	0	0	[2316930601, 1728480406, 1590773769, 4294967295, 4294967295, 4294967295, 3212836864, 3212836864, 1070360873, 1170530925, 0, 0, 0, 0]	ウィンドカッター	敵単体に風ダメージを与え対象の素早さを{3}％低下させる	疾风之刃	对敌方单体造成风伤害，目标敏捷下降{3}%。	疾風之刃	對敵方單體造成風傷害，並使目標的敏捷下降{3}%。	윈드 커터	단일 적에게 풍 대미지를 주고 대상의 민첩성을 {3}% 저하시킨다
646382764	Wind Cutter	Deals air damage to an enemy and reduces its SPD by {3}%.	[0, 0, 0, 1415384097]	[20, 0, 20, 225]	[782404181, 382769295, 0, 0, 0, 0, 0, 0]	200	[62, 0, 0, 0, 0, 0, 0, 0, 0, 0, 0, 0, 0, 0]	0	[0, 0, 0, 0, 0, 0, 0, 0, 0, 0, 0, 0, 0, 0]	0	0	0	[2316930601, 1728480406, 1590773769, 4294967295, 4294967295, 4294967295, 3212836864, 3212836864, 1221286335, 2024066013, 0, 0, 0, 0]	ウィンドカッター	敵単体に風ダメージを与え対象の素早さを{3}％低下させる	疾风之刃	对敌方单体造成风伤害，目标敏捷下降{3}%。	疾風之刃	對敵方單體造成風傷害，並使目標的敏捷下降{3}%。	윈드 커터	단일 적에게 풍 대미지를 주고 대상의 민첩성을 {3}% 저하시킨다
1890948492	Pumpkin Bomb	Deals fire damage to all enemies. Has a {6}% chance to inflict Daze.	[0, 0, 0, 355072781]	[30, 0, 30, 250]	[282307179, 1948288519, 0, 0, 0, 0, 0, 0]	80	[28, 0, 0, 0, 0, 0, 0, 0, 0, 0, 0, 0, 0, 0]	0	[0, 0, 0, 0, 0, 0, 0, 0, 0, 0, 0, 0, 0, 0]	0	0	0	[2996693535, 887162318, 1590773769, 4294967295, 4294967295, 4294967295, 3212836864, 3212836864, 1925624856, 0, 0, 0, 0, 0]	パンプキンボム	敵全体に火ダメージを与える。{6}％の確率でスタンを付与する	南瓜炸弹	"对敌方全体造成火伤害，
并以{6}%的概率赋予其昏眩。"	南瓜炸彈	"對敵方全體造成火傷害，
並以{6}%的機率賦予昏眩。"	펌프킨 봄	모든 적에게 화 대미지를 준다.{6}%의 확률로 스턴을 부여한다
2054965063	Pumpkin Bomb	Deals fire damage to all enemies. Has a {6}% chance to inflict Daze.	[0, 0, 0, 355072781]	[30, 0, 30, 250]	[282307179, 1948288519, 0, 0, 0, 0, 0, 0]	90	[28, 0, 0, 0, 0, 0, 0, 0, 0, 0, 0, 0, 0, 0]	0	[0, 0, 0, 0, 0, 0, 0, 0, 0, 0, 0, 0, 0, 0]	0	0	0	[2996693535, 887162318, 1590773769, 4294967295, 4294967295, 4294967295, 3212836864, 3212836864, 338696786, 0, 0, 0, 0, 0]	パンプキンボム	敵全体に火ダメージを与える。{6}％の確率でスタンを付与する	南瓜炸弹	"对敌方全体造成火伤害，
并以{6}%的概率赋予其昏眩。"	南瓜炸彈	"對敵方全體造成火傷害，
並以{6}%的機率賦予昏眩。"	펌프킨 봄	모든 적에게 화 대미지를 준다.{6}%의 확률로 스턴을 부여한다
226195409	Pumpkin Bomb	Deals fire damage to all enemies. Has a {6}% chance to inflict Daze.	[0, 0, 0, 355072781]	[30, 0, 30, 250]	[282307179, 1948288519, 0, 0, 0, 0, 0, 0]	100	[28, 0, 0, 0, 0, 0, 0, 0, 0, 0, 0, 0, 0, 0]	0	[0, 0, 0, 0, 0, 0, 0, 0, 0, 0, 0, 0, 0, 0]	0	0	0	[2996693535, 887162318, 1590773769, 4294967295, 4294967295, 4294967295, 3212836864, 3212836864, 1664559812, 0, 0, 0, 0, 0]	パンプキンボム	敵全体に火ダメージを与える。{6}％の確率でスタンを付与する	南瓜炸弹	"对敌方全体造成火伤害，
并以{6}%的概率赋予其昏眩。"	南瓜炸彈	"對敵方全體造成火傷害，
並以{6}%的機率賦予昏眩。"	펌프킨 봄	모든 적에게 화 대미지를 준다.{6}%의 확률로 스턴을 부여한다
1826626958	Pumpkin Bomb	Deals fire damage to all enemies. Has a {6}% chance to inflict Daze.	[0, 0, 0, 355072781]	[30, 0, 30, 250]	[282307179, 1948288519, 0, 0, 0, 0, 0, 0]	110	[28, 0, 0, 0, 0, 0, 0, 0, 0, 0, 0, 0, 0, 0]	0	[0, 0, 0, 0, 0, 0, 0, 0, 0, 0, 0, 0, 0, 0]	0	0	0	[2996693535, 887162318, 1590773769, 4294967295, 4294967295, 4294967295, 3212836864, 3212836864, 44843161, 0, 0, 0, 0, 0]	パンプキンボム	敵全体に火ダメージを与える。{6}％の確率でスタンを付与する	南瓜炸弹	"对敌方全体造成火伤害，
并以{6}%的概率赋予其昏眩。"	南瓜炸彈	"對敵方全體造成火傷害，
並以{6}%的機率賦予昏眩。"	펌프킨 봄	모든 적에게 화 대미지를 준다.{6}%의 확률로 스턴을 부여한다
468135196	Pumpkin Bomb	Deals fire damage to all enemies. Has a {6}% chance to inflict Daze.	[0, 0, 0, 355072781]	[30, 0, 30, 250]	[282307179, 1948288519, 0, 0, 0, 0, 0, 0]	120	[28, 0, 0, 0, 0, 0, 0, 0, 0, 0, 0, 0, 0, 0]	0	[0, 0, 0, 0, 0, 0, 0, 0, 0, 0, 0, 0, 0, 0]	0	0	0	[2996693535, 887162318, 1590773769, 4294967295, 4294967295, 4294967295, 3212836864, 3212836864, 1974169615, 0, 0, 0, 0, 0]	パンプキンボム	敵全体に火ダメージを与える。{6}％の確率でスタンを付与する	南瓜炸弹	"对敌方全体造成火伤害，
并以{6}%的概率赋予其昏眩。"	南瓜炸彈	"對敵方全體造成火傷害，
並以{6}%的機率賦予昏眩。"	펌프킨 봄	모든 적에게 화 대미지를 준다.{6}%의 확률로 스턴을 부여한다
288292817	Phantom Sword	Deals fire and air damage to an enemy. If this attack defeats the enemy, {3}% of the expended AP is restored.	[0, 0, 0, 1415384097]	[40, 0, 40, 275]	[971554792, 300756167, 0, 0, 0, 0, 0, 0]	180	[70, 0, 0, 0, 0, 0, 0, 0, 0, 0, 0, 0, 0, 0]	0	[0, 0, 0, 0, 0, 0, 0, 0, 0, 0, 0, 0, 0, 0]	0	0	0	[82753979, 1060534745, 1590773769, 4294967295, 4294967295, 4294967295, 3212836864, 3212836864, 1058641912, 0, 0, 0, 0, 0]	ファントムソード	敵単体に火・風ダメージを与える。この攻撃で敵を倒した時、消費したAPを{3}％還元する	魅影之剑	"对敌方单体造成火、风伤害。
使用此攻击打倒敌人时，恢复所消耗AP的{3}%。"	魅影之劍	"對敵方單體造成火、風傷害。
使用此攻擊打倒敵人時，可回復消耗AP的{3}%。"	팬텀 소드	단일 적에게 화ㆍ풍 대미지를 준다.이 공격으로 적을 쓰러뜨리면 소비한 AP를 {3}% 환원한다
933455017	Phantom Sword	Deals fire and air damage to an enemy. If this attack defeats the enemy, {3}% of the expended AP is restored.	[0, 0, 0, 1415384097]	[40, 0, 40, 275]	[971554792, 300756167, 0, 0, 0, 0, 0, 0]	190	[70, 0, 0, 0, 0, 0, 0, 0, 0, 0, 0, 0, 0, 0]	0	[0, 0, 0, 0, 0, 0, 0, 0, 0, 0, 0, 0, 0, 0]	0	0	0	[82753979, 1060534745, 1590773769, 4294967295, 4294967295, 4294967295, 3212836864, 3212836864, 1508850110, 0, 0, 0, 0, 0]	ファントムソード	敵単体に火・風ダメージを与える。この攻撃で敵を倒した時、消費したAPを{3}％還元する	魅影之剑	"对敌方单体造成火、风伤害。
使用此攻击打倒敌人时，恢复所消耗AP的{3}%。"	魅影之劍	"對敵方單體造成火、風傷害。
使用此攻擊打倒敵人時，可回復消耗AP的{3}%。"	팬텀 소드	단일 적에게 화ㆍ풍 대미지를 준다.이 공격으로 적을 쓰러뜨리면 소비한 AP를 {3}% 환원한다
1084511295	Phantom Sword	Deals fire and air damage to an enemy. If this attack defeats the enemy, {3}% of the expended AP is restored.	[0, 0, 0, 1415384097]	[40, 0, 40, 275]	[971554792, 300756167, 0, 0, 0, 0, 0, 0]	200	[70, 0, 0, 0, 0, 0, 0, 0, 0, 0, 0, 0, 0, 0]	0	[0, 0, 0, 0, 0, 0, 0, 0, 0, 0, 0, 0, 0, 0]	0	0	0	[82753979, 1060534745, 1590773769, 4294967295, 4294967295, 4294967295, 3212836864, 3212836864, 786958636, 0, 0, 0, 0, 0]	ファントムソード	敵単体に火・風ダメージを与える。この攻撃で敵を倒した時、消費したAPを{3}％還元する	魅影之剑	"对敌方单体造成火、风伤害。
使用此攻击打倒敌人时，恢复所消耗AP的{3}%。"	魅影之劍	"對敵方單體造成火、風傷害。
使用此攻擊打倒敵人時，可回復消耗AP的{3}%。"	팬텀 소드	단일 적에게 화ㆍ풍 대미지를 준다.이 공격으로 적을 쓰러뜨리면 소비한 AP를 {3}% 환원한다
557792866	Phantom Sword	Deals fire and air damage to an enemy. If this attack defeats the enemy, {3}% of the expended AP is restored.	[0, 0, 0, 1415384097]	[40, 0, 40, 275]	[971554792, 300756167, 0, 0, 0, 0, 0, 0]	210	[70, 0, 0, 0, 0, 0, 0, 0, 0, 0, 0, 0, 0, 0]	0	[0, 0, 0, 0, 0, 0, 0, 0, 0, 0, 0, 0, 0, 0]	0	0	0	[82753979, 1060534745, 1590773769, 4294967295, 4294967295, 4294967295, 3212836864, 3212836864, 1332962167, 0, 0, 0, 0, 0]	ファントムソード	敵単体に火・風ダメージを与える。この攻撃で敵を倒した時、消費したAPを{3}％還元する	魅影之剑	"对敌方单体造成火、风伤害。
使用此攻击打倒敌人时，恢复所消耗AP的{3}%。"	魅影之劍	"對敵方單體造成火、風傷害。
使用此攻擊打倒敵人時，可回復消耗AP的{3}%。"	팬텀 소드	단일 적에게 화ㆍ풍 대미지를 준다.이 공격으로 적을 쓰러뜨리면 소비한 AP를 {3}% 환원한다
1446514420	Phantom Sword	Deals fire and air damage to an enemy. If this attack defeats the enemy, {3}% of the expended AP is restored.	[0, 0, 0, 1415384097]	[40, 0, 40, 275]	[971554792, 300756167, 0, 0, 0, 0, 0, 0]	220	[70, 0, 0, 0, 0, 0, 0, 0, 0, 0, 0, 0, 0, 0]	0	[0, 0, 0, 0, 0, 0, 0, 0, 0, 0, 0, 0, 0, 0]	0	0	0	[82753979, 1060534745, 1590773769, 4294967295, 4294967295, 4294967295, 3212836864, 3212836864, 947147745, 0, 0, 0, 0, 0]	ファントムソード	敵単体に火・風ダメージを与える。この攻撃で敵を倒した時、消費したAPを{3}％還元する	魅影之剑	"对敌方单体造成火、风伤害。
使用此攻击打倒敌人时，恢复所消耗AP的{3}%。"	魅影之劍	"對敵方單體造成火、風傷害。
使用此攻擊打倒敵人時，可回復消耗AP的{3}%。"	팬텀 소드	단일 적에게 화ㆍ풍 대미지를 준다.이 공격으로 적을 쓰러뜨리면 소비한 AP를 {3}% 환원한다
1714016071	Supernova	Deals magic damage to an enemy. This skill consumes all AP and damage is boosted based on the amount of AP consumed.	[0, 0, 0, 1415384097]	[0, 0, 50, 350]	[127508440, 1931293263, 0, 0, 0, 0, 0, 0]	400	[82, 0, 0, 0, 0, 0, 0, 0, 0, 0, 0, 0, 0, 0]	0	[0, 0, 0, 0, 0, 0, 0, 0, 0, 0, 0, 0, 0, 0]	0	0	0	[1443208362, 1959507090, 1590773769, 4294967295, 4294967295, 4294967295, 3212836864, 3212836864, 0, 0, 0, 0, 0, 0]	エクスプロードスター	敵単体に魔法ダメージを与える。ＡＰを全て消費し、消費分に応じてダメージが上昇する	爆裂星辰	对敌方单体造成魔法伤害。消耗所有AP，根据消耗量提升伤害。	爆破星辰	對敵方單體造成魔法傷害。消耗所有AP，並依據消耗量使傷害上升。	익스플로드 스타	단일 적에게 마법 대미지를 준다. AP를 모두 소비하고, 소비한 양에 따라 대미지가 상승한다
180571417	Supernova	Deals magic damage to an enemy. This skill consumes all AP and damage is boosted based on the amount of AP consumed.	[0, 0, 0, 1415384097]	[0, 0, 50, 350]	[127508440, 1931293263, 0, 0, 0, 0, 0, 0]	410	[82, 0, 0, 0, 0, 0, 0, 0, 0, 0, 0, 0, 0, 0]	0	[0, 0, 0, 0, 0, 0, 0, 0, 0, 0, 0, 0, 0, 0]	0	0	0	[1443208362, 1959507090, 1590773769, 4294967295, 4294967295, 4294967295, 3212836864, 3212836864, 0, 0, 0, 0, 0, 0]	エクスプロードスター	敵単体に魔法ダメージを与える。ＡＰを全て消費し、消費分に応じてダメージが上昇する	爆裂星辰	对敌方单体造成魔法伤害。消耗所有AP，根据消耗量提升伤害。	爆破星辰	對敵方單體造成魔法傷害。消耗所有AP，並依據消耗量使傷害上升。	익스플로드 스타	단일 적에게 마법 대미지를 준다. AP를 모두 소비하고, 소비한 양에 따라 대미지가 상승한다
2110029199	Supernova	Deals magic damage to an enemy. This skill consumes all AP and damage is boosted based on the amount of AP consumed.	[0, 0, 0, 1415384097]	[0, 0, 50, 350]	[127508440, 1931293263, 0, 0, 0, 0, 0, 0]	420	[82, 0, 0, 0, 0, 0, 0, 0, 0, 0, 0, 0, 0, 0]	0	[0, 0, 0, 0, 0, 0, 0, 0, 0, 0, 0, 0, 0, 0]	0	0	0	[1443208362, 1959507090, 1590773769, 4294967295, 4294967295, 4294967295, 3212836864, 3212836864, 0, 0, 0, 0, 0, 0]	エクスプロードスター	敵単体に魔法ダメージを与える。ＡＰを全て消費し、消費分に応じてダメージが上昇する	爆裂星辰	对敌方单体造成魔法伤害。消耗所有AP，根据消耗量提升伤害。	爆破星辰	對敵方單體造成魔法傷害。消耗所有AP，並依據消耗量使傷害上升。	익스플로드 스타	단일 적에게 마법 대미지를 준다. AP를 모두 소비하고, 소비한 양에 따라 대미지가 상승한다
475994066	Supernova	Deals magic damage to an enemy. This skill consumes all AP and damage is boosted based on the amount of AP consumed.	[0, 0, 0, 1415384097]	[0, 0, 50, 350]	[127508440, 1931293263, 0, 0, 0, 0, 0, 0]	430	[82, 0, 0, 0, 0, 0, 0, 0, 0, 0, 0, 0, 0, 0]	0	[0, 0, 0, 0, 0, 0, 0, 0, 0, 0, 0, 0, 0, 0]	0	0	0	[1443208362, 1959507090, 1590773769, 4294967295, 4294967295, 4294967295, 3212836864, 3212836864, 0, 0, 0, 0, 0, 0]	エクスプロードスター	敵単体に魔法ダメージを与える。ＡＰを全て消費し、消費分に応じてダメージが上昇する	爆裂星辰	对敌方单体造成魔法伤害。消耗所有AP，根据消耗量提升伤害。	爆破星辰	對敵方單體造成魔法傷害。消耗所有AP，並依據消耗量使傷害上升。	익스플로드 스타	단일 적에게 마법 대미지를 준다. AP를 모두 소비하고, 소비한 양에 따라 대미지가 상승한다
1800939332	Supernova	Deals magic damage to an enemy. This skill consumes all AP and damage is boosted based on the amount of AP consumed.	[0, 0, 0, 1415384097]	[0, 0, 50, 350]	[127508440, 1931293263, 0, 0, 0, 0, 0, 0]	440	[82, 0, 0, 0, 0, 0, 0, 0, 0, 0, 0, 0, 0, 0]	0	[0, 0, 0, 0, 0, 0, 0, 0, 0, 0, 0, 0, 0, 0]	0	0	0	[1443208362, 1959507090, 1590773769, 4294967295, 4294967295, 4294967295, 3212836864, 3212836864, 0, 0, 0, 0, 0, 0]	エクスプロードスター	敵単体に魔法ダメージを与える。ＡＰを全て消費し、消費分に応じてダメージが上昇する	爆裂星辰	对敌方单体造成魔法伤害。消耗所有AP，根据消耗量提升伤害。	爆破星辰	對敵方單體造成魔法傷害。消耗所有AP，並依據消耗量使傷害上升。	익스플로드 스타	단일 적에게 마법 대미지를 준다. AP를 모두 소비하고, 소비한 양에 따라 대미지가 상승한다
14639363	Hat Toss	Deals physical damage to an enemy and reduces its ATK by {3}%.	[0, 0, 0, 1415384097]	[0, 0, 0, 0]	[1636042281, 259790740, 0, 0, 0, 0, 0, 0]	90	[43, 0, 0, 0, 0, 0, 0, 0, 0, 0, 0, 0, 0, 0]	0	[0, 0, 0, 0, 0, 0, 0, 0, 0, 0, 0, 0, 0, 0]	0	0	0	[2759194921, 226695890, 1590773769, 4294967295, 4294967295, 4294967295, 3212836864, 3212836864, 1171899544, 0, 0, 0, 0, 0]	スローハット	敵単体に物理ダメージを与え対象の攻撃力を{3}％低下させる	缓速帽	对敌方单体造成物理伤害，并使目标的攻击力下降{3}%。	緩速帽	對敵方單體造成物理傷害，並使目標的攻擊力下降{3}%。	스로 해트	단일 적에게 물리 대미지를 주고 대상의 공격력을 {3}% 저하시킨다
1298347977	Hat Toss	Deals physical damage to an enemy and reduces its ATK by {3}%.	[0, 0, 0, 1415384097]	[0, 0, 0, 0]	[1636042281, 259790740, 0, 0, 0, 0, 0, 0]	95	[43, 0, 0, 0, 0, 0, 0, 0, 0, 0, 0, 0, 0, 0]	0	[0, 0, 0, 0, 0, 0, 0, 0, 0, 0, 0, 0, 0, 0]	0	0	0	[2759194921, 226695890, 1590773769, 4294967295, 4294967295, 4294967295, 3212836864, 3212836864, 590310110, 0, 0, 0, 0, 0]	スローハット	敵単体に物理ダメージを与え対象の攻撃力を{3}％低下させる	缓速帽	对敌方单体造成物理伤害，并使目标的攻击力下降{3}%。	緩速帽	對敵方單體造成物理傷害，並使目標的攻擊力下降{3}%。	스로 해트	단일 적에게 물리 대미지를 주고 대상의 공격력을 {3}% 저하시킨다
979634015	Hat Toss	Deals physical damage to an enemy and reduces its ATK by {3}%.	[0, 0, 0, 1415384097]	[0, 0, 0, 0]	[1636042281, 259790740, 0, 0, 0, 0, 0, 0]	100	[43, 0, 0, 0, 0, 0, 0, 0, 0, 0, 0, 0, 0, 0]	0	[0, 0, 0, 0, 0, 0, 0, 0, 0, 0, 0, 0, 0, 0]	0	0	0	[2759194921, 226695890, 1590773769, 4294967295, 4294967295, 4294967295, 3212836864, 3212836864, 1411930700, 0, 0, 0, 0, 0]	スローハット	敵単体に物理ダメージを与え対象の攻撃力を{3}％低下させる	缓速帽	对敌方单体造成物理伤害，并使目标的攻击力下降{3}%。	緩速帽	對敵方單體造成物理傷害，並使目標的攻擊力下降{3}%。	스로 해트	단일 적에게 물리 대미지를 주고 대상의 공격력을 {3}% 저하시킨다
1543466242	Hat Toss	Deals physical damage to an enemy and reduces its ATK by {3}%.	[0, 0, 0, 1415384097]	[0, 0, 0, 0]	[1636042281, 259790740, 0, 0, 0, 0, 0, 0]	105	[43, 0, 0, 0, 0, 0, 0, 0, 0, 0, 0, 0, 0, 0]	0	[0, 0, 0, 0, 0, 0, 0, 0, 0, 0, 0, 0, 0, 0]	0	0	0	[2759194921, 226695890, 1590773769, 4294967295, 4294967295, 4294967295, 3212836864, 3212836864, 900935703, 0, 0, 0, 0, 0]	スローハット	敵単体に物理ダメージを与え対象の攻撃力を{3}％低下させる	缓速帽	对敌方单体造成物理伤害，并使目标的攻击力下降{3}%。	緩速帽	對敵方單體造成物理傷害，並使目標的攻擊力下降{3}%。	스로 해트	단일 적에게 물리 대미지를 주고 대상의 공격력을 {3}% 저하시킨다
754474388	Hat Toss	Deals physical damage to an enemy and reduces its ATK by {3}%.	[0, 0, 0, 1415384097]	[0, 0, 0, 0]	[1636042281, 259790740, 0, 0, 0, 0, 0, 0]	110	[43, 0, 0, 0, 0, 0, 0, 0, 0, 0, 0, 0, 0, 0]	0	[0, 0, 0, 0, 0, 0, 0, 0, 0, 0, 0, 0, 0, 0]	0	0	0	[2759194921, 226695890, 1590773769, 4294967295, 4294967295, 4294967295, 3212836864, 3212836864, 1119092865, 0, 0, 0, 0, 0]	スローハット	敵単体に物理ダメージを与え対象の攻撃力を{3}％低下させる	缓速帽	对敌方单体造成物理伤害，并使目标的攻击力下降{3}%。	緩速帽	對敵方單體造成物理傷害，並使目標的攻擊力下降{3}%。	스로 해트	단일 적에게 물리 대미지를 주고 대상의 공격력을 {3}% 저하시킨다
2010665365	Primal Ray	Deals magic damage to an enemy. Ignores a set amount of the target's damage reduction buffs when attacking.	[0, 0, 0, 1415384097]	[0, 0, 0, 0]	[1609901591, 1837893918, 0, 0, 0, 0, 0, 0]	140	[72, 0, 0, 0, 0, 0, 0, 0, 0, 0, 0, 0, 0, 0]	0	[0, 0, 0, 0, 0, 0, 0, 0, 0, 0, 0, 0, 0, 0]	0	0	0	[2633080095, 1583651722, 1590773769, 4294967295, 4294967295, 4294967295, 3212836864, 3212836864, 2025450792, 0, 0, 0, 0, 0]	プライマルレイ	敵単体に魔法ダメージを与える。攻撃の際、対象のダメージ軽減のバフを一定量無視する	原初干扰	对敌方单体造成魔法伤害。攻击时，可无视目标的部分伤害减轻增益。	原始射線	對敵方單體造成魔法傷害。攻擊時，可無視目標的部分傷害減輕增益。	프라이멀 레이	단일 적에게 마법 대미지를 준다. 공격 시, 대상의 대미지 경감 효과를 일정량 무시한다
1879252601	Primal Ray	Deals magic damage to an enemy. Ignores a set amount of the target's damage reduction buffs when attacking.	[0, 0, 0, 1415384097]	[0, 0, 0, 0]	[1609901591, 1837893918, 0, 0, 0, 0, 0, 0]	150	[72, 0, 0, 0, 0, 0, 0, 0, 0, 0, 0, 0, 0, 0]	0	[0, 0, 0, 0, 0, 0, 0, 0, 0, 0, 0, 0, 0, 0]	0	0	0	[2633080095, 1583651722, 1590773769, 4294967295, 4294967295, 4294967295, 3212836864, 3212836864, 508511086, 0, 0, 0, 0, 0]	プライマルレイ	敵単体に魔法ダメージを与える。攻撃の際、対象のダメージ軽減のバフを一定量無視する	原初干扰	对敌方单体造成魔法伤害。攻击时，可无视目标的部分伤害减轻增益。	原始射線	對敵方單體造成魔法傷害。攻擊時，可無視目標的部分傷害減輕增益。	프라이멀 레이	단일 적에게 마법 대미지를 준다. 공격 시, 대상의 대미지 경감 효과를 일정량 무시한다
117714671	Primal Ray	Deals magic damage to an enemy. Ignores a set amount of the target's damage reduction buffs when attacking.	[0, 0, 0, 1415384097]	[0, 0, 0, 0]	[1609901591, 1837893918, 0, 0, 0, 0, 0, 0]	160	[72, 0, 0, 0, 0, 0, 0, 0, 0, 0, 0, 0, 0, 0]	0	[0, 0, 0, 0, 0, 0, 0, 0, 0, 0, 0, 0, 0, 0]	0	0	0	[2633080095, 1583651722, 1590773769, 4294967295, 4294967295, 4294967295, 3212836864, 3212836864, 1766355964, 0, 0, 0, 0, 0]	プライマルレイ	敵単体に魔法ダメージを与える。攻撃の際、対象のダメージ軽減のバフを一定量無視する	原初干扰	对敌方单体造成魔法伤害。攻击时，可无视目标的部分伤害减轻增益。	原始射線	對敵方單體造成魔法傷害。攻擊時，可無視目標的部分傷害減輕增益。	프라이멀 레이	단일 적에게 마법 대미지를 준다. 공격 시, 대상의 대미지 경감 효과를 일정량 무시한다
1721713842	Primal Ray	Deals magic damage to an enemy. Ignores a set amount of the target's damage reduction buffs when attacking.	[0, 0, 0, 1415384097]	[0, 0, 0, 0]	[1609901591, 1837893918, 0, 0, 0, 0, 0, 0]	170	[72, 0, 0, 0, 0, 0, 0, 0, 0, 0, 0, 0, 0, 0]	0	[0, 0, 0, 0, 0, 0, 0, 0, 0, 0, 0, 0, 0, 0]	0	0	0	[2633080095, 1583651722, 1590773769, 4294967295, 4294967295, 4294967295, 3212836864, 3212836864, 148052391, 0, 0, 0, 0, 0]	プライマルレイ	敵単体に魔法ダメージを与える。攻撃の際、対象のダメージ軽減のバフを一定量無視する	原初干扰	对敌方单体造成魔法伤害。攻击时，可无视目标的部分伤害减轻增益。	原始射線	對敵方單體造成魔法傷害。攻擊時，可無視目標的部分傷害減輕增益。	프라이멀 레이	단일 적에게 마법 대미지를 준다. 공격 시, 대상의 대미지 경감 효과를 일정량 무시한다
295203876	Primal Ray	Deals magic damage to an enemy. Ignores a set amount of the target's damage reduction buffs when attacking.	[0, 0, 0, 1415384097]	[0, 0, 0, 0]	[1609901591, 1837893918, 0, 0, 0, 0, 0, 0]	180	[72, 0, 0, 0, 0, 0, 0, 0, 0, 0, 0, 0, 0, 0]	0	[0, 0, 0, 0, 0, 0, 0, 0, 0, 0, 0, 0, 0, 0]	0	0	0	[2633080095, 1583651722, 1590773769, 4294967295, 4294967295, 4294967295, 3212836864, 3212836864, 2144610609, 0, 0, 0, 0, 0]	プライマルレイ	敵単体に魔法ダメージを与える。攻撃の際、対象のダメージ軽減のバフを一定量無視する	原初干扰	对敌方单体造成魔法伤害。攻击时，可无视目标的部分伤害减轻增益。	原始射線	對敵方單體造成魔法傷害。攻擊時，可無視目標的部分傷害減輕增益。	프라이멀 레이	단일 적에게 마법 대미지를 준다. 공격 시, 대상의 대미지 경감 효과를 일정량 무시한다
412660732	Meteor Storm	Deals fire damage to all enemies. Has a {6}% chance to inflict Burns/Daze.	[0, 0, 0, 355072781]	[0, 0, 0, 0]	[871509295, 991477228, 0, 0, 0, 0, 0, 0]	380	[101, 0, 0, 0, 0, 0, 0, 0, 0, 0, 0, 0, 0, 0]	0	[0, 0, 0, 0, 0, 0, 0, 0, 0, 0, 0, 0, 0, 0]	8	0	0	[1668734802, 320899496, 1590773769, 4294967295, 4294967295, 4294967295, 3212836864, 3212836864, 1337120467, 376169767, 0, 0, 0, 0]	メテオストーム	敵全体に火ダメージを与え{6}％の確率で火傷・スタンを付与する	陨石风暴	对敌方全体造成火伤害，并有{6}%的概率赋予火伤、昏眩。	隕石風暴	對敵方全體造成火傷害，並以{6}%的機率賦予燒傷、昏眩。	미티어 스톰	모든 적에게 화 대미지를 주고 {6}%의 확률로 화상ㆍ스턴을 부여한다
229406294	Meteor Storm	Deals fire damage to all enemies. Has a {6}% chance to inflict Burns/Daze.	[0, 0, 0, 355072781]	[0, 0, 0, 0]	[871509295, 991477228, 0, 0, 0, 0, 0, 0]	390	[101, 0, 0, 0, 0, 0, 0, 0, 0, 0, 0, 0, 0, 0]	0	[0, 0, 0, 0, 0, 0, 0, 0, 0, 0, 0, 0, 0, 0]	8	0	0	[1668734802, 320899496, 1590773769, 4294967295, 4294967295, 4294967295, 3212836864, 3212836864, 1337120467, 376169767, 0, 0, 0, 0]	メテオストーム	敵全体に火ダメージを与え{6}％の確率で火傷・スタンを付与する	陨石风暴	对敌方全体造成火伤害，并有{6}%的概率赋予火伤、昏眩。	隕石風暴	對敵方全體造成火傷害，並以{6}%的機率賦予燒傷、昏眩。	미티어 스톰	모든 적에게 화 대미지를 주고 {6}%의 확률로 화상ㆍ스턴을 부여한다
2058045120	Meteor Storm	Deals fire damage to all enemies. Has a {6}% chance to inflict Burns/Daze.	[0, 0, 0, 355072781]	[0, 0, 0, 0]	[871509295, 991477228, 0, 0, 0, 0, 0, 0]	400	[101, 0, 0, 0, 0, 0, 0, 0, 0, 0, 0, 0, 0, 0]	0	[0, 0, 0, 0, 0, 0, 0, 0, 0, 0, 0, 0, 0, 0]	8	0	0	[1668734802, 320899496, 1590773769, 4294967295, 4294967295, 4294967295, 3212836864, 3212836864, 1337120467, 376169767, 0, 0, 0, 0]	メテオストーム	敵全体に火ダメージを与え{6}％の確率で火傷・スタンを付与する	陨石风暴	对敌方全体造成火伤害，并有{6}%的概率赋予火伤、昏眩。	隕石風暴	對敵方全體造成火傷害，並以{6}%的機率賦予燒傷、昏眩。	미티어 스톰	모든 적에게 화 대미지를 주고 {6}%의 확률로 화상ㆍ스턴을 부여한다
456141981	Meteor Storm	Deals fire damage to all enemies. Has a {6}% chance to inflict Burns/Daze.	[0, 0, 0, 355072781]	[0, 0, 0, 0]	[871509295, 991477228, 0, 0, 0, 0, 0, 0]	420	[101, 0, 0, 0, 0, 0, 0, 0, 0, 0, 0, 0, 0, 0]	0	[0, 0, 0, 0, 0, 0, 0, 0, 0, 0, 0, 0, 0, 0]	8	0	0	[1668734802, 320899496, 1590773769, 4294967295, 4294967295, 4294967295, 3212836864, 3212836864, 1337120467, 376169767, 0, 0, 0, 0]	メテオストーム	敵全体に火ダメージを与え{6}％の確率で火傷・スタンを付与する	陨石风暴	对敌方全体造成火伤害，并有{6}%的概率赋予火伤、昏眩。	隕石風暴	對敵方全體造成火傷害，並以{6}%的機率賦予燒傷、昏眩。	미티어 스톰	모든 적에게 화 대미지를 주고 {6}%의 확률로 화상ㆍ스턴을 부여한다
1815550987	Meteor Storm	Deals fire damage to all enemies. Has a {6}% chance to inflict Burns/Daze.	[0, 0, 0, 355072781]	[0, 0, 0, 0]	[871509295, 991477228, 0, 0, 0, 0, 0, 0]	430	[101, 0, 0, 0, 0, 0, 0, 0, 0, 0, 0, 0, 0, 0]	0	[0, 0, 0, 0, 0, 0, 0, 0, 0, 0, 0, 0, 0, 0]	8	0	0	[1668734802, 320899496, 1590773769, 4294967295, 4294967295, 4294967295, 3212836864, 3212836864, 1337120467, 376169767, 0, 0, 0, 0]	メテオストーム	敵全体に火ダメージを与え{6}％の確率で火傷・スタンを付与する	陨石风暴	对敌方全体造成火伤害，并有{6}%的概率赋予火伤、昏眩。	隕石風暴	對敵方全體造成火傷害，並以{6}%的機率賦予燒傷、昏眩。	미티어 스톰	모든 적에게 화 대미지를 주고 {6}%의 확률로 화상ㆍ스턴을 부여한다
551181071	Explosion		[0, 0, 0, 355072781]	[0, 0, 0, 0]	[1269995612, 243234890, 0, 0, 0, 0, 0, 0]	30	[30, 0, 0, 0, 0, 0, 0, 0, 0, 0, 0, 0, 0, 0]	0	[0, 0, 0, 0, 0, 0, 0, 0, 0, 0, 0, 0, 0, 0]	0	0	0	[3462616132, 2119548306, 1590773769, 4294967295, 4294967295, 4294967295, 3212836864, 3212836864, 0, 0, 0, 0, 0, 0]	エクスプロージョン		爆炸		爆炸		익스플로전	
1177351499	Volcano		[0, 0, 0, 355072781]	[0, 0, 0, 0]	[766443941, 1914592659, 0, 0, 0, 0, 0, 0]	80	[60, 0, 0, 0, 0, 0, 0, 0, 0, 0, 0, 0, 0, 0]	0	[0, 0, 0, 0, 0, 0, 0, 0, 0, 0, 0, 0, 0, 0]	0	0	0	[170484352, 1159400553, 1590773769, 4294967295, 4294967295, 4294967295, 3212836864, 3212836864, 344543017, 0, 0, 0, 0, 0]	ボルケーノ		火山喷发		火山噴發		볼케이노	
1928462764	Mist Blind		[0, 0, 0, 355072781]	[0, 0, 0, 0]	[2103841628, 1471557427, 0, 0, 0, 0, 0, 0]	30	[30, 0, 0, 0, 0, 0, 0, 0, 0, 0, 0, 0, 0, 0]	0	[0, 0, 0, 0, 0, 0, 0, 0, 0, 0, 0, 0, 0, 0]	0	0	0	[813429351, 782325351, 1590773769, 4294967295, 4294967295, 4294967295, 3212836864, 3212836864, 244646243, 0, 0, 0, 0, 0]	ミストブラインド		迷雾蔽目		迷霧遮眼		미스트 블라인드	
335851502	Nebula Blind		[0, 0, 0, 355072781]	[0, 0, 0, 0]	[461081253, 735513322, 0, 0, 0, 0, 0, 0]	80	[60, 0, 0, 0, 0, 0, 0, 0, 0, 0, 0, 0, 0, 0]	0	[0, 0, 0, 0, 0, 0, 0, 0, 0, 0, 0, 0, 0, 0]	0	0	0	[2442537399, 1431645654, 1590773769, 4294967295, 4294967295, 4294967295, 3212836864, 3212836864, 678420328, 0, 0, 0, 0, 0]	ネビュラブラインド		星云蔽目		星雲遮眼		네뷸러 블라인드	
641760788	Fire Wing		[0, 0, 0, 1415384097]	[0, 0, 0, 0]	[1925006365, 963087176, 0, 0, 0, 0, 0, 0]	30	[30, 0, 0, 0, 0, 0, 0, 0, 0, 0, 0, 0, 0, 0]	0	[0, 0, 0, 0, 0, 0, 0, 0, 0, 0, 0, 0, 0, 0]	0	0	0	[2759182823, 1052494012, 1590773769, 4294967295, 4294967295, 4294967295, 3212836864, 3212836864, 1443128260, 0, 0, 0, 0, 0]	ファイヤーウイング		烈火之翼		烈火之翼		파이어 윙	
1085722706	Fury Fire		[0, 0, 0, 1415384097]	[0, 0, 0, 0]	[346086882, 1158065811, 0, 0, 0, 0, 0, 0]	80	[60, 0, 0, 0, 0, 0, 0, 0, 0, 0, 0, 0, 0, 0]	0	[0, 0, 0, 0, 0, 0, 0, 0, 0, 0, 0, 0, 0, 0]	0	0	0	[4198844665, 816483600, 1590773769, 4294967295, 4294967295, 4294967295, 3212836864, 3212836864, 1568610290, 0, 0, 0, 0, 0]	フューリーファイヤー		暴怒烈火		暴怒烈火		퓨리 파이어	
1114323819	Cracker Shock		[0, 0, 0, 1415384097]	[0, 0, 0, 0]	[975162040, 1905413760, 0, 0, 0, 0, 0, 0]	30	[30, 0, 0, 0, 0, 0, 0, 0, 0, 0, 0, 0, 0, 0]	0	[0, 0, 0, 0, 0, 0, 0, 0, 0, 0, 0, 0, 0, 0]	0	0	0	[2155001813, 146163382, 1590773769, 4294967295, 4294967295, 4294967295, 3212836864, 3212836864, 1105809236, 0, 0, 0, 0, 0]	クラッカーショック		爆烈冲击		爆裂衝擊		크래커 쇼크	
614307119	Fireworks		[0, 0, 0, 355072781]	[0, 0, 0, 0]	[1543656265, 234056539, 0, 0, 0, 0, 0, 0]	80	[60, 0, 0, 0, 0, 0, 0, 0, 0, 0, 0, 0, 0, 0]	0	[0, 0, 0, 0, 0, 0, 0, 0, 0, 0, 0, 0, 0, 0]	0	0	0	[860609230, 298338227, 1590773769, 4294967295, 4294967295, 4294967295, 3212836864, 3212836864, 1401027204, 0, 0, 0, 0, 0]	ファイヤーワーク		烈火四射		烈火四射		파이어 워크	
1015845732	Ice Burst		[0, 0, 0, 1415384097]	[0, 0, 0, 0]	[1602468401, 1131341177, 0, 0, 0, 0, 0, 0]	30	[30, 0, 0, 0, 0, 0, 0, 0, 0, 0, 0, 0, 0, 0]	0	[0, 0, 0, 0, 0, 0, 0, 0, 0, 0, 0, 0, 0, 0]	0	0	0	[577675517, 2080820564, 1590773769, 4294967295, 4294967295, 4294967295, 3212836864, 3212836864, 0, 0, 0, 0, 0, 0]	アイスバースト		寒冰爆发		寒冰爆發		아이스 버스트	
1517960486	Glacier Burst		[0, 0, 0, 355072781]	[0, 0, 0, 0]	[966665166, 1057996962, 0, 0, 0, 0, 0, 0]	80	[60, 0, 0, 0, 0, 0, 0, 0, 0, 0, 0, 0, 0, 0]	0	[0, 0, 0, 0, 0, 0, 0, 0, 0, 0, 0, 0, 0, 0]	0	0	0	[346958308, 1314267251, 1590773769, 4294967295, 4294967295, 4294967295, 3212836864, 3212836864, 796032404, 0, 0, 0, 0, 0]	グレイシアバースト		冰河爆发		冰河爆發		글레이시아 버스트	
1280226812	Cold Breeze		[0, 0, 0, 355072781]	[0, 0, 0, 0]	[1459676826, 176104472, 0, 0, 0, 0, 0, 0]	30	[30, 0, 0, 0, 0, 0, 0, 0, 0, 0, 0, 0, 0, 0]	0	[0, 0, 0, 0, 0, 0, 0, 0, 0, 0, 0, 0, 0, 0]	0	0	0	[558746038, 632866073, 1590773769, 4294967295, 4294967295, 4294967295, 3212836864, 3212836864, 1408376742, 0, 0, 0, 0, 0]	コールドブリーズ		冷彻微风		冷冽微風		콜드 브리즈	
716708798	Blizzard		[0, 0, 0, 355072781]	[0, 0, 0, 0]	[824016741, 1981678029, 0, 0, 0, 0, 0, 0]	80	[60, 0, 0, 0, 0, 0, 0, 0, 0, 0, 0, 0, 0, 0]	0	[0, 0, 0, 0, 0, 0, 0, 0, 0, 0, 0, 0, 0, 0]	0	0	0	[3605590508, 1028287540, 1590773769, 4294967295, 4294967295, 4294967295, 3212836864, 3212836864, 1712963988, 0, 0, 0, 0, 0]	ブリザード		暴风雪		暴風雪		블리자드	
803056115	Hailstone		[0, 0, 0, 355072781]	[0, 0, 0, 0]	[151479784, 742341027, 0, 0, 0, 0, 0, 0]	30	[30, 0, 0, 0, 0, 0, 0, 0, 0, 0, 0, 0, 0, 0]	0	[0, 0, 0, 0, 0, 0, 0, 0, 0, 0, 0, 0, 0, 0]	0	0	0	[2618898170, 73845360, 1590773769, 4294967295, 4294967295, 4294967295, 3212836864, 3212836864, 2094167986, 0, 0, 0, 0, 0]	ヘイルストーン		不碎冰雹		不碎冰雹		헤일 스톤	
1227556791	Icicle Rain		[0, 0, 0, 355072781]	[0, 0, 0, 0]	[1864039447, 1348344952, 0, 0, 0, 0, 0, 0]	80	[60, 0, 0, 0, 0, 0, 0, 0, 0, 0, 0, 0, 0, 0]	0	[0, 0, 0, 0, 0, 0, 0, 0, 0, 0, 0, 0, 0, 0]	0	0	0	[2885173017, 710091395, 1590773769, 4294967295, 4294967295, 4294967295, 3212836864, 3212836864, 74237549, 0, 0, 0, 0, 0]	アイシクルレイン		冰柱之雨		冰柱之雨		아이시클 레인	
83836025	Crazy Wind		[0, 0, 0, 1415384097]	[0, 0, 0, 0]	[248247068, 725303727, 0, 0, 0, 0, 0, 0]	30	[30, 0, 0, 0, 0, 0, 0, 0, 0, 0, 0, 0, 0, 0]	0	[0, 0, 0, 0, 0, 0, 0, 0, 0, 0, 0, 0, 0, 0]	0	0	0	[3454065524, 1383127765, 1590773769, 4294967295, 4294967295, 4294967295, 3212836864, 3212836864, 0, 0, 0, 0, 0, 0]	クレイジーウインド		狂野之风		狂野之風		크레이지 윈드	
1644794429	Rampage Wind		[0, 0, 0, 1415384097]	[0, 0, 0, 0]	[1758882531, 1465541748, 0, 0, 0, 0, 0, 0]	80	[60, 0, 0, 0, 0, 0, 0, 0, 0, 0, 0, 0, 0, 0]	0	[0, 0, 0, 0, 0, 0, 0, 0, 0, 0, 0, 0, 0, 0]	0	0	0	[1905207925, 531836327, 1590773769, 4294967295, 4294967295, 4294967295, 3212836864, 3212836864, 1729711279, 0, 0, 0, 0, 0]	ランページウインド		暴虐之风		暴虐之風		램페이지 윈드	
1678384992	Thunder Typhoon		[0, 0, 0, 1415384097]	[0, 0, 0, 0]	[675479633, 1896371540, 0, 0, 0, 0, 0, 0]	30	[30, 0, 0, 0, 0, 0, 0, 0, 0, 0, 0, 0, 0, 0]	0	[0, 0, 0, 0, 0, 0, 0, 0, 0, 0, 0, 0, 0, 0]	0	0	0	[3702261462, 571945732, 1590773769, 4294967295, 4294967295, 4294967295, 3212836864, 3212836864, 417070717, 0, 0, 0, 0, 0]	サンダータイフーン		雷电风暴		雷電風暴		선더 타이푼	
50114842	Calamity Thunder		[0, 0, 0, 355072781]	[0, 0, 0, 0]	[1314822574, 225013897, 0, 0, 0, 0, 0, 0]	80	[60, 0, 0, 0, 0, 0, 0, 0, 0, 0, 0, 0, 0, 0]	0	[0, 0, 0, 0, 0, 0, 0, 0, 0, 0, 0, 0, 0, 0]	0	0	0	[2102371568, 1563645319, 1590773769, 4294967295, 4294967295, 4294967295, 3212836864, 3212836864, 2119629722, 0, 0, 0, 0, 0]	カラミティサンダー		灾祸之雷		災禍之雷		컬래머티 선더	
753299145	Thunder Strike		[0, 0, 0, 1415384097]	[0, 0, 0, 0]	[1333219175, 129723242, 0, 0, 0, 0, 0, 0]	30	[30, 0, 0, 0, 0, 0, 0, 0, 0, 0, 0, 0, 0, 0]	0	[0, 0, 0, 0, 0, 0, 0, 0, 0, 0, 0, 0, 0, 0]	0	0	0	[993424928, 1643205333, 1590773769, 4294967295, 4294967295, 4294967295, 3212836864, 3212836864, 0, 0, 0, 0, 0, 0]	サンダーストライク		雷电强袭		雷電強襲		선더 스트라이크	
1242611853	Thunderbolt		[0, 0, 0, 355072781]	[0, 0, 0, 0]	[694867608, 2077904563, 0, 0, 0, 0, 0, 0]	80	[60, 0, 0, 0, 0, 0, 0, 0, 0, 0, 0, 0, 0, 0]	0	[0, 0, 0, 0, 0, 0, 0, 0, 0, 0, 0, 0, 0, 0]	0	0	0	[67755358, 1588264263, 1590773769, 4294967295, 4294967295, 4294967295, 3212836864, 3212836864, 2145246674, 0, 0, 0, 0, 0]	サンダーボルト		雷霆电击		雷電伏特		선더볼트	
467858754	Four-Star Aurora		[0, 0, 0, 355072781]	[0, 0, 0, 0]	[198630295, 134187080, 0, 0, 0, 0, 0, 0]	120	[60, 0, 0, 0, 0, 0, 0, 0, 0, 0, 0, 0, 0, 0]	0	[0, 0, 0, 0, 0, 0, 0, 0, 0, 0, 0, 0, 0, 0]	0	0	0	[3758713827, 598033179, 1590773769, 4294967295, 4294967295, 4294967295, 3212836864, 3212836864, 0, 0, 0, 0, 0, 0]	四星の極光		四星极光		四星極光		사성의 극광	
1004192070	N/A Missile		[0, 0, 0, 1415384097]	[0, 0, 0, 0]	[523745261, 1088197521, 0, 0, 0, 0, 0, 0]	200	[100, 0, 0, 0, 0, 0, 0, 0, 0, 0, 0, 0, 0, 0]	0	[0, 0, 0, 0, 0, 0, 0, 0, 0, 0, 0, 0, 0, 0]	0	0	0	[4287045707, 268526568, 1590773769, 4294967295, 4294967295, 4294967295, 3212836864, 3212836864, 0, 0, 0, 0, 0, 0]	N/Aミサイル		N/A导弹		N/A飛彈		N/A 미사일	
909280989			[0, 0, 0, 1415384097]	[0, 0, 0, 0]	[1591347614, 1298769876, 0, 0, 0, 0, 0, 0]	30	[30, 0, 0, 0, 0, 0, 0, 0, 0, 0, 0, 0, 0, 0]	0	[0, 0, 0, 0, 0, 0, 0, 0, 0, 0, 0, 0, 0, 0]	0	0	0	[3232336149, 1075907154, 1590773769, 4294967295, 4294967295, 4294967295, 3212836864, 3212836864, 0, 0, 0, 0, 0, 0]								
5617202			[0, 0, 0, 1415384097]	[0, 0, 0, 0]	[1553303993, 1393066205, 0, 0, 0, 0, 0, 0]	30	[30, 0, 0, 0, 0, 0, 0, 0, 0, 0, 0, 0, 0, 0]	0	[0, 0, 0, 0, 0, 0, 0, 0, 0, 0, 0, 0, 0, 0]	0	0	0	[3232336149, 1075907154, 1590773769, 4294967295, 4294967295, 4294967295, 3212836864, 3212836864, 0, 0, 0, 0, 0, 0]								
851718527			[0, 0, 0, 1415384097]	[0, 0, 0, 0]	[305743864, 1456128323, 0, 0, 0, 0, 0, 0]	30	[30, 0, 0, 0, 0, 0, 0, 0, 0, 0, 0, 0, 0, 0]	0	[0, 0, 0, 0, 0, 0, 0, 0, 0, 0, 0, 0, 0, 0]	0	0	0	[3232336149, 1075907154, 1590773769, 4294967295, 4294967295, 4294967295, 3212836864, 3212836864, 0, 0, 0, 0, 0, 0]								
1634514214			[0, 0, 0, 1415384097]	[0, 0, 0, 0]	[65102871, 1026196664, 0, 0, 0, 0, 0, 0]	30	[30, 0, 0, 0, 0, 0, 0, 0, 0, 0, 0, 0, 0, 0]	0	[0, 0, 0, 0, 0, 0, 0, 0, 0, 0, 0, 0, 0, 0]	0	0	0	[3232336149, 1075907154, 1590773769, 4294967295, 4294967295, 4294967295, 3212836864, 3212836864, 0, 0, 0, 0, 0, 0]								
982780320			[0, 0, 0, 1415384097]	[0, 0, 0, 0]	[1129008928, 1945388094, 0, 0, 0, 0, 0, 0]	30	[30, 0, 0, 0, 0, 0, 0, 0, 0, 0, 0, 0, 0, 0]	0	[0, 0, 0, 0, 0, 0, 0, 0, 0, 0, 0, 0, 0, 0]	0	0	0	[3232336149, 1075907154, 1590773769, 4294967295, 4294967295, 4294967295, 3212836864, 3212836864, 0, 0, 0, 0, 0, 0]								
811391950			[0, 0, 0, 1415384097]	[0, 0, 0, 0]	[1290091814, 1987031536, 0, 0, 0, 0, 0, 0]	30	[30, 0, 0, 0, 0, 0, 0, 0, 0, 0, 0, 0, 0, 0]	0	[0, 0, 0, 0, 0, 0, 0, 0, 0, 0, 0, 0, 0, 0]	0	0	0	[3232336149, 1075907154, 1590773769, 4294967295, 4294967295, 4294967295, 3212836864, 3212836864, 0, 0, 0, 0, 0, 0]								
99141797			[0, 0, 0, 1415384097]	[0, 0, 0, 0]	[1358249419, 937788719, 0, 0, 0, 0, 0, 0]	30	[30, 0, 0, 0, 0, 0, 0, 0, 0, 0, 0, 0, 0, 0]	0	[0, 0, 0, 0, 0, 0, 0, 0, 0, 0, 0, 0, 0, 0]	0	0	0	[3232336149, 1075907154, 1590773769, 4294967295, 4294967295, 4294967295, 3212836864, 3212836864, 0, 0, 0, 0, 0, 0]								
1940139728			[0, 0, 0, 1415384097]	[0, 0, 0, 0]	[853799977, 1936677077, 0, 0, 0, 0, 0, 0]	30	[30, 0, 0, 0, 0, 0, 0, 0, 0, 0, 0, 0, 0, 0]	0	[0, 0, 0, 0, 0, 0, 0, 0, 0, 0, 0, 0, 0, 0]	0	0	0	[3232336149, 1075907154, 1590773769, 4294967295, 4294967295, 4294967295, 3212836864, 3212836864, 0, 0, 0, 0, 0, 0]								
752228798			[0, 0, 0, 1415384097]	[0, 0, 0, 0]	[1310260444, 656898150, 0, 0, 0, 0, 0, 0]	30	[30, 0, 0, 0, 0, 0, 0, 0, 0, 0, 0, 0, 0, 0]	0	[0, 0, 0, 0, 0, 0, 0, 0, 0, 0, 0, 0, 0, 0]	0	0	0	[3232336149, 1075907154, 1590773769, 4294967295, 4294967295, 4294967295, 3212836864, 3212836864, 0, 0, 0, 0, 0, 0]								
1454011784			[0, 0, 0, 1415384097]	[0, 0, 0, 0]	[720938203, 168727605, 0, 0, 0, 0, 0, 0]	30	[30, 0, 0, 0, 0, 0, 0, 0, 0, 0, 0, 0, 0, 0]	0	[0, 0, 0, 0, 0, 0, 0, 0, 0, 0, 0, 0, 0, 0]	0	0	0	[3232336149, 1075907154, 1590773769, 4294967295, 4294967295, 4294967295, 3212836864, 3212836864, 0, 0, 0, 0, 0, 0]								
1662936801			[0, 0, 0, 1415384097]	[0, 0, 0, 0]	[921216054, 1266983156, 0, 0, 0, 0, 0, 0]	30	[30, 0, 0, 0, 0, 0, 0, 0, 0, 0, 0, 0, 0, 0]	0	[0, 0, 0, 0, 0, 0, 0, 0, 0, 0, 0, 0, 0, 0]	0	0	0	[3232336149, 1075907154, 1590773769, 4294967295, 4294967295, 4294967295, 3212836864, 3212836864, 0, 0, 0, 0, 0, 0]								
357728394			[0, 0, 0, 1415384097]	[0, 0, 0, 0]	[1425960408, 252607758, 0, 0, 0, 0, 0, 0]	30	[30, 0, 0, 0, 0, 0, 0, 0, 0, 0, 0, 0, 0, 0]	0	[0, 0, 0, 0, 0, 0, 0, 0, 0, 0, 0, 0, 0, 0]	0	0	0	[3232336149, 1075907154, 1590773769, 4294967295, 4294967295, 4294967295, 3212836864, 3212836864, 0, 0, 0, 0, 0, 0]								
1243658232			[0, 0, 0, 1415384097]	[0, 0, 0, 0]	[671442213, 1531338173, 0, 0, 0, 0, 0, 0]	30	[30, 0, 0, 0, 0, 0, 0, 0, 0, 0, 0, 0, 0, 0]	0	[0, 0, 0, 0, 0, 0, 0, 0, 0, 0, 0, 0, 0, 0]	0	0	0	[3232336149, 1075907154, 1590773769, 4294967295, 4294967295, 4294967295, 3212836864, 3212836864, 0, 0, 0, 0, 0, 0]								
2092498480			[0, 0, 0, 1415384097]	[0, 0, 0, 0]	[866456340, 726818831, 0, 0, 0, 0, 0, 0]	30	[30, 0, 0, 0, 0, 0, 0, 0, 0, 0, 0, 0, 0, 0]	0	[0, 0, 0, 0, 0, 0, 0, 0, 0, 0, 0, 0, 0, 0]	0	0	0	[3232336149, 1075907154, 1590773769, 4294967295, 4294967295, 4294967295, 3212836864, 3212836864, 0, 0, 0, 0, 0, 0]								
208637872	Magical Vent		[0, 0, 0, 355072781]	[0, 0, 0, 0]	[404238151, 2029634895, 0, 0, 0, 0, 0, 0]	30	[120, 0, 0, 0, 0, 0, 0, 0, 0, 0, 0, 0, 0, 0]	0	[0, 0, 0, 0, 0, 0, 0, 0, 0, 0, 0, 0, 0, 0]	0	0	0	[3397819101, 1899296141, 1590773769, 4294967295, 4294967295, 4294967295, 3212836864, 3212836864, 2018527198, 0, 0, 0, 0, 0]	魔法の風穴		魔法风穴		魔法風穴		마법의 풍혈	
1071553170	Cursed Bomb		[0, 0, 0, 1415384097]	[0, 0, 0, 0]	[1049444630, 1877011670, 0, 0, 0, 0, 0, 0]	60	[30, 0, 0, 0, 0, 0, 0, 0, 0, 0, 0, 0, 0, 0]	0	[0, 0, 0, 0, 0, 0, 0, 0, 0, 0, 0, 0, 0, 0]	0	0	0	[420218345, 1700960109, 1590773769, 4294967295, 4294967295, 4294967295, 3212836864, 3212836864, 377957565, 0, 0, 0, 0, 0]	カースドフラム		诅咒炎烧		詛咒炎燒		커스드 프람	
661906926	Puni Salve		[0, 0, 0, 826054873]	[0, 0, 0, 0]	[661906926, 0, 0, 0, 0, 0, 0, 0]	30	[0, 0, 0, 0, 0, 0, 0, 0, 0, 0, 0, 0, 0, 0]	0	[0, 0, 0, 0, 0, 0, 0, 0, 0, 0, 0, 0, 0, 0]	0	0	0	[3944282761, 1286400760, 1590773769, 4294967295, 4294967295, 4294967295, 3212836864, 3212836864, 1400742802, 0, 0, 0, 0, 0]	プニプニサルヴ		噗尼噗尼软膏		噗尼噗尼軟膏		푸니푸니샐브	
501108497	Enhanced Healing Elixir		[0, 0, 0, 1883795445]	[0, 0, 0, 0]	[501108497, 0, 0, 0, 0, 0, 0, 0]	25	[0, 0, 0, 0, 0, 0, 0, 0, 0, 0, 0, 0, 0, 0]	0	[0, 0, 0, 0, 0, 0, 0, 0, 0, 0, 0, 0, 0, 0]	0	0	0	[3701342886, 1418772449, 1590773769, 4294967295, 4294967295, 4294967295, 3212836864, 3212836864, 0, 0, 0, 0, 0, 0]	強化リフュールボトル		强化补给瓶		強化補給瓶		강화 리퓨얼 보틀	
28016697			[0, 0, 0, 355072781]	[0, 0, 0, 0]	[1321396505, 469646981, 0, 0, 0, 0, 0, 0]	30	[30, 0, 0, 0, 0, 0, 0, 0, 0, 0, 0, 0, 0, 0]	0	[0, 0, 0, 0, 0, 0, 0, 0, 0, 0, 0, 0, 0, 0]	0	0	0	[3232336149, 1075907154, 1590773769, 4294967295, 4294967295, 4294967295, 3212836864, 3212836864, 0, 0, 0, 0, 0, 0]								
2013522359			[0, 0, 0, 355072781]	[0, 0, 0, 0]	[1256099294, 1737042914, 0, 0, 0, 0, 0, 0]	30	[30, 0, 0, 0, 0, 0, 0, 0, 0, 0, 0, 0, 0, 0]	0	[0, 0, 0, 0, 0, 0, 0, 0, 0, 0, 0, 0, 0, 0]	0	0	0	[3232336149, 1075907154, 1590773769, 4294967295, 4294967295, 4294967295, 3212836864, 3212836864, 0, 0, 0, 0, 0, 0]								
1207189462	Cheer Bell		[0, 0, 0, 1883795445]	[0, 0, 0, 0]	[1207189462, 0, 0, 0, 0, 0, 0, 0]	50	[0, 0, 0, 0, 0, 0, 0, 0, 0, 0, 0, 0, 0, 0]	0	[0, 0, 0, 0, 0, 0, 0, 0, 0, 0, 0, 0, 0, 0]	0	0	0	[807316930, 779137606, 1590773769, 4294967295, 4294967295, 4294967295, 3212836864, 3212836864, 826812090, 0, 0, 0, 0, 0]	エールのベル		声援之铃		聲援之鈴		엘의 벨	
285889057	Sweet Elixir		[0, 0, 0, 1883795445]	[0, 0, 0, 0]	[285889057, 0, 0, 0, 0, 0, 0, 0]	100	[0, 0, 0, 0, 0, 0, 0, 0, 0, 0, 0, 0, 0, 0]	0	[0, 0, 0, 0, 0, 0, 0, 0, 0, 0, 0, 0, 0, 0]	0	0	0	[1970208043, 952154933, 1590773769, 4294967295, 4294967295, 4294967295, 3212836864, 3212836864, 1709016934, 0, 0, 0, 0, 0]	スイートエリキシル剤		甜味万灵药剂		甜味萬靈藥劑		스위트 엘릭시르제	
1992914810	Puni Drink		[0, 0, 0, 1883795445]	[0, 0, 0, 0]	[1992914810, 0, 0, 0, 0, 0, 0, 0]	30	[0, 0, 0, 0, 0, 0, 0, 0, 0, 0, 0, 0, 0, 0]	0	[0, 0, 0, 0, 0, 0, 0, 0, 0, 0, 0, 0, 0, 0]	0	0	0	[4171532556, 438656125, 1590773769, 4294967295, 4294967295, 4294967295, 3212836864, 3212836864, 1416462894, 0, 0, 0, 0, 0]	プニプニドリンク		噗尼噗尼饮料		噗尼噗尼飲料		푸니푸니 드링크	
654383161	Catastro Craft Cola		[0, 0, 0, 826054873]	[0, 0, 0, 0]	[654383161, 0, 0, 0, 0, 0, 0, 0]	100	[0, 0, 0, 0, 0, 0, 0, 0, 0, 0, 0, 0, 0, 0]	0	[0, 0, 0, 0, 0, 0, 0, 0, 0, 0, 0, 0, 0, 0]	0	0	0	[3592575972, 591375266, 1590773769, 4294967295, 4294967295, 4294967295, 3212836864, 3212836864, 1714298536, 1027687479, 0, 0, 0, 0]	カタストクラフトコーラ		灾祸诡雷可乐		災禍卡夫可樂		카타스트 크래프트 코라	
665020228	Starfire Blaze		[0, 0, 0, 1415384097]	[0, 0, 0, 0]	[1639214151, 2066369296, 0, 0, 0, 0, 0, 0]	300	[100, 0, 0, 0, 0, 0, 0, 0, 0, 0, 0, 0, 0, 0]	0	[0, 0, 0, 0, 0, 0, 0, 0, 0, 0, 0, 0, 0, 0]	8	0	0	[1635541548, 18888836, 1590773769, 4294967295, 4294967295, 4294967295, 3212836864, 3212836864, 94154971, 618357756, 1749568399, 186366848, 147643858, 1673774380]	星火燎原		星火燎原		星火燎原		성화요원	
1511719126	Roll		[0, 0, 0, 1415384097]	[0, 0, 0, 180]	[1511719126, 0, 0, 0, 0, 0, 0, 0]	30	[0, 0, 0, 0, 0, 0, 0, 0, 0, 0, 0, 0, 0, 0]	0	[0, 0, 0, 0, 0, 0, 0, 0, 0, 0, 0, 0, 0, 0]	0	0	0	[2572894134, 1520292249, 1590773769, 4294967295, 4294967295, 4294967295, 3212836864, 3212836864, 0, 0, 0, 0, 0, 0]	ころがる		翻滚		翻滾		데굴데굴	
756822084	Puni Breath		[0, 0, 0, 355072781]	[0, 0, 0, 300]	[756822084, 0, 0, 0, 0, 0, 0, 0]	25	[0, 0, 0, 0, 0, 0, 0, 0, 0, 0, 0, 0, 0, 0]	0	[0, 0, 0, 0, 0, 0, 0, 0, 0, 0, 0, 0, 0, 0]	0	0	0	[2715769732, 159011009, 1590773769, 4294967295, 4294967295, 4294967295, 3212836864, 3212836864, 0, 0, 0, 0, 0, 0]	ぷにブレス		噗尼吐息		噗尼吐息		푸니 브레스	
1273667078	Puni Bomber		[0, 0, 0, 355072781]	[0, 0, 0, 360]	[1273667078, 0, 0, 0, 0, 0, 0, 0]	30	[0, 0, 0, 0, 0, 0, 0, 0, 0, 0, 0, 0, 0, 0]	0	[0, 0, 0, 0, 0, 0, 0, 0, 0, 0, 0, 0, 0, 0]	0	0	0	[397150246, 44903638, 1590773769, 4294967295, 4294967295, 4294967295, 3212836864, 3212836864, 0, 0, 0, 0, 0, 0]	ぷにボンバー		噗尼轰炸机		噗尼爆彈		푸니 봄버	
1022209680	Puni: Self Buff		[0, 0, 0, 1415384097]	[0, 0, 0, 100]	[1022209680, 0, 0, 0, 0, 0, 0, 0]	30	[0, 0, 0, 0, 0, 0, 0, 0, 0, 0, 0, 0, 0, 0]	0	[0, 0, 0, 0, 0, 0, 0, 0, 0, 0, 0, 0, 0, 0]	0	0	0	[791178256, 1363848590, 1590773769, 4294967295, 4294967295, 4294967295, 3212836864, 3212836864, 0, 0, 0, 0, 0, 0]	ぷに_自己バフ系の動き		噗尼_自我增益系动作		噗尼_自我增益系動作			
1568064717	Tailwind Heal		[0, 0, 0, 1415384097]	[0, 0, 0, 100]	[1568064717, 0, 0, 0, 0, 0, 0, 0]	30	[0, 0, 0, 0, 0, 0, 0, 0, 0, 0, 0, 0, 0, 0]	0	[0, 0, 0, 0, 0, 0, 0, 0, 0, 0, 0, 0, 0, 0]	0	0	0	[733695511, 2015659053, 1590773769, 4294967295, 4294967295, 4294967295, 3212836864, 3212836864, 0, 0, 0, 0, 0, 0]	追い風ヒール		顺风治愈		順風治癒		순풍 힐	
1283938847	Puni Dark		[0, 0, 0, 1415384097]	[0, 0, 0, 220]	[1283938847, 0, 0, 0, 0, 0, 0, 0]	40	[0, 0, 0, 0, 0, 0, 0, 0, 0, 0, 0, 0, 0, 0]	0	[0, 0, 0, 0, 0, 0, 0, 0, 0, 0, 0, 0, 0, 0]	0	0	0	[2773252485, 538212706, 1590773769, 4294967295, 4294967295, 4294967295, 3212836864, 3212836864, 314621046, 0, 0, 0, 0, 0]	ぷにダーク		噗尼暗黑		噗尼暗黑		푸니 다크	
998271625	Puni Dark		[0, 0, 0, 355072781]	[0, 0, 0, 360]	[998271625, 0, 0, 0, 0, 0, 0, 0]	30	[0, 0, 0, 0, 0, 0, 0, 0, 0, 0, 0, 0, 0, 0]	0	[0, 0, 0, 0, 0, 0, 0, 0, 0, 0, 0, 0, 0, 0]	0	0	0	[2647137715, 1945368634, 1590773769, 4294967295, 4294967295, 4294967295, 3212836864, 3212836864, 314621046, 0, 0, 0, 0, 0]	ぷにダーク		噗尼暗黑		噗尼暗黑		푸니 다크	
712815320	Glittering Puni Bomber		[0, 0, 0, 355072781]	[0, 0, 0, 360]	[712815320, 0, 0, 0, 0, 0, 0, 0]	30	[0, 0, 0, 0, 0, 0, 0, 0, 0, 0, 0, 0, 0, 0]	0	[0, 0, 0, 0, 0, 0, 0, 0, 0, 0, 0, 0, 0, 0]	0	0	0	[1698527803, 2012123761, 1590773769, 4294967295, 4294967295, 4294967295, 3212836864, 3212836864, 0, 0, 0, 0, 0, 0]	きんきらぷにボンバー		金光闪闪噗尼轰炸机		閃亮亮噗尼爆彈		번드르르 푸니 봄버	
1994111514	DX Glitter Puni Bomber		[0, 0, 0, 355072781]	[0, 0, 0, 100]	[712815320, 0, 0, 0, 0, 0, 0, 0]	30	[0, 0, 0, 0, 0, 0, 0, 0, 0, 0, 0, 0, 0, 0]	0	[0, 0, 0, 0, 0, 0, 0, 0, 0, 0, 0, 0, 0, 0]	0	0	0	[3188526510, 923821613, 1590773769, 4294967295, 4294967295, 4294967295, 3212836864, 3212836864, 0, 0, 0, 0, 0, 0]	デラックスきんきらぷにボンバー		豪华版金光闪闪噗尼轰炸机		豪華閃亮亮噗尼爆彈		디럭스 번드르르 푸니 봄버	
855286898	Roll		[0, 0, 0, 1415384097]	[0, 0, 0, 100]	[855286898, 0, 0, 0, 0, 0, 0, 0]	30	[0, 0, 0, 0, 0, 0, 0, 0, 0, 0, 0, 0, 0, 0]	0	[0, 0, 0, 0, 0, 0, 0, 0, 0, 0, 0, 0, 0, 0]	0	0	0	[3312323714, 96540324, 1590773769, 4294967295, 4294967295, 4294967295, 3212836864, 3212836864, 0, 0, 0, 0, 0, 0]	ころがる		翻滚		翻滾		데굴데굴	
1174246628	Puni Fire		[0, 0, 0, 1415384097]	[0, 0, 0, 200]	[1174246628, 0, 0, 0, 0, 0, 0, 0]	35	[0, 0, 0, 0, 0, 0, 0, 0, 0, 0, 0, 0, 0, 0]	0	[0, 0, 0, 0, 0, 0, 0, 0, 0, 0, 0, 0, 0, 0]	0	0	0	[4259997880, 1445369852, 1590773769, 4294967295, 4294967295, 4294967295, 3212836864, 3212836864, 1532246848, 0, 0, 0, 0, 0]	ぷにファイア		噗尼火焰		噗尼火焰		푸니 파이어	
587938466	Red Puni: Press Attack		[0, 0, 0, 1415384097]	[0, 0, 0, 100]	[587938466, 0, 0, 0, 0, 0, 0, 0]	30	[0, 0, 0, 0, 0, 0, 0, 0, 0, 0, 0, 0, 0, 0]	0	[0, 0, 0, 0, 0, 0, 0, 0, 0, 0, 0, 0, 0, 0]	0	0	0	[1268333330, 1576135659, 1590773769, 4294967295, 4294967295, 4294967295, 3212836864, 3212836864, 0, 0, 0, 0, 0, 0]	赤ぷに_プレス攻撃		红噗尼_重压攻击		紅噗尼_重壓攻擊			
1410075192	Red Puni: Self Recovery		[0, 0, 0, 1415384097]	[0, 0, 0, 100]	[1410075192, 0, 0, 0, 0, 0, 0, 0]	30	[0, 0, 0, 0, 0, 0, 0, 0, 0, 0, 0, 0, 0, 0]	0	[0, 0, 0, 0, 0, 0, 0, 0, 0, 0, 0, 0, 0, 0]	0	0	0	[1931304740, 236350131, 1590773769, 4294967295, 4294967295, 4294967295, 3212836864, 3212836864, 0, 0, 0, 0, 0, 0]	赤ぷに_自己回復		红噗尼_自我恢复		紅噗尼_自我回復			
899113067	Red Puni: Bullet Attack		[0, 0, 0, 1415384097]	[0, 0, 0, 100]	[899113067, 0, 0, 0, 0, 0, 0, 0]	30	[0, 0, 0, 0, 0, 0, 0, 0, 0, 0, 0, 0, 0, 0]	0	[0, 0, 0, 0, 0, 0, 0, 0, 0, 0, 0, 0, 0, 0]	0	0	0	[2005826851, 662192912, 1590773769, 4294967295, 4294967295, 4294967295, 3212836864, 3212836864, 0, 0, 0, 0, 0, 0]	赤ぷに_散弾を撃つ攻撃		红噗尼_散射攻击		紅噗尼_散射攻擊			
1116754173	Thorn Scatter		[0, 0, 0, 355072781]	[0, 0, 0, 450]	[1116754173, 0, 0, 0, 0, 0, 0, 0]	40	[0, 0, 0, 0, 0, 0, 0, 0, 0, 0, 0, 0, 0, 0]	0	[0, 0, 0, 0, 0, 0, 0, 0, 0, 0, 0, 0, 0, 0]	0	0	0	[1326061845, 1956627016, 1590773769, 4294967295, 4294967295, 4294967295, 3212836864, 3212836864, 0, 0, 0, 0, 0, 0]	とげまき		荆棘散播		尖刺散播		가시 소용돌이	
1432430263	Puni Ball		[0, 0, 0, 1415384097]	[0, 0, 0, 200]	[1432430263, 0, 0, 0, 0, 0, 0, 0]	35	[0, 0, 0, 0, 0, 0, 0, 0, 0, 0, 0, 0, 0, 0]	0	[0, 0, 0, 0, 0, 0, 0, 0, 0, 0, 0, 0, 0, 0]	0	0	0	[1753737114, 470425716, 1590773769, 4294967295, 4294967295, 4294967295, 3212836864, 3212836864, 0, 0, 0, 0, 0, 0]	ぷにボール		噗尼球		噗尼球		푸니 볼	
577115681	Silver Puni: Silver Toss		[0, 0, 0, 1415384097]	[0, 0, 0, 100]	[577115681, 0, 0, 0, 0, 0, 0, 0]	30	[0, 0, 0, 0, 0, 0, 0, 0, 0, 0, 0, 0, 0, 0]	0	[0, 0, 0, 0, 0, 0, 0, 0, 0, 0, 0, 0, 0, 0]	0	0	0	[1342407596, 1340973356, 1590773769, 4294967295, 4294967295, 4294967295, 3212836864, 3212836864, 0, 0, 0, 0, 0, 0]	銀ぷに_銀の何かを飛ばす		银噗尼_射出银色物体		銀噗尼_射出銀色的東西			
1150335077	Puni Bomber		[0, 0, 0, 1415384097]	[0, 0, 0, 220]	[1150335077, 0, 0, 0, 0, 0, 0, 0]	40	[0, 0, 0, 0, 0, 0, 0, 0, 0, 0, 0, 0, 0, 0]	0	[0, 0, 0, 0, 0, 0, 0, 0, 0, 0, 0, 0, 0, 0]	0	0	0	[3866152970, 1144708411, 1590773769, 4294967295, 4294967295, 4294967295, 3212836864, 3212836864, 0, 0, 0, 0, 0, 0]	ぷにボンバー		噗尼轰炸机		噗尼爆彈		푸니 봄버	
865569011	Puni Boost		[0, 0, 0, 1306449111]	[0, 0, 0, -100]	[865569011, 0, 0, 0, 0, 0, 0, 0]	30	[0, 0, 0, 0, 0, 0, 0, 0, 0, 0, 0, 0, 0, 0]	0	[0, 0, 0, 0, 0, 0, 0, 0, 0, 0, 0, 0, 0, 0]	0	0	0	[3740578880, 400383075, 1590773769, 4294967295, 4294967295, 4294967295, 3212836864, 3212836864, 181630450, 0, 0, 0, 0, 0]	ぷにブースト		噗尼爆发		噗尼加成		푸니 부스트	
1376576174	Silver Puni: Press Attack		[0, 0, 0, 1415384097]	[0, 0, 0, 100]	[1376576174, 0, 0, 0, 0, 0, 0, 0]	30	[0, 0, 0, 0, 0, 0, 0, 0, 0, 0, 0, 0, 0, 0]	0	[0, 0, 0, 0, 0, 0, 0, 0, 0, 0, 0, 0, 0, 0]	0	0	0	[3664221753, 1051948480, 1590773769, 4294967295, 4294967295, 4294967295, 3212836864, 3212836864, 0, 0, 0, 0, 0, 0]	銀ぷに_プレス攻撃		银噗尼_重压攻击		銀噗尼_重壓攻擊			
621531704	Silver Puni: Roll Attack 2		[0, 0, 0, 1415384097]	[0, 0, 0, 100]	[621531704, 0, 0, 0, 0, 0, 0, 0]	30	[0, 0, 0, 0, 0, 0, 0, 0, 0, 0, 0, 0, 0, 0]	0	[0, 0, 0, 0, 0, 0, 0, 0, 0, 0, 0, 0, 0, 0]	0	0	0	[3806589455, 1834284184, 1590773769, 4294967295, 4294967295, 4294967295, 3212836864, 3212836864, 0, 0, 0, 0, 0, 0]	銀ぷに_ローリングアタック２		银噗尼_旋转攻击2		銀噗尼_旋轉攻擊2			
1140685950	Puni Flame		[0, 0, 0, 355072781]	[0, 0, 0, 450]	[1140685950, 0, 0, 0, 0, 0, 0, 0]	40	[0, 0, 0, 0, 0, 0, 0, 0, 0, 0, 0, 0, 0, 0]	0	[0, 0, 0, 0, 0, 0, 0, 0, 0, 0, 0, 0, 0, 0]	0	0	0	[1418764715, 1719896207, 1590773769, 4294967295, 4294967295, 4294967295, 3212836864, 3212836864, 1532246848, 0, 0, 0, 0, 0]	ぷにフレイム		噗尼烈火		噗尼烈焰		푸니 프레임	
2097131699	Stretchy Wind Ball		[0, 0, 0, 1415384097]	[0, 0, 0, 220]	[2097131699, 0, 0, 0, 0, 0, 0, 0]	40	[0, 0, 0, 0, 0, 0, 0, 0, 0, 0, 0, 0, 0, 0]	0	[0, 0, 0, 0, 0, 0, 0, 0, 0, 0, 0, 0, 0, 0]	0	0	0	[4166496542, 912765380, 1590773769, 4294967295, 4294967295, 4294967295, 3212836864, 3212836864, 1649771537, 0, 0, 0, 0, 0]	のびのびウィンドボール		悠闲风之球		悠然風球		느긋느긋 윈드 볼	
200835109	Rolling Slash		[0, 0, 0, 1415384097]	[0, 0, 0, 180]	[200835109, 0, 0, 0, 0, 0, 0, 0]	30	[0, 0, 0, 0, 0, 0, 0, 0, 0, 0, 0, 0, 0, 0]	0	[0, 0, 0, 0, 0, 0, 0, 0, 0, 0, 0, 0, 0, 0]	0	0	0	[3235108136, 1702899868, 1590773769, 4294967295, 4294967295, 4294967295, 3212836864, 3212836864, 0, 0, 0, 0, 0, 0]	ころがり斬り		翻滚斩击		翻滾斬		데굴데굴 베기	
1829645921	Leaf Cutter		[0, 0, 0, 355072781]	[0, 0, 0, 360]	[2097131699, 0, 0, 0, 0, 0, 0, 0]	30	[0, 0, 0, 0, 0, 0, 0, 0, 0, 0, 0, 0, 0, 0]	0	[0, 0, 0, 0, 0, 0, 0, 0, 0, 0, 0, 0, 0, 0]	0	0	0	[1990231694, 1851214987, 1590773769, 4294967295, 4294967295, 4294967295, 3212836864, 3212836864, 0, 0, 0, 0, 0, 0]	リーフカッター		叶片利刃		葉刃斬		리프 커터	
1218719599			[0, 0, 0, 355072781]	[0, 0, 0, 180]	[1218719599, 0, 0, 0, 0, 0, 0, 0]	30	[0, 0, 0, 0, 0, 0, 0, 0, 0, 0, 0, 0, 0, 0]	0	[0, 0, 0, 0, 0, 0, 0, 0, 0, 0, 0, 0, 0, 0]	0	0	0	[4241207247, 681851848, 1590773769, 4294967295, 4294967295, 4294967295, 3212836864, 3212836864, 0, 0, 0, 0, 0, 0]								
429267962	Roll		[0, 0, 0, 1415384097]	[0, 0, 0, 220]	[429267962, 0, 0, 0, 0, 0, 0, 0]	40	[0, 0, 0, 0, 0, 0, 0, 0, 0, 0, 0, 0, 0, 0]	0	[0, 0, 0, 0, 0, 0, 0, 0, 0, 0, 0, 0, 0, 0]	0	0	0	[3971123854, 476230483, 1590773769, 4294967295, 4294967295, 4294967295, 3212836864, 3212836864, 0, 0, 0, 0, 0, 0]	ころがる		翻滚		翻滾		데굴데굴	
1855007600	Puni Bomber		[0, 0, 0, 355072781]	[0, 0, 0, 100]	[1855007600, 0, 0, 0, 0, 0, 0, 0]	30	[0, 0, 0, 0, 0, 0, 0, 0, 0, 0, 0, 0, 0, 0]	0	[0, 0, 0, 0, 0, 0, 0, 0, 0, 0, 0, 0, 0, 0]	0	0	0	[3560369852, 1334129163, 1590773769, 4294967295, 4294967295, 4294967295, 3212836864, 3212836864, 849683789, 0, 0, 0, 0, 0]	ぷにボンバー		噗尼轰炸机		噗尼爆彈		푸니 봄버	
141002026	Puni Breath		[0, 0, 0, 355072781]	[0, 0, 0, 400]	[141002026, 0, 0, 0, 0, 0, 0, 0]	35	[0, 0, 0, 0, 0, 0, 0, 0, 0, 0, 0, 0, 0, 0]	0	[0, 0, 0, 0, 0, 0, 0, 0, 0, 0, 0, 0, 0, 0]	0	0	0	[1648737566, 1146244636, 1590773769, 4294967295, 4294967295, 4294967295, 3212836864, 3212836864, 0, 0, 0, 0, 0, 0]	ぷにブレス		噗尼吐息		噗尼吐息		푸니 브레스	
2137044412	Heal		[0, 0, 0, 1306449111]	[0, 0, 0, -100]	[2137044412, 0, 0, 0, 0, 0, 0, 0]	30	[0, 0, 0, 0, 0, 0, 0, 0, 0, 0, 0, 0, 0, 0]	0	[0, 0, 0, 0, 0, 0, 0, 0, 0, 0, 0, 0, 0, 0]	0	0	0	[1522653480, 397791044, 1614965990, 4294967295, 4294967295, 4294967295, 3212836864, 3212836864, 999058968, 0, 0, 0, 0, 0]	ヒール		治愈		治癒		힐	
519823329			[0, 0, 0, 1415384097]	[0, 0, 0, 230]	[519823329, 0, 0, 0, 0, 0, 0, 0]	80	[0, 0, 0, 0, 0, 0, 0, 0, 0, 0, 0, 0, 0, 0]	0	[0, 0, 0, 0, 0, 0, 0, 0, 0, 0, 0, 0, 0, 0]	0	0	0	[1725341465, 1832675263, 1590773769, 4294967295, 4294967295, 4294967295, 3212836864, 3212836864, 0, 0, 0, 0, 0, 0]								
431415997	Tackle		[0, 0, 0, 1415384097]	[0, 0, 0, 220]	[431415997, 0, 0, 0, 0, 0, 0, 0]	40	[0, 0, 0, 0, 0, 0, 0, 0, 0, 0, 0, 0, 0, 0]	0	[0, 0, 0, 0, 0, 0, 0, 0, 0, 0, 0, 0, 0, 0]	0	0	0	[2719556711, 640049947, 1590773769, 4294967295, 4294967295, 4294967295, 3212836864, 3212836864, 0, 0, 0, 0, 0, 0]	タックル		冲撞		衝撞		태클	
1857147435	Rush		[0, 0, 0, 1415384097]	[0, 0, 0, 150]	[1857147435, 0, 0, 0, 0, 0, 0, 0]	25	[0, 0, 0, 0, 0, 0, 0, 0, 0, 0, 0, 0, 0, 0]	0	[0, 0, 0, 0, 0, 0, 0, 0, 0, 0, 0, 0, 0, 0]	4	0	0	[2593996881, 1975640643, 1590773769, 4294967295, 4294967295, 4294967295, 3212836864, 3212836864, 0, 0, 0, 0, 0, 0]	ラッシュ		猛击		猛擊		러시	
138902639	Slash Meteor		[0, 0, 0, 1415384097]	[0, 0, 0, 200]	[138902639, 0, 0, 0, 0, 0, 0, 0]	35	[0, 0, 0, 0, 0, 0, 0, 0, 0, 0, 0, 0, 0, 0]	0	[0, 0, 0, 0, 0, 0, 0, 0, 0, 0, 0, 0, 0, 0]	0	0	0	[753800181, 2115411540, 1590773769, 4294967295, 4294967295, 4294967295, 3212836864, 3212836864, 0, 0, 0, 0, 0, 0]	スラッシュメテオ		斩击彗星		隕石斬擊		슬래시 미티어	
2134920441	Fall Impact		[0, 0, 0, 355072781]	[0, 0, 0, 100]	[2134920441, 0, 0, 0, 0, 0, 0, 0]	30	[0, 0, 0, 0, 0, 0, 0, 0, 0, 0, 0, 0, 0, 0]	0	[0, 0, 0, 0, 0, 0, 0, 0, 0, 0, 0, 0, 0, 0]	0	0	0	[342521795, 770776844, 1590773769, 4294967295, 4294967295, 4294967295, 3212836864, 3212836864, 70062571, 0, 0, 0, 0, 0]	フォールインパクト		降落冲击		墜落衝擊		폴 임팩트	
254457974	Thunder Slash		[0, 0, 0, 355072781]	[0, 0, 0, 100]	[254457974, 0, 0, 0, 0, 0, 0, 0]	30	[0, 0, 0, 0, 0, 0, 0, 0, 0, 0, 0, 0, 0, 0]	0	[0, 0, 0, 0, 0, 0, 0, 0, 0, 0, 0, 0, 0, 0]	0	0	0	[2651742808, 1555024864, 1590773769, 4294967295, 4294967295, 4294967295, 3212836864, 3212836864, 0, 0, 0, 0, 0, 0]	サンダースラッシュ		雷霆斩击		雷霆斬擊		선더 슬래시	
2016250080	Cheer Up		[0, 0, 0, 1306449111]	[0, 0, 0, -100]	[2016250080, 0, 0, 0, 0, 0, 0, 0]	30	[0, 0, 0, 0, 0, 0, 0, 0, 0, 0, 0, 0, 0, 0]	0	[0, 0, 0, 0, 0, 0, 0, 0, 0, 0, 0, 0, 0, 0]	0	0	0	[2794063458, 256395960, 1590773769, 4294967295, 4294967295, 4294967295, 3212836864, 3212836864, 115401354, 0, 0, 0, 0, 0]	チアアップ		加油鼓劲		鼓舞士氣		치얼업	
1069768015	Ready Counterattack		[0, 0, 0, 1306449111]	[0, 0, 0, 0]	[2016250080, 0, 0, 0, 0, 0, 0, 0]	0	[0, 0, 0, 0, 0, 0, 0, 0, 0, 0, 0, 0, 0, 0]	0	[0, 0, 0, 0, 0, 0, 0, 0, 0, 0, 0, 0, 0, 0]	0	0	0	[2794063458, 256395960, 1590773769, 4294967295, 4294967295, 4294967295, 3212836864, 3212836864, 997370132, 0, 0, 0, 0, 0]	反撃準備		反击准备		反擊準備		반격 준비	
2007688044	Fire Slash		[0, 0, 0, 355072781]	[0, 0, 0, 400]	[2007688044, 0, 0, 0, 0, 0, 0, 0]	35	[0, 0, 0, 0, 0, 0, 0, 0, 0, 0, 0, 0, 0, 0]	0	[0, 0, 0, 0, 0, 0, 0, 0, 0, 0, 0, 0, 0, 0]	0	0	0	[1715441800, 2087326553, 1590773769, 4294967295, 4294967295, 4294967295, 3212836864, 3212836864, 0, 0, 0, 0, 0, 0]	ファイアスラッシュ		火焰斩		火焰斬擊		파이어 슬래시	
27424049	Tackle		[0, 0, 0, 1415384097]	[0, 0, 0, 100]	[27424049, 0, 0, 0, 0, 0, 0, 0]	30	[0, 0, 0, 0, 0, 0, 0, 0, 0, 0, 0, 0, 0, 0]	0	[0, 0, 0, 0, 0, 0, 0, 0, 0, 0, 0, 0, 0, 0]	0	0	0	[4271013750, 496973080, 1590773769, 4294967295, 4294967295, 4294967295, 3212836864, 3212836864, 785853077, 0, 0, 0, 0, 0]	タックル		冲撞		衝撞		태클	
1990542759	Rush		[0, 0, 0, 1415384097]	[0, 0, 0, 100]	[1990542759, 0, 0, 0, 0, 0, 0, 0]	30	[0, 0, 0, 0, 0, 0, 0, 0, 0, 0, 0, 0, 0, 0]	0	[0, 0, 0, 0, 0, 0, 0, 0, 0, 0, 0, 0, 0, 0]	0	0	0	[3323337536, 1316533312, 1590773769, 4294967295, 4294967295, 4294967295, 3212836864, 3212836864, 0, 0, 0, 0, 0, 0]	ラッシュ		猛击		猛擊		러시	
1733614453			[0, 0, 0, 1415384097]	[0, 0, 0, 300]	[1733614453, 0, 0, 0, 0, 0, 0, 0]	100	[0, 0, 0, 0, 0, 0, 0, 0, 0, 0, 0, 0, 0, 0]	0	[0, 0, 0, 0, 0, 0, 0, 0, 0, 0, 0, 0, 0, 0]	0	0	0	[1222716628, 373836047, 1590773769, 4294967295, 4294967295, 4294967295, 3212836864, 3212836864, 0, 0, 0, 0, 0, 0]								
2011465080	Counter Tail		[0, 0, 0, 1415384097]	[0, 0, 0, 100]	[2011465080, 0, 0, 0, 0, 0, 0, 0]	30	[0, 0, 0, 0, 0, 0, 0, 0, 0, 0, 0, 0, 0, 0]	0	[0, 0, 0, 0, 0, 0, 0, 0, 0, 0, 0, 0, 0, 0]	0	0	0	[4130463355, 1687628862, 1590773769, 4294967295, 4294967295, 4294967295, 3212836864, 3212836864, 1564507071, 1440681076, 0, 0, 0, 0]	カウンターテイル		还击之尾		還擊之尾		카운터 테일	
1121857301			[0, 0, 0, 1415384097]	[0, 0, 0, 300]	[2134920441, 0, 0, 0, 0, 0, 0, 0]	140	[0, 0, 0, 0, 0, 0, 0, 0, 0, 0, 0, 0, 0, 0]	0	[0, 0, 0, 0, 0, 0, 0, 0, 0, 0, 0, 0, 0, 0]	0	0	0	[4060805773, 2097282827, 1590773769, 4294967295, 4294967295, 4294967295, 3212836864, 3212836864, 0, 0, 0, 0, 0, 0]								
903421827			[0, 0, 0, 1415384097]	[0, 0, 0, 180]	[903421827, 0, 0, 0, 0, 0, 0, 0]	90	[0, 0, 0, 0, 0, 0, 0, 0, 0, 0, 0, 0, 0, 0]	0	[0, 0, 0, 0, 0, 0, 0, 0, 0, 0, 0, 0, 0, 0]	0	0	0	[3398344379, 786857555, 1590773769, 4294967295, 4294967295, 4294967295, 3212836864, 3212836864, 0, 0, 0, 0, 0, 0]								
1395634631			[0, 0, 0, 1415384097]	[0, 0, 0, 180]	[1395634631, 0, 0, 0, 0, 0, 0, 0]	90	[0, 0, 0, 0, 0, 0, 0, 0, 0, 0, 0, 0, 0, 0]	0	[0, 0, 0, 0, 0, 0, 0, 0, 0, 0, 0, 0, 0, 0]	0	0	0	[2097007903, 623968836, 1590773769, 4294967295, 4294967295, 4294967295, 3212836864, 3212836864, 0, 0, 0, 0, 0, 0]								
606634321			[0, 0, 0, 1415384097]	[0, 0, 0, 80]	[606634321, 0, 0, 0, 0, 0, 0, 0]	50	[0, 0, 0, 0, 0, 0, 0, 0, 0, 0, 0, 0, 0, 0]	0	[0, 0, 0, 0, 0, 0, 0, 0, 0, 0, 0, 0, 0, 0]	0	0	0	[1148823849, 1993769756, 1590773769, 4294967295, 4294967295, 4294967295, 3212836864, 3212836864, 0, 0, 0, 0, 0, 0]								
834768568	Rolling Cut		[0, 0, 0, 1415384097]	[0, 0, 0, 180]	[834768568, 0, 0, 0, 0, 0, 0, 0]	30	[0, 0, 0, 0, 0, 0, 0, 0, 0, 0, 0, 0, 0, 0]	0	[0, 0, 0, 0, 0, 0, 0, 0, 0, 0, 0, 0, 0, 0]	0	0	0	[698900011, 1486518562, 1590773769, 4294967295, 4294967295, 4294967295, 3212836864, 3212836864, 0, 0, 0, 0, 0, 0]	ローリングカット		旋转之斩		旋轉斬		롤링 컷	
1187429922	Spread Slash		[0, 0, 0, 355072781]	[0, 0, 0, 400]	[1187429922, 0, 0, 0, 0, 0, 0, 0]	35	[0, 0, 0, 0, 0, 0, 0, 0, 0, 0, 0, 0, 0, 0]	0	[0, 0, 0, 0, 0, 0, 0, 0, 0, 0, 0, 0, 0, 0]	0	0	0	[288111133, 192804986, 1590773769, 4294967295, 4294967295, 4294967295, 3212836864, 3212836864, 0, 0, 0, 0, 0, 0]	スプレッドスラッシュ		蔓延劈砍		擴散斬擊		스프레드 슬래시	
540020836	Ice Call		[0, 0, 0, 1415384097]	[0, 0, 0, 270]	[540020836, 0, 0, 0, 0, 0, 0, 0]	50	[0, 0, 0, 0, 0, 0, 0, 0, 0, 0, 0, 0, 0, 0]	0	[0, 0, 0, 0, 0, 0, 0, 0, 0, 0, 0, 0, 0, 0]	0	0	0	[2808048057, 11175021, 1590773769, 4294967295, 4294967295, 4294967295, 3212836864, 3212836864, 0, 0, 0, 0, 0, 0]	アイスコール		召唤冰雪		寒冰呼喚		아이스 콜	
622237770	Glide		[0, 0, 0, 1415384097]	[0, 0, 0, 120]	[622237770, 0, 0, 0, 0, 0, 0, 0]	20	[0, 0, 0, 0, 0, 0, 0, 0, 0, 0, 0, 0, 0, 0]	0	[0, 0, 0, 0, 0, 0, 0, 0, 0, 0, 0, 0, 0, 0]	0	0	0	[3427561140, 238580212, 1590773769, 4294967295, 4294967295, 4294967295, 3212836864, 3212836864, 0, 0, 0, 0, 0, 0]	グライド		滑翔		滑翔		글라이드	
1376889056	White Breath		[0, 0, 0, 1415384097]	[0, 0, 0, 100]	[1376889056, 0, 0, 0, 0, 0, 0, 0]	30	[0, 0, 0, 0, 0, 0, 0, 0, 0, 0, 0, 0, 0, 0]	0	[0, 0, 0, 0, 0, 0, 0, 0, 0, 0, 0, 0, 0, 0]	0	0	0	[4106750594, 1574957228, 1590773769, 4294967295, 4294967295, 4294967295, 3212836864, 3212836864, 0, 0, 0, 0, 0, 0]	ホワイトブレス		白色吐息		純白吐息		화이트 브레스	
887555738			[0, 0, 0, 1415384097]	[0, 0, 0, 280]	[887555738, 0, 0, 0, 0, 0, 0, 0]	80	[0, 0, 0, 0, 0, 0, 0, 0, 0, 0, 0, 0, 0, 0]	0	[0, 0, 0, 0, 0, 0, 0, 0, 0, 0, 0, 0, 0, 0]	0	0	0	[1119574312, 1443400891, 1590773769, 4294967295, 4294967295, 4294967295, 3212836864, 3212836864, 0, 0, 0, 0, 0, 0]								
1138767372	Aerial Dance		[0, 0, 0, 1306449111]	[0, 0, 0, -100]	[1138767372, 0, 0, 0, 0, 0, 0, 0]	30	[0, 0, 0, 0, 0, 0, 0, 0, 0, 0, 0, 0, 0, 0]	0	[0, 0, 0, 0, 0, 0, 0, 0, 0, 0, 0, 0, 0, 0]	0	0	0	[2050964754, 99552739, 1590773769, 4294967295, 4294967295, 4294967295, 3212836864, 3212836864, 1220652532, 0, 0, 0, 0, 0]	エアリアルダンス		轻盈舞蹈		空中舞蹈		에어리얼 댄스	
578509905	Sky Cheer		[0, 0, 0, 1883795445]	[0, 0, 0, -50]	[578509905, 0, 0, 0, 0, 0, 0, 0]	30	[0, 0, 0, 0, 0, 0, 0, 0, 0, 0, 0, 0, 0, 0]	0	[0, 0, 0, 0, 0, 0, 0, 0, 0, 0, 0, 0, 0, 0]	0	0	0	[2125209367, 746660928, 1590773769, 4294967295, 4294967295, 4294967295, 3212836864, 3212836864, 580413847, 0, 0, 0, 0, 0]	スカイエール		天空声援		天空吶喊		스카이 엘	
1434217671	Charge Rush		[0, 0, 0, 1415384097]	[0, 0, 0, 220]	[1434217671, 0, 0, 0, 0, 0, 0, 0]	40	[0, 0, 0, 0, 0, 0, 0, 0, 0, 0, 0, 0, 0, 0]	0	[0, 0, 0, 0, 0, 0, 0, 0, 0, 0, 0, 0, 0, 0]	0	0	0	[1177058081, 2137433368, 1590773769, 4294967295, 4294967295, 4294967295, 3212836864, 3212836864, 0, 0, 0, 0, 0, 0]	チャージラッシュ		充填猛击		蓄積猛擊		차지 러시	
1150153237	Mini Cyclone		[0, 0, 0, 355072781]	[0, 0, 0, 300]	[1150153237, 0, 0, 0, 0, 0, 0, 0]	25	[0, 0, 0, 0, 0, 0, 0, 0, 0, 0, 0, 0, 0, 0]	0	[0, 0, 0, 0, 0, 0, 0, 0, 0, 0, 0, 0, 0, 0]	0	0	0	[3370077363, 659970135, 1590773769, 4294967295, 4294967295, 4294967295, 3212836864, 3212836864, 0, 0, 0, 0, 0, 0]	ミニサイクロン		小型龙卷风		迷你龍捲風		미니 사이클론	
1746189902	Sonic Blow		[0, 0, 0, 1415384097]	[0, 0, 0, 100]	[1746189902, 0, 0, 0, 0, 0, 0, 0]	30	[0, 0, 0, 0, 0, 0, 0, 0, 0, 0, 0, 0, 0, 0]	0	[0, 0, 0, 0, 0, 0, 0, 0, 0, 0, 0, 0, 0, 0]	0	0	0	[2386010824, 1552884509, 1590773769, 4294967295, 4294967295, 4294967295, 3212836864, 3212836864, 785853077, 0, 0, 0, 0, 0]	ソニックブロウ		音速猛击		音速猛擊		소닉 블로	
521375452	Wing Cutter		[0, 0, 0, 355072781]	[0, 0, 0, 100]	[521375452, 0, 0, 0, 0, 0, 0, 0]	30	[0, 0, 0, 0, 0, 0, 0, 0, 0, 0, 0, 0, 0, 0]	0	[0, 0, 0, 0, 0, 0, 0, 0, 0, 0, 0, 0, 0, 0]	0	0	0	[3065235186, 258515525, 1590773769, 4294967295, 4294967295, 4294967295, 3212836864, 3212836864, 0, 0, 0, 0, 0, 0]	ウィングカッター		飞翼利刃		飛羽之刃		윙 커터	
249696264	Wind Breath		[0, 0, 0, 1415384097]	[0, 0, 0, 100]	[249696264, 0, 0, 0, 0, 0, 0, 0]	30	[0, 0, 0, 0, 0, 0, 0, 0, 0, 0, 0, 0, 0, 0]	0	[0, 0, 0, 0, 0, 0, 0, 0, 0, 0, 0, 0, 0, 0]	0	0	0	[944042338, 1465409290, 1590773769, 4294967295, 4294967295, 4294967295, 3212836864, 3212836864, 70062571, 0, 0, 0, 0, 0]	ウィンドブレス		风之吐息		疾風之息		윈드 브레스	
1870232149			[0, 0, 0, 1415384097]	[0, 0, 0, 110]	[1870232149, 0, 0, 0, 0, 0, 0, 0]	70	[0, 0, 0, 0, 0, 0, 0, 0, 0, 0, 0, 0, 0, 0]	0	[0, 0, 0, 0, 0, 0, 0, 0, 0, 0, 0, 0, 0, 0]	0	0	0	[1020777317, 2117498537, 1590773769, 4294967295, 4294967295, 4294967295, 3212836864, 3212836864, 59344382, 0, 0, 0, 0, 0]								
2122900615	Glide		[0, 0, 0, 1415384097]	[0, 0, 0, 100]	[1746189902, 0, 0, 0, 0, 0, 0, 0]	30	[0, 0, 0, 0, 0, 0, 0, 0, 0, 0, 0, 0, 0, 0]	0	[0, 0, 0, 0, 0, 0, 0, 0, 0, 0, 0, 0, 0, 0]	0	0	0	[2988500215, 637963238, 1590773769, 4294967295, 4294967295, 4294967295, 3212836864, 3212836864, 0, 0, 0, 0, 0, 0]	グライド		滑翔		滑翔		글라이드	
160420881	Charge Rush		[0, 0, 0, 1415384097]	[0, 0, 0, 100]	[160420881, 0, 0, 0, 0, 0, 0, 0]	30	[0, 0, 0, 0, 0, 0, 0, 0, 0, 0, 0, 0, 0, 0]	0	[0, 0, 0, 0, 0, 0, 0, 0, 0, 0, 0, 0, 0, 0]	0	0	0	[2326036673, 1977682622, 1590773769, 4294967295, 4294967295, 4294967295, 3212836864, 3212836864, 0, 0, 0, 0, 0, 0]	チャージラッシュ		充填猛击		蓄積猛擊		차지 러시	
1724855936	Cyclone		[0, 0, 0, 355072781]	[0, 0, 0, 100]	[1724855936, 0, 0, 0, 0, 0, 0, 0]	30	[0, 0, 0, 0, 0, 0, 0, 0, 0, 0, 0, 0, 0, 0]	0	[0, 0, 0, 0, 0, 0, 0, 0, 0, 0, 0, 0, 0, 0]	0	0	0	[3137773817, 1960499360, 1590773769, 4294967295, 4294967295, 4294967295, 3212836864, 3212836864, 0, 0, 0, 0, 0, 0]	サイクロン		龙卷风		龍捲風		사이클론	
2027909321	Glide		[0, 0, 0, 1415384097]	[0, 0, 0, 180]	[2027909321, 0, 0, 0, 0, 0, 0, 0]	30	[0, 0, 0, 0, 0, 0, 0, 0, 0, 0, 0, 0, 0, 0]	0	[0, 0, 0, 0, 0, 0, 0, 0, 0, 0, 0, 0, 0, 0]	0	0	0	[2220020225, 2116045065, 1590773769, 4294967295, 4294967295, 4294967295, 3212836864, 3212836864, 1777948992, 0, 0, 0, 0, 0]	グライド		滑翔		滑翔		글라이드	
265830495	White Breath		[0, 0, 0, 1415384097]	[0, 0, 0, 220]	[265830495, 0, 0, 0, 0, 0, 0, 0]	40	[0, 0, 0, 0, 0, 0, 0, 0, 0, 0, 0, 0, 0, 0]	0	[0, 0, 0, 0, 0, 0, 0, 0, 0, 0, 0, 0, 0, 0]	0	0	0	[3168187959, 768067665, 1590773769, 4294967295, 4294967295, 4294967295, 3212836864, 3212836864, 0, 0, 0, 0, 0, 0]	ホワイトブレス		白色吐息		純白吐息		화이트 브레스	
1764683291	Storm		[0, 0, 0, 355072781]	[0, 0, 0, 400]	[1764683291, 0, 0, 0, 0, 0, 0, 0]	35	[0, 0, 0, 0, 0, 0, 0, 0, 0, 0, 0, 0, 0, 0]	0	[0, 0, 0, 0, 0, 0, 0, 0, 0, 0, 0, 0, 0, 0]	0	0	0	[178644371, 638628934, 1590773769, 4294967295, 4294967295, 4294967295, 3212836864, 3212836864, 0, 0, 0, 0, 0, 0]	ストーム		暴风		風暴		스톰	
361339842	Fuel Ball		[0, 0, 0, 355072781]	[0, 0, 0, 360]	[361339842, 0, 0, 0, 0, 0, 0, 0]	30	[0, 0, 0, 0, 0, 0, 0, 0, 0, 0, 0, 0, 0, 0]	0	[0, 0, 0, 0, 0, 0, 0, 0, 0, 0, 0, 0, 0, 0]	0	0	0	[1061665936, 362525353, 1590773769, 4294967295, 4294967295, 4294967295, 3212836864, 3212836864, 1873943535, 0, 0, 0, 0, 0]	フューエルボール		燃料球		燃料球		퓨얼 볼	
1653517140	Burning Shot		[0, 0, 0, 1415384097]	[0, 0, 0, 200]	[1653517140, 0, 0, 0, 0, 0, 0, 0]	35	[0, 0, 0, 0, 0, 0, 0, 0, 0, 0, 0, 0, 0, 0]	0	[0, 0, 0, 0, 0, 0, 0, 0, 0, 0, 0, 0, 0, 0]	0	0	0	[130275514, 1182544881, 1590773769, 4294967295, 4294967295, 4294967295, 3212836864, 3212836864, 1532246848, 0, 0, 0, 0, 0]	バーニングショット		烈焰射击		烈焰射擊		버닝 샷	
74974482	Wing Cutter		[0, 0, 0, 355072781]	[0, 0, 0, 400]	[74974482, 0, 0, 0, 0, 0, 0, 0]	35	[0, 0, 0, 0, 0, 0, 0, 0, 0, 0, 0, 0, 0, 0]	0	[0, 0, 0, 0, 0, 0, 0, 0, 0, 0, 0, 0, 0, 0]	0	0	0	[2981137180, 1303072742, 1590773769, 4294967295, 4294967295, 4294967295, 3212836864, 3212836864, 0, 0, 0, 0, 0, 0]	ウィングカッター		飞翼利刃		飛羽之刃		윙 커터	
1937716616	Energy-Sapping Roar		[0, 0, 0, 355072781]	[0, 0, 0, 250]	[1937716616, 0, 0, 0, 0, 0, 0, 0]	20	[0, 0, 0, 0, 0, 0, 0, 0, 0, 0, 0, 0, 0, 0]	0	[0, 0, 0, 0, 0, 0, 0, 0, 0, 0, 0, 0, 0, 0]	0	0	0	[2301947690, 508350142, 1590773769, 4294967295, 4294967295, 4294967295, 3212836864, 3212836864, 645504651, 0, 0, 0, 0, 0]	気削ぎの咆哮		震慑咆哮		令人恐懼的咆哮		억압의 포효	
1794070044	Blessed Guidance		[0, 0, 0, 826054873]	[0, 0, 0, -100]	[1794070044, 0, 0, 0, 0, 0, 0, 0]	30	[0, 0, 0, 0, 0, 0, 0, 0, 0, 0, 0, 0, 0, 0]	0	[0, 0, 0, 0, 0, 0, 0, 0, 0, 0, 0, 0, 0, 0]	0	0	0	[1678918022, 1187636125, 1590773769, 4294967295, 4294967295, 4294967295, 3212836864, 3212836864, 0, 0, 0, 0, 0, 0]	祝福の指差し		祝福之指		祝福的手勢		축복의 손짓	
501769870	Magic Shot		[0, 0, 0, 1415384097]	[0, 0, 0, 150]	[501769870, 0, 0, 0, 0, 0, 0, 0]	25	[0, 0, 0, 0, 0, 0, 0, 0, 0, 0, 0, 0, 0, 0]	0	[0, 0, 0, 0, 0, 0, 0, 0, 0, 0, 0, 0, 0, 0]	0	0	0	[1553343920, 355361477, 1590773769, 4294967295, 4294967295, 4294967295, 3212836864, 3212836864, 0, 0, 0, 0, 0, 0]	マジックシュート		魔法射击		魔法射擊		매직 샷	
2065615048	Explosive Bloom		[0, 0, 0, 1415384097]	[0, 0, 0, 200]	[2065615048, 0, 0, 0, 0, 0, 0, 0]	35	[0, 0, 0, 0, 0, 0, 0, 0, 0, 0, 0, 0, 0, 0]	0	[0, 0, 0, 0, 0, 0, 0, 0, 0, 0, 0, 0, 0, 0]	0	0	0	[3940906518, 519642834, 1590773769, 4294967295, 4294967295, 4294967295, 3212836864, 3212836864, 566026335, 0, 0, 0, 0, 0]	炸裂の開花		炸裂开花		炸裂開花		작렬의 개화	
203028574			[0, 0, 0, 1415384097]	[0, 0, 0, 180]	[203028574, 0, 0, 0, 0, 0, 0, 0]	35	[0, 0, 0, 0, 0, 0, 0, 0, 0, 0, 0, 0, 0, 0]	0	[0, 0, 0, 0, 0, 0, 0, 0, 0, 0, 0, 0, 0, 0]	0	0	0	[3529576996, 1293852554, 1590773769, 4294967295, 4294967295, 4294967295, 3212836864, 3212836864, 0, 0, 0, 0, 0, 0]								
199816639	Paralysis Shot		[0, 0, 0, 1415384097]	[0, 0, 0, 180]	[199816639, 0, 0, 0, 0, 0, 0, 0]	30	[0, 0, 0, 0, 0, 0, 0, 0, 0, 0, 0, 0, 0, 0]	0	[0, 0, 0, 0, 0, 0, 0, 0, 0, 0, 0, 0, 0, 0]	0	0	0	[2195152032, 2085495474, 1590773769, 4294967295, 4294967295, 4294967295, 3212836864, 3212836864, 1638108618, 0, 0, 0, 0, 0]	パラライズシュート		麻痹射击		麻痺射擊		패럴라이즈 샷	
987479250	Explosive Bloom		[0, 0, 0, 1415384097]	[0, 0, 0, 100]	[987479250, 0, 0, 0, 0, 0, 0, 0]	30	[0, 0, 0, 0, 0, 0, 0, 0, 0, 0, 0, 0, 0, 0]	0	[0, 0, 0, 0, 0, 0, 0, 0, 0, 0, 0, 0, 0, 0]	0	0	0	[1974641020, 329782044, 1590773769, 4294967295, 4294967295, 4294967295, 3212836864, 3212836864, 0, 0, 0, 0, 0, 0]	炸裂の開花		炸裂开花		炸裂開花		작렬의 개화	
1306299460	Magic Shot		[0, 0, 0, 1415384097]	[0, 0, 0, 100]	[1306299460, 0, 0, 0, 0, 0, 0, 0]	30	[0, 0, 0, 0, 0, 0, 0, 0, 0, 0, 0, 0, 0, 0]	0	[0, 0, 0, 0, 0, 0, 0, 0, 0, 0, 0, 0, 0, 0]	0	0	0	[1295435082, 1078956612, 1590773769, 4294967295, 4294967295, 4294967295, 3212836864, 3212836864, 0, 0, 0, 0, 0, 0]	マジックシュート		魔法射击		魔法射擊		매직 샷	
724181506	Wind Blast		[0, 0, 0, 1415384097]	[0, 0, 0, 100]	[724181506, 0, 0, 0, 0, 0, 0, 0]	30	[0, 0, 0, 0, 0, 0, 0, 0, 0, 0, 0, 0, 0, 0]	0	[0, 0, 0, 0, 0, 0, 0, 0, 0, 0, 0, 0, 0, 0]	0	0	0	[4215641840, 1268313683, 1590773769, 4294967295, 4294967295, 4294967295, 3212836864, 3212836864, 0, 0, 0, 0, 0, 0]	ウィンドブラスト		爆裂狂风		爆破之風		윈드 블라스트	
1546457752	Blessed Light Flower		[0, 0, 0, 1883795445]	[0, 0, 0, 100]	[1546457752, 0, 0, 0, 0, 0, 0, 0]	30	[0, 0, 0, 0, 0, 0, 0, 0, 0, 0, 0, 0, 0, 0]	0	[0, 0, 0, 0, 0, 0, 0, 0, 0, 0, 0, 0, 0, 0]	0	0	0	[3284267738, 411004683, 1590773769, 4294967295, 4294967295, 4294967295, 3212836864, 3212836864, 0, 0, 0, 0, 0, 0]	祝福の光花		祝福光花		祝福光花		축복의 광화	
1493186956	Stoke Life		[0, 0, 0, 1415384097]	[0, 0, 0, 200]	[1493186956, 0, 0, 0, 0, 0, 0, 0]	35	[0, 0, 0, 0, 0, 0, 0, 0, 0, 0, 0, 0, 0, 0]	0	[0, 0, 0, 0, 0, 0, 0, 0, 0, 0, 0, 0, 0, 0]	0	0	0	[2948768429, 1082176542, 1590773769, 4294967295, 4294967295, 4294967295, 3212836864, 3212836864, 0, 0, 0, 0, 0, 0]	いのちを焚べる		燃烧生命		焚燒生命		생명 소각	
772213018	Envelop in Flame		[0, 0, 0, 1415384097]	[0, 0, 0, 220]	[772213018, 0, 0, 0, 0, 0, 0, 0]	40	[0, 0, 0, 0, 0, 0, 0, 0, 0, 0, 0, 0, 0, 0]	0	[0, 0, 0, 0, 0, 0, 0, 0, 0, 0, 0, 0, 0, 0]	0	0	0	[2537997979, 325530950, 1590773769, 4294967295, 4294967295, 4294967295, 3212836864, 3212836864, 0, 0, 0, 0, 0, 0]	焔で包む		火焰包围		火焰籠罩		불꽃의 포용	
1223796576	Consuming Fire		[0, 0, 0, 1415384097]	[0, 0, 0, 180]	[1223796576, 0, 0, 0, 0, 0, 0, 0]	30	[0, 0, 0, 0, 0, 0, 0, 0, 0, 0, 0, 0, 0, 0]	0	[0, 0, 0, 0, 0, 0, 0, 0, 0, 0, 0, 0, 0, 0]	0	0	0	[557159743, 414206289, 1590773769, 4294967295, 4294967295, 4294967295, 3212836864, 3212836864, 0, 0, 0, 0, 0, 0]	焼き尽くす		燃烧殆尽		燃燒殆盡		전소	
758283495	Painful Guidance		[0, 0, 0, 1415384097]	[0, 0, 0, 150]	[758283495, 0, 0, 0, 0, 0, 0, 0]	25	[0, 0, 0, 0, 0, 0, 0, 0, 0, 0, 0, 0, 0, 0]	0	[0, 0, 0, 0, 0, 0, 0, 0, 0, 0, 0, 0, 0, 0]	0	0	0	[3731159556, 945936937, 1590773769, 4294967295, 4294967295, 4294967295, 3212836864, 3212836864, 0, 0, 0, 0, 0, 0]	痛みの指差し		疼痛之指		疼痛的手勢		통증의 손짓	
1513442417	Magic Shot		[0, 0, 0, 1415384097]	[0, 0, 0, 200]	[1513442417, 0, 0, 0, 0, 0, 0, 0]	35	[0, 0, 0, 0, 0, 0, 0, 0, 0, 0, 0, 0, 0, 0]	0	[0, 0, 0, 0, 0, 0, 0, 0, 0, 0, 0, 0, 0, 0]	0	0	0	[3873480242, 1803967345, 1590773769, 4294967295, 4294967295, 4294967295, 3212836864, 3212836864, 0, 0, 0, 0, 0, 0]	マジックシュート		魔法射击		魔法射擊		매직 샷	
1019470389	Decompression		[0, 0, 0, 1415384097]	[0, 0, 0, 100]	[1019470389, 0, 0, 0, 0, 0, 0, 0]	30	[0, 0, 0, 0, 0, 0, 0, 0, 0, 0, 0, 0, 0, 0]	0	[0, 0, 0, 0, 0, 0, 0, 0, 0, 0, 0, 0, 0, 0]	0	0	0	[1351863704, 1615931238, 1590773769, 4294967295, 4294967295, 4294967295, 3212836864, 3212836864, 0, 0, 0, 0, 0, 0]	圧縮解放		压缩解放		壓縮解放		압축 해방	
1271190179	Chilly Bloom		[0, 0, 0, 1415384097]	[0, 0, 0, 220]	[1271190179, 0, 0, 0, 0, 0, 0, 0]	40	[0, 0, 0, 0, 0, 0, 0, 0, 0, 0, 0, 0, 0, 0]	0	[0, 0, 0, 0, 0, 0, 0, 0, 0, 0, 0, 0, 0, 0]	0	0	0	[1746381218, 867608126, 1590773769, 4294967295, 4294967295, 4294967295, 3212836864, 3212836864, 0, 0, 0, 0, 0, 0]	冷気の開花		冷气绽放		冷氣開花		냉기의 개화	
710916350	Protective Blessing		[0, 0, 0, 826054873]	[0, 0, 0, -100]	[710916350, 0, 0, 0, 0, 0, 0, 0]	30	[0, 0, 0, 0, 0, 0, 0, 0, 0, 0, 0, 0, 0, 0]	0	[0, 0, 0, 0, 0, 0, 0, 0, 0, 0, 0, 0, 0, 0]	0	0	0	[1820625831, 450400157, 1590773769, 4294967295, 4294967295, 4294967295, 3212836864, 3212836864, 268251213, 0, 0, 0, 0, 0]	守りの祝福		守备的祝福		庇護之祝福		수호의 축복	
1566083176	Infection		[0, 0, 0, 1415384097]	[0, 0, 0, 100]	[1566083176, 0, 0, 0, 0, 0, 0, 0]	30	[0, 0, 0, 0, 0, 0, 0, 0, 0, 0, 0, 0, 0, 0]	0	[0, 0, 0, 0, 0, 0, 0, 0, 0, 0, 0, 0, 0, 0]	0	0	0	[1409347473, 1228869317, 1590773769, 4294967295, 4294967295, 4294967295, 3212836864, 3212836864, 0, 0, 0, 0, 0, 0]	病魔宿し		寄宿病魔		病魔寄生		병마 강신	
1032625136	Painful Guidance		[0, 0, 0, 1415384097]	[0, 0, 0, 180]	[1032625136, 0, 0, 0, 0, 0, 0, 0]	30	[0, 0, 0, 0, 0, 0, 0, 0, 0, 0, 0, 0, 0, 0]	0	[0, 0, 0, 0, 0, 0, 0, 0, 0, 0, 0, 0, 0, 0]	0	0	0	[3711105739, 1564786859, 1590773769, 4294967295, 4294967295, 4294967295, 3212836864, 3212836864, 0, 0, 0, 0, 0, 0]	痛みの指差し		疼痛之指		疼痛的手勢		통증의 손짓	
1250667386			[0, 0, 0, 1415384097]	[0, 0, 0, 230]	[1250667386, 0, 0, 0, 0, 0, 0, 0]	60	[0, 0, 0, 0, 0, 0, 0, 0, 0, 0, 0, 0, 0, 0]	0	[0, 0, 0, 0, 0, 0, 0, 0, 0, 0, 0, 0, 0, 0]	0	0	0	[3853950717, 245580275, 1590773769, 4294967295, 4294967295, 4294967295, 3212836864, 3212836864, 0, 0, 0, 0, 0, 0]								
746390844	Cold Unlocked		[0, 0, 0, 355072781]	[0, 0, 0, 400]	[746390844, 0, 0, 0, 0, 0, 0, 0]	35	[0, 0, 0, 0, 0, 0, 0, 0, 0, 0, 0, 0, 0, 0]	0	[0, 0, 0, 0, 0, 0, 0, 0, 0, 0, 0, 0, 0, 0]	0	0	0	[1405472089, 91504100, 1590773769, 4294967295, 4294967295, 4294967295, 3212836864, 3212836864, 1245054362, 0, 0, 0, 0, 0]	寒気解放		寒气释放		寒氣解放		한기 해방	
801741589	Shield Charge		[0, 0, 0, 1415384097]	[0, 0, 0, 180]	[801741589, 0, 0, 0, 0, 0, 0, 0]	30	[0, 0, 0, 0, 0, 0, 0, 0, 0, 0, 0, 0, 0, 0]	0	[0, 0, 0, 0, 0, 0, 0, 0, 0, 0, 0, 0, 0, 0]	0	0	0	[3396358648, 152345890, 1590773769, 4294967295, 4294967295, 4294967295, 3212836864, 3212836864, 0, 0, 0, 0, 0, 0]	シールドチャージ		盾牌冲锋		盾牌衝鋒		실드 차지	
1043858887	Covering		[0, 0, 0, 1306449111]	[0, 0, 0, -100]	[1043858887, 0, 0, 0, 0, 0, 0, 0]	30	[0, 0, 0, 0, 0, 0, 0, 0, 0, 0, 0, 0, 0, 0]	0	[0, 0, 0, 0, 0, 0, 0, 0, 0, 0, 0, 0, 0, 0]	0	0	0	[1149724260, 1361338477, 1590773769, 4294967295, 4294967295, 4294967295, 3212836864, 3212836864, 1393980098, 1139939009, 0, 0, 0, 0]	カバーリング		掩护		掩護		커버링	
785216797	Reinforcement		[0, 0, 0, 1306449111]	[0, 0, 0, -100]	[1043858887, 0, 0, 0, 0, 0, 0, 0]	30	[0, 0, 0, 0, 0, 0, 0, 0, 0, 0, 0, 0, 0, 0]	0	[0, 0, 0, 0, 0, 0, 0, 0, 0, 0, 0, 0, 0, 0]	0	0	0	[1149724260, 1361338477, 1590773769, 4294967295, 4294967295, 4294967295, 3212836864, 3212836864, 798827804, 0, 0, 0, 0, 0]	レインフォース		增强		增強		레인포스	
1228879185	Raging Slash		[0, 0, 0, 355072781]	[0, 0, 0, 300]	[1228879185, 0, 0, 0, 0, 0, 0, 0]	25	[0, 0, 0, 0, 0, 0, 0, 0, 0, 0, 0, 0, 0, 0]	0	[0, 0, 0, 0, 0, 0, 0, 0, 0, 0, 0, 0, 0, 0]	0	0	0	[2080571986, 46391605, 1590773769, 4294967295, 4294967295, 4294967295, 3212836864, 3212836864, 0, 0, 0, 0, 0, 0]	レイジスラッシュ		愤怒劈砍		暴怒斬擊		레이지 슬래시	
681860876	Raging Fire		[0, 0, 0, 355072781]	[0, 0, 0, 400]	[681860876, 0, 0, 0, 0, 0, 0, 0]	35	[0, 0, 0, 0, 0, 0, 0, 0, 0, 0, 0, 0, 0, 0]	0	[0, 0, 0, 0, 0, 0, 0, 0, 0, 0, 0, 0, 0, 0]	0	0	0	[2022711381, 732809366, 1590773769, 4294967295, 4294967295, 4294967295, 3212836864, 3212836864, 0, 0, 0, 0, 0, 0]	レイジファイア		愤怒火焰		狂怒火焰		레이지 파이어	
1604546458			[0, 0, 0, 1415384097]	[0, 0, 0, 130]	[1604546458, 0, 0, 0, 0, 0, 0, 0]	30	[0, 0, 0, 0, 0, 0, 0, 0, 0, 0, 0, 0, 0, 0]	0	[0, 0, 0, 0, 0, 0, 0, 0, 0, 0, 0, 0, 0, 0]	0	0	0	[1075070051, 2018134478, 1590773769, 4294967295, 4294967295, 4294967295, 3212836864, 3212836864, 0, 0, 0, 0, 0, 0]								
169984371			[0, 0, 0, 1415384097]	[0, 0, 0, 180]	[169984371, 0, 0, 0, 0, 0, 0, 0]	30	[0, 0, 0, 0, 0, 0, 0, 0, 0, 0, 0, 0, 0, 0]	0	[0, 0, 0, 0, 0, 0, 0, 0, 0, 0, 0, 0, 0, 0]	0	0	0	[104753879, 1545702191, 1590773769, 4294967295, 4294967295, 4294967295, 3212836864, 3212836864, 0, 0, 0, 0, 0, 0]								
1227935326	Shield Slam		[0, 0, 0, 1415384097]	[0, 0, 0, 100]	[1227935326, 0, 0, 0, 0, 0, 0, 0]	30	[0, 0, 0, 0, 0, 0, 0, 0, 0, 0, 0, 0, 0, 0]	0	[0, 0, 0, 0, 0, 0, 0, 0, 0, 0, 0, 0, 0, 0]	0	0	0	[4170026669, 740030389, 1590773769, 4294967295, 4294967295, 4294967295, 3212836864, 3212836864, 0, 0, 0, 0, 0, 0]	シールドスラム		盾牌猛击		盾牌猛擊		실드 슬램	
1043857096	Rampage		[0, 0, 0, 1415384097]	[0, 0, 0, 270]	[1043857096, 0, 0, 0, 0, 0, 0, 0]	50	[0, 0, 0, 0, 0, 0, 0, 0, 0, 0, 0, 0, 0, 0]	0	[0, 0, 0, 0, 0, 0, 0, 0, 0, 0, 0, 0, 0, 0]	0	0	0	[3221875355, 2147251949, 1590773769, 4294967295, 4294967295, 4294967295, 3212836864, 3212836864, 0, 0, 0, 0, 0, 0]	ランページ		暴虐		暴虐		램페이지	
1489064078	Down Thrust		[0, 0, 0, 1415384097]	[0, 0, 0, 220]	[1489064078, 0, 0, 0, 0, 0, 0, 0]	40	[0, 0, 0, 0, 0, 0, 0, 0, 0, 0, 0, 0, 0, 0]	0	[0, 0, 0, 0, 0, 0, 0, 0, 0, 0, 0, 0, 0, 0]	0	0	0	[1987754303, 1948977914, 1590773769, 4294967295, 4294967295, 4294967295, 3212836864, 3212836864, 785853077, 0, 0, 0, 0, 0]	ダウンスラスト		倒地推进		向下衝刺		다운 스러스트	
1121418667	Rapid Fire		[0, 0, 0, 1415384097]	[0, 0, 0, 200]	[1121418667, 0, 0, 0, 0, 0, 0, 0]	35	[0, 0, 0, 0, 0, 0, 0, 0, 0, 0, 0, 0, 0, 0]	0	[0, 0, 0, 0, 0, 0, 0, 0, 0, 0, 0, 0, 0, 0]	0	0	0	[372389760, 1201580325, 1590773769, 4294967295, 4294967295, 4294967295, 3212836864, 3212836864, 1638108618, 0, 0, 0, 0, 0]	乱れ撃ち		乱射		密集亂擊		난격	
902843709	Spinning Cut		[0, 0, 0, 1415384097]	[0, 0, 0, 100]	[902843709, 0, 0, 0, 0, 0, 0, 0]	30	[0, 0, 0, 0, 0, 0, 0, 0, 0, 0, 0, 0, 0, 0]	0	[0, 0, 0, 0, 0, 0, 0, 0, 0, 0, 0, 0, 0, 0]	0	0	0	[783700810, 343484541, 1590773769, 4294967295, 4294967295, 4294967295, 3212836864, 3212836864, 0, 0, 0, 0, 0, 0]	回し切り		回旋斩		滾刀切		회전 절단	
1395057529	Curse Powder		[0, 0, 0, 1415384097]	[0, 0, 0, 180]	[1395057529, 0, 0, 0, 0, 0, 0, 0]	30	[0, 0, 0, 0, 0, 0, 0, 0, 0, 0, 0, 0, 0, 0]	0	[0, 0, 0, 0, 0, 0, 0, 0, 0, 0, 0, 0, 0, 0]	0	0	0	[2563047660, 531518570, 1590773769, 4294967295, 4294967295, 4294967295, 3212836864, 3212836864, 1077013938, 0, 0, 0, 0, 0]	カースパウダー		诅咒粉		詛咒粉末		카스 파우더	
606196719	Rapid Fire		[0, 0, 0, 1415384097]	[0, 0, 0, 100]	[606196719, 0, 0, 0, 0, 0, 0, 0]	30	[0, 0, 0, 0, 0, 0, 0, 0, 0, 0, 0, 0, 0, 0]	0	[0, 0, 0, 0, 0, 0, 0, 0, 0, 0, 0, 0, 0, 0]	0	0	0	[2688640218, 1279907122, 1590773769, 4294967295, 4294967295, 4294967295, 3212836864, 3212836864, 0, 0, 0, 0, 0, 0]	乱れ撃ち		乱射		密集亂擊		난격	
1169865138	Lightning Cut		[0, 0, 0, 355072781]	[0, 0, 0, 400]	[1169865138, 0, 0, 0, 0, 0, 0, 0]	35	[0, 0, 0, 0, 0, 0, 0, 0, 0, 0, 0, 0, 0, 0]	0	[0, 0, 0, 0, 0, 0, 0, 0, 0, 0, 0, 0, 0, 0]	0	0	0	[2765244125, 1697119377, 1590773769, 4294967295, 4294967295, 4294967295, 3212836864, 3212836864, 1638108618, 0, 0, 0, 0, 0]	雷纏切り		附雷斩		雷纏斬擊		번개 베기	
851282212	Rock Cutter		[0, 0, 0, 1415384097]	[0, 0, 0, 270]	[851282212, 0, 0, 0, 0, 0, 0, 0]	50	[0, 0, 0, 0, 0, 0, 0, 0, 0, 0, 0, 0, 0, 0]	0	[0, 0, 0, 0, 0, 0, 0, 0, 0, 0, 0, 0, 0, 0]	0	0	0	[2622890731, 918584777, 1590773769, 4294967295, 4294967295, 4294967295, 3212836864, 3212836864, 0, 0, 0, 0, 0, 0]	ロックカッター		破岩斩		破岩刀		록 커터	
1430512515	Rapid Fire		[0, 0, 0, 1415384097]	[0, 0, 0, 100]	[1430512515, 0, 0, 0, 0, 0, 0, 0]	30	[0, 0, 0, 0, 0, 0, 0, 0, 0, 0, 0, 0, 0, 0]	0	[0, 0, 0, 0, 0, 0, 0, 0, 0, 0, 0, 0, 0, 0]	0	0	0	[704951991, 10945497, 1590773769, 4294967295, 4294967295, 4294967295, 3212836864, 3212836864, 0, 0, 0, 0, 0, 0]	乱れ撃ち		乱射		密集亂擊		난격	
892644414	Octo Punch		[0, 0, 0, 1415384097]	[0, 0, 0, 200]	[892644414, 0, 0, 0, 0, 0, 0, 0]	35	[0, 0, 0, 0, 0, 0, 0, 0, 0, 0, 0, 0, 0, 0]	0	[0, 0, 0, 0, 0, 0, 0, 0, 0, 0, 0, 0, 0, 0]	0	0	0	[3372722830, 1743841279, 1590773769, 4294967295, 4294967295, 4294967295, 3212836864, 3212836864, 0, 0, 0, 0, 0, 0]	たこ殴り		狂殴		圍毆		마구 때리기	
1110678696	Wind Slice		[0, 0, 0, 355072781]	[0, 0, 0, 400]	[1110678696, 0, 0, 0, 0, 0, 0, 0]	35	[0, 0, 0, 0, 0, 0, 0, 0, 0, 0, 0, 0, 0, 0]	0	[0, 0, 0, 0, 0, 0, 0, 0, 0, 0, 0, 0, 0, 0]	0	0	0	[4051947192, 873948839, 1590773769, 4294967295, 4294967295, 4294967295, 3212836864, 3212836864, 0, 0, 0, 0, 0, 0]	ウィンドスライス		风之切斩		風斬		윈드 슬라이스	
616903406	Heal Powder		[0, 0, 0, 826054873]	[0, 0, 0, -100]	[616903406, 0, 0, 0, 0, 0, 0, 0]	30	[0, 0, 0, 0, 0, 0, 0, 0, 0, 0, 0, 0, 0, 0]	0	[0, 0, 0, 0, 0, 0, 0, 0, 0, 0, 0, 0, 0, 0]	0	0	0	[1206951198, 1069554352, 1590773769, 4294967295, 4294967295, 4294967295, 3212836864, 3212836864, 1611688328, 0, 0, 0, 0, 0]	ヒールパウダー		治愈粉		治癒粉末		힐 파우더	
1405223548	Standby		[0, 0, 0, 1306449111]	[0, 0, 0, -100]	[1405223548, 0, 0, 0, 0, 0, 0, 0]	30	[0, 0, 0, 0, 0, 0, 0, 0, 0, 0, 0, 0, 0, 0]	0	[0, 0, 0, 0, 0, 0, 0, 0, 0, 0, 0, 0, 0, 0]	0	0	0	[2138372396, 1814535144, 1590773769, 4294967295, 4294967295, 4294967295, 3212836864, 3212836864, 1503496264, 0, 0, 0, 0, 0]	スタンバイ		准备出击		預備		스탠바이	
844720167	Rapid Fire		[0, 0, 0, 1415384097]	[0, 0, 0, 240]	[844720167, 0, 0, 0, 0, 0, 0, 0]	45	[0, 0, 0, 0, 0, 0, 0, 0, 0, 0, 0, 0, 0, 0]	0	[0, 0, 0, 0, 0, 0, 0, 0, 0, 0, 0, 0, 0, 0]	0	0	0	[2078792493, 1162457675, 1590773769, 4294967295, 4294967295, 4294967295, 3212836864, 3212836864, 143635981, 0, 0, 0, 0, 0]	乱れ撃ち		乱射		密集亂擊		난격	
2024119246	Mineral Metabolism		[0, 0, 0, 1415384097]	[0, 0, 0, 180]	[2024119246, 0, 0, 0, 0, 0, 0, 0]	30	[0, 0, 0, 0, 0, 0, 0, 0, 0, 0, 0, 0, 0, 0]	0	[0, 0, 0, 0, 0, 0, 0, 0, 0, 0, 0, 0, 0, 0]	0	0	0	[2669401386, 1584911585, 1590773769, 4294967295, 4294967295, 4294967295, 3212836864, 3212836864, 1869006741, 0, 0, 0, 0, 0]	鉱石代謝		矿石代谢		礦石代謝		광석대사	
262318940	Vacuum Tornado		[0, 0, 0, 355072781]	[0, 0, 0, 300]	[262318940, 0, 0, 0, 0, 0, 0, 0]	25	[0, 0, 0, 0, 0, 0, 0, 0, 0, 0, 0, 0, 0, 0]	0	[0, 0, 0, 0, 0, 0, 0, 0, 0, 0, 0, 0, 0, 0]	0	0	0	[2812260636, 227562937, 1590773769, 4294967295, 4294967295, 4294967295, 3212836864, 3212836864, 0, 0, 0, 0, 0, 0]	脱気の竜巻		脱气龙卷		脫氣龍捲風		탈기의 회오리바람	
1522252982	Super Wind-Up Punch		[0, 0, 0, 1415384097]	[0, 0, 0, 220]	[1522252982, 0, 0, 0, 0, 0, 0, 0]	40	[0, 0, 0, 0, 0, 0, 0, 0, 0, 0, 0, 0, 0, 0]	0	[0, 0, 0, 0, 0, 0, 0, 0, 0, 0, 0, 0, 0, 0]	0	0	0	[1797398452, 739568496, 1590773769, 4294967295, 4294967295, 4294967295, 3212836864, 3212836864, 465555376, 0, 0, 0, 0, 0]	はつらつぐるぐるパンチ		活力回转拳		活潑迴轉拳		쌩쌩 빙글빙글 펀치	
767331360	Wind-Up Punch		[0, 0, 0, 1415384097]	[0, 0, 0, 200]	[767331360, 0, 0, 0, 0, 0, 0, 0]	35	[0, 0, 0, 0, 0, 0, 0, 0, 0, 0, 0, 0, 0, 0]	0	[0, 0, 0, 0, 0, 0, 0, 0, 0, 0, 0, 0, 0, 0]	0	0	0	[1403419522, 2146658856, 1590773769, 4294967295, 4294967295, 4294967295, 3212836864, 3212836864, 0, 0, 0, 0, 0, 0]	ぐるぐるパンチ		回转拳		迴轉拳		빙글빙글 펀치	
1263149670	Fatal Storm		[0, 0, 0, 355072781]	[0, 0, 0, 360]	[1263149670, 0, 0, 0, 0, 0, 0, 0]	30	[0, 0, 0, 0, 0, 0, 0, 0, 0, 0, 0, 0, 0, 0]	0	[0, 0, 0, 0, 0, 0, 0, 0, 0, 0, 0, 0, 0, 0]	0	0	0	[3855951912, 1948522047, 1590773769, 4294967295, 4294967295, 4294967295, 3212836864, 3212836864, 1964196108, 0, 0, 0, 0, 0]	フェイタルストーム		致命风暴		索命風暴		페이탈 스톰	
250436142	Energy Storm		[0, 0, 0, 355072781]	[0, 0, 0, 360]	[1263149670, 0, 0, 0, 0, 0, 0, 0]	30	[0, 0, 0, 0, 0, 0, 0, 0, 0, 0, 0, 0, 0, 0]	0	[0, 0, 0, 0, 0, 0, 0, 0, 0, 0, 0, 0, 0, 0]	0	0	0	[3855951912, 1948522047, 1590773769, 4294967295, 4294967295, 4294967295, 3212836864, 3212836864, 1586127141, 0, 0, 0, 0, 0]	エナジーストーム		能量暴风		能量風暴		에너지 스톰	
1246406099	Bash		[0, 0, 0, 1415384097]	[0, 0, 0, 180]	[1246406099, 0, 0, 0, 0, 0, 0, 0]	30	[0, 0, 0, 0, 0, 0, 0, 0, 0, 0, 0, 0, 0, 0]	0	[0, 0, 0, 0, 0, 0, 0, 0, 0, 0, 0, 0, 0, 0]	0	0	0	[579879645, 242686086, 1590773769, 4294967295, 4294967295, 4294967295, 3212836864, 3212836864, 0, 0, 0, 0, 0, 0]	強打		强打		強打		강타	
692750894	Fist Thrust		[0, 0, 0, 1415384097]	[0, 0, 0, 220]	[1246406099, 0, 0, 0, 0, 0, 0, 0]	40	[0, 0, 0, 0, 0, 0, 0, 0, 0, 0, 0, 0, 0, 0]	0	[0, 0, 0, 0, 0, 0, 0, 0, 0, 0, 0, 0, 0, 0]	0	0	0	[579879645, 242686086, 1590773769, 4294967295, 4294967295, 4294967295, 3212836864, 3212836864, 0, 0, 0, 0, 0, 0]	拳突き		猛击		拳擊		주먹 찌르기	
1028494661			[0, 0, 0, 1415384097]	[0, 0, 0, 480]	[1028494661, 0, 0, 0, 0, 0, 0, 0]	80	[0, 0, 0, 0, 0, 0, 0, 0, 0, 0, 0, 0, 0, 0]	0	[0, 0, 0, 0, 0, 0, 0, 0, 0, 0, 0, 0, 0, 0]	0	0	0	[437528299, 1569757662, 1590773769, 4294967295, 4294967295, 4294967295, 3212836864, 3212836864, 0, 0, 0, 0, 0, 0]								
1538996993			[0, 0, 0, 1306449111]	[0, 0, 0, 50]	[1538996993, 0, 0, 0, 0, 0, 0, 0]	20	[0, 0, 0, 0, 0, 0, 0, 0, 0, 0, 0, 0, 0, 0]	0	[0, 0, 0, 0, 0, 0, 0, 0, 0, 0, 0, 0, 0, 0]	0	0	0	[2892461391, 1447552457, 1590773769, 4294967295, 4294967295, 4294967295, 3212836864, 3212836864, 0, 0, 0, 0, 0, 0]								
750521239			[0, 0, 0, 355072781]	[0, 0, 0, 330]	[750521239, 0, 0, 0, 0, 0, 0, 0]	50	[0, 0, 0, 0, 0, 0, 0, 0, 0, 0, 0, 0, 0, 0]	0	[0, 0, 0, 0, 0, 0, 0, 0, 0, 0, 0, 0, 0, 0]	0	0	0	[2497909113, 94397585, 1590773769, 4294967295, 4294967295, 4294967295, 3212836864, 3212836864, 0, 0, 0, 0, 0, 0]								
1557593880	Counterattack Standby		[0, 0, 0, 1306449111]	[0, 0, 0, 0]	[1557593880, 0, 0, 0, 0, 0, 0, 0]	0	[0, 0, 0, 0, 0, 0, 0, 0, 0, 0, 0, 0, 0, 0]	0	[0, 0, 0, 0, 0, 0, 0, 0, 0, 0, 0, 0, 0, 0]	0	0	0	[512165100, 1962848381, 1590773769, 4294967295, 4294967295, 4294967295, 3212836864, 3212836864, 798827804, 997370132, 0, 0, 0, 0]	反撃態勢		反击态势		反擊態勢		반격 태세	
768079520	Strength Surge		[0, 0, 0, 1306449111]	[0, 0, 0, 100]	[1557593880, 0, 0, 0, 0, 0, 0, 0]	30	[0, 0, 0, 0, 0, 0, 0, 0, 0, 0, 0, 0, 0, 0]	0	[0, 0, 0, 0, 0, 0, 0, 0, 0, 0, 0, 0, 0, 0]	0	0	0	[512165100, 1962848381, 1590773769, 4294967295, 4294967295, 4294967295, 3212836864, 3212836864, 798827804, 0, 0, 0, 0, 0]	湧力		力量涌现		湧力		용력	
735170446	Overwhelm		[0, 0, 0, 1415384097]	[0, 0, 0, 120]	[735170446, 0, 0, 0, 0, 0, 0, 0]	20	[0, 0, 0, 0, 0, 0, 0, 0, 0, 0, 0, 0, 0, 0]	0	[0, 0, 0, 0, 0, 0, 0, 0, 0, 0, 0, 0, 0, 0]	0	0	0	[637755610, 655962405, 1590773769, 4294967295, 4294967295, 4294967295, 3212836864, 3212836864, 1077013938, 0, 0, 0, 0, 0]	威圧		威慑		威嚇		위압	
467966787	Assault Notice		[0, 0, 0, 1415384097]	[0, 0, 0, 150]	[467966787, 0, 0, 0, 0, 0, 0, 0]	25	[0, 0, 0, 0, 0, 0, 0, 0, 0, 0, 0, 0, 0, 0]	0	[0, 0, 0, 0, 0, 0, 0, 0, 0, 0, 0, 0, 0, 0]	0	0	0	[1992877055, 756097653, 1590773769, 4294967295, 4294967295, 4294967295, 3212836864, 3212836864, 0, 0, 0, 0, 0, 0]	報襲		报袭		報襲		보습	
1826859989	Explosive Fist		[0, 0, 0, 1415384097]	[0, 0, 0, 240]	[1826859989, 0, 0, 0, 0, 0, 0, 0]	45	[0, 0, 0, 0, 0, 0, 0, 0, 0, 0, 0, 0, 0, 0]	0	[0, 0, 0, 0, 0, 0, 0, 0, 0, 0, 0, 0, 0, 0]	0	0	0	[1313638345, 2130092845, 1590773769, 4294967295, 4294967295, 4294967295, 3212836864, 3212836864, 0, 0, 0, 0, 0, 0]	爆炎拳		爆炎拳		爆炎拳		폭염권	
2097311431	Golden Fist		[0, 0, 0, 1415384097]	[0, 0, 0, 240]	[2097311431, 0, 0, 0, 0, 0, 0, 0]	45	[0, 0, 0, 0, 0, 0, 0, 0, 0, 0, 0, 0, 0, 0]	0	[0, 0, 0, 0, 0, 0, 0, 0, 0, 0, 0, 0, 0, 0]	0	0	0	[649015421, 858679700, 1590773769, 4294967295, 4294967295, 4294967295, 3212836864, 3212836864, 0, 0, 0, 0, 0, 0]	黄金拳		黄金拳		黃金拳		황금권	
168123985	Adamantine Blow		[0, 0, 0, 355072781]	[0, 0, 0, 400]	[168123985, 0, 0, 0, 0, 0, 0, 0]	35	[0, 0, 0, 0, 0, 0, 0, 0, 0, 0, 0, 0, 0, 0]	0	[0, 0, 0, 0, 0, 0, 0, 0, 0, 0, 0, 0, 0, 0]	0	0	0	[506156107, 1623845068, 1590773769, 4294967295, 4294967295, 4294967295, 3212836864, 3212836864, 0, 0, 0, 0, 0, 0]	金剛振		金刚振		金剛揮		금강진	
392094120			[0, 0, 0, 1415384097]	[0, 0, 0, 280]	[392094120, 0, 0, 0, 0, 0, 0, 0]	35	[0, 0, 0, 0, 0, 0, 0, 0, 0, 0, 0, 0, 0, 0]	0	[0, 0, 0, 0, 0, 0, 0, 0, 0, 0, 0, 0, 0, 0]	0	0	0	[81464434, 2065785068, 1590773769, 4294967295, 4294967295, 4294967295, 3212836864, 3212836864, 0, 0, 0, 0, 0, 0]								
1616499006			[0, 0, 0, 1415384097]	[0, 0, 0, 330]	[1616499006, 0, 0, 0, 0, 0, 0, 0]	50	[0, 0, 0, 0, 0, 0, 0, 0, 0, 0, 0, 0, 0, 0]	0	[0, 0, 0, 0, 0, 0, 0, 0, 0, 0, 0, 0, 0, 0]	0	0	0	[1012885572, 684122548, 1590773769, 4294967295, 4294967295, 4294967295, 3212836864, 3212836864, 0, 0, 0, 0, 0, 0]								
112164732	Blow		[0, 0, 0, 355072781]	[0, 0, 0, 360]	[112164732, 0, 0, 0, 0, 0, 0, 0]	30	[0, 0, 0, 0, 0, 0, 0, 0, 0, 0, 0, 0, 0, 0]	0	[0, 0, 0, 0, 0, 0, 0, 0, 0, 0, 0, 0, 0, 0]	0	0	0	[2318154722, 588357027, 1590773769, 4294967295, 4294967295, 4294967295, 3212836864, 3212836864, 143635981, 0, 0, 0, 0, 0]	打振		挥舞		揮打		타진	
814348963	Strong Blow		[0, 0, 0, 355072781]	[0, 0, 0, 100]	[112164732, 0, 0, 0, 0, 0, 0, 0]	30	[0, 0, 0, 0, 0, 0, 0, 0, 0, 0, 0, 0, 0, 0]	0	[0, 0, 0, 0, 0, 0, 0, 0, 0, 0, 0, 0, 0, 0]	0	0	0	[2318154722, 588357027, 1590773769, 4294967295, 4294967295, 4294967295, 3212836864, 3212836864, 0, 0, 0, 0, 0, 0]	強振		强打		強揮		강진	
1906855918	Inferno Surge		[0, 0, 0, 355072781]	[0, 0, 0, 360]	[1906855918, 0, 0, 0, 0, 0, 0, 0]	30	[0, 0, 0, 0, 0, 0, 0, 0, 0, 0, 0, 0, 0, 0]	0	[0, 0, 0, 0, 0, 0, 0, 0, 0, 0, 0, 0, 0, 0]	0	0	0	[2997379032, 1895177467, 1590773769, 4294967295, 4294967295, 4294967295, 3212836864, 3212836864, 59344382, 0, 0, 0, 0, 0]	業炎湧昇		业火涌升		業火湧升		업염용승	
1731466535	Defensive Stance		[0, 0, 0, 1306449111]	[0, 0, 0, -100]	[1731466535, 0, 0, 0, 0, 0, 0, 0]	30	[0, 0, 0, 0, 0, 0, 0, 0, 0, 0, 0, 0, 0, 0]	0	[0, 0, 0, 0, 0, 0, 0, 0, 0, 0, 0, 0, 0, 0]	0	0	0	[2394888679, 176141312, 1590773769, 4294967295, 4294967295, 4294967295, 3212836864, 3212836864, 115401354, 0, 0, 0, 0, 0]	守備体勢		防守架势		守備姿態		수비 태세	
450895294	Elevated Strikes		[0, 0, 0, 1415384097]	[0, 0, 0, 270]	[450895294, 0, 0, 0, 0, 0, 0, 0]	50	[0, 0, 0, 0, 0, 0, 0, 0, 0, 0, 0, 0, 0, 0]	0	[0, 0, 0, 0, 0, 0, 0, 0, 0, 0, 0, 0, 0, 0]	0	0	0	[2982363553, 1342894207, 1590773769, 4294967295, 4294967295, 4294967295, 3212836864, 3212836864, 1220652532, 596244820, 130514240, 0, 0, 0]	高揚連撃		振奋连击		振奮連擊		고양 연격	
1843866920	Beckon Bad Luck		[0, 0, 0, 355072781]	[0, 0, 0, 360]	[1843866920, 0, 0, 0, 0, 0, 0, 0]	30	[0, 0, 0, 0, 0, 0, 0, 0, 0, 0, 0, 0, 0, 0]	0	[0, 0, 0, 0, 0, 0, 0, 0, 0, 0, 0, 0, 0, 0]	0	0	0	[2303141271, 65892647, 1590773769, 4294967295, 4294967295, 4294967295, 3212836864, 3212836864, 466241199, 0, 0, 0, 0, 0]	不幸を招く		招来不幸		召喚不幸		불행 초래	
1295201403	Erratic Thrust		[0, 0, 0, 1415384097]	[0, 0, 0, 180]	[1295201403, 0, 0, 0, 0, 0, 0, 0]	30	[0, 0, 0, 0, 0, 0, 0, 0, 0, 0, 0, 0, 0, 0]	0	[0, 0, 0, 0, 0, 0, 0, 0, 0, 0, 0, 0, 0, 0]	0	0	0	[2660745955, 1575558911, 1590773769, 4294967295, 4294967295, 4294967295, 3212836864, 3212836864, 0, 0, 0, 0, 0, 0]	みだれづき		乱戳		亂戳		마구 찌르기	
976487661	Jump Attack		[0, 0, 0, 1415384097]	[0, 0, 0, 220]	[976487661, 0, 0, 0, 0, 0, 0, 0]	40	[0, 0, 0, 0, 0, 0, 0, 0, 0, 0, 0, 0, 0, 0]	0	[0, 0, 0, 0, 0, 0, 0, 0, 0, 0, 0, 0, 0, 0]	0	0	0	[2786305749, 235839399, 1590773769, 4294967295, 4294967295, 4294967295, 3212836864, 3212836864, 0, 0, 0, 0, 0, 0]	とびつき		飞扑		飛撲		달려들기	
1556261545	Thunder Rain		[0, 0, 0, 355072781]	[0, 0, 0, 400]	[1556261545, 0, 0, 0, 0, 0, 0, 0]	35	[0, 0, 0, 0, 0, 0, 0, 0, 0, 0, 0, 0, 0, 0]	0	[0, 0, 0, 0, 0, 0, 0, 0, 0, 0, 0, 0, 0, 0]	0	0	0	[274789745, 98165680, 1590773769, 4294967295, 4294967295, 4294967295, 3212836864, 3212836864, 0, 0, 0, 0, 0, 0]	サンダーレイン		雷雨		雷雨		선더 레인	
734370367	Exhaustion Smoke		[0, 0, 0, 1415384097]	[0, 0, 0, 100]	[734370367, 0, 0, 0, 0, 0, 0, 0]	30	[0, 0, 0, 0, 0, 0, 0, 0, 0, 0, 0, 0, 0, 0]	0	[0, 0, 0, 0, 0, 0, 0, 0, 0, 0, 0, 0, 0, 0]	0	0	0	[686068039, 1446929128, 1590773769, 4294967295, 4294967295, 4294967295, 3212836864, 3212836864, 0, 0, 0, 0, 0, 0]	脱力のけむり		无力烟雾		無力之煙		탈력의 연기	
940267289	Erratic Thrust		[0, 0, 0, 1415384097]	[0, 0, 0, 100]	[940267289, 0, 0, 0, 0, 0, 0, 0]	30	[0, 0, 0, 0, 0, 0, 0, 0, 0, 0, 0, 0, 0, 0]	0	[0, 0, 0, 0, 0, 0, 0, 0, 0, 0, 0, 0, 0, 0]	0	0	0	[2377958485, 948526332, 1590773769, 4294967295, 4294967295, 4294967295, 3212836864, 3212836864, 0, 0, 0, 0, 0, 0]	みだれづき		乱戳		亂戳		마구 찌르기	
704301515	Thunder Kick		[0, 0, 0, 1415384097]	[0, 0, 0, 100]	[704301515, 0, 0, 0, 0, 0, 0, 0]	30	[0, 0, 0, 0, 0, 0, 0, 0, 0, 0, 0, 0, 0, 0]	0	[0, 0, 0, 0, 0, 0, 0, 0, 0, 0, 0, 0, 0, 0]	0	0	0	[55309255, 1622778291, 1590773769, 4294967295, 4294967295, 4294967295, 3212836864, 3212836864, 0, 0, 0, 0, 0, 0]	いかづちげり		雷霆飞踢		雷神踢		벼락 차기	
1593702749	Thunder Rain		[0, 0, 0, 1415384097]	[0, 0, 0, 100]	[1593702749, 0, 0, 0, 0, 0, 0, 0]	30	[0, 0, 0, 0, 0, 0, 0, 0, 0, 0, 0, 0, 0, 0]	0	[0, 0, 0, 0, 0, 0, 0, 0, 0, 0, 0, 0, 0, 0]	0	0	0	[1003460593, 861806827, 1590773769, 4294967295, 4294967295, 4294967295, 3212836864, 3212836864, 0, 0, 0, 0, 0, 0]	サンダーレイン		雷雨		雷雨		선더 레인	
1223547962	Lightning Stab		[0, 0, 0, 1415384097]	[0, 0, 0, 100]	[1223547962, 0, 0, 0, 0, 0, 0, 0]	30	[0, 0, 0, 0, 0, 0, 0, 0, 0, 0, 0, 0, 0, 0]	0	[0, 0, 0, 0, 0, 0, 0, 0, 0, 0, 0, 0, 0, 0]	0	0	0	[3289246217, 1988270433, 1590773769, 4294967295, 4294967295, 4294967295, 3212836864, 3212836864, 0, 0, 0, 0, 0, 0]	かみなりづき		雷鸣突刺		雷衝		우레 찌르기	
1072360620	Lightning Kick		[0, 0, 0, 1415384097]	[0, 0, 0, 270]	[1072360620, 0, 0, 0, 0, 0, 0, 0]	50	[0, 0, 0, 0, 0, 0, 0, 0, 0, 0, 0, 0, 0, 0]	0	[0, 0, 0, 0, 0, 0, 0, 0, 0, 0, 0, 0, 0, 0]	0	0	0	[4236873279, 627382329, 1590773769, 4294967295, 4294967295, 4294967295, 3212836864, 3212836864, 0, 0, 0, 0, 0, 0]	かみなり蹴り		雷鸣飞踢		雷蹴		우레 차기	
1495024362	Relax		[0, 0, 0, 1306449111]	[0, 0, 0, -100]	[1495024362, 0, 0, 0, 0, 0, 0, 0]	30	[0, 0, 0, 0, 0, 0, 0, 0, 0, 0, 0, 0, 0, 0]	0	[0, 0, 0, 0, 0, 0, 0, 0, 0, 0, 0, 0, 0, 0]	0	0	0	[1257954715, 783442990, 1590773769, 4294967295, 4294967295, 4294967295, 3212836864, 3212836864, 465555376, 1849776223, 0, 0, 0, 0]	リラックス		放松		放鬆		릴랙스	
773550720	Black Thunder Rain		[0, 0, 0, 355072781]	[0, 0, 0, 450]	[773550720, 0, 0, 0, 0, 0, 0, 0]	40	[0, 0, 0, 0, 0, 0, 0, 0, 0, 0, 0, 0, 0, 0]	0	[0, 0, 0, 0, 0, 0, 0, 0, 0, 0, 0, 0, 0, 0]	0	0	0	[1920907693, 2102781302, 1590773769, 4294967295, 4294967295, 4294967295, 3212836864, 3212836864, 1010210036, 0, 0, 0, 0, 0]	ブラックサンダーレイン		漆黑雷雨		闇黑雷雨		블랙 선더 레인	
1862806117	Full Spark Charge		[0, 0, 0, 1415384097]	[0, 0, 0, 100]	[1862806117, 0, 0, 0, 0, 0, 0, 0]	30	[0, 0, 0, 0, 0, 0, 0, 0, 0, 0, 0, 0, 0, 0]	0	[0, 0, 0, 0, 0, 0, 0, 0, 0, 0, 0, 0, 0, 0]	0	0	0	[2908415630, 429177770, 1590773769, 4294967295, 4294967295, 4294967295, 3212836864, 3212836864, 0, 0, 0, 0, 0, 0]	フルスパークチャージ		全力火花蓄力		火花蓄力全開		풀 스파크 차지	
1460390019	Rock Call		[0, 0, 0, 355072781]	[0, 0, 0, 360]	[1460390019, 0, 0, 0, 0, 0, 0, 0]	30	[0, 0, 0, 0, 0, 0, 0, 0, 0, 0, 0, 0, 0, 0]	0	[0, 0, 0, 0, 0, 0, 0, 0, 0, 0, 0, 0, 0, 0]	0	0	0	[1512325674, 465145224, 1590773769, 4294967295, 4294967295, 4294967295, 3212836864, 3212836864, 0, 0, 0, 0, 0, 0]	ロックスコール		巨石风暴		岩石風暴		록 스콜	
537720853	Headbutt		[0, 0, 0, 1415384097]	[0, 0, 0, 200]	[537720853, 0, 0, 0, 0, 0, 0, 0]	35	[0, 0, 0, 0, 0, 0, 0, 0, 0, 0, 0, 0, 0, 0]	0	[0, 0, 0, 0, 0, 0, 0, 0, 0, 0, 0, 0, 0, 0]	0	0	0	[1654662684, 1214123216, 1590773769, 4294967295, 4294967295, 4294967295, 3212836864, 3212836864, 890473757, 0, 0, 0, 0, 0]	ヘッドバット		头槌		頭槌		헤드 배드	
1190811217	Storm Rain		[0, 0, 0, 1415384097]	[0, 0, 0, 270]	[1190811217, 0, 0, 0, 0, 0, 0, 0]	50	[0, 0, 0, 0, 0, 0, 0, 0, 0, 0, 0, 0, 0, 0]	0	[0, 0, 0, 0, 0, 0, 0, 0, 0, 0, 0, 0, 0, 0]	0	0	0	[3570628026, 1133080775, 1590773769, 4294967295, 4294967295, 4294967295, 3212836864, 3212836864, 1564507071, 0, 0, 0, 0, 0]	ストーンレイン		飞石雨		石雨		스톤 레인	
838690503	Ice Peck		[0, 0, 0, 1415384097]	[0, 0, 0, 220]	[838690503, 0, 0, 0, 0, 0, 0, 0]	40	[0, 0, 0, 0, 0, 0, 0, 0, 0, 0, 0, 0, 0, 0]	0	[0, 0, 0, 0, 0, 0, 0, 0, 0, 0, 0, 0, 0, 0]	0	0	0	[3965129104, 275706271, 1590773769, 4294967295, 4294967295, 4294967295, 3212836864, 3212836864, 1245054362, 890473757, 0, 0, 0, 0]	氷のついばみ		冰之啄		冰啄		얼음 쪼기	
1348865180	Ice Rain		[0, 0, 0, 355072781]	[0, 0, 0, 400]	[1348865180, 0, 0, 0, 0, 0, 0, 0]	35	[0, 0, 0, 0, 0, 0, 0, 0, 0, 0, 0, 0, 0, 0]	0	[0, 0, 0, 0, 0, 0, 0, 0, 0, 0, 0, 0, 0, 0]	0	0	0	[3905172361, 956356668, 1590773769, 4294967295, 4294967295, 4294967295, 3212836864, 3212836864, 0, 0, 0, 0, 0, 0]	アイスレイン		冰雨		冰雨		아이스레인	
660683790	Meditation		[0, 0, 0, 1306449111]	[0, 0, 0, -100]	[660683790, 0, 0, 0, 0, 0, 0, 0]	30	[0, 0, 0, 0, 0, 0, 0, 0, 0, 0, 0, 0, 0, 0]	0	[0, 0, 0, 0, 0, 0, 0, 0, 0, 0, 0, 0, 0, 0]	0	0	0	[3493877695, 1793546596, 1590773769, 4294967295, 4294967295, 4294967295, 3212836864, 3212836864, 84479231, 1849776223, 1242553419, 0, 0, 0]	瞑想		冥想		冥想		명상	
1971886448	Stomp		[0, 0, 0, 1415384097]	[0, 0, 0, 220]	[1971886448, 0, 0, 0, 0, 0, 0, 0]	40	[0, 0, 0, 0, 0, 0, 0, 0, 0, 0, 0, 0, 0, 0]	0	[0, 0, 0, 0, 0, 0, 0, 0, 0, 0, 0, 0, 0, 0]	0	0	0	[3192234321, 485467781, 1590773769, 4294967295, 4294967295, 4294967295, 3212836864, 3212836864, 776619146, 1156259471, 0, 0, 0, 0]	踏みつけ		踩踏		踩踏		짓밟기	
42969574	Breath of Sleep		[0, 0, 0, 1415384097]	[0, 0, 0, 180]	[42969574, 0, 0, 0, 0, 0, 0, 0]	30	[0, 0, 0, 0, 0, 0, 0, 0, 0, 0, 0, 0, 0, 0]	0	[0, 0, 0, 0, 0, 0, 0, 0, 0, 0, 0, 0, 0, 0]	0	0	0	[2260845927, 1325934557, 1590773769, 4294967295, 4294967295, 4294967295, 3212836864, 3212836864, 463816691, 0, 0, 0, 0, 0]	眠りの息吹		睡眠气息		睡眠氣息		수마의 숨결	
1685653412	Disinfectant Spray		[0, 0, 0, 355072781]	[0, 0, 0, 450]	[1685653412, 0, 0, 0, 0, 0, 0, 0]	40	[0, 0, 0, 0, 0, 0, 0, 0, 0, 0, 0, 0, 0, 0]	0	[0, 0, 0, 0, 0, 0, 0, 0, 0, 0, 0, 0, 0, 0]	0	0	0	[817010371, 1155488714, 1590773769, 4294967295, 4294967295, 4294967295, 3212836864, 3212836864, 1539326132, 0, 0, 0, 0, 0]	劇物散布		危险物质喷洒		危險物質噴灑		극약 살포	
327038774	Pseudo Wing Spread		[0, 0, 0, 1306449111]	[0, 0, 0, -100]	[327038774, 0, 0, 0, 0, 0, 0, 0]	30	[0, 0, 0, 0, 0, 0, 0, 0, 0, 0, 0, 0, 0, 0]	0	[0, 0, 0, 0, 0, 0, 0, 0, 0, 0, 0, 0, 0, 0]	0	0	0	[137818869, 389601938, 1590773769, 4294967295, 4294967295, 4294967295, 3212836864, 3212836864, 115401354, 581854878, 0, 0, 0, 0]	疑似展翅		模拟展翅		模擬展翼		유사 전시	
1927634281			[0, 0, 0, 1415384097]	[0, 0, 0, 350]	[1927634281, 0, 0, 0, 0, 0, 0, 0]	100	[0, 0, 0, 0, 0, 0, 0, 0, 0, 0, 0, 0, 0, 0]	0	[0, 0, 0, 0, 0, 0, 0, 0, 0, 0, 0, 0, 0, 0]	0	0	0	[212193524, 1045885745, 1590773769, 4294967295, 4294967295, 4294967295, 3212836864, 3212836864, 0, 0, 0, 0, 0, 0]								
1662305211	Divine Quake		[0, 0, 0, 355072781]	[0, 0, 0, 100]	[1662305211, 0, 0, 0, 0, 0, 0, 0]	30	[0, 0, 0, 0, 0, 0, 0, 0, 0, 0, 0, 0, 0, 0]	0	[0, 0, 0, 0, 0, 0, 0, 0, 0, 0, 0, 0, 0, 0]	0	0	0	[2186471264, 1717964414, 1590773769, 4294967295, 4294967295, 4294967295, 3212836864, 3212836864, 0, 0, 0, 0, 0, 0]	震天動地		惊天动地		驚天動地		진천동지	
336851757	Freezing Wave		[0, 0, 0, 355072781]	[0, 0, 0, 360]	[336851757, 0, 0, 0, 0, 0, 0, 0]	30	[0, 0, 0, 0, 0, 0, 0, 0, 0, 0, 0, 0, 0, 0]	0	[0, 0, 0, 0, 0, 0, 0, 0, 0, 0, 0, 0, 0, 0]	0	0	0	[3134620502, 897683238, 1590773769, 4294967295, 4294967295, 4294967295, 3212836864, 3212836864, 781729750, 0, 0, 0, 0, 0]	極寒波		极寒波		極寒波		극한파	
206840276	Frozen Rain		[0, 0, 0, 355072781]	[0, 0, 0, 400]	[206840276, 0, 0, 0, 0, 0, 0, 0]	35	[0, 0, 0, 0, 0, 0, 0, 0, 0, 0, 0, 0, 0, 0]	0	[0, 0, 0, 0, 0, 0, 0, 0, 0, 0, 0, 0, 0, 0]	0	0	0	[3018901336, 1734204512, 1590773769, 4294967295, 4294967295, 4294967295, 3212836864, 3212836864, 0, 0, 0, 0, 0, 0]	氷雨		冰雨		冰雨		빙우	
1821616177	Red Explosion		[0, 0, 0, 355072781]	[0, 0, 0, 100]	[1821616177, 0, 0, 0, 0, 0, 0, 0]	30	[0, 0, 0, 0, 0, 0, 0, 0, 0, 0, 0, 0, 0, 0]	0	[0, 0, 0, 0, 0, 0, 0, 0, 0, 0, 0, 0, 0, 0]	0	0	0	[1122464134, 356800415, 1590773769, 4294967295, 4294967295, 4294967295, 3212836864, 3212836864, 1156259471, 776619146, 0, 0, 0, 0]	赤爆播		红爆播		赤爆播		적폭파	
1204045178	Transform Self		[0, 0, 0, 1306449111]	[0, 0, 0, 100]	[1204045178, 0, 0, 0, 0, 0, 0, 0]	30	[0, 0, 0, 0, 0, 0, 0, 0, 0, 0, 0, 0, 0, 0]	0	[0, 0, 0, 0, 0, 0, 0, 0, 0, 0, 0, 0, 0, 0]	0	0	0	[2774552678, 745587396, 1590773769, 4294967295, 4294967295, 4294967295, 3212836864, 3212836864, 1839773226, 0, 0, 0, 0, 0]	自己変化		自我变化		自我變化		자기변화	
593110854			[0, 0, 0, 1415384097]	[0, 0, 0, 180]	[593110854, 0, 0, 0, 0, 0, 0, 0]	30	[0, 0, 0, 0, 0, 0, 0, 0, 0, 0, 0, 0, 0, 0]	0	[0, 0, 0, 0, 0, 0, 0, 0, 0, 0, 0, 0, 0, 0]	0	0	0	[1679099531, 254576391, 1590773769, 4294967295, 4294967295, 4294967295, 3212836864, 3212836864, 0, 0, 0, 0, 0, 0]								
1415387088			[0, 0, 0, 1415384097]	[0, 0, 0, 300]	[1415387088, 0, 0, 0, 0, 0, 0, 0]	50	[0, 0, 0, 0, 0, 0, 0, 0, 0, 0, 0, 0, 0, 0]	0	[0, 0, 0, 0, 0, 0, 0, 0, 0, 0, 0, 0, 0, 0]	0	0	0	[1553031869, 1556809311, 1590773769, 4294967295, 4294967295, 4294967295, 3212836864, 3212836864, 0, 0, 0, 0, 0, 0]								
850114966			[0, 0, 0, 1415384097]	[0, 0, 0, 100]	[850114966, 0, 0, 0, 0, 0, 0, 0]	20	[0, 0, 0, 0, 0, 0, 0, 0, 0, 0, 0, 0, 0, 0]	0	[0, 0, 0, 0, 0, 0, 0, 0, 0, 0, 0, 0, 0, 0]	0	0	0	[3940692249, 1461484104, 1590773769, 4294967295, 4294967295, 4294967295, 3212836864, 3212836864, 0, 0, 0, 0, 0, 0]								
1724197650	Ice Throw		[0, 0, 0, 1415384097]	[0, 0, 0, 180]	[1724197650, 0, 0, 0, 0, 0, 0, 0]	30	[0, 0, 0, 0, 0, 0, 0, 0, 0, 0, 0, 0, 0, 0]	0	[0, 0, 0, 0, 0, 0, 0, 0, 0, 0, 0, 0, 0, 0]	0	0	0	[1649893197, 43690876, 1590773769, 4294967295, 4294967295, 4294967295, 3212836864, 3212836864, 0, 0, 0, 0, 0, 0]	氷投げ		投掷冰		擲冰		얼음 던지기	
297933700	Freeze It All		[0, 0, 0, 1415384097]	[0, 0, 0, 220]	[297933700, 0, 0, 0, 0, 0, 0, 0]	40	[0, 0, 0, 0, 0, 0, 0, 0, 0, 0, 0, 0, 0, 0]	0	[0, 0, 0, 0, 0, 0, 0, 0, 0, 0, 0, 0, 0, 0]	0	0	0	[1523792763, 1367157284, 1590773769, 4294967295, 4294967295, 4294967295, 3212836864, 3212836864, 0, 0, 0, 0, 0, 0]	氷まみれ		冰之覆盖		渾身冰凌		얼음 세례	
1999943106	Life Alms		[0, 0, 0, 826054873]	[0, 0, 0, -100]	[1999943106, 0, 0, 0, 0, 0, 0, 0]	30	[0, 0, 0, 0, 0, 0, 0, 0, 0, 0, 0, 0, 0, 0]	0	[0, 0, 0, 0, 0, 0, 0, 0, 0, 0, 0, 0, 0, 0]	0	0	0	[3969935583, 1521112627, 1590773769, 4294967295, 4294967295, 4294967295, 3212836864, 3212836864, 0, 0, 0, 0, 0, 0]	命のほどこし		生命给予		施予生命		생명 시혜	
640833262	Fire Throw		[0, 0, 0, 1415384097]	[0, 0, 0, 200]	[640833262, 0, 0, 0, 0, 0, 0, 0]	35	[0, 0, 0, 0, 0, 0, 0, 0, 0, 0, 0, 0, 0, 0]	0	[0, 0, 0, 0, 0, 0, 0, 0, 0, 0, 0, 0, 0, 0]	0	0	0	[1187810325, 9649509, 1590773769, 4294967295, 4294967295, 4294967295, 3212836864, 3212836864, 0, 0, 0, 0, 0, 0]	火投げ		投掷火		投擲火焰		불 던지기	
1362454140	Burn It All		[0, 0, 0, 1415384097]	[0, 0, 0, 240]	[1362454140, 0, 0, 0, 0, 0, 0, 0]	45	[0, 0, 0, 0, 0, 0, 0, 0, 0, 0, 0, 0, 0, 0]	0	[0, 0, 0, 0, 0, 0, 0, 0, 0, 0, 0, 0, 0, 0]	0	0	0	[2118707235, 1400159293, 1590773769, 4294967295, 4294967295, 4294967295, 3212836864, 3212836864, 0, 0, 0, 0, 0, 0]	火まみれ		火之覆盖		渾身起火		불 세례	
935577662	Power Seize		[0, 0, 0, 1415384097]	[0, 0, 0, 120]	[935577662, 0, 0, 0, 0, 0, 0, 0]	20	[0, 0, 0, 0, 0, 0, 0, 0, 0, 0, 0, 0, 0, 0]	0	[0, 0, 0, 0, 0, 0, 0, 0, 0, 0, 0, 0, 0, 0]	0	0	0	[3359357831, 1487126570, 1590773769, 4294967295, 4294967295, 4294967295, 3212836864, 3212836864, 776619146, 0, 0, 0, 0, 0]	力のさしおさえ		扣押力量		抑制力量		힘의 압류	
1086650536	Fire Blast		[0, 0, 0, 1415384097]	[0, 0, 0, 100]	[1086650536, 0, 0, 0, 0, 0, 0, 0]	30	[0, 0, 0, 0, 0, 0, 0, 0, 0, 0, 0, 0, 0, 0]	0	[0, 0, 0, 0, 0, 0, 0, 0, 0, 0, 0, 0, 0, 0]	0	0	0	[4039106481, 189022578, 1590773769, 4294967295, 4294967295, 4294967295, 3212836864, 3212836864, 0, 0, 0, 0, 0, 0]	火とばし		发射火		飛焰		불 날리기	
788710199	Wind Throw		[0, 0, 0, 1415384097]	[0, 0, 0, 200]	[788710199, 0, 0, 0, 0, 0, 0, 0]	35	[0, 0, 0, 0, 0, 0, 0, 0, 0, 0, 0, 0, 0, 0]	0	[0, 0, 0, 0, 0, 0, 0, 0, 0, 0, 0, 0, 0, 0]	0	0	0	[657174355, 951456634, 1590773769, 4294967295, 4294967295, 4294967295, 3212836864, 3212836864, 0, 0, 0, 0, 0, 0]	風投げ		投掷风		擲風		바람 던지기	
1476785057	Life Alms		[0, 0, 0, 1883795445]	[0, 0, 0, -80]	[1476785057, 0, 0, 0, 0, 0, 0, 0]	50	[0, 0, 0, 0, 0, 0, 0, 0, 0, 0, 0, 0, 0, 0]	0	[0, 0, 0, 0, 0, 0, 0, 0, 0, 0, 0, 0, 0, 0]	0	0	0	[531614565, 1800507938, 1590773769, 4294967295, 4294967295, 4294967295, 3212836864, 3212836864, 0, 0, 0, 0, 0, 0]	命のほどこし		生命给予		施予生命		생명 시혜	
1056136677	Toss Up		[0, 0, 0, 1415384097]	[0, 0, 0, 240]	[1056136677, 0, 0, 0, 0, 0, 0, 0]	45	[0, 0, 0, 0, 0, 0, 0, 0, 0, 0, 0, 0, 0, 0]	0	[0, 0, 0, 0, 0, 0, 0, 0, 0, 0, 0, 0, 0, 0]	0	0	0	[2849806529, 1619455541, 1590773769, 4294967295, 4294967295, 4294967295, 3212836864, 3212836864, 0, 0, 0, 0, 0, 0]	まきあげる		卷起		捲起		감아올리기	
218587265	Lightning Throw		[0, 0, 0, 1415384097]	[0, 0, 0, 200]	[218587265, 0, 0, 0, 0, 0, 0, 0]	35	[0, 0, 0, 0, 0, 0, 0, 0, 0, 0, 0, 0, 0, 0]	0	[0, 0, 0, 0, 0, 0, 0, 0, 0, 0, 0, 0, 0, 0]	0	0	0	[659118726, 1040711501, 1590773769, 4294967295, 4294967295, 4294967295, 3212836864, 3212836864, 0, 0, 0, 0, 0, 0]	雷投げ		投掷雷		擲雷		번개 던지기	
2046840855	Zap It All		[0, 0, 0, 1415384097]	[0, 0, 0, 240]	[2046840855, 0, 0, 0, 0, 0, 0, 0]	45	[0, 0, 0, 0, 0, 0, 0, 0, 0, 0, 0, 0, 0, 0]	0	[0, 0, 0, 0, 0, 0, 0, 0, 0, 0, 0, 0, 0, 0]	0	0	0	[533544624, 1843428885, 1590773769, 4294967295, 4294967295, 4294967295, 3212836864, 3212836864, 0, 0, 0, 0, 0, 0]	雷まみれ		雷之覆盖		渾身雷霆		번개 세례	
485949011	Guard Sharing		[0, 0, 0, 826054873]	[0, 0, 0, -100]	[485949011, 0, 0, 0, 0, 0, 0, 0]	30	[0, 0, 0, 0, 0, 0, 0, 0, 0, 0, 0, 0, 0, 0]	0	[0, 0, 0, 0, 0, 0, 0, 0, 0, 0, 0, 0, 0, 0]	0	0	0	[2847829270, 1714881026, 1590773769, 4294967295, 4294967295, 4294967295, 3212836864, 3212836864, 364001846, 0, 0, 0, 0, 0]	守りのおすそわけ		守护分配		分享守護		수호 공유	
1811009221	Self Throw		[0, 0, 0, 1415384097]	[0, 0, 0, 270]	[1811009221, 0, 0, 0, 0, 0, 0, 0]	50	[0, 0, 0, 0, 0, 0, 0, 0, 0, 0, 0, 0, 0, 0]	0	[0, 0, 0, 0, 0, 0, 0, 0, 0, 0, 0, 0, 0, 0]	0	0	0	[2436499748, 902857562, 1590773769, 4294967295, 4294967295, 4294967295, 3212836864, 3212836864, 1151072045, 0, 0, 0, 0, 0]	自分投げ		投掷自己		投擲自己		자기 몸 던지기	
638211233	Dangerous Bite		[0, 0, 0, 1415384097]	[0, 0, 0, 150]	[638211233, 0, 0, 0, 0, 0, 0, 0]	25	[0, 0, 0, 0, 0, 0, 0, 0, 0, 0, 0, 0, 0, 0]	0	[0, 0, 0, 0, 0, 0, 0, 0, 0, 0, 0, 0, 0, 0]	0	0	0	[4011831882, 305782716, 1590773769, 4294967295, 4294967295, 4294967295, 3212836864, 3212836864, 0, 0, 0, 0, 0, 0]	危険な噛みつき		危险啃咬		危險的啃咬		위험한 물어뜯기	
1359832119	Sonic Voice		[0, 0, 0, 1415384097]	[0, 0, 0, 200]	[1359832119, 0, 0, 0, 0, 0, 0, 0]	35	[0, 0, 0, 0, 0, 0, 0, 0, 0, 0, 0, 0, 0, 0]	0	[0, 0, 0, 0, 0, 0, 0, 0, 0, 0, 0, 0, 0, 0]	0	0	0	[3617314428, 1105092324, 1590773769, 4294967295, 4294967295, 4294967295, 3212836864, 3212836864, 1010210036, 0, 0, 0, 0, 0]	ソニックボイス		音速之声		音速之聲		소닉 보이스	
939248243			[0, 0, 0, 1415384097]	[0, 0, 0, 300]	[939248243, 0, 0, 0, 0, 0, 0, 0]	50	[0, 0, 0, 0, 0, 0, 0, 0, 0, 0, 0, 0, 0, 0]	0	[0, 0, 0, 0, 0, 0, 0, 0, 0, 0, 0, 0, 0, 0]	0	0	0	[1642628570, 1242112755, 1590773769, 4294967295, 4294967295, 4294967295, 3212836864, 3212836864, 0, 0, 0, 0, 0, 0]								
1090321125	Thunder Cyclone		[0, 0, 0, 355072781]	[0, 0, 0, 360]	[1090321125, 0, 0, 0, 0, 0, 0, 0]	30	[0, 0, 0, 0, 0, 0, 0, 0, 0, 0, 0, 0, 0, 0]	0	[0, 0, 0, 0, 0, 0, 0, 0, 0, 0, 0, 0, 0, 0]	0	0	0	[1500307952, 435069867, 1590773769, 4294967295, 4294967295, 4294967295, 3212836864, 3212836864, 1010210036, 0, 0, 0, 0, 0]	サンダーサイクロン		闪电龙卷风		雷電龍捲風		선더 사이클론	
560435386	Poison Bite		[0, 0, 0, 1415384097]	[0, 0, 0, 100]	[560435386, 0, 0, 0, 0, 0, 0, 0]	30	[0, 0, 0, 0, 0, 0, 0, 0, 0, 0, 0, 0, 0, 0]	0	[0, 0, 0, 0, 0, 0, 0, 0, 0, 0, 0, 0, 0, 0]	0	0	0	[1577042921, 813730312, 1590773769, 4294967295, 4294967295, 4294967295, 3212836864, 3212836864, 0, 0, 0, 0, 0, 0]	ポイズンバイト		毒性啃咬		劇毒撕咬		포이즌 바이트	
1200701180	Spin Roar		[0, 0, 0, 826054873]	[0, 0, 0, -100]	[1200701180, 0, 0, 0, 0, 0, 0, 0]	30	[0, 0, 0, 0, 0, 0, 0, 0, 0, 0, 0, 0, 0, 0]	0	[0, 0, 0, 0, 0, 0, 0, 0, 0, 0, 0, 0, 0, 0]	0	0	0	[3951857741, 995620383, 1590773769, 4294967295, 4294967295, 4294967295, 3212836864, 3212836864, 1550306985, 1822798307, 0, 0, 0, 0]	スピンロア		旋弹咆哮		迴旋咆哮		스핀 로어	
615043901	Dangerous Bite		[0, 0, 0, 1415384097]	[0, 0, 0, 100]	[615043901, 0, 0, 0, 0, 0, 0, 0]	30	[0, 0, 0, 0, 0, 0, 0, 0, 0, 0, 0, 0, 0, 0]	0	[0, 0, 0, 0, 0, 0, 0, 0, 0, 0, 0, 0, 0, 0]	0	0	0	[234367861, 1862115989, 1590773769, 4294967295, 4294967295, 4294967295, 3212836864, 3212836864, 0, 0, 0, 0, 0, 0]	危険な噛みつき		危险啃咬		危險的啃咬		위험한 물어뜯기	
1404036011	Poison Bite		[0, 0, 0, 1415384097]	[0, 0, 0, 100]	[1404036011, 0, 0, 0, 0, 0, 0, 0]	30	[0, 0, 0, 0, 0, 0, 0, 0, 0, 0, 0, 0, 0, 0]	0	[0, 0, 0, 0, 0, 0, 0, 0, 0, 0, 0, 0, 0, 0]	0	0	0	[897339203, 1025123277, 1590773769, 4294967295, 4294967295, 4294967295, 3212836864, 3212836864, 0, 0, 0, 0, 0, 0]	ポイズンバイト		毒性啃咬		劇毒撕咬		포이즌 바이트	
895045103	Dark Cyclone		[0, 0, 0, 1415384097]	[0, 0, 0, 100]	[895045103, 0, 0, 0, 0, 0, 0, 0]	30	[0, 0, 0, 0, 0, 0, 0, 0, 0, 0, 0, 0, 0, 0]	0	[0, 0, 0, 0, 0, 0, 0, 0, 0, 0, 0, 0, 0, 0]	0	0	0	[2198805735, 919429082, 1590773769, 4294967295, 4294967295, 4294967295, 3212836864, 3212836864, 0, 0, 0, 0, 0, 0]	ダークサイクロン		黑暗龙卷风		黑暗龍捲風		다크 사이클론	
1113488761	Thunder Cyclone		[0, 0, 0, 1415384097]	[0, 0, 0, 100]	[1113488761, 0, 0, 0, 0, 0, 0, 0]	30	[0, 0, 0, 0, 0, 0, 0, 0, 0, 0, 0, 0, 0, 0]	0	[0, 0, 0, 0, 0, 0, 0, 0, 0, 0, 0, 0, 0, 0]	0	0	0	[3146479825, 1697308290, 1590773769, 4294967295, 4294967295, 4294967295, 3212836864, 3212836864, 0, 0, 0, 0, 0, 0]	サンダーサイクロン		闪电龙卷风		雷電龍捲風		선더 사이클론	
812490766			[0, 0, 0, 1415384097]	[0, 0, 0, 180]	[812490766, 0, 0, 0, 0, 0, 0, 0]	40	[0, 0, 0, 0, 0, 0, 0, 0, 0, 0, 0, 0, 0, 0]	0	[0, 0, 0, 0, 0, 0, 0, 0, 0, 0, 0, 0, 0, 0]	0	0	0	[1894160469, 1868584199, 1590773769, 4294967295, 4294967295, 4294967295, 3212836864, 3212836864, 0, 0, 0, 0, 0, 0]								
1198166168			[0, 0, 0, 1415384097]	[0, 0, 0, 250]	[1198166168, 0, 0, 0, 0, 0, 0, 0]	50	[0, 0, 0, 0, 0, 0, 0, 0, 0, 0, 0, 0, 0, 0]	0	[0, 0, 0, 0, 0, 0, 0, 0, 0, 0, 0, 0, 0, 0]	0	0	0	[1214446691, 1015534687, 1590773769, 4294967295, 4294967295, 4294967295, 3212836864, 3212836864, 0, 0, 0, 0, 0, 0]								
563887838			[0, 0, 0, 1415384097]	[0, 0, 0, 300]	[563887838, 0, 0, 0, 0, 0, 0, 0]	60	[0, 0, 0, 0, 0, 0, 0, 0, 0, 0, 0, 0, 0, 0]	0	[0, 0, 0, 0, 0, 0, 0, 0, 0, 0, 0, 0, 0, 0]	0	0	0	[4262571975, 928032840, 1590773769, 4294967295, 4294967295, 4294967295, 3212836864, 3212836864, 0, 0, 0, 0, 0, 0]								
1453002316	Wind Breath		[0, 0, 0, 1415384097]	[0, 0, 0, 200]	[1453002316, 0, 0, 0, 0, 0, 0, 0]	35	[0, 0, 0, 0, 0, 0, 0, 0, 0, 0, 0, 0, 0, 0]	0	[0, 0, 0, 0, 0, 0, 0, 0, 0, 0, 0, 0, 0, 0]	0	0	0	[3331705841, 1689725200, 1590773769, 4294967295, 4294967295, 4294967295, 3212836864, 3212836864, 0, 0, 0, 0, 0, 0]	ウィンドブレス		疾风之吐息		疾風之息		윈드 브레스	
1074222209	Scatter Slash		[0, 0, 0, 355072781]	[0, 0, 0, 400]	[1074222209, 0, 0, 0, 0, 0, 0, 0]	35	[0, 0, 0, 0, 0, 0, 0, 0, 0, 0, 0, 0, 0, 0]	0	[0, 0, 0, 0, 0, 0, 0, 0, 0, 0, 0, 0, 0, 0]	0	0	0	[4202859968, 507412971, 1590773769, 4294967295, 4294967295, 4294967295, 3212836864, 3212836864, 0, 0, 0, 0, 0, 0]	スキャッタースラッシュ		溅射斩击		驅散斬擊		스캐터 슬래시	
653392581	Dark Roar		[0, 0, 0, 355072781]	[0, 0, 0, 360]	[653392581, 0, 0, 0, 0, 0, 0, 0]	30	[0, 0, 0, 0, 0, 0, 0, 0, 0, 0, 0, 0, 0, 0]	0	[0, 0, 0, 0, 0, 0, 0, 0, 0, 0, 0, 0, 0, 0]	0	0	0	[1290919526, 367656444, 1590773769, 4294967295, 4294967295, 4294967295, 3212836864, 3212836864, 1041907657, 0, 0, 0, 0, 0]	ダークロア		黑暗咆哮		暗黑咆哮		다크 로어	
1375128147	Bloody Cyclone		[0, 0, 0, 355072781]	[0, 0, 0, 450]	[1375128147, 0, 0, 0, 0, 0, 0, 0]	40	[0, 0, 0, 0, 0, 0, 0, 0, 0, 0, 0, 0, 0, 0]	0	[0, 0, 0, 0, 0, 0, 0, 0, 0, 0, 0, 0, 0, 0]	0	0	0	[1953872468, 1175354532, 1590773769, 4294967295, 4294967295, 4294967295, 3212836864, 3212836864, 1156259471, 1192194502, 776619146, 0, 0, 0]	ブラッディサイクロン		血腥龙卷风		血腥龍捲風		블러디 사이클론	
1275412035	Cyclone		[0, 0, 0, 1415384097]	[0, 0, 0, 100]	[1275412035, 0, 0, 0, 0, 0, 0, 0]	30	[0, 0, 0, 0, 0, 0, 0, 0, 0, 0, 0, 0, 0, 0]	0	[0, 0, 0, 0, 0, 0, 0, 0, 0, 0, 0, 0, 0, 0]	0	0	0	[1132842106, 1074463570, 1590773769, 4294967295, 4294967295, 4294967295, 3212836864, 3212836864, 0, 0, 0, 0, 0, 0]	サイクロン		龙卷风		龍捲風		사이클론	
720605191	Bloody Cyclone		[0, 0, 0, 1415384097]	[0, 0, 0, 100]	[720605191, 0, 0, 0, 0, 0, 0, 0]	30	[0, 0, 0, 0, 0, 0, 0, 0, 0, 0, 0, 0, 0, 0]	0	[0, 0, 0, 0, 0, 0, 0, 0, 0, 0, 0, 0, 0, 0]	0	0	0	[4126580704, 1272741701, 1590773769, 4294967295, 4294967295, 4294967295, 3212836864, 3212836864, 0, 0, 0, 0, 0, 0]	ブラッディサイクロン		血腥龙卷风		血腥龍捲風		블러디 사이클론	
553545551	Brittle Breath		[0, 0, 0, 1415384097]	[0, 0, 0, 240]	[553545551, 0, 0, 0, 0, 0, 0, 0]	45	[0, 0, 0, 0, 0, 0, 0, 0, 0, 0, 0, 0, 0, 0]	0	[0, 0, 0, 0, 0, 0, 0, 0, 0, 0, 0, 0, 0, 0]	0	0	0	[782114539, 1528448043, 1590773769, 4294967295, 4294967295, 4294967295, 3212836864, 3212836864, 1245054362, 0, 0, 0, 0, 0]	カチコチブレス		僵直吐息		僵硬吐息		꽁꽁 브레스	
1475960793	Poison Needle		[0, 0, 0, 355072781]	[0, 0, 0, 450]	[1475960793, 0, 0, 0, 0, 0, 0, 0]	40	[0, 0, 0, 0, 0, 0, 0, 0, 0, 0, 0, 0, 0, 0]	0	[0, 0, 0, 0, 0, 0, 0, 0, 0, 0, 0, 0, 0, 0]	0	0	0	[370834141, 150848883, 1590773769, 4294967295, 4294967295, 4294967295, 3212836864, 3212836864, 1539326132, 0, 0, 0, 0, 0]	ポイズンニードル		毒性针刺		劇毒尖刺		포이즌 니들	
823128477	Sting Bite		[0, 0, 0, 1415384097]	[0, 0, 0, 220]	[823128477, 0, 0, 0, 0, 0, 0, 0]	40	[0, 0, 0, 0, 0, 0, 0, 0, 0, 0, 0, 0, 0, 0]	0	[0, 0, 0, 0, 0, 0, 0, 0, 0, 0, 0, 0, 0, 0]	0	0	0	[2691246457, 53131620, 1590773769, 4294967295, 4294967295, 4294967295, 3212836864, 3212836864, 0, 0, 0, 0, 0, 0]	スティングバイト		刺痛啃咬		刺痛撕咬		스팅 바이트	
1174978827	Dark Roar		[0, 0, 0, 355072781]	[0, 0, 0, 100]	[1174978827, 0, 0, 0, 0, 0, 0, 0]	30	[0, 0, 0, 0, 0, 0, 0, 0, 0, 0, 0, 0, 0, 0]	0	[0, 0, 0, 0, 0, 0, 0, 0, 0, 0, 0, 0, 0, 0]	0	0	0	[2565688655, 1355626556, 1590773769, 4294967295, 4294967295, 4294967295, 3212836864, 3212836864, 1041907657, 0, 0, 0, 0, 0]	ダークロア		黑暗咆哮		暗黑咆哮		다크 로어	
2058835498	Turtle Head		[0, 0, 0, 1415384097]	[0, 0, 0, 180]	[2058835498, 0, 0, 0, 0, 0, 0, 0]	30	[0, 0, 0, 0, 0, 0, 0, 0, 0, 0, 0, 0, 0, 0]	0	[0, 0, 0, 0, 0, 0, 0, 0, 0, 0, 0, 0, 0, 0]	0	0	0	[2930283539, 1719730550, 1590773769, 4294967295, 4294967295, 4294967295, 3212836864, 3212836864, 0, 0, 0, 0, 0, 0]	タートルヘッド		海龟脑袋		烏龜突擊		터틀 헤드	
983473218	Turtle Head		[0, 0, 0, 1415384097]	[0, 0, 0, 220]	[983473218, 0, 0, 0, 0, 0, 0, 0]	40	[0, 0, 0, 0, 0, 0, 0, 0, 0, 0, 0, 0, 0, 0]	0	[0, 0, 0, 0, 0, 0, 0, 0, 0, 0, 0, 0, 0, 0]	0	0	0	[2930283539, 1719730550, 1590773769, 4294967295, 4294967295, 4294967295, 3212836864, 3212836864, 1940202500, 0, 0, 0, 0, 0]	タートルヘッド		海龟脑袋		烏龜突擊		터틀 헤드	
229664448			[0, 0, 0, 1415384097]	[0, 0, 0, 180]	[229664448, 0, 0, 0, 0, 0, 0, 0]	30	[0, 0, 0, 0, 0, 0, 0, 0, 0, 0, 0, 0, 0, 0]	0	[0, 0, 0, 0, 0, 0, 0, 0, 0, 0, 0, 0, 0, 0]	0	0	0	[2519527461, 895909934, 1590773769, 4294967295, 4294967295, 4294967295, 3212836864, 3212836864, 0, 0, 0, 0, 0, 0]								
1799801082	Raging Turtle		[0, 0, 0, 355072781]	[0, 0, 0, 300]	[1799801082, 0, 0, 0, 0, 0, 0, 0]	25	[0, 0, 0, 0, 0, 0, 0, 0, 0, 0, 0, 0, 0, 0]	0	[0, 0, 0, 0, 0, 0, 0, 0, 0, 0, 0, 0, 0, 0]	0	0	0	[543138689, 1051851833, 1590773769, 4294967295, 4294967295, 4294967295, 3212836864, 3212836864, 0, 0, 0, 0, 0, 0]	レイジングタートル		愤怒海龟		憤怒海龜		레이징 터틀	
474085484			[0, 0, 0, 1306449111]	[0, 0, 0, 180]	[474085484, 0, 0, 0, 0, 0, 0, 0]	30	[0, 0, 0, 0, 0, 0, 0, 0, 0, 0, 0, 0, 0, 0]	0	[0, 0, 0, 0, 0, 0, 0, 0, 0, 0, 0, 0, 0, 0]	0	0	0	[417056695, 1834384737, 1590773769, 4294967295, 4294967295, 4294967295, 3212836864, 3212836864, 0, 0, 0, 0, 0, 0]								
182297255	Shell Field		[0, 0, 0, 1883795445]	[0, 0, 0, -50]	[182297255, 0, 0, 0, 0, 0, 0, 0]	30	[0, 0, 0, 0, 0, 0, 0, 0, 0, 0, 0, 0, 0, 0]	0	[0, 0, 0, 0, 0, 0, 0, 0, 0, 0, 0, 0, 0, 0]	0	0	0	[617382278, 400545178, 1590773769, 4294967295, 4294967295, 4294967295, 3212836864, 3212836864, 364001846, 0, 0, 0, 0, 0]	シェルフィールド		甲壳领域		殼之領域		셸 필드	
455883893	Spin Up		[0, 0, 0, 1306449111]	[0, 0, 0, -100]	[455883893, 0, 0, 0, 0, 0, 0, 0]	30	[0, 0, 0, 0, 0, 0, 0, 0, 0, 0, 0, 0, 0, 0]	0	[0, 0, 0, 0, 0, 0, 0, 0, 0, 0, 0, 0, 0, 0]	0	0	0	[2856039958, 1341073621, 1590773769, 4294967295, 4294967295, 4294967295, 3212836864, 3212836864, 1220652532, 0, 0, 0, 0, 0]	スピンアップ		加速旋转		迴旋增速		스핀 업	
2067057718			[0, 0, 0, 1415384097]	[0, 0, 0, 180]	[2067057718, 0, 0, 0, 0, 0, 0, 0]	30	[0, 0, 0, 0, 0, 0, 0, 0, 0, 0, 0, 0, 0, 0]	0	[0, 0, 0, 0, 0, 0, 0, 0, 0, 0, 0, 0, 0, 0]	0	0	0	[1284738117, 974380275, 1590773769, 4294967295, 4294967295, 4294967295, 3212836864, 3212836864, 0, 0, 0, 0, 0, 0]								
499278452			[0, 0, 0, 1415384097]	[0, 0, 0, 180]	[499278452, 0, 0, 0, 0, 0, 0, 0]	30	[0, 0, 0, 0, 0, 0, 0, 0, 0, 0, 0, 0, 0, 0]	0	[0, 0, 0, 0, 0, 0, 0, 0, 0, 0, 0, 0, 0, 0]	0	0	0	[4209041377, 834969828, 1590773769, 4294967295, 4294967295, 4294967295, 3212836864, 3212836864, 0, 0, 0, 0, 0, 0]								
265817864			[0, 0, 0, 1415384097]	[0, 0, 0, 180]	[265817864, 0, 0, 0, 0, 0, 0, 0]	30	[0, 0, 0, 0, 0, 0, 0, 0, 0, 0, 0, 0, 0, 0]	0	[0, 0, 0, 0, 0, 0, 0, 0, 0, 0, 0, 0, 0, 0]	0	0	0	[96298943, 1103131550, 1590773769, 4294967295, 4294967295, 4294967295, 3212836864, 3212836864, 0, 0, 0, 0, 0, 0]								
2027896722			[0, 0, 0, 1415384097]	[0, 0, 0, 180]	[2027896722, 0, 0, 0, 0, 0, 0, 0]	30	[0, 0, 0, 0, 0, 0, 0, 0, 0, 0, 0, 0, 0, 0]	0	[0, 0, 0, 0, 0, 0, 0, 0, 0, 0, 0, 0, 0, 0]	0	0	0	[1027146633, 304607942, 1590773769, 4294967295, 4294967295, 4294967295, 3212836864, 3212836864, 0, 0, 0, 0, 0, 0]								
506040788			[0, 0, 0, 1415384097]	[0, 0, 0, 180]	[506040788, 0, 0, 0, 0, 0, 0, 0]	30	[0, 0, 0, 0, 0, 0, 0, 0, 0, 0, 0, 0, 0, 0]	0	[0, 0, 0, 0, 0, 0, 0, 0, 0, 0, 0, 0, 0, 0]	0	0	0	[2336903213, 435195601, 1590773769, 4294967295, 4294967295, 4294967295, 3212836864, 3212836864, 0, 0, 0, 0, 0, 0]								
1764663618			[0, 0, 0, 1415384097]	[0, 0, 0, 180]	[1764663618, 0, 0, 0, 0, 0, 0, 0]	30	[0, 0, 0, 0, 0, 0, 0, 0, 0, 0, 0, 0, 0, 0]	0	[0, 0, 0, 0, 0, 0, 0, 0, 0, 0, 0, 0, 0, 0]	0	0	0	[3016635419, 1243025289, 1590773769, 4294967295, 4294967295, 4294967295, 3212836864, 3212836864, 0, 0, 0, 0, 0, 0]								
146131743	Attention		[0, 0, 0, 355072781]	[0, 0, 0, 360]	[146131743, 0, 0, 0, 0, 0, 0, 0]	30	[0, 0, 0, 0, 0, 0, 0, 0, 0, 0, 0, 0, 0, 0]	0	[0, 0, 0, 0, 0, 0, 0, 0, 0, 0, 0, 0, 0, 0]	0	0	0	[3076331036, 1668884010, 1590773769, 4294967295, 4294967295, 4294967295, 3212836864, 3212836864, 1274937294, 115401354, 0, 0, 0, 0]	アテンション		注目		注意		어텐션	
2142436233	Porky Bite		[0, 0, 0, 1415384097]	[0, 0, 0, 100]	[2142436233, 0, 0, 0, 0, 0, 0, 0]	30	[0, 0, 0, 0, 0, 0, 0, 0, 0, 0, 0, 0, 0, 0]	0	[0, 0, 0, 0, 0, 0, 0, 0, 0, 0, 0, 0, 0, 0]	0	0	0	[2413392426, 815703922, 1590773769, 4294967295, 4294967295, 4294967295, 3212836864, 3212836864, 0, 0, 0, 0, 0, 0]	ポークバイト		突击啃噬		猛擊啃咬		포크 바이트	
423908813	Spinning Needle		[0, 0, 0, 1415384097]	[0, 0, 0, 100]	[423908813, 0, 0, 0, 0, 0, 0, 0]	30	[0, 0, 0, 0, 0, 0, 0, 0, 0, 0, 0, 0, 0, 0]	0	[0, 0, 0, 0, 0, 0, 0, 0, 0, 0, 0, 0, 0, 0]	0	0	0	[967451024, 994696037, 1590773769, 4294967295, 4294967295, 4294967295, 3212836864, 3212836864, 0, 0, 0, 0, 0, 0]	スピンニードル		旋弹针刺		旋彈尖刺		스핀 니들	
1849910619	Ice Bite		[0, 0, 0, 1415384097]	[0, 0, 0, 200]	[1849910619, 0, 0, 0, 0, 0, 0, 0]	35	[0, 0, 0, 0, 0, 0, 0, 0, 0, 0, 0, 0, 0, 0]	0	[0, 0, 0, 0, 0, 0, 0, 0, 0, 0, 0, 0, 0, 0]	0	0	0	[19809722, 1756256829, 1590773769, 4294967295, 4294967295, 4294967295, 3212836864, 3212836864, 0, 0, 0, 0, 0, 0]	アイスバイト		寒冰啃噬		寒冰撕咬		아이스 바이트	
17008438	Iceberg Shell		[0, 0, 0, 355072781]	[0, 0, 0, 360]	[17008438, 0, 0, 0, 0, 0, 0, 0]	30	[0, 0, 0, 0, 0, 0, 0, 0, 0, 0, 0, 0, 0, 0]	0	[0, 0, 0, 0, 0, 0, 0, 0, 0, 0, 0, 0, 0, 0]	0	0	0	[814507394, 1771407395, 1590773769, 4294967295, 4294967295, 4294967295, 3212836864, 3212836864, 84479231, 1849776223, 0, 0, 0, 0]	氷山甲		冰山甲		冰山甲		빙산갑	
1980973110			[0, 0, 0, 1415384097]	[0, 0, 0, 180]	[1980973110, 0, 0, 0, 0, 0, 0, 0]	30	[0, 0, 0, 0, 0, 0, 0, 0, 0, 0, 0, 0, 0, 0]	0	[0, 0, 0, 0, 0, 0, 0, 0, 0, 0, 0, 0, 0, 0]	0	0	0	[3797808699, 304372350, 1590773769, 4294967295, 4294967295, 4294967295, 3212836864, 3212836864, 0, 0, 0, 0, 0, 0]								
18116768	Thunder Breath		[0, 0, 0, 355072781]	[0, 0, 0, 400]	[18116768, 0, 0, 0, 0, 0, 0, 0]	35	[0, 0, 0, 0, 0, 0, 0, 0, 0, 0, 0, 0, 0, 0]	0	[0, 0, 0, 0, 0, 0, 0, 0, 0, 0, 0, 0, 0, 0]	0	0	0	[3671691789, 1103354662, 1590773769, 4294967295, 4294967295, 4294967295, 3212836864, 3212836864, 314621046, 0, 0, 0, 0, 0]	サンダーブレス		雷电吐息		雷電吐息		선더 브레스	
1742921446			[0, 0, 0, 1415384097]	[0, 0, 0, 180]	[1742921446, 0, 0, 0, 0, 0, 0, 0]	30	[0, 0, 0, 0, 0, 0, 0, 0, 0, 0, 0, 0, 0, 0]	0	[0, 0, 0, 0, 0, 0, 0, 0, 0, 0, 0, 0, 0, 0]	0	0	0	[1823130025, 1242867505, 1590773769, 4294967295, 4294967295, 4294967295, 3212836864, 3212836864, 0, 0, 0, 0, 0, 0]								
283504244			[0, 0, 0, 1415384097]	[0, 0, 0, 180]	[283504244, 0, 0, 0, 0, 0, 0, 0]	30	[0, 0, 0, 0, 0, 0, 0, 0, 0, 0, 0, 0, 0, 0]	0	[0, 0, 0, 0, 0, 0, 0, 0, 0, 0, 0, 0, 0, 0]	0	0	0	[1412343199, 435365481, 1590773769, 4294967295, 4294967295, 4294967295, 3212836864, 3212836864, 0, 0, 0, 0, 0, 0]								
108639417	Turtle Head		[0, 0, 0, 1415384097]	[0, 0, 0, 270]	[108639417, 0, 0, 0, 0, 0, 0, 0]	50	[0, 0, 0, 0, 0, 0, 0, 0, 0, 0, 0, 0, 0, 0]	0	[0, 0, 0, 0, 0, 0, 0, 0, 0, 0, 0, 0, 0, 0]	0	0	0	[1748624302, 1668976274, 1590773769, 4294967295, 4294967295, 4294967295, 3212836864, 3212836864, 0, 0, 0, 0, 0, 0]	タートルヘッド		海龟脑袋		烏龜突擊		터틀 헤드	
394799723			[0, 0, 0, 355072781]	[0, 0, 0, 180]	[394799723, 0, 0, 0, 0, 0, 0, 0]	30	[0, 0, 0, 0, 0, 0, 0, 0, 0, 0, 0, 0, 0, 0]	0	[0, 0, 0, 0, 0, 0, 0, 0, 0, 0, 0, 0, 0, 0]	0	0	0	[3872314430, 994735069, 1590773769, 4294967295, 4294967295, 4294967295, 3212836864, 3212836864, 0, 0, 0, 0, 0, 0]								
2026424324	Dark Breath		[0, 0, 0, 355072781]	[0, 0, 0, 450]	[2026424324, 0, 0, 0, 0, 0, 0, 0]	40	[0, 0, 0, 0, 0, 0, 0, 0, 0, 0, 0, 0, 0, 0]	0	[0, 0, 0, 0, 0, 0, 0, 0, 0, 0, 0, 0, 0, 0]	0	0	0	[3614241798, 980525507, 1590773769, 4294967295, 4294967295, 4294967295, 3212836864, 3212836864, 1564507071, 0, 0, 0, 0, 0]	ダークブレス		黑暗吐息		黑暗吹息		다크 브레스	
1988313368			[0, 0, 0, 1415384097]	[0, 0, 0, 180]	[1988313368, 0, 0, 0, 0, 0, 0, 0]	30	[0, 0, 0, 0, 0, 0, 0, 0, 0, 0, 0, 0, 0, 0]	0	[0, 0, 0, 0, 0, 0, 0, 0, 0, 0, 0, 0, 0, 0]	0	0	0	[583543669, 1982814996, 1590773769, 4294967295, 4294967295, 4294967295, 3212836864, 3212836864, 0, 0, 0, 0, 0, 0]								
25457038			[0, 0, 0, 1415384097]	[0, 0, 0, 180]	[25457038, 0, 0, 0, 0, 0, 0, 0]	30	[0, 0, 0, 0, 0, 0, 0, 0, 0, 0, 0, 0, 0, 0]	0	[0, 0, 0, 0, 0, 0, 0, 0, 0, 0, 0, 0, 0, 0]	0	0	0	[441208643, 633920076, 1590773769, 4294967295, 4294967295, 4294967295, 3212836864, 3212836864, 0, 0, 0, 0, 0, 0]								
856984014	Turtle Head		[0, 0, 0, 1415384097]	[0, 0, 0, 280]	[856984014, 0, 0, 0, 0, 0, 0, 0]	55	[0, 0, 0, 0, 0, 0, 0, 0, 0, 0, 0, 0, 0, 0]	0	[0, 0, 0, 0, 0, 0, 0, 0, 0, 0, 0, 0, 0, 0]	0	0	0	[3906545818, 2029346420, 1590773769, 4294967295, 4294967295, 4294967295, 3212836864, 3212836864, 0, 0, 0, 0, 0, 0]	タートルヘッド		海龟脑袋		烏龜突擊		터틀 헤드	
1142143320			[0, 0, 0, 1415384097]	[0, 0, 0, 180]	[1142143320, 0, 0, 0, 0, 0, 0, 0]	30	[0, 0, 0, 0, 0, 0, 0, 0, 0, 0, 0, 0, 0, 0]	0	[0, 0, 0, 0, 0, 0, 0, 0, 0, 0, 0, 0, 0, 0]	0	0	0	[3495775408, 722657068, 1590773769, 4294967295, 4294967295, 4294967295, 3212836864, 3212836864, 0, 0, 0, 0, 0, 0]								
585439006	Raging Turtle		[0, 0, 0, 355072781]	[0, 0, 0, 450]	[585439006, 0, 0, 0, 0, 0, 0, 0]	40	[0, 0, 0, 0, 0, 0, 0, 0, 0, 0, 0, 0, 0, 0]	0	[0, 0, 0, 0, 0, 0, 0, 0, 0, 0, 0, 0, 0, 0]	0	0	0	[1714298634, 549823291, 1590773769, 4294967295, 4294967295, 4294967295, 3212836864, 3212836864, 0, 0, 0, 0, 0, 0]	レイジングタートル		愤怒海龟		憤怒海龜		레이징 터틀	
1440884620			[0, 0, 0, 1415384097]	[0, 0, 0, 180]	[1440884620, 0, 0, 0, 0, 0, 0, 0]	30	[0, 0, 0, 0, 0, 0, 0, 0, 0, 0, 0, 0, 0, 0]	0	[0, 0, 0, 0, 0, 0, 0, 0, 0, 0, 0, 0, 0, 0]	0	0	0	[1588230972, 1931616867, 1590773769, 4294967295, 4294967295, 4294967295, 3212836864, 3212836864, 0, 0, 0, 0, 0, 0]								
880365015			[0, 0, 0, 355072781]	[0, 0, 0, 180]	[880365015, 0, 0, 0, 0, 0, 0, 0]	30	[0, 0, 0, 0, 0, 0, 0, 0, 0, 0, 0, 0, 0, 0]	0	[0, 0, 0, 0, 0, 0, 0, 0, 0, 0, 0, 0, 0, 0]	0	0	0	[1513707835, 1514933184, 1590773769, 4294967295, 4294967295, 4294967295, 3212836864, 3212836864, 0, 0, 0, 0, 0, 0]								
629723909			[0, 0, 0, 1415384097]	[0, 0, 0, 180]	[629723909, 0, 0, 0, 0, 0, 0, 0]	30	[0, 0, 0, 0, 0, 0, 0, 0, 0, 0, 0, 0, 0, 0]	0	[0, 0, 0, 0, 0, 0, 0, 0, 0, 0, 0, 0, 0, 0]	0	0	0	[3570298537, 41744015, 1590773769, 4294967295, 4294967295, 4294967295, 3212836864, 3212836864, 0, 0, 0, 0, 0, 0]								
1857550775	Tentacles		[0, 0, 0, 1415384097]	[0, 0, 0, 180]	[1857550775, 0, 0, 0, 0, 0, 0, 0]	30	[0, 0, 0, 0, 0, 0, 0, 0, 0, 0, 0, 0, 0, 0]	0	[0, 0, 0, 0, 0, 0, 0, 0, 0, 0, 0, 0, 0, 0]	0	0	0	[1922345133, 2059798056, 1590773769, 4294967295, 4294967295, 4294967295, 3212836864, 3212836864, 0, 0, 0, 0, 0, 0]	触手		触手		觸手		촉수	
431016225	Tentacle Scythe		[0, 0, 0, 1415384097]	[0, 0, 0, 220]	[431016225, 0, 0, 0, 0, 0, 0, 0]	40	[0, 0, 0, 0, 0, 0, 0, 0, 0, 0, 0, 0, 0, 0]	0	[0, 0, 0, 0, 0, 0, 0, 0, 0, 0, 0, 0, 0, 0]	0	0	0	[1242614939, 690063216, 1590773769, 4294967295, 4294967295, 4294967295, 3212836864, 3212836864, 0, 0, 0, 0, 0, 0]	テンタクルサイス		触手利刃		觸鬚之刃		텐타클사이스	
2135320421	Tough Covering		[0, 0, 0, 1306449111]	[0, 0, 0, -130]	[2135320421, 0, 0, 0, 0, 0, 0, 0]	40	[0, 0, 0, 0, 0, 0, 0, 0, 0, 0, 0, 0, 0, 0]	0	[0, 0, 0, 0, 0, 0, 0, 0, 0, 0, 0, 0, 0, 0]	0	0	0	[4234387263, 586611559, 1590773769, 4294967295, 4294967295, 4294967295, 3212836864, 3212836864, 1375963155, 0, 0, 0, 0, 0]	タフカバリング		坚韧掩护		堅韌掩護		터프 커버링	
357019597	Blow Seal		[0, 0, 0, 1415384097]	[0, 0, 0, 200]	[357019597, 0, 0, 0, 0, 0, 0, 0]	35	[0, 0, 0, 0, 0, 0, 0, 0, 0, 0, 0, 0, 0, 0]	0	[0, 0, 0, 0, 0, 0, 0, 0, 0, 0, 0, 0, 0, 0]	0	0	0	[2245239444, 1921588591, 1590773769, 4294967295, 4294967295, 4294967295, 3212836864, 3212836864, 1739285002, 0, 0, 0, 0, 0]	シールブロウ		封印攻击		封印猛擊		실 블로	
1648402267	Death Touch		[0, 0, 0, 1415384097]	[0, 0, 0, 220]	[1648402267, 0, 0, 0, 0, 0, 0, 0]	40	[0, 0, 0, 0, 0, 0, 0, 0, 0, 0, 0, 0, 0, 0]	0	[0, 0, 0, 0, 0, 0, 0, 0, 0, 0, 0, 0, 0, 0]	0	0	0	[3176646306, 560897079, 1590773769, 4294967295, 4294967295, 4294967295, 3212836864, 3212836864, 870846201, 0, 0, 0, 0, 0]	デスタッチ		死亡触摸		死亡觸擊		데스 터치	
79048991			[0, 0, 0, 1415384097]	[0, 0, 0, 180]	[79048991, 0, 0, 0, 0, 0, 0, 0]	30	[0, 0, 0, 0, 0, 0, 0, 0, 0, 0, 0, 0, 0, 0]	0	[0, 0, 0, 0, 0, 0, 0, 0, 0, 0, 0, 0, 0, 0]	0	0	0	[186946824, 716824608, 1590773769, 4294967295, 4294967295, 4294967295, 3212836864, 3212836864, 0, 0, 0, 0, 0, 0]								
1940980105	Energy Gain		[0, 0, 0, 1415384097]	[0, 0, 0, 100]	[1940980105, 0, 0, 0, 0, 0, 0, 0]	30	[0, 0, 0, 0, 0, 0, 0, 0, 0, 0, 0, 0, 0, 0]	0	[0, 0, 0, 0, 0, 0, 0, 0, 0, 0, 0, 0, 0, 0]	0	0	0	[866185522, 2036228472, 1590773769, 4294967295, 4294967295, 4294967295, 3212836864, 3212836864, 0, 0, 0, 0, 0, 0]	エナジーゲイン		获得能量		能量獲取		에너지 게인	
304770004	Thunder Shot		[0, 0, 0, 1415384097]	[0, 0, 0, 100]	[304770004, 0, 0, 0, 0, 0, 0, 0]	30	[0, 0, 0, 0, 0, 0, 0, 0, 0, 0, 0, 0, 0, 0]	0	[0, 0, 0, 0, 0, 0, 0, 0, 0, 0, 0, 0, 0, 0]	0	0	0	[926143287, 1345341659, 1590773769, 4294967295, 4294967295, 4294967295, 3212836864, 3212836864, 0, 0, 0, 0, 0, 0]	サンダーショット		雷霆射击		雷電射擊		선더 샷	
1697471298	Death Spin		[0, 0, 0, 1415384097]	[0, 0, 0, 240]	[1697471298, 0, 0, 0, 0, 0, 0, 0]	45	[0, 0, 0, 0, 0, 0, 0, 0, 0, 0, 0, 0, 0, 0]	0	[0, 0, 0, 0, 0, 0, 0, 0, 0, 0, 0, 0, 0, 0]	0	0	0	[263698177, 64473475, 1590773769, 4294967295, 4294967295, 4294967295, 3212836864, 3212836864, 1539326132, 0, 0, 0, 0, 0]	デススピン		死亡旋弹		死亡旋彈		데스 스핀	
64746760	Thunder Rain		[0, 0, 0, 355072781]	[0, 0, 0, 100]	[64746760, 0, 0, 0, 0, 0, 0, 0]	30	[0, 0, 0, 0, 0, 0, 0, 0, 0, 0, 0, 0, 0, 0]	0	[0, 0, 0, 0, 0, 0, 0, 0, 0, 0, 0, 0, 0, 0]	0	0	0	[3116688549, 134264212, 1590773769, 4294967295, 4294967295, 4294967295, 3212836864, 3212836864, 0, 0, 0, 0, 0, 0]	サンダーレイン		雷雨		雷雨		선더 레인	
130949369	Thunder Shot		[0, 0, 0, 1415384097]	[0, 0, 0, 100]	[130949369, 0, 0, 0, 0, 0, 0, 0]	30	[0, 0, 0, 0, 0, 0, 0, 0, 0, 0, 0, 0, 0, 0]	0	[0, 0, 0, 0, 0, 0, 0, 0, 0, 0, 0, 0, 0, 0]	0	0	0	[4123678438, 802561312, 1590773769, 4294967295, 4294967295, 4294967295, 3212836864, 3212836864, 1940202500, 0, 0, 0, 0, 0]	サンダーショット		雷霆射击		雷電射擊		선더 샷	
1631096509	Death Spin		[0, 0, 0, 1415384097]	[0, 0, 0, 100]	[1631096509, 0, 0, 0, 0, 0, 0, 0]	30	[0, 0, 0, 0, 0, 0, 0, 0, 0, 0, 0, 0, 0, 0]	0	[0, 0, 0, 0, 0, 0, 0, 0, 0, 0, 0, 0, 0, 0]	0	0	0	[1136198976, 604070199, 1590773769, 4294967295, 4294967295, 4294967295, 3212836864, 3212836864, 0, 0, 0, 0, 0, 0]	デススピン		死亡旋弹		死亡旋彈		데스 스핀	
373276203	Death Touch		[0, 0, 0, 1415384097]	[0, 0, 0, 100]	[373276203, 0, 0, 0, 0, 0, 0, 0]	30	[0, 0, 0, 0, 0, 0, 0, 0, 0, 0, 0, 0, 0, 0]	0	[0, 0, 0, 0, 0, 0, 0, 0, 0, 0, 0, 0, 0, 0]	0	0	0	[2067620214, 2011619439, 1590773769, 4294967295, 4294967295, 4294967295, 3212836864, 3212836864, 0, 0, 0, 0, 0, 0]	デスタッチ		死亡触摸		死亡觸擊		데스 터치	
2007291000			[0, 0, 0, 1415384097]	[0, 0, 0, 180]	[2007291000, 0, 0, 0, 0, 0, 0, 0]	30	[0, 0, 0, 0, 0, 0, 0, 0, 0, 0, 0, 0, 0, 0]	0	[0, 0, 0, 0, 0, 0, 0, 0, 0, 0, 0, 0, 0, 0]	0	0	0	[2142126961, 1586022860, 1590773769, 4294967295, 4294967295, 4294967295, 3212836864, 3212836864, 0, 0, 0, 0, 0, 0]								
1716865700			[0, 0, 0, 1415384097]	[0, 0, 0, 180]	[1716865700, 0, 0, 0, 0, 0, 0, 0]	30	[0, 0, 0, 0, 0, 0, 0, 0, 0, 0, 0, 0, 0, 0]	0	[0, 0, 0, 0, 0, 0, 0, 0, 0, 0, 0, 0, 0, 0]	0	0	0	[4049171683, 112735363, 1590773769, 4294967295, 4294967295, 4294967295, 3212836864, 3212836864, 0, 0, 0, 0, 0, 0]								
1187184885	Explosive Flame Vortex		[0, 0, 0, 355072781]	[0, 0, 0, 400]	[1187184885, 0, 0, 0, 0, 0, 0, 0]	35	[0, 0, 0, 0, 0, 0, 0, 0, 0, 0, 0, 0, 0, 0]	0	[0, 0, 0, 0, 0, 0, 0, 0, 0, 0, 0, 0, 0, 0]	0	0	0	[362236050, 1827868067, 1590773769, 4294967295, 4294967295, 4294967295, 3212836864, 3212836864, 1274937294, 0, 0, 0, 0, 0]	爆炎渦		爆炎涡		爆炎渦		폭염 소용돌이	
834941027	Feeler Sphere Needle		[0, 0, 0, 355072781]	[0, 0, 0, 360]	[834941027, 0, 0, 0, 0, 0, 0, 0]	30	[0, 0, 0, 0, 0, 0, 0, 0, 0, 0, 0, 0, 0, 0]	0	[0, 0, 0, 0, 0, 0, 0, 0, 0, 0, 0, 0, 0, 0]	0	0	0	[756231336, 1058311419, 1590773769, 4294967295, 4294967295, 4294967295, 3212836864, 3212836864, 1940202500, 0, 0, 0, 0, 0]	フィラスフィアニードル		触手球针		觸手球針		필러 스피어 니들	
1462935079	Burning Fume		[0, 0, 0, 355072781]	[0, 0, 0, 450]	[1462935079, 0, 0, 0, 0, 0, 0, 0]	40	[0, 0, 0, 0, 0, 0, 0, 0, 0, 0, 0, 0, 0, 0]	0	[0, 0, 0, 0, 0, 0, 0, 0, 0, 0, 0, 0, 0, 0]	0	0	0	[2606792450, 885256428, 1590773769, 4294967295, 4294967295, 4294967295, 3212836864, 3212836864, 1586032514, 0, 0, 0, 0, 0]	バーニングヒューム		灼烧烟雾		烈焰燻煙		버닝 흄	
540389041	Curse Smog		[0, 0, 0, 355072781]	[0, 0, 0, 300]	[540389041, 0, 0, 0, 0, 0, 0, 0]	25	[0, 0, 0, 0, 0, 0, 0, 0, 0, 0, 0, 0, 0, 0]	0	[0, 0, 0, 0, 0, 0, 0, 0, 0, 0, 0, 0, 0, 0]	0	0	0	[2749635380, 1730441652, 1590773769, 4294967295, 4294967295, 4294967295, 3212836864, 3212836864, 1729190355, 0, 0, 0, 0, 0]	カーススモッグ		诅咒烟雾		詛咒煙霧		카스 스모그	
329025900	Horn Attack		[0, 0, 0, 1415384097]	[0, 0, 0, 180]	[329025900, 0, 0, 0, 0, 0, 0, 0]	30	[0, 0, 0, 0, 0, 0, 0, 0, 0, 0, 0, 0, 0, 0]	0	[0, 0, 0, 0, 0, 0, 0, 0, 0, 0, 0, 0, 0, 0]	0	0	0	[1903101313, 1836641227, 1590773769, 4294967295, 4294967295, 4294967295, 3212836864, 3212836864, 0, 0, 0, 0, 0, 0]	つのこうげき		大角攻击		大角攻擊		뿔 공격	
1687927290	Super Rolling Blow		[0, 0, 0, 1415384097]	[0, 0, 0, 240]	[1687927290, 0, 0, 0, 0, 0, 0, 0]	45	[0, 0, 0, 0, 0, 0, 0, 0, 0, 0, 0, 0, 0, 0]	0	[0, 0, 0, 0, 0, 0, 0, 0, 0, 0, 0, 0, 0, 0]	0	0	0	[1240162743, 1050634899, 1590773769, 4294967295, 4294967295, 4294967295, 3212836864, 3212836864, 1849776223, 0, 0, 0, 0, 0]	超打ローリング		超旋击		超級旋轉		초타 롤링	
40703936	Dreadful Cry		[0, 0, 0, 1415384097]	[0, 0, 0, 200]	[40703936, 0, 0, 0, 0, 0, 0, 0]	35	[0, 0, 0, 0, 0, 0, 0, 0, 0, 0, 0, 0, 0, 0]	0	[0, 0, 0, 0, 0, 0, 0, 0, 0, 0, 0, 0, 0, 0]	0	0	0	[4288164371, 893916804, 1590773769, 4294967295, 4294967295, 4294967295, 3212836864, 3212836864, 1849776223, 755716492, 0, 0, 0, 0]	イヤな鳴き声		不快的叫声		令人不悅的叫聲		불길한 울음소리	
1969891114	Deafening Chirp		[0, 0, 0, 1306449111]	[0, 0, 0, -70]	[1969891114, 0, 0, 0, 0, 0, 0, 0]	20	[0, 0, 0, 0, 0, 0, 0, 0, 0, 0, 0, 0, 0, 0]	0	[0, 0, 0, 0, 0, 0, 0, 0, 0, 0, 0, 0, 0, 0]	0	0	0	[3340523045, 1722783708, 1590773769, 4294967295, 4294967295, 4294967295, 3212836864, 3212836864, 596244820, 0, 0, 0, 0, 0]	全力鳴き		全力大叫		全力鳴叫		전력의 울음소리	
1677098467	Run-Up		[0, 0, 0, 1306449111]	[0, 0, 0, 100]	[1677098467, 0, 0, 0, 0, 0, 0, 0]	30	[0, 0, 0, 0, 0, 0, 0, 0, 0, 0, 0, 0, 0, 0]	0	[0, 0, 0, 0, 0, 0, 0, 0, 0, 0, 0, 0, 0, 0]	0	0	0	[4211806228, 472268583, 1590773769, 4294967295, 4294967295, 4294967295, 3212836864, 3212836864, 21763009, 0, 0, 0, 0, 0]	かけつけ準備		准备冲刺		急忙準備		돌격 준비	
83940263	Ice Rain		[0, 0, 0, 1415384097]	[0, 0, 0, 100]	[83940263, 0, 0, 0, 0, 0, 0, 0]	30	[0, 0, 0, 0, 0, 0, 0, 0, 0, 0, 0, 0, 0, 0]	0	[0, 0, 0, 0, 0, 0, 0, 0, 0, 0, 0, 0, 0, 0]	0	0	0	[1299727282, 401687344, 1590773769, 4294967295, 4294967295, 4294967295, 3212836864, 3212836864, 0, 0, 0, 0, 0, 0]	アイスレイン		冰雨		冰雨		아이스레인	
491192670			[0, 0, 0, 1415384097]	[0, 0, 0, 180]	[491192670, 0, 0, 0, 0, 0, 0, 0]	30	[0, 0, 0, 0, 0, 0, 0, 0, 0, 0, 0, 0, 0, 0]	0	[0, 0, 0, 0, 0, 0, 0, 0, 0, 0, 0, 0, 0, 0]	0	0	0	[1147013056, 1160581238, 1590773769, 4294967295, 4294967295, 4294967295, 3212836864, 3212836864, 0, 0, 0, 0, 0, 0]								
1911360236	Horn Counterattack		[0, 0, 0, 1415384097]	[0, 0, 0, 100]	[1911360236, 0, 0, 0, 0, 0, 0, 0]	30	[0, 0, 0, 0, 0, 0, 0, 0, 0, 0, 0, 0, 0, 0]	0	[0, 0, 0, 0, 0, 0, 0, 0, 0, 0, 0, 0, 0, 0]	0	0	0	[3012181615, 1519423903, 1590773769, 4294967295, 4294967295, 4294967295, 3212836864, 3212836864, 0, 0, 0, 0, 0, 0]	つのはんげき		大角反击		大角反擊		뿔 반격	
846327230			[0, 0, 0, 1415384097]	[0, 0, 0, 180]	[846327230, 0, 0, 0, 0, 0, 0, 0]	30	[0, 0, 0, 0, 0, 0, 0, 0, 0, 0, 0, 0, 0, 0]	0	[0, 0, 0, 0, 0, 0, 0, 0, 0, 0, 0, 0, 0, 0]	0	0	0	[1539432009, 1539466444, 1590773769, 4294967295, 4294967295, 4294967295, 3212836864, 3212836864, 0, 0, 0, 0, 0, 0]								
1165417772	Spin Tackle		[0, 0, 0, 1415384097]	[0, 0, 0, 100]	[1165417772, 0, 0, 0, 0, 0, 0, 0]	30	[0, 0, 0, 0, 0, 0, 0, 0, 0, 0, 0, 0, 0, 0]	0	[0, 0, 0, 0, 0, 0, 0, 0, 0, 0, 0, 0, 0, 0]	0	0	0	[1665514111, 136701332, 1590773769, 4294967295, 4294967295, 4294967295, 3212836864, 3212836864, 0, 0, 0, 0, 0, 0]	スピンタックル		回旋冲撞		迴旋衝撞		스핀 태클	
134560486	Horn Counterattack		[0, 0, 0, 1415384097]	[0, 0, 0, 100]	[134560486, 0, 0, 0, 0, 0, 0, 0]	30	[0, 0, 0, 0, 0, 0, 0, 0, 0, 0, 0, 0, 0, 0]	0	[0, 0, 0, 0, 0, 0, 0, 0, 0, 0, 0, 0, 0, 0]	0	0	0	[2686747707, 813870761, 1590773769, 4294967295, 4294967295, 4294967295, 3212836864, 3212836864, 0, 0, 0, 0, 0, 0]	つのはんげき		大角反击		大角反擊		뿔 반격	
224776908	Lightning Strike		[0, 0, 0, 1415384097]	[0, 0, 0, 200]	[224776908, 0, 0, 0, 0, 0, 0, 0]	35	[0, 0, 0, 0, 0, 0, 0, 0, 0, 0, 0, 0, 0, 0]	0	[0, 0, 0, 0, 0, 0, 0, 0, 0, 0, 0, 0, 0, 0]	0	0	0	[2810989557, 1392829046, 1590773769, 4294967295, 4294967295, 4294967295, 3212836864, 3212836864, 1739285002, 0, 0, 0, 0, 0]	ライトニングストライク		电光袭击		閃電強襲		라이트닝 스트라이크	
2053300826	Noisy Voice		[0, 0, 0, 355072781]	[0, 0, 0, 360]	[2053300826, 0, 0, 0, 0, 0, 0, 0]	30	[0, 0, 0, 0, 0, 0, 0, 0, 0, 0, 0, 0, 0, 0]	0	[0, 0, 0, 0, 0, 0, 0, 0, 0, 0, 0, 0, 0, 0]	0	0	0	[2668113859, 14902062, 1590773769, 4294967295, 4294967295, 4294967295, 3212836864, 3212836864, 785853077, 0, 0, 0, 0, 0]	ノイジーボイス		嘈杂之音		刺耳之聲		노이지 보이스	
479480864	Thunder Shot		[0, 0, 0, 1415384097]	[0, 0, 0, 240]	[479480864, 0, 0, 0, 0, 0, 0, 0]	45	[0, 0, 0, 0, 0, 0, 0, 0, 0, 0, 0, 0, 0, 0]	0	[0, 0, 0, 0, 0, 0, 0, 0, 0, 0, 0, 0, 0, 0]	0	0	0	[695958631, 187965241, 1590773769, 4294967295, 4294967295, 4294967295, 3212836864, 3212836864, 1181082014, 228582240, 0, 0, 0, 0]	サンダーショット		雷霆射击		雷電射擊		선더 샷	
1138255071	Dream Meteor		[0, 0, 0, 355072781]	[0, 0, 0, 400]	[1138255071, 0, 0, 0, 0, 0, 0, 0]	35	[0, 0, 0, 0, 0, 0, 0, 0, 0, 0, 0, 0, 0, 0]	0	[0, 0, 0, 0, 0, 0, 0, 0, 0, 0, 0, 0, 0, 0]	0	0	0	[150721775, 590724337, 1590773769, 4294967295, 4294967295, 4294967295, 3212836864, 3212836864, 2103333804, 0, 0, 0, 0, 0]	ドリームメテオ		梦境陨石		夢境隕石		드림 미티어	
887051337	Summon Meteor		[0, 0, 0, 355072781]	[0, 0, 0, 490]	[887051337, 0, 0, 0, 0, 0, 0, 0]	45	[0, 0, 0, 0, 0, 0, 0, 0, 0, 0, 0, 0, 0, 0]	0	[0, 0, 0, 0, 0, 0, 0, 0, 0, 0, 0, 0, 0, 0]	0	0	0	[813674713, 1892826537, 1590773769, 4294967295, 4294967295, 4294967295, 3212836864, 3212836864, 0, 0, 0, 0, 0, 0]	隕石呼び		召唤陨石		呼喚隕石		운석 소환	
1378482701	Summon Thundercloud		[0, 0, 0, 355072781]	[0, 0, 0, 450]	[1378482701, 0, 0, 0, 0, 0, 0, 0]	40	[0, 0, 0, 0, 0, 0, 0, 0, 0, 0, 0, 0, 0, 0]	0	[0, 0, 0, 0, 0, 0, 0, 0, 0, 0, 0, 0, 0, 0]	0	0	0	[2248991613, 2063942078, 1590773769, 4294967295, 4294967295, 4294967295, 3212836864, 3212836864, 1564507071, 0, 0, 0, 0, 0]	雷雲呼び		召唤雷云		呼喚雷雲		뇌운 소환	
798666664	Tail Slap		[0, 0, 0, 1415384097]	[0, 0, 0, 180]	[798666664, 0, 0, 0, 0, 0, 0, 0]	30	[0, 0, 0, 0, 0, 0, 0, 0, 0, 0, 0, 0, 0, 0]	0	[0, 0, 0, 0, 0, 0, 0, 0, 0, 0, 0, 0, 0, 0]	0	0	0	[3773313763, 1960492784, 1590773769, 4294967295, 4294967295, 4294967295, 3212836864, 3212836864, 0, 0, 0, 0, 0, 0]	シッポ叩き		尾部撞击		尾部撞擊		줄기 때리기	
1486724926	Spore Jet		[0, 0, 0, 1415384097]	[0, 0, 0, 100]	[1486724926, 0, 0, 0, 0, 0, 0, 0]	30	[0, 0, 0, 0, 0, 0, 0, 0, 0, 0, 0, 0, 0, 0]	0	[0, 0, 0, 0, 0, 0, 0, 0, 0, 0, 0, 0, 0, 0]	0	0	0	[3630978773, 658325416, 1590773769, 4294967295, 4294967295, 4294967295, 3212836864, 3212836864, 566026335, 0, 0, 0, 0, 0]	胞子噴射		胞子喷射		胞子噴射		포자 분사	
1047212412	Bring Luck		[0, 0, 0, 826054873]	[0, 0, 0, -100]	[1047212412, 0, 0, 0, 0, 0, 0, 0]	30	[0, 0, 0, 0, 0, 0, 0, 0, 0, 0, 0, 0, 0, 0]	0	[0, 0, 0, 0, 0, 0, 0, 0, 0, 0, 0, 0, 0, 0]	0	0	0	[1847526769, 753550271, 1590773769, 4294967295, 4294967295, 4294967295, 3212836864, 3212836864, 33601890, 0, 0, 0, 0, 0]	幸招き		招来幸运		招來幸福		행복 부르기	
1231815150	Falling Thunder		[0, 0, 0, 1415384097]	[0, 0, 0, 100]	[1231815150, 0, 0, 0, 0, 0, 0, 0]	30	[0, 0, 0, 0, 0, 0, 0, 0, 0, 0, 0, 0, 0, 0]	0	[0, 0, 0, 0, 0, 0, 0, 0, 0, 0, 0, 0, 0, 0]	0	0	0	[1453023559, 2131608295, 1590773769, 4294967295, 4294967295, 4294967295, 3212836864, 3212836864, 0, 0, 0, 0, 0, 0]	雷落とし		落雷		落雷		벼락 떨어트리기	
687303601	Thunder Rain		[0, 0, 0, 1415384097]	[0, 0, 0, 100]	[687303601, 0, 0, 0, 0, 0, 0, 0]	30	[0, 0, 0, 0, 0, 0, 0, 0, 0, 0, 0, 0, 0, 0]	0	[0, 0, 0, 0, 0, 0, 0, 0, 0, 0, 0, 0, 0, 0]	0	0	0	[1376273216, 1449388868, 1590773769, 4294967295, 4294967295, 4294967295, 3212836864, 3212836864, 0, 0, 0, 0, 0, 0]	サンダーレイン		雷雨		雷雨		선더 레인	
1609587495	Attack Down		[0, 0, 0, 1415384097]	[0, 0, 0, 180]	[1609587495, 0, 0, 0, 0, 0, 0, 0]	30	[0, 0, 0, 0, 0, 0, 0, 0, 0, 0, 0, 0, 0, 0]	0	[0, 0, 0, 0, 0, 0, 0, 0, 0, 0, 0, 0, 0, 0]	0	0	0	[1787570038, 92563996, 1590773769, 4294967295, 4294967295, 4294967295, 3212836864, 3212836864, 263268985, 0, 0, 0, 0, 0]	アタックダウン		攻击下降		攻擊下降		어택 다운	
1847264995	Spore Jet		[0, 0, 0, 1415384097]	[0, 0, 0, 100]	[1847264995, 0, 0, 0, 0, 0, 0, 0]	30	[0, 0, 0, 0, 0, 0, 0, 0, 0, 0, 0, 0, 0, 0]	0	[0, 0, 0, 0, 0, 0, 0, 0, 0, 0, 0, 0, 0, 0]	0	0	0	[1142716719, 818581253, 1590773769, 4294967295, 4294967295, 4294967295, 3212836864, 3212836864, 566026335, 0, 0, 0, 0, 0]	胞子噴射		胞子喷射		胞子噴射		포자 분사	
1901365824			[0, 0, 0, 1415384097]	[0, 0, 0, 180]	[1901365824, 0, 0, 0, 0, 0, 0, 0]	30	[0, 0, 0, 0, 0, 0, 0, 0, 0, 0, 0, 0, 0, 0]	0	[0, 0, 0, 0, 0, 0, 0, 0, 0, 0, 0, 0, 0, 0]	0	0	0	[2432581666, 1577500864, 1590773769, 4294967295, 4294967295, 4294967295, 3212836864, 3212836864, 0, 0, 0, 0, 0, 0]								
258613348			[0, 0, 0, 1415384097]	[0, 0, 0, 180]	[258613348, 0, 0, 0, 0, 0, 0, 0]	30	[0, 0, 0, 0, 0, 0, 0, 0, 0, 0, 0, 0, 0, 0]	0	[0, 0, 0, 0, 0, 0, 0, 0, 0, 0, 0, 0, 0, 0]	0	0	0	[546668786, 1858506794, 1590773769, 4294967295, 4294967295, 4294967295, 3212836864, 3212836864, 566026335, 0, 0, 0, 0, 0]								
946277627	Ice Totem		[0, 0, 0, 1415384097]	[0, 0, 0, 200]	[946277627, 0, 0, 0, 0, 0, 0, 0]	35	[0, 0, 0, 0, 0, 0, 0, 0, 0, 0, 0, 0, 0, 0]	0	[0, 0, 0, 0, 0, 0, 0, 0, 0, 0, 0, 0, 0, 0]	0	0	0	[3212997757, 755960347, 1590773769, 4294967295, 4294967295, 4294967295, 3212836864, 3212836864, 1245054362, 0, 0, 0, 0, 0]	アイストーテム		寒冰图腾		寒冰圖騰		아이스 토템	
1331706989	Ice Shot		[0, 0, 0, 1415384097]	[0, 0, 0, 220]	[1331706989, 0, 0, 0, 0, 0, 0, 0]	40	[0, 0, 0, 0, 0, 0, 0, 0, 0, 0, 0, 0, 0, 0]	0	[0, 0, 0, 0, 0, 0, 0, 0, 0, 0, 0, 0, 0, 0]	0	0	0	[2265321547, 2129169219, 1590773769, 4294967295, 4294967295, 4294967295, 3212836864, 3212836864, 1245054362, 0, 0, 0, 0, 0]	アイスショット		寒冰射击		寒冰射擊		아이스 샷	
697733673	Ice Rain		[0, 0, 0, 355072781]	[0, 0, 0, 360]	[697733673, 0, 0, 0, 0, 0, 0, 0]	30	[0, 0, 0, 0, 0, 0, 0, 0, 0, 0, 0, 0, 0, 0]	0	[0, 0, 0, 0, 0, 0, 0, 0, 0, 0, 0, 0, 0, 0]	0	0	0	[829768687, 1967126356, 1590773769, 4294967295, 4294967295, 4294967295, 3212836864, 3212836864, 1245054362, 0, 0, 0, 0, 0]	アイスレイン		冰雨		冰雨		아이스레인	
343116078			[0, 0, 0, 1415384097]	[0, 0, 0, 100]	[343116078, 0, 0, 0, 0, 0, 0, 0]	30	[0, 0, 0, 0, 0, 0, 0, 0, 0, 0, 0, 0, 0, 0]	0	[0, 0, 0, 0, 0, 0, 0, 0, 0, 0, 0, 0, 0, 0]	0	0	0	[3343064622, 1946283165, 1590773769, 4294967295, 4294967295, 4294967295, 3212836864, 3212836864, 566026335, 0, 0, 0, 0, 0]	瘴気をばら撒いた！							
708075694	Shadow Punch		[0, 0, 0, 1415384097]	[0, 0, 0, 180]	[708075694, 0, 0, 0, 0, 0, 0, 0]	30	[0, 0, 0, 0, 0, 0, 0, 0, 0, 0, 0, 0, 0, 0]	0	[0, 0, 0, 0, 0, 0, 0, 0, 0, 0, 0, 0, 0, 0]	0	0	0	[2689815814, 985899267, 1590773769, 4294967295, 4294967295, 4294967295, 3212836864, 3212836864, 0, 0, 0, 0, 0, 0]	シャドウパンチ		黑影拳		黑影拳		섀도 펀치	
1563643960			[0, 0, 0, 1415384097]	[0, 0, 0, 180]	[1563643960, 0, 0, 0, 0, 0, 0, 0]	30	[0, 0, 0, 0, 0, 0, 0, 0, 0, 0, 0, 0, 0, 0]	0	[0, 0, 0, 0, 0, 0, 0, 0, 0, 0, 0, 0, 0, 0]	0	0	0	[2564239668, 1763975259, 1590773769, 4294967295, 4294967295, 4294967295, 3212836864, 3212836864, 0, 0, 0, 0, 0, 0]								
1002831486			[0, 0, 0, 1415384097]	[0, 0, 0, 180]	[1002831486, 0, 0, 0, 0, 0, 0, 0]	30	[0, 0, 0, 0, 0, 0, 0, 0, 0, 0, 0, 0, 0, 0]	0	[0, 0, 0, 0, 0, 0, 0, 0, 0, 0, 0, 0, 0, 0]	0	0	0	[782525078, 1660116044, 1590773769, 4294967295, 4294967295, 4294967295, 3212836864, 3212836864, 0, 0, 0, 0, 0, 0]								
1287835372	Shadow Curse		[0, 0, 0, 1415384097]	[0, 0, 0, 200]	[1287835372, 0, 0, 0, 0, 0, 0, 0]	35	[0, 0, 0, 0, 0, 0, 0, 0, 0, 0, 0, 0, 0, 0]	0	[0, 0, 0, 0, 0, 0, 0, 0, 0, 0, 0, 0, 0, 0]	0	0	0	[371197600, 823450900, 1590773769, 4294967295, 4294967295, 4294967295, 3212836864, 3212836864, 1041907657, 0, 0, 0, 0, 0]	シャドウカース		黑影诅咒		黑影詛咒		섀도 카스	
760849591	Shadow Fire		[0, 0, 0, 1415384097]	[0, 0, 0, 200]	[760849591, 0, 0, 0, 0, 0, 0, 0]	35	[0, 0, 0, 0, 0, 0, 0, 0, 0, 0, 0, 0, 0, 0]	0	[0, 0, 0, 0, 0, 0, 0, 0, 0, 0, 0, 0, 0, 0]	0	0	0	[313730215, 410711223, 1590773769, 4294967295, 4294967295, 4294967295, 3212836864, 3212836864, 314621046, 0, 0, 0, 0, 0]	シャドウファイア		黑影火焰		黑影火焰		섀도 파이어	
2131891055	Shadow Fire		[0, 0, 0, 1415384097]	[0, 0, 0, 240]	[760849591, 0, 0, 0, 0, 0, 0, 0]	45	[0, 0, 0, 0, 0, 0, 0, 0, 0, 0, 0, 0, 0, 0]	0	[0, 0, 0, 0, 0, 0, 0, 0, 0, 0, 0, 0, 0, 0]	0	0	0	[313730215, 410711223, 1590773769, 4294967295, 4294967295, 4294967295, 3212836864, 3212836864, 785853077, 0, 0, 0, 0, 0]	シャドウファイア		黑影火焰		黑影火焰		섀도 파이어	
1516147745	Call Hellfire		[0, 0, 0, 355072781]	[0, 0, 0, 300]	[1516147745, 0, 0, 0, 0, 0, 0, 0]	25	[0, 0, 0, 0, 0, 0, 0, 0, 0, 0, 0, 0, 0, 0]	0	[0, 0, 0, 0, 0, 0, 0, 0, 0, 0, 0, 0, 0, 0]	0	0	0	[708264081, 1268610543, 1590773769, 4294967295, 4294967295, 4294967295, 3212836864, 3212836864, 0, 0, 0, 0, 0, 0]	コールヘルファイア		召唤地狱业火		召喚地獄之火		콜 헬파이어	
1037176676	Call Hellfire		[0, 0, 0, 355072781]	[0, 0, 0, 360]	[1516147745, 0, 0, 0, 0, 0, 0, 0]	30	[0, 0, 0, 0, 0, 0, 0, 0, 0, 0, 0, 0, 0, 0]	0	[0, 0, 0, 0, 0, 0, 0, 0, 0, 0, 0, 0, 0, 0]	0	0	0	[708264081, 1268610543, 1590773769, 4294967295, 4294967295, 4294967295, 3212836864, 3212836864, 1564507071, 1156259471, 776619146, 0, 0, 0]	コールヘルファイア		召唤地狱业火		召喚地獄之火		콜 헬파이어	
1017657957	Nomination		[0, 0, 0, 826054873]	[0, 0, 0, -100]	[1017657957, 0, 0, 0, 0, 0, 0, 0]	30	[0, 0, 0, 0, 0, 0, 0, 0, 0, 0, 0, 0, 0, 0]	0	[0, 0, 0, 0, 0, 0, 0, 0, 0, 0, 0, 0, 0, 0]	0	0	0	[2621707061, 1078594040, 1590773769, 4294967295, 4294967295, 4294967295, 3212836864, 3212836864, 496807135, 0, 0, 0, 0, 0]	ノミネート		提名		指名		노미네이트	
1269762803			[0, 0, 0, 1415384097]	[0, 0, 0, 180]	[1269762803, 0, 0, 0, 0, 0, 0, 0]	30	[0, 0, 0, 0, 0, 0, 0, 0, 0, 0, 0, 0, 0, 0]	0	[0, 0, 0, 0, 0, 0, 0, 0, 0, 0, 0, 0, 0, 0]	0	0	0	[2764076803, 330139808, 1590773769, 4294967295, 4294967295, 4294967295, 3212836864, 3212836864, 0, 0, 0, 0, 0, 0]								
2044141546	Trick Slash		[0, 0, 0, 1415384097]	[0, 0, 0, 100]	[2044141546, 0, 0, 0, 0, 0, 0, 0]	30	[0, 0, 0, 0, 0, 0, 0, 0, 0, 0, 0, 0, 0, 0]	0	[0, 0, 0, 0, 0, 0, 0, 0, 0, 0, 0, 0, 0, 0]	0	0	0	[3057675884, 1643112330, 1590773769, 4294967295, 4294967295, 4294967295, 3212836864, 3212836864, 0, 0, 0, 0, 0, 0]	トリックスラッシュ		戏法劈砍		戲法斬擊		트릭 슬래시	
248524672	Trick Wind		[0, 0, 0, 1415384097]	[0, 0, 0, 270]	[248524672, 0, 0, 0, 0, 0, 0, 0]	50	[0, 0, 0, 0, 0, 0, 0, 0, 0, 0, 0, 0, 0, 0]	0	[0, 0, 0, 0, 0, 0, 0, 0, 0, 0, 0, 0, 0, 0]	0	0	0	[2395212382, 839411410, 1590773769, 4294967295, 4294967295, 4294967295, 3212836864, 3212836864, 0, 0, 0, 0, 0, 0]	トリックウィンド		戏法之风		戲法之風		트릭 윈드	
1910349559			[0, 0, 0, 1415384097]	[0, 0, 0, 180]	[1910349559, 0, 0, 0, 0, 0, 0, 0]	30	[0, 0, 0, 0, 0, 0, 0, 0, 0, 0, 0, 0, 0, 0]	0	[0, 0, 0, 0, 0, 0, 0, 0, 0, 0, 0, 0, 0, 0]	0	0	0	[638654189, 1862256964, 1590773769, 4294967295, 4294967295, 4294967295, 3212836864, 3212836864, 0, 0, 0, 0, 0, 0]								
114994785			[0, 0, 0, 1415384097]	[0, 0, 0, 180]	[114994785, 0, 0, 0, 0, 0, 0, 0]	30	[0, 0, 0, 0, 0, 0, 0, 0, 0, 0, 0, 0, 0, 0]	0	[0, 0, 0, 0, 0, 0, 0, 0, 0, 0, 0, 0, 0, 0]	0	0	0	[513110747, 1025001500, 1590773769, 4294967295, 4294967295, 4294967295, 3212836864, 3212836864, 0, 0, 0, 0, 0, 0]								
1913295428	Groovy Gale		[0, 0, 0, 1415384097]	[0, 0, 0, 100]	[1913295428, 0, 0, 0, 0, 0, 0, 0]	30	[0, 0, 0, 0, 0, 0, 0, 0, 0, 0, 0, 0, 0, 0]	0	[0, 0, 0, 0, 0, 0, 0, 0, 0, 0, 0, 0, 0, 0]	0	0	0	[1060167220, 1407150413, 1590773769, 4294967295, 4294967295, 4294967295, 3212836864, 3212836864, 84479231, 997370132, 0, 0, 0, 0]	グルーヴィーゲイル		绝妙疾风		絕妙疾風		그루비 게일	
84779734	Call Storm		[0, 0, 0, 355072781]	[0, 0, 0, 300]	[84779734, 0, 0, 0, 0, 0, 0, 0]	25	[0, 0, 0, 0, 0, 0, 0, 0, 0, 0, 0, 0, 0, 0]	0	[0, 0, 0, 0, 0, 0, 0, 0, 0, 0, 0, 0, 0, 0]	0	0	0	[129284610, 3729429, 1590773769, 4294967295, 4294967295, 4294967295, 3212836864, 3212836864, 1539326132, 0, 0, 0, 0, 0]	コールストーム		召唤风暴		召喚風暴		콜 스톰	
1817327572	Fire Burst		[0, 0, 0, 355072781]	[0, 0, 0, 400]	[1817327572, 0, 0, 0, 0, 0, 0, 0]	35	[0, 0, 0, 0, 0, 0, 0, 0, 0, 0, 0, 0, 0, 0]	0	[0, 0, 0, 0, 0, 0, 0, 0, 0, 0, 0, 0, 0, 0]	0	0	0	[2743794962, 2100508974, 1590773769, 4294967295, 4294967295, 4294967295, 3212836864, 3212836864, 84479231, 1849776223, 0, 0, 0, 0]	ファイアバースト		火焰爆发		火焰爆發		파이어 버스트	
458557254	Shadow Curse		[0, 0, 0, 1415384097]	[0, 0, 0, 180]	[458557254, 0, 0, 0, 0, 0, 0, 0]	30	[0, 0, 0, 0, 0, 0, 0, 0, 0, 0, 0, 0, 0, 0]	0	[0, 0, 0, 0, 0, 0, 0, 0, 0, 0, 0, 0, 0, 0]	0	0	0	[2601425188, 785692790, 1590773769, 4294967295, 4294967295, 4294967295, 3212836864, 3212836864, 64671613, 1093001766, 1940202500, 0, 0, 0]	シャドウカース		黑影诅咒		黑影詛咒		섀도 카스	
2107877632	Slashing Ring		[0, 0, 0, 1415384097]	[0, 0, 0, 280]	[2107877632, 0, 0, 0, 0, 0, 0, 0]	55	[0, 0, 0, 0, 0, 0, 0, 0, 0, 0, 0, 0, 0, 0]	0	[0, 0, 0, 0, 0, 0, 0, 0, 0, 0, 0, 0, 0, 0]	0	0	0	[763218562, 621003873, 1590773769, 4294967295, 4294967295, 4294967295, 3212836864, 3212836864, 785853077, 0, 0, 0, 0, 0]	スラッシュリング		劈砍之环		斬擊圓環		슬래시 링	
203893018	White Meteor Thunder		[0, 0, 0, 1415384097]	[0, 0, 0, 100]	[203893018, 0, 0, 0, 0, 0, 0, 0]	30	[0, 0, 0, 0, 0, 0, 0, 0, 0, 0, 0, 0, 0, 0]	0	[0, 0, 0, 0, 0, 0, 0, 0, 0, 0, 0, 0, 0, 0]	0	0	0	[1514184944, 74800421, 1590773769, 4294967295, 4294967295, 4294967295, 3212836864, 3212836864, 0, 0, 0, 0, 0, 0]	ホワイトメテオサンダー		白陨雷电		白隕石雷霆		화이트 미티어 선더	
2065701260	No Getting Ahead		[0, 0, 0, 1415384097]	[0, 0, 0, 100]	[2065701260, 0, 0, 0, 0, 0, 0, 0]	30	[0, 0, 0, 0, 0, 0, 0, 0, 0, 0, 0, 0, 0, 0]	0	[0, 0, 0, 0, 0, 0, 0, 0, 0, 0, 0, 0, 0, 0]	0	0	0	[1657062618, 1469242493, 1590773769, 4294967295, 4294967295, 4294967295, 3212836864, 3212836864, 0, 0, 0, 0, 0, 0]	抜け駆け禁止		禁止抢攻		禁止搶先		앞지르기 금지	
500611018	Shadow Curse		[0, 0, 0, 1415384097]	[0, 0, 0, 100]	[500611018, 0, 0, 0, 0, 0, 0, 0]	30	[0, 0, 0, 0, 0, 0, 0, 0, 0, 0, 0, 0, 0, 0]	0	[0, 0, 0, 0, 0, 0, 0, 0, 0, 0, 0, 0, 0, 0]	0	0	0	[3568801660, 1548066922, 1590773769, 4294967295, 4294967295, 4294967295, 3212836864, 3212836864, 0, 0, 0, 0, 0, 0]	シャドウカース		黑影诅咒		黑影詛咒		섀도 카스	
1792116576	Slashing Ring		[0, 0, 0, 1415384097]	[0, 0, 0, 100]	[1792116576, 0, 0, 0, 0, 0, 0, 0]	30	[0, 0, 0, 0, 0, 0, 0, 0, 0, 0, 0, 0, 0, 0]	0	[0, 0, 0, 0, 0, 0, 0, 0, 0, 0, 0, 0, 0, 0]	0	0	0	[3962827594, 262283570, 1590773769, 4294967295, 4294967295, 4294967295, 3212836864, 3212836864, 0, 0, 0, 0, 0, 0]	スラッシュリング		劈砍之环		斬擊圓環		슬래시 링	
189459715	Black Thunder Rain		[0, 0, 0, 1415384097]	[0, 0, 0, 100]	[189459715, 0, 0, 0, 0, 0, 0, 0]	30	[0, 0, 0, 0, 0, 0, 0, 0, 0, 0, 0, 0, 0, 0]	0	[0, 0, 0, 0, 0, 0, 0, 0, 0, 0, 0, 0, 0, 0]	0	0	0	[3902853453, 650905745, 1590773769, 4294967295, 4294967295, 4294967295, 3212836864, 3212836864, 0, 0, 0, 0, 0, 0]	ブラックサンダーレイン		漆黑雷雨		闇黑雷雨		블랙 선더 레인	
2085477781	Thunder Shot		[0, 0, 0, 1415384097]	[0, 0, 0, 100]	[2085477781, 0, 0, 0, 0, 0, 0, 0]	30	[0, 0, 0, 0, 0, 0, 0, 0, 0, 0, 0, 0, 0, 0]	0	[0, 0, 0, 0, 0, 0, 0, 0, 0, 0, 0, 0, 0, 0]	0	0	0	[3492066683, 1965787593, 1590773769, 4294967295, 4294967295, 4294967295, 3212836864, 3212836864, 0, 0, 0, 0, 0, 0]	サンダーショット		雷霆射击		雷電射擊		선더 샷	
738825407	Surprise Burn		[0, 0, 0, 1415384097]	[0, 0, 0, 200]	[738825407, 0, 0, 0, 0, 0, 0, 0]	35	[0, 0, 0, 0, 0, 0, 0, 0, 0, 0, 0, 0, 0, 0]	0	[0, 0, 0, 0, 0, 0, 0, 0, 0, 0, 0, 0, 0, 0]	0	0	0	[2481186344, 137757380, 1590773769, 4294967295, 4294967295, 4294967295, 3212836864, 3212836864, 0, 0, 0, 0, 0, 0]	サプライズバーン		惊愕怒火		驚愕烈焰		서프라이즈반	
1527686185	Explosion		[0, 0, 0, 355072781]	[0, 0, 0, 100]	[1527686185, 0, 0, 0, 0, 0, 0, 0]	30	[0, 0, 0, 0, 0, 0, 0, 0, 0, 0, 0, 0, 0, 0]	0	[0, 0, 0, 0, 0, 0, 0, 0, 0, 0, 0, 0, 0, 0]	0	0	0	[2875687454, 1540457372, 1590773769, 4294967295, 4294967295, 4294967295, 3212836864, 3212836864, 0, 0, 0, 0, 0, 0]	エクスプロージョン		爆炸		爆炸		익스플로전	
1039665773	Magic Fire Gift		[0, 0, 0, 1415384097]	[0, 0, 0, 220]	[1039665773, 0, 0, 0, 0, 0, 0, 0]	40	[0, 0, 0, 0, 0, 0, 0, 0, 0, 0, 0, 0, 0, 0]	0	[0, 0, 0, 0, 0, 0, 0, 0, 0, 0, 0, 0, 0, 0]	0	0	0	[487903676, 1342635915, 1590773769, 4294967295, 4294967295, 4294967295, 3212836864, 3212836864, 466291612, 0, 0, 0, 0, 0]	マジックファイアギフト		魔法火焰盛礼		魔法火焰盛禮		매직 파이어 기프트	
1258240763	Curse Burn		[0, 0, 0, 355072781]	[0, 0, 0, 250]	[1258240763, 0, 0, 0, 0, 0, 0, 0]	20	[0, 0, 0, 0, 0, 0, 0, 0, 0, 0, 0, 0, 0, 0]	0	[0, 0, 0, 0, 0, 0, 0, 0, 0, 0, 0, 0, 0, 0]	0	0	0	[630240654, 65109715, 1590773769, 4294967295, 4294967295, 4294967295, 3212836864, 3212836864, 1156259471, 0, 0, 0, 0, 0]	カースバーン		诅咒怒火		詛咒烈焰		카스반	
727994534	Magical Smoke		[0, 0, 0, 355072781]	[0, 0, 0, 300]	[727994534, 0, 0, 0, 0, 0, 0, 0]	25	[0, 0, 0, 0, 0, 0, 0, 0, 0, 0, 0, 0, 0, 0]	0	[0, 0, 0, 0, 0, 0, 0, 0, 0, 0, 0, 0, 0, 0]	0	0	0	[553883531, 714037104, 1590773769, 4294967295, 4294967295, 4294967295, 3212836864, 3212836864, 1921868607, 0, 0, 0, 0, 0]	マジカルスモーク		神奇烟雾		神奇煙霧		매지컬 스모크	
1550016560	Blessing		[0, 0, 0, 826054873]	[0, 0, 0, -100]	[1550016560, 0, 0, 0, 0, 0, 0, 0]	30	[0, 0, 0, 0, 0, 0, 0, 0, 0, 0, 0, 0, 0, 0]	0	[0, 0, 0, 0, 0, 0, 0, 0, 0, 0, 0, 0, 0, 0]	0	0	0	[428340157, 2036913704, 1590773769, 4294967295, 4294967295, 4294967295, 3212836864, 3212836864, 1154838972, 0, 0, 0, 0, 0]	祝福		祝福		祝福		축복	
1472292724	Surprise Burn		[0, 0, 0, 1415384097]	[0, 0, 0, 100]	[1472292724, 0, 0, 0, 0, 0, 0, 0]	30	[0, 0, 0, 0, 0, 0, 0, 0, 0, 0, 0, 0, 0, 0]	0	[0, 0, 0, 0, 0, 0, 0, 0, 0, 0, 0, 0, 0, 0]	0	0	0	[2524449730, 102336623, 1590773769, 4294967295, 4294967295, 4294967295, 3212836864, 3212836864, 0, 0, 0, 0, 0, 0]	サプライズバーン		惊愕怒火		驚愕烈焰		서프라이즈반	
549869538	Flame Tongue		[0, 0, 0, 1415384097]	[0, 0, 0, 100]	[549869538, 0, 0, 0, 0, 0, 0, 0]	30	[0, 0, 0, 0, 0, 0, 0, 0, 0, 0, 0, 0, 0, 0]	0	[0, 0, 0, 0, 0, 0, 0, 0, 0, 0, 0, 0, 0, 0]	0	0	0	[2935779316, 1442711863, 1590773769, 4294967295, 4294967295, 4294967295, 3212836864, 3212836864, 0, 0, 0, 0, 0, 0]	燃える舌		燃烧之舌		燃燒之舌		불타는 혀	
1177614760	Magical Smoke		[0, 0, 0, 1415384097]	[0, 0, 0, 100]	[1177614760, 0, 0, 0, 0, 0, 0, 0]	30	[0, 0, 0, 0, 0, 0, 0, 0, 0, 0, 0, 0, 0, 0]	0	[0, 0, 0, 0, 0, 0, 0, 0, 0, 0, 0, 0, 0, 0]	0	0	0	[412040274, 1579775264, 1590773769, 4294967295, 4294967295, 4294967295, 3212836864, 3212836864, 0, 0, 0, 0, 0, 0]	マジカルスモーク		神奇烟雾		神奇煙霧		매지컬 스모크	
523700652	Wide-Range Fire Gift		[0, 0, 0, 355072781]	[0, 0, 0, 450]	[523700652, 0, 0, 0, 0, 0, 0, 0]	40	[0, 0, 0, 0, 0, 0, 0, 0, 0, 0, 0, 0, 0, 0]	0	[0, 0, 0, 0, 0, 0, 0, 0, 0, 0, 0, 0, 0, 0]	0	0	0	[1254778570, 1883558960, 1590773769, 4294967295, 4294967295, 4294967295, 3212836864, 3212836864, 539629272, 0, 0, 0, 0, 0]	ワイドレンジファイアギフト		广域火焰盛礼		廣域火焰盛禮		광범위 파이어 기프트	
1747990846	Random Gift		[0, 0, 0, 1883795445]	[0, 0, 0, -50]	[1747990846, 0, 0, 0, 0, 0, 0, 0]	30	[0, 0, 0, 0, 0, 0, 0, 0, 0, 0, 0, 0, 0, 0]	0	[0, 0, 0, 0, 0, 0, 0, 0, 0, 0, 0, 0, 0, 0]	0	0	0	[1917715196, 597906792, 1590773769, 4294967295, 4294967295, 4294967295, 3212836864, 3212836864, 1072927618, 68325066, 1925505319, 670943149, 372982207, 0]	ランダムギフト		随机盛礼		隨機盛禮		랜덤 기프트	
1581819277			[0, 0, 0, 1415384097]	[0, 0, 0, 180]	[1581819277, 0, 0, 0, 0, 0, 0, 0]	30	[0, 0, 0, 0, 0, 0, 0, 0, 0, 0, 0, 0, 0, 0]	0	[0, 0, 0, 0, 0, 0, 0, 0, 0, 0, 0, 0, 0, 0]	0	0	0	[2317923950, 493536376, 1590773769, 4294967295, 4294967295, 4294967295, 3212836864, 3212836864, 0, 0, 0, 0, 0, 0]								
693081371	Super Cast		[0, 0, 0, 1415384097]	[0, 0, 0, 180]	[693081371, 0, 0, 0, 0, 0, 0, 0]	30	[0, 0, 0, 0, 0, 0, 0, 0, 0, 0, 0, 0, 0, 0]	0	[0, 0, 0, 0, 0, 0, 0, 0, 0, 0, 0, 0, 0, 0]	0	0	0	[2997670492, 1317881120, 1590773769, 4294967295, 4294967295, 4294967295, 3212836864, 3212836864, 0, 0, 0, 0, 0, 0]	シュペルカスト		障碍光炮		障礙光砲		슈펠 캐스트	
1337539423	Magic Reflection		[0, 0, 0, 826054873]	[0, 0, 0, -100]	[1337539423, 0, 0, 0, 0, 0, 0, 0]	30	[0, 0, 0, 0, 0, 0, 0, 0, 0, 0, 0, 0, 0, 0]	0	[0, 0, 0, 0, 0, 0, 0, 0, 0, 0, 0, 0, 0, 0]	0	0	0	[81756670, 1163540791, 1590773769, 4294967295, 4294967295, 4294967295, 3212836864, 3212836864, 925824890, 0, 0, 0, 0, 0]	マジックリフレクション		魔法反射		魔法反射		매직 리플렉션	
951978953			[0, 0, 0, 1415384097]	[0, 0, 0, 180]	[951978953, 0, 0, 0, 0, 0, 0, 0]	30	[0, 0, 0, 0, 0, 0, 0, 0, 0, 0, 0, 0, 0, 0]	0	[0, 0, 0, 0, 0, 0, 0, 0, 0, 0, 0, 0, 0, 0]	0	0	0	[1012655560, 381532271, 1590773769, 4294967295, 4294967295, 4294967295, 3212836864, 3212836864, 0, 0, 0, 0, 0, 0]								
774000898	Shadow Fire		[0, 0, 0, 355072781]	[0, 0, 0, 250]	[774000898, 0, 0, 0, 0, 0, 0, 0]	20	[0, 0, 0, 0, 0, 0, 0, 0, 0, 0, 0, 0, 0, 0]	0	[0, 0, 0, 0, 0, 0, 0, 0, 0, 0, 0, 0, 0, 0]	0	0	0	[5022713, 1815351444, 1590773769, 4294967295, 4294967295, 4294967295, 3212836864, 3212836864, 0, 0, 0, 0, 0, 0]	シャドウファイア		黑影火焰		黑影火焰		섀도 파이어	
1221918536	Suffocating Flare		[0, 0, 0, 355072781]	[0, 0, 0, 360]	[1221918536, 0, 0, 0, 0, 0, 0, 0]	30	[0, 0, 0, 0, 0, 0, 0, 0, 0, 0, 0, 0, 0, 0]	0	[0, 0, 0, 0, 0, 0, 0, 0, 0, 0, 0, 0, 0, 0]	0	0	0	[3057643613, 1742957699, 1590773769, 4294967295, 4294967295, 4294967295, 3212836864, 3212836864, 463816691, 0, 0, 0, 0, 0]	フレアサフォケイション		窒息之炎		閃光窒息		플레어 사포케이션	
1070845906			[0, 0, 0, 1415384097]	[0, 0, 0, 180]	[1070845906, 0, 0, 0, 0, 0, 0, 0]	30	[0, 0, 0, 0, 0, 0, 0, 0, 0, 0, 0, 0, 0, 0]	0	[0, 0, 0, 0, 0, 0, 0, 0, 0, 0, 0, 0, 0, 0]	0	0	0	[2394657899, 872738267, 1590773769, 4294967295, 4294967295, 4294967295, 3212836864, 3212836864, 0, 0, 0, 0, 0, 0]								
2133046957			[0, 0, 0, 1415384097]	[0, 0, 0, 180]	[2133046957, 0, 0, 0, 0, 0, 0, 0]	30	[0, 0, 0, 0, 0, 0, 0, 0, 0, 0, 0, 0, 0, 0]	0	[0, 0, 0, 0, 0, 0, 0, 0, 0, 0, 0, 0, 0, 0]	0	0	0	[2925920046, 1536447820, 1590773769, 4294967295, 4294967295, 4294967295, 3212836864, 3212836864, 0, 0, 0, 0, 0, 0]								
2090183352	Power Shot		[0, 0, 0, 1415384097]	[0, 0, 0, 200]	[2090183352, 0, 0, 0, 0, 0, 0, 0]	35	[0, 0, 0, 0, 0, 0, 0, 0, 0, 0, 0, 0, 0, 0]	0	[0, 0, 0, 0, 0, 0, 0, 0, 0, 0, 0, 0, 0, 0]	0	0	0	[3214070884, 189673564, 1590773769, 4294967295, 4294967295, 4294967295, 3212836864, 3212836864, 84479231, 0, 0, 0, 0, 0]	パワーショット		力量射击		力量射擊		파워 샷	
194157090	Spin Slash		[0, 0, 0, 1415384097]	[0, 0, 0, 240]	[194157090, 0, 0, 0, 0, 0, 0, 0]	45	[0, 0, 0, 0, 0, 0, 0, 0, 0, 0, 0, 0, 0, 0]	0	[0, 0, 0, 0, 0, 0, 0, 0, 0, 0, 0, 0, 0, 0]	0	0	0	[2266411094, 1487515908, 1590773769, 4294967295, 4294967295, 4294967295, 3212836864, 3212836864, 539629272, 0, 0, 0, 0, 0]	スピンスラッシュ		旋弹劈砍		旋彈斬擊		스핀 슬래시	
1835283556	Healing Gale		[0, 0, 0, 1415384097]	[0, 0, 0, 100]	[1835283556, 0, 0, 0, 0, 0, 0, 0]	30	[0, 0, 0, 0, 0, 0, 0, 0, 0, 0, 0, 0, 0, 0]	0	[0, 0, 0, 0, 0, 0, 0, 0, 0, 0, 0, 0, 0, 0]	0	0	0	[828761072, 1400818963, 1590773769, 4294967295, 4294967295, 4294967295, 3212836864, 3212836864, 0, 0, 0, 0, 0, 0]	ヒールゲイル		治愈强风		治癒疾風		힐 게일	
442696946	Storm		[0, 0, 0, 355072781]	[0, 0, 0, 400]	[442696946, 0, 0, 0, 0, 0, 0, 0]	35	[0, 0, 0, 0, 0, 0, 0, 0, 0, 0, 0, 0, 0, 0]	0	[0, 0, 0, 0, 0, 0, 0, 0, 0, 0, 0, 0, 0, 0]	0	0	0	[165775302, 10046539, 1590773769, 4294967295, 4294967295, 4294967295, 3212836864, 3212836864, 466291612, 0, 0, 0, 0, 0]	ストーム		暴风		風暴		스톰	
667223003	Cyclone Dance		[0, 0, 0, 355072781]	[0, 0, 0, 250]	[667223003, 0, 0, 0, 0, 0, 0, 0]	20	[0, 0, 0, 0, 0, 0, 0, 0, 0, 0, 0, 0, 0, 0]	0	[0, 0, 0, 0, 0, 0, 0, 0, 0, 0, 0, 0, 0, 0]	0	0	0	[3141474048, 1317864287, 1590773769, 4294967295, 4294967295, 4294967295, 3212836864, 3212836864, 539629272, 0, 0, 0, 0, 0]	旋風演舞		旋风演舞		旋風演舞		선풍연무	
1180592518	Encouraging Cry		[0, 0, 0, 1883795445]	[0, 0, 0, -50]	[1180592518, 0, 0, 0, 0, 0, 0, 0]	30	[0, 0, 0, 0, 0, 0, 0, 0, 0, 0, 0, 0, 0, 0]	0	[0, 0, 0, 0, 0, 0, 0, 0, 0, 0, 0, 0, 0, 0]	0	0	0	[3215734023, 1742940924, 1590773769, 4294967295, 4294967295, 4294967295, 3212836864, 3212836864, 1849776223, 33601890, 0, 0, 0, 0]	鼓舞の鳴き声		鼓舞之吼		鼓舞之鳴		고무의 울음소리	
508023678	Encouraging Cry		[0, 0, 0, 1883795445]	[0, 0, 0, -60]	[1180592518, 0, 0, 0, 0, 0, 0, 0]	40	[0, 0, 0, 0, 0, 0, 0, 0, 0, 0, 0, 0, 0, 0]	0	[0, 0, 0, 0, 0, 0, 0, 0, 0, 0, 0, 0, 0, 0]	0	0	0	[3215734023, 1742940924, 1590773769, 4294967295, 4294967295, 4294967295, 3212836864, 3212836864, 740990787, 0, 0, 0, 0, 0]	鼓舞の鳴き声		鼓舞之吼		鼓舞之鳴		고무의 울음소리	
1444464555	Encouraging Cry		[0, 0, 0, 1883795445]	[0, 0, 0, -80]	[1180592518, 0, 0, 0, 0, 0, 0, 0]	50	[0, 0, 0, 0, 0, 0, 0, 0, 0, 0, 0, 0, 0, 0]	0	[0, 0, 0, 0, 0, 0, 0, 0, 0, 0, 0, 0, 0, 0]	0	0	0	[3215734023, 1742940924, 1590773769, 4294967295, 4294967295, 4294967295, 3212836864, 3212836864, 710878373, 0, 0, 0, 0, 0]	鼓舞の鳴き声		鼓舞之吼		鼓舞之鳴		고무의 울음소리	
827939088	Scratch		[0, 0, 0, 1415384097]	[0, 0, 0, 180]	[827939088, 0, 0, 0, 0, 0, 0, 0]	30	[0, 0, 0, 0, 0, 0, 0, 0, 0, 0, 0, 0, 0, 0]	0	[0, 0, 0, 0, 0, 0, 0, 0, 0, 0, 0, 0, 0, 0]	0	0	0	[2267566385, 872721316, 1590773769, 4294967295, 4294967295, 4294967295, 3212836864, 3212836864, 539629272, 0, 0, 0, 0, 0]	ひっかく		利爪抓挠		揮爪		할퀴기	
1471149910	Tail Slash		[0, 0, 0, 355072781]	[0, 0, 0, 300]	[1471149910, 0, 0, 0, 0, 0, 0, 0]	25	[0, 0, 0, 0, 0, 0, 0, 0, 0, 0, 0, 0, 0, 0]	0	[0, 0, 0, 0, 0, 0, 0, 0, 0, 0, 0, 0, 0, 0]	0	0	0	[828048021, 1070847923, 1590773769, 4294967295, 4294967295, 4294967295, 3212836864, 3212836864, 466291612, 0, 0, 0, 0, 0]	尻尾の斬撃		尾部斩击		尾巴的斬擊		꼬리의 참격	
547932100	Dark Thunderstorm		[0, 0, 0, 1415384097]	[0, 0, 0, 100]	[547932100, 0, 0, 0, 0, 0, 0, 0]	30	[0, 0, 0, 0, 0, 0, 0, 0, 0, 0, 0, 0, 0, 0]	0	[0, 0, 0, 0, 0, 0, 0, 0, 0, 0, 0, 0, 0, 0]	0	0	0	[165635747, 1815369451, 1590773769, 4294967295, 4294967295, 4294967295, 3212836864, 3212836864, 0, 0, 0, 0, 0, 0]	闇の雷雨		暗之雷雨		黑暗雷雨		어둠의 뇌우	
891038263	Bolt Tail Barrage		[0, 0, 0, 1415384097]	[0, 0, 0, 100]	[891038263, 0, 0, 0, 0, 0, 0, 0]	30	[0, 0, 0, 0, 0, 0, 0, 0, 0, 0, 0, 0, 0, 0]	0	[0, 0, 0, 0, 0, 0, 0, 0, 0, 0, 0, 0, 0, 0]	0	0	0	[2353581921, 883537820, 1590773769, 4294967295, 4294967295, 4294967295, 3212836864, 3212836864, 0, 0, 0, 0, 0, 0]	雷尾連打		雷尾连打		雷尾連打		번개의 꼬리 연타	
857673636	Blood Storm		[0, 0, 0, 355072781]	[0, 0, 0, 360]	[857673636, 0, 0, 0, 0, 0, 0, 0]	30	[0, 0, 0, 0, 0, 0, 0, 0, 0, 0, 0, 0, 0, 0]	0	[0, 0, 0, 0, 0, 0, 0, 0, 0, 0, 0, 0, 0, 0]	0	0	0	[127060606, 1958497978, 1590773769, 4294967295, 4294967295, 4294967295, 3212836864, 3212836864, 314621046, 0, 0, 0, 0, 0]	ブラッドストーム		嗜血风暴		噬血風暴		블러드 스톰	
1142439734	Tail Rush		[0, 0, 0, 1415384097]	[0, 0, 0, 200]	[1142439734, 0, 0, 0, 0, 0, 0, 0]	35	[0, 0, 0, 0, 0, 0, 0, 0, 0, 0, 0, 0, 0, 0]	0	[0, 0, 0, 0, 0, 0, 0, 0, 0, 0, 0, 0, 0, 0]	0	0	0	[1058451016, 660328418, 1590773769, 4294967295, 4294967295, 4294967295, 3212836864, 3212836864, 0, 0, 0, 0, 0, 0]	テイルラッシュ		鞭尾连击		尾巴連擊		테일 러시	
586060144	Wind Ball		[0, 0, 0, 1415384097]	[0, 0, 0, 220]	[586060144, 0, 0, 0, 0, 0, 0, 0]	40	[0, 0, 0, 0, 0, 0, 0, 0, 0, 0, 0, 0, 0, 0]	0	[0, 0, 0, 0, 0, 0, 0, 0, 0, 0, 0, 0, 0, 0]	0	0	0	[2305162734, 747418613, 1590773769, 4294967295, 4294967295, 4294967295, 3212836864, 3212836864, 1617803152, 0, 0, 0, 0, 0]	ウィンドボール		风球		風球		윈드 볼	
2073792491	Tail Rush		[0, 0, 0, 1415384097]	[0, 0, 0, 100]	[2073792491, 0, 0, 0, 0, 0, 0, 0]	30	[0, 0, 0, 0, 0, 0, 0, 0, 0, 0, 0, 0, 0, 0]	0	[0, 0, 0, 0, 0, 0, 0, 0, 0, 0, 0, 0, 0, 0]	0	0	0	[3170077897, 600608538, 1590773769, 4294967295, 4294967295, 4294967295, 3212836864, 3212836864, 0, 0, 0, 0, 0, 0]	テイルラッシュ		鞭尾连击		尾巴連擊		테일 러시	
493691311	Praise of Valor		[0, 0, 0, 1415384097]	[0, 0, 0, 100]	[493691311, 0, 0, 0, 0, 0, 0, 0]	30	[0, 0, 0, 0, 0, 0, 0, 0, 0, 0, 0, 0, 0, 0]	0	[0, 0, 0, 0, 0, 0, 0, 0, 0, 0, 0, 0, 0, 0]	0	0	0	[176217965, 672920333, 1590773769, 4294967295, 4294967295, 4294967295, 3212836864, 3212836864, 0, 0, 0, 0, 0, 0]	勇猛の賞賛		勇猛赞赏		勇猛的讚賞		용맹 칭찬	
1736247073	Frozen Breath		[0, 0, 0, 1415384097]	[0, 0, 0, 220]	[1736247073, 0, 0, 0, 0, 0, 0, 0]	40	[0, 0, 0, 0, 0, 0, 0, 0, 0, 0, 0, 0, 0, 0]	0	[0, 0, 0, 0, 0, 0, 0, 0, 0, 0, 0, 0, 0, 0]	0	0	0	[2012015861, 1572574485, 1590773769, 4294967295, 4294967295, 4294967295, 3212836864, 3212836864, 0, 0, 0, 0, 0, 0]	氷結息吹		冻结吐息		凍結氣息		빙결의 숨결	
276445111	Freeze Rain		[0, 0, 0, 355072781]	[0, 0, 0, 300]	[276445111, 0, 0, 0, 0, 0, 0, 0]	25	[0, 0, 0, 0, 0, 0, 0, 0, 0, 0, 0, 0, 0, 0]	0	[0, 0, 0, 0, 0, 0, 0, 0, 0, 0, 0, 0, 0, 0]	0	0	0	[1332250819, 240915533, 1590773769, 4294967295, 4294967295, 4294967295, 3212836864, 3212836864, 0, 0, 0, 0, 0, 0]	フリーズレイン		冻雨		冰結之雨		프리즈 레인	
1988925939	Dissonance		[0, 0, 0, 355072781]	[0, 0, 0, 100]	[1988925939, 0, 0, 0, 0, 0, 0, 0]	30	[0, 0, 0, 0, 0, 0, 0, 0, 0, 0, 0, 0, 0, 0]	0	[0, 0, 0, 0, 0, 0, 0, 0, 0, 0, 0, 0, 0, 0]	0	0	0	[4179352423, 93022298, 1590773769, 4294967295, 4294967295, 4294967295, 3212836864, 3212836864, 0, 0, 0, 0, 0, 0]	不協和音		不协和音		不協和音		불협화음	
961647654	Blizzard		[0, 0, 0, 1415384097]	[0, 0, 0, 100]	[961647654, 0, 0, 0, 0, 0, 0, 0]	30	[0, 0, 0, 0, 0, 0, 0, 0, 0, 0, 0, 0, 0, 0]	0	[0, 0, 0, 0, 0, 0, 0, 0, 0, 0, 0, 0, 0, 0]	0	0	0	[1150595484, 1372507080, 1590773769, 4294967295, 4294967295, 4294967295, 3212836864, 3212836864, 0, 0, 0, 0, 0, 0]	ブリザード		暴风雪		暴風雪		블리자드	
494350562			[0, 0, 0, 1415384097]	[0, 0, 0, 180]	[494350562, 0, 0, 0, 0, 0, 0, 0]	30	[0, 0, 0, 0, 0, 0, 0, 0, 0, 0, 0, 0, 0, 0]	0	[0, 0, 0, 0, 0, 0, 0, 0, 0, 0, 0, 0, 0, 0]	0	0	0	[3255644934, 1657347733, 1590773769, 4294967295, 4294967295, 4294967295, 3212836864, 3212836864, 0, 0, 0, 0, 0, 0]								
1785725044			[0, 0, 0, 1415384097]	[0, 0, 0, 180]	[1785725044, 0, 0, 0, 0, 0, 0, 0]	30	[0, 0, 0, 0, 0, 0, 0, 0, 0, 0, 0, 0, 0, 0]	0	[0, 0, 0, 0, 0, 0, 0, 0, 0, 0, 0, 0, 0, 0]	0	0	0	[4203304756, 825139149, 1590773769, 4294967295, 4294967295, 4294967295, 3212836864, 3212836864, 0, 0, 0, 0, 0, 0]								
210153010			[0, 0, 0, 1415384097]	[0, 0, 0, 180]	[210153010, 0, 0, 0, 0, 0, 0, 0]	30	[0, 0, 0, 0, 0, 0, 0, 0, 0, 0, 0, 0, 0, 0]	0	[0, 0, 0, 0, 0, 0, 0, 0, 0, 0, 0, 0, 0, 0]	0	0	0	[1291453590, 989455322, 1590773769, 4294967295, 4294967295, 4294967295, 3212836864, 3212836864, 0, 0, 0, 0, 0, 0]								
2072092328			[0, 0, 0, 1415384097]	[0, 0, 0, 180]	[2072092328, 0, 0, 0, 0, 0, 0, 0]	30	[0, 0, 0, 0, 0, 0, 0, 0, 0, 0, 0, 0, 0, 0]	0	[0, 0, 0, 0, 0, 0, 0, 0, 0, 0, 0, 0, 0, 0]	0	0	0	[1954439328, 1763598978, 1590773769, 4294967295, 4294967295, 4294967295, 3212836864, 3212836864, 0, 0, 0, 0, 0, 0]								
1774985576			[0, 0, 0, 1415384097]	[0, 0, 0, 180]	[1774985576, 0, 0, 0, 0, 0, 0, 0]	30	[0, 0, 0, 0, 0, 0, 0, 0, 0, 0, 0, 0, 0, 0]	0	[0, 0, 0, 0, 0, 0, 0, 0, 0, 0, 0, 0, 0, 0]	0	0	0	[1813127030, 22266603, 1590773769, 4294967295, 4294967295, 4294967295, 3212836864, 3212836864, 0, 0, 0, 0, 0, 0]								
516624894			[0, 0, 0, 1415384097]	[0, 0, 0, 180]	[516624894, 0, 0, 0, 0, 0, 0, 0]	30	[0, 0, 0, 0, 0, 0, 0, 0, 0, 0, 0, 0, 0, 0]	0	[0, 0, 0, 0, 0, 0, 0, 0, 0, 0, 0, 0, 0, 0]	0	0	0	[1419148100, 1387545523, 1590773769, 4294967295, 4294967295, 4294967295, 3212836864, 3212836864, 0, 0, 0, 0, 0, 0]								
2017312700			[0, 0, 0, 1415384097]	[0, 0, 0, 180]	[2017312700, 0, 0, 0, 0, 0, 0, 0]	30	[0, 0, 0, 0, 0, 0, 0, 0, 0, 0, 0, 0, 0, 0]	0	[0, 0, 0, 0, 0, 0, 0, 0, 0, 0, 0, 0, 0, 0]	0	0	0	[3806669030, 1499676580, 1590773769, 4294967295, 4294967295, 4294967295, 3212836864, 3212836864, 0, 0, 0, 0, 0, 0]								
530233448	Great Sand Devourer		[0, 0, 0, 355072781]	[0, 0, 0, -1000]	[530233448, 0, 0, 0, 0, 0, 0, 0]	15	[0, 0, 0, 0, 0, 0, 0, 0, 0, 0, 0, 0, 0, 0]	0	[0, 0, 0, 0, 0, 0, 0, 0, 0, 0, 0, 0, 0, 0]	0	0	0	[3484865775, 946779653, 1590773769, 4294967295, 4294967295, 4294967295, 3212836864, 3212836864, 0, 0, 0, 0, 0, 0]	大砂喰らい		吞沙巨咬		吞沙巨咬		왕모래 삼키기	
1755154686	Heavy Bite		[0, 0, 0, 1415384097]	[0, 0, 0, 240]	[1755154686, 0, 0, 0, 0, 0, 0, 0]	45	[0, 0, 0, 0, 0, 0, 0, 0, 0, 0, 0, 0, 0, 0]	0	[0, 0, 0, 0, 0, 0, 0, 0, 0, 0, 0, 0, 0, 0]	0	0	0	[4147294425, 1804154717, 1590773769, 4294967295, 4294967295, 4294967295, 3212836864, 3212836864, 0, 0, 0, 0, 0, 0]	ヘヴィバイト		强力撕咬		強力撕咬		헤비 바이트	
241903292	Heat Rock		[0, 0, 0, 1415384097]	[0, 0, 0, 300]	[241903292, 0, 0, 0, 0, 0, 0, 0]	60	[0, 0, 0, 0, 0, 0, 0, 0, 0, 0, 0, 0, 0, 0]	0	[0, 0, 0, 0, 0, 0, 0, 0, 0, 0, 0, 0, 0, 0]	0	0	0	[1094837117, 1616792394, 1590773769, 4294967295, 4294967295, 4294967295, 3212836864, 3212836864, 1777948992, 0, 0, 0, 0, 0]	ヒートロック		灼热巨石		灼熱巨石		히트 록	
2037126702	Fire Breath		[0, 0, 0, 355072781]	[0, 0, 0, 400]	[2037126702, 0, 0, 0, 0, 0, 0, 0]	35	[0, 0, 0, 0, 0, 0, 0, 0, 0, 0, 0, 0, 0, 0]	0	[0, 0, 0, 0, 0, 0, 0, 0, 0, 0, 0, 0, 0, 0]	0	0	0	[2042988363, 867813906, 1590773769, 4294967295, 4294967295, 4294967295, 3212836864, 3212836864, 645504651, 0, 0, 0, 0, 0]	ファイアブレス		火焰吐息		火焰吐息		파이어 브레스	
418872433	Protective Roar		[0, 0, 0, 1883795445]	[0, 0, 0, -1000]	[418872433, 0, 0, 0, 0, 0, 0, 0]	30	[0, 0, 0, 0, 0, 0, 0, 0, 0, 0, 0, 0, 0, 0]	0	[0, 0, 0, 0, 0, 0, 0, 0, 0, 0, 0, 0, 0, 0]	0	0	0	[2102830412, 450356145, 1590773769, 4294967295, 4294967295, 4294967295, 3212836864, 3212836864, 1709468925, 710878373, 0, 0, 0, 0]	加護の咆哮		庇护咆哮		庇護咆哮		가호의 포효	
1288245174	Uni Throw MAX		[0, 0, 0, 355072781]	[0, 0, 0, 250]	[1288245174, 0, 0, 0, 0, 0, 0, 0]	20	[0, 0, 0, 0, 0, 0, 0, 0, 0, 0, 0, 0, 0, 0]	0	[0, 0, 0, 0, 0, 0, 0, 0, 0, 0, 0, 0, 0, 0]	0	0	0	[2454474838, 1264753427, 1590773769, 4294967295, 4294967295, 4294967295, 3212836864, 3212836864, 84479231, 0, 0, 0, 0, 0]	うに投げMAX		投掷海胆MAX		投擲海膽MAX		성게 던지기 MAX	
1003372320	Calm After the Storm		[0, 0, 0, 355072781]	[0, 0, 0, 300]	[1003372320, 0, 0, 0, 0, 0, 0, 0]	25	[0, 0, 0, 0, 0, 0, 0, 0, 0, 0, 0, 0, 0, 0]	0	[0, 0, 0, 0, 0, 0, 0, 0, 0, 0, 0, 0, 0, 0]	0	0	0	[2865247328, 411376203, 1590773769, 4294967295, 4294967295, 4294967295, 3212836864, 3212836864, 84479231, 0, 0, 0, 0, 0]	雷過天晴		雷过天晴		雷過天晴		뇌화천청	
1563988326	Thunder Kick		[0, 0, 0, 355072781]	[0, 0, 0, 360]	[1563988326, 0, 0, 0, 0, 0, 0, 0]	30	[0, 0, 0, 0, 0, 0, 0, 0, 0, 0, 0, 0, 0, 0]	0	[0, 0, 0, 0, 0, 0, 0, 0, 0, 0, 0, 0, 0, 0]	0	0	0	[482043846, 324167260, 1590773769, 4294967295, 4294967295, 4294967295, 3212836864, 3212836864, 0, 0, 0, 0, 0, 0]	いかづち落とし		天降雷霆		降雷		벼락 떨어트리기	
1471713479	Boulder Rain		[0, 0, 0, 1415384097]	[0, 0, 0, 100]	[1471713479, 0, 0, 0, 0, 0, 0, 0]	30	[0, 0, 0, 0, 0, 0, 0, 0, 0, 0, 0, 0, 0, 0]	0	[0, 0, 0, 0, 0, 0, 0, 0, 0, 0, 0, 0, 0, 0]	0	0	0	[1802546549, 670319777, 1590773769, 4294967295, 4294967295, 4294967295, 3212836864, 3212836864, 0, 0, 0, 0, 0, 0]	岩砕雨		落石雨		碎岩雨		바위를 부수는 비	
549429329	Throw Heavy Iron		[0, 0, 0, 1415384097]	[0, 0, 0, 100]	[549429329, 0, 0, 0, 0, 0, 0, 0]	30	[0, 0, 0, 0, 0, 0, 0, 0, 0, 0, 0, 0, 0, 0]	0	[0, 0, 0, 0, 0, 0, 0, 0, 0, 0, 0, 0, 0, 0]	0	0	0	[1408551235, 1947452921, 1590773769, 4294967295, 4294967295, 4294967295, 3212836864, 3212836864, 0, 0, 0, 0, 0, 0]	重鉄塊投げ		投掷重铁块		投擲重鐵塊		중철괴 던지기	
1179192853	Power Fist		[0, 0, 0, 1415384097]	[0, 0, 0, 100]	[1179192853, 0, 0, 0, 0, 0, 0, 0]	30	[0, 0, 0, 0, 0, 0, 0, 0, 0, 0, 0, 0, 0, 0]	0	[0, 0, 0, 0, 0, 0, 0, 0, 0, 0, 0, 0, 0, 0]	0	0	0	[3850869479, 2143599086, 1590773769, 4294967295, 4294967295, 4294967295, 3212836864, 3212836864, 0, 0, 0, 0, 0, 0]	パワーフィスト		威力拳击		威力拳擊		파워 피스트	
827211395	Frozen Throw		[0, 0, 0, 1415384097]	[0, 0, 0, 100]	[827211395, 0, 0, 0, 0, 0, 0, 0]	30	[0, 0, 0, 0, 0, 0, 0, 0, 0, 0, 0, 0, 0, 0]	0	[0, 0, 0, 0, 0, 0, 0, 0, 0, 0, 0, 0, 0, 0]	0	0	0	[3708026577, 740505782, 1590773769, 4294967295, 4294967295, 4294967295, 3212836864, 3212836864, 0, 0, 0, 0, 0, 0]	氷結投げ		冻结投掷		凍結投擲		빙괴 던지기	
1356158176	Ice Rain		[0, 0, 0, 1415384097]	[0, 0, 0, 100]	[1356158176, 0, 0, 0, 0, 0, 0, 0]	30	[0, 0, 0, 0, 0, 0, 0, 0, 0, 0, 0, 0, 0, 0]	0	[0, 0, 0, 0, 0, 0, 0, 0, 0, 0, 0, 0, 0, 0]	0	0	0	[3650149592, 88936725, 1590773769, 4294967295, 4294967295, 4294967295, 3212836864, 3212836864, 0, 0, 0, 0, 0, 0]	アイスレイン		冰雨		冰雨		아이스레인	
668099658	Self Recovery		[0, 0, 0, 1415384097]	[0, 0, 0, 100]	[668099658, 0, 0, 0, 0, 0, 0, 0]	30	[0, 0, 0, 0, 0, 0, 0, 0, 0, 0, 0, 0, 0, 0]	0	[0, 0, 0, 0, 0, 0, 0, 0, 0, 0, 0, 0, 0, 0]	0	0	0	[3776231650, 1454018637, 1590773769, 4294967295, 4294967295, 4294967295, 3212836864, 3212836864, 0, 0, 0, 0, 0, 0]	自己回復		自我恢复		自我回復		자기회복	
385483170	Discard Load		[0, 0, 0, 1415384097]	[0, 0, 0, 180]	[385483170, 0, 0, 0, 0, 0, 0, 0]	30	[0, 0, 0, 0, 0, 0, 0, 0, 0, 0, 0, 0, 0, 0]	0	[0, 0, 0, 0, 0, 0, 0, 0, 0, 0, 0, 0, 0, 0]	0	0	0	[4088547352, 642903410, 1590773769, 4294967295, 4294967295, 4294967295, 3212836864, 3212836864, 1139939009, 0, 0, 0, 0, 0]	重荷捨て		丢弃重物		捨棄重擔		짐 버리기	
1643983160	Throw Iron		[0, 0, 0, 1415384097]	[0, 0, 0, 200]	[1643983160, 0, 0, 0, 0, 0, 0, 0]	35	[0, 0, 0, 0, 0, 0, 0, 0, 0, 0, 0, 0, 0, 0]	0	[0, 0, 0, 0, 0, 0, 0, 0, 0, 0, 0, 0, 0, 0]	0	0	0	[3409325090, 1974889514, 1590773769, 4294967295, 4294967295, 4294967295, 3212836864, 3212836864, 84479231, 1849776223, 0, 0, 0, 0]	鉄塊投げ		投掷铁块		投擲鐵塊		철괴 던지기	
118202226	Uni Throw		[0, 0, 0, 355072781]	[0, 0, 0, 360]	[118202226, 0, 0, 0, 0, 0, 0, 0]	30	[0, 0, 0, 0, 0, 0, 0, 0, 0, 0, 0, 0, 0, 0]	0	[0, 0, 0, 0, 0, 0, 0, 0, 0, 0, 0, 0, 0, 0]	0	0	0	[2101706628, 2120290365, 1590773769, 4294967295, 4294967295, 4294967295, 3212836864, 3212836864, 1649771537, 0, 0, 0, 0, 0]	うに投げ		投掷海胆		投擲海膽		성게 던지기	
1879879652	Falling Wind Mass		[0, 0, 0, 355072781]	[0, 0, 0, 400]	[1879879652, 0, 0, 0, 0, 0, 0, 0]	35	[0, 0, 0, 0, 0, 0, 0, 0, 0, 0, 0, 0, 0, 0]	0	[0, 0, 0, 0, 0, 0, 0, 0, 0, 0, 0, 0, 0, 0]	0	0	0	[1170283442, 763793765, 1590773769, 4294967295, 4294967295, 4294967295, 3212836864, 3212836864, 776619146, 0, 0, 0, 0, 0]	風塊落とし		落风团		風塊落擊		풍괴 떨어트리기	
295159225	Standby		[0, 0, 0, 1306449111]	[0, 0, 0, -100]	[295159225, 0, 0, 0, 0, 0, 0, 0]	30	[0, 0, 0, 0, 0, 0, 0, 0, 0, 0, 0, 0, 0, 0]	0	[0, 0, 0, 0, 0, 0, 0, 0, 0, 0, 0, 0, 0, 0]	0	0	0	[1095907765, 82360518, 1590773769, 4294967295, 4294967295, 4294967295, 3212836864, 3212836864, 0, 0, 0, 0, 0, 0]	スタンバイ		准备出击		預備		스탠바이	
525491345	Bite		[0, 0, 0, 1415384097]	[0, 0, 0, 180]	[525491345, 0, 0, 0, 0, 0, 0, 0]	30	[0, 0, 0, 0, 0, 0, 0, 0, 0, 0, 0, 0, 0, 0]	0	[0, 0, 0, 0, 0, 0, 0, 0, 0, 0, 0, 0, 0, 0]	0	0	0	[770103867, 893166727, 1590773769, 4294967295, 4294967295, 4294967295, 3212836864, 3212836864, 84479231, 0, 0, 0, 0, 0]	噛みつき		啃咬		啃咬		물어뜯기	
1745956439	Bite		[0, 0, 0, 1415384097]	[0, 0, 0, 200]	[525491345, 0, 0, 0, 0, 0, 0, 0]	35	[0, 0, 0, 0, 0, 0, 0, 0, 0, 0, 0, 0, 0, 0]	0	[0, 0, 0, 0, 0, 0, 0, 0, 0, 0, 0, 0, 0, 0]	0	0	0	[770103867, 893166727, 1590773769, 4294967295, 4294967295, 4294967295, 3212836864, 3212836864, 781729750, 0, 0, 0, 0, 0]	噛みつき		啃咬		啃咬		물어뜯기	
455715848	Bite		[0, 0, 0, 1415384097]	[0, 0, 0, 220]	[525491345, 0, 0, 0, 0, 0, 0, 0]	40	[0, 0, 0, 0, 0, 0, 0, 0, 0, 0, 0, 0, 0, 0]	0	[0, 0, 0, 0, 0, 0, 0, 0, 0, 0, 0, 0, 0, 0]	0	0	0	[770103867, 893166727, 1590773769, 4294967295, 4294967295, 4294967295, 3212836864, 3212836864, 1564507071, 0, 0, 0, 0, 0]	噛みつき		啃咬		啃咬		물어뜯기	
2040853205	Wind Cross		[0, 0, 0, 355072781]	[0, 0, 0, 250]	[2040853205, 0, 0, 0, 0, 0, 0, 0]	20	[0, 0, 0, 0, 0, 0, 0, 0, 0, 0, 0, 0, 0, 0]	0	[0, 0, 0, 0, 0, 0, 0, 0, 0, 0, 0, 0, 0, 0]	0	0	0	[2610268575, 1055643792, 1590773769, 4294967295, 4294967295, 4294967295, 3212836864, 3212836864, 0, 0, 0, 0, 0, 0]	風渡り		风渡		風渡		바람 발생	
406821002	Storm Rising		[0, 0, 0, 355072781]	[0, 0, 0, 360]	[406821002, 0, 0, 0, 0, 0, 0, 0]	30	[0, 0, 0, 0, 0, 0, 0, 0, 0, 0, 0, 0, 0, 0]	0	[0, 0, 0, 0, 0, 0, 0, 0, 0, 0, 0, 0, 0, 0]	0	0	0	[2668014490, 394654003, 1590773769, 4294967295, 4294967295, 4294967295, 3212836864, 3212836864, 0, 0, 0, 0, 0, 0]	暗嵐おこし		暗夜风暴		暗夜風暴		어둠의 회오리 발생	
513724335	Storm Rising		[0, 0, 0, 355072781]	[0, 0, 0, 450]	[406821002, 0, 0, 0, 0, 0, 0, 0]	40	[0, 0, 0, 0, 0, 0, 0, 0, 0, 0, 0, 0, 0, 0]	0	[0, 0, 0, 0, 0, 0, 0, 0, 0, 0, 0, 0, 0, 0]	0	0	0	[2668014490, 394654003, 1590773769, 4294967295, 4294967295, 4294967295, 3212836864, 3212836864, 2103333804, 0, 0, 0, 0, 0]	暗嵐おこし		暗夜风暴		暗夜風暴		어둠의 회오리 발생	
1865984032	Blood Fang		[0, 0, 0, 1415384097]	[0, 0, 0, 200]	[1865984032, 0, 0, 0, 0, 0, 0, 0]	35	[0, 0, 0, 0, 0, 0, 0, 0, 0, 0, 0, 0, 0, 0]	0	[0, 0, 0, 0, 0, 0, 0, 0, 0, 0, 0, 0, 0, 0]	0	0	0	[2810367920, 1147301995, 1590773769, 4294967295, 4294967295, 4294967295, 3212836864, 3212836864, 1729190355, 0, 0, 0, 0, 0]	血牙		血牙		血牙		피로 물든 어금니	
134797966	Wind Cross		[0, 0, 0, 355072781]	[0, 0, 0, 100]	[134797966, 0, 0, 0, 0, 0, 0, 0]	30	[0, 0, 0, 0, 0, 0, 0, 0, 0, 0, 0, 0, 0, 0]	0	[0, 0, 0, 0, 0, 0, 0, 0, 0, 0, 0, 0, 0, 0]	0	0	0	[2761393359, 1243956528, 1590773769, 4294967295, 4294967295, 4294967295, 3212836864, 3212836864, 0, 0, 0, 0, 0, 0]	風渡り		风渡		風渡		바람 발생	
2131749400	Bite		[0, 0, 0, 1415384097]	[0, 0, 0, 100]	[2131749400, 0, 0, 0, 0, 0, 0, 0]	30	[0, 0, 0, 0, 0, 0, 0, 0, 0, 0, 0, 0, 0, 0]	0	[0, 0, 0, 0, 0, 0, 0, 0, 0, 0, 0, 0, 0, 0]	0	0	0	[2618548473, 432194664, 1590773769, 4294967295, 4294967295, 4294967295, 3212836864, 3212836864, 0, 0, 0, 0, 0, 0]	噛みつき		啃咬		啃咬		물어뜯기	
435766366	Storm Rising		[0, 0, 0, 355072781]	[0, 0, 0, 100]	[435766366, 0, 0, 0, 0, 0, 0, 0]	30	[0, 0, 0, 0, 0, 0, 0, 0, 0, 0, 0, 0, 0, 0]	0	[0, 0, 0, 0, 0, 0, 0, 0, 0, 0, 0, 0, 0, 0]	0	0	0	[710980445, 303413375, 1590773769, 4294967295, 4294967295, 4294967295, 3212836864, 3212836864, 0, 0, 0, 0, 0, 0]	暗嵐おこし		暗夜风暴		暗夜風暴		어둠의 회오리 발생	
1862169804	Blood Fang		[0, 0, 0, 1415384097]	[0, 0, 0, 100]	[1862169804, 0, 0, 0, 0, 0, 0, 0]	30	[0, 0, 0, 0, 0, 0, 0, 0, 0, 0, 0, 0, 0, 0]	0	[0, 0, 0, 0, 0, 0, 0, 0, 0, 0, 0, 0, 0, 0]	0	0	0	[316987243, 1106393383, 1590773769, 4294967295, 4294967295, 4294967295, 3212836864, 3212836864, 0, 0, 0, 0, 0, 0]	血牙		血牙		血牙		피로 물든 어금니	
258285207	Howl		[0, 0, 0, 1306449111]	[0, 0, 0, -70]	[258285207, 0, 0, 0, 0, 0, 0, 0]	20	[0, 0, 0, 0, 0, 0, 0, 0, 0, 0, 0, 0, 0, 0]	0	[0, 0, 0, 0, 0, 0, 0, 0, 0, 0, 0, 0, 0, 0]	0	0	0	[376960364, 1755058308, 1590773769, 4294967295, 4294967295, 4294967295, 3212836864, 3212836864, 543168289, 0, 0, 0, 0, 0]	遠吠え		嚎叫		嚎叫		하울링	
2019700225	Signs of Frenzy		[0, 0, 0, 1415384097]	[0, 0, 0, 100]	[2019700225, 0, 0, 0, 0, 0, 0, 0]	30	[0, 0, 0, 0, 0, 0, 0, 0, 0, 0, 0, 0, 0, 0]	0	[0, 0, 0, 0, 0, 0, 0, 0, 0, 0, 0, 0, 0, 0]	0	0	0	[787714394, 997954012, 1590773769, 4294967295, 4294967295, 4294967295, 3212836864, 3212836864, 0, 0, 0, 0, 0, 0]	狂乱の徴		疯狂之征		瘋狂之徵		광란의 징조	
221759574	Bolt Shot		[0, 0, 0, 1415384097]	[0, 0, 0, 270]	[221759574, 0, 0, 0, 0, 0, 0, 0]	50	[0, 0, 0, 0, 0, 0, 0, 0, 0, 0, 0, 0, 0, 0]	0	[0, 0, 0, 0, 0, 0, 0, 0, 0, 0, 0, 0, 0, 0]	0	0	0	[493276696, 35500785, 1590773769, 4294967295, 4294967295, 4294967295, 3212836864, 3212836864, 0, 0, 0, 0, 0, 0]	ボルトショット		电流射击		伏特射擊		볼트 샷	
2050029764	Thunder Shout		[0, 0, 0, 355072781]	[0, 0, 0, 400]	[2050029764, 0, 0, 0, 0, 0, 0, 0]	35	[0, 0, 0, 0, 0, 0, 0, 0, 0, 0, 0, 0, 0, 0]	0	[0, 0, 0, 0, 0, 0, 0, 0, 0, 0, 0, 0, 0, 0]	0	0	0	[635611682, 1375351721, 1590773769, 4294967295, 4294967295, 4294967295, 3212836864, 3212836864, 0, 0, 0, 0, 0, 0]	サンダーシャウト		雷电怒号		雷電怒嚎		선더 샤우트	
3272145	Reckless Abandon		[0, 0, 0, 1415384097]	[0, 0, 0, 180]	[3272145, 0, 0, 0, 0, 0, 0, 0]	30	[0, 0, 0, 0, 0, 0, 0, 0, 0, 0, 0, 0, 0, 0]	0	[0, 0, 0, 0, 0, 0, 0, 0, 0, 0, 0, 0, 0, 0]	0	0	0	[469128268, 108037964, 1590773769, 4294967295, 4294967295, 4294967295, 3212836864, 3212836864, 0, 0, 0, 0, 0, 0]	がむしゃら		有勇无谋		有勇無謀		막무가내	
1401264629	Stage on Ice		[0, 0, 0, 1415384097]	[0, 0, 0, 220]	[1401264629, 0, 0, 0, 0, 0, 0, 0]	40	[0, 0, 0, 0, 0, 0, 0, 0, 0, 0, 0, 0, 0, 0]	0	[0, 0, 0, 0, 0, 0, 0, 0, 0, 0, 0, 0, 0, 0]	0	0	0	[560522774, 2104182518, 1590773769, 4294967295, 4294967295, 4294967295, 3212836864, 3212836864, 740990787, 0, 0, 0, 0, 0]	ステージオンアイス		冰上的舞台		冰上的舞台		스테이지 온 아이스	
612542819	Defensive Dance		[0, 0, 0, 1883795445]	[0, 0, 0, -50]	[612542819, 0, 0, 0, 0, 0, 0, 0]	30	[0, 0, 0, 0, 0, 0, 0, 0, 0, 0, 0, 0, 0, 0]	0	[0, 0, 0, 0, 0, 0, 0, 0, 0, 0, 0, 0, 0, 0]	0	0	0	[434930208, 780978094, 1590773769, 4294967295, 4294967295, 4294967295, 3212836864, 3212836864, 1440681076, 0, 0, 0, 0, 0]	守護の舞		守护之舞		守護之舞		수호의 춤	
1114900263	Biting Snow		[0, 0, 0, 355072781]	[0, 0, 0, 130]	[1114900263, 0, 0, 0, 0, 0, 0, 0]	10	[0, 0, 0, 0, 0, 0, 0, 0, 0, 0, 0, 0, 0, 0]	0	[0, 0, 0, 0, 0, 0, 0, 0, 0, 0, 0, 0, 0, 0]	0	0	0	[2946486662, 626768825, 1590773769, 4294967295, 4294967295, 4294967295, 3212836864, 3212836864, 314621046, 1940202500, 0, 0, 0, 0]	危険な雪粉		危险雪花		危險的細雪		위험한 눈가루	
896743345	Support		[0, 0, 0, 1883795445]	[0, 0, 0, -50]	[896743345, 0, 0, 0, 0, 0, 0, 0]	30	[0, 0, 0, 0, 0, 0, 0, 0, 0, 0, 0, 0, 0, 0]	0	[0, 0, 0, 0, 0, 0, 0, 0, 0, 0, 0, 0, 0, 0]	0	0	0	[2535175604, 1992047329, 1590773769, 4294967295, 4294967295, 4294967295, 3212836864, 3212836864, 0, 0, 0, 0, 0, 0]	応援		助威		支援		응원	
1597002748	Support		[0, 0, 0, 1883795445]	[0, 0, 0, -50]	[896743345, 0, 0, 0, 0, 0, 0, 0]	30	[0, 0, 0, 0, 0, 0, 0, 0, 0, 0, 0, 0, 0, 0]	0	[0, 0, 0, 0, 0, 0, 0, 0, 0, 0, 0, 0, 0, 0]	0	0	0	[2535175604, 1992047329, 1590773769, 4294967295, 4294967295, 4294967295, 3212836864, 3212836864, 1440681076, 0, 0, 0, 0, 0]	応援		助威		支援		응원	
1847494779	Support		[0, 0, 0, 1883795445]	[0, 0, 0, -50]	[896743345, 0, 0, 0, 0, 0, 0, 0]	30	[0, 0, 0, 0, 0, 0, 0, 0, 0, 0, 0, 0, 0, 0]	0	[0, 0, 0, 0, 0, 0, 0, 0, 0, 0, 0, 0, 0, 0]	0	0	0	[2535175604, 1992047329, 1590773769, 4294967295, 4294967295, 4294967295, 3212836864, 3212836864, 1156324939, 0, 0, 0, 0, 0]	応援		助威		支援		응원	
1253325391	Blazing Brave Dance		[0, 0, 0, 1883795445]	[0, 0, 0, -30]	[1253325391, 0, 0, 0, 0, 0, 0, 0]	20	[0, 0, 0, 0, 0, 0, 0, 0, 0, 0, 0, 0, 0, 0]	0	[0, 0, 0, 0, 0, 0, 0, 0, 0, 0, 0, 0, 0, 0]	0	0	0	[1074841946, 1005172241, 1590773769, 4294967295, 4294967295, 4294967295, 3212836864, 3212836864, 1156324939, 410769648, 0, 0, 0, 0]	勇猛炎舞		勇猛炎舞		勇猛火舞		용맹염무	
1035143897	Toasty Wind-Up Punch		[0, 0, 0, 1415384097]	[0, 0, 0, 270]	[1035143897, 0, 0, 0, 0, 0, 0, 0]	50	[0, 0, 0, 0, 0, 0, 0, 0, 0, 0, 0, 0, 0, 0]	0	[0, 0, 0, 0, 0, 0, 0, 0, 0, 0, 0, 0, 0, 0]	0	0	0	[2023009648, 1745762121, 1590773769, 4294967295, 4294967295, 4294967295, 3212836864, 3212836864, 1532246848, 0, 0, 0, 0, 0]	あつあつぐるぐるパンチ		炽热回转拳		炙熱迴轉拳		불타는 빙글빙글 펀치	
1531290781	Magma Dance		[0, 0, 0, 355072781]	[0, 0, 0, 400]	[1531290781, 0, 0, 0, 0, 0, 0, 0]	35	[0, 0, 0, 0, 0, 0, 0, 0, 0, 0, 0, 0, 0, 0]	0	[0, 0, 0, 0, 0, 0, 0, 0, 0, 0, 0, 0, 0, 0]	0	0	0	[3471310538, 1675184990, 1590773769, 4294967295, 4294967295, 4294967295, 3212836864, 3212836864, 70475163, 0, 0, 0, 0, 0]	マグマダンス		熔岩之舞		熔岩之舞		마그마 댄스	
1723999914	Triple Slash		[0, 0, 0, 1415384097]	[0, 0, 0, 240]	[1723999914, 0, 0, 0, 0, 0, 0, 0]	45	[0, 0, 0, 0, 0, 0, 0, 0, 0, 0, 0, 0, 0, 0]	0	[0, 0, 0, 0, 0, 0, 0, 0, 0, 0, 0, 0, 0, 0]	0	0	0	[739530780, 1552564310, 1590773769, 4294967295, 4294967295, 4294967295, 3212836864, 3212836864, 0, 0, 0, 0, 0, 0]	トライスラッシュ		三重劈砍		三重斬擊		트라이 슬래시	
543339439	Crushing Storm		[0, 0, 0, 355072781]	[0, 0, 0, 300]	[543339439, 0, 0, 0, 0, 0, 0, 0]	25	[0, 0, 0, 0, 0, 0, 0, 0, 0, 0, 0, 0, 0, 0]	0	[0, 0, 0, 0, 0, 0, 0, 0, 0, 0, 0, 0, 0, 0]	0	0	0	[1258781608, 2089876643, 1590773769, 4294967295, 4294967295, 4294967295, 3212836864, 3212836864, 1849776223, 1709468925, 0, 0, 0, 0]	グレイトヘビーストーム		极巨风暴		極巨風暴		그레이트 헤비 스톰	
1466270521	Threatening Talons		[0, 0, 0, 355072781]	[0, 0, 0, 400]	[1466270521, 0, 0, 0, 0, 0, 0, 0]	35	[0, 0, 0, 0, 0, 0, 0, 0, 0, 0, 0, 0, 0, 0]	0	[0, 0, 0, 0, 0, 0, 0, 0, 0, 0, 0, 0, 0, 0]	0	0	0	[1937973150, 796360187, 1590773769, 4294967295, 4294967295, 4294967295, 3212836864, 3212836864, 812797540, 776619146, 0, 0, 0, 0]	脅威の鉤爪		威胁勾爪		威脅鉤爪		위협적인 발톱	
831729021	Ribbon Breeze		[0, 0, 0, 1415384097]	[0, 0, 0, 100]	[831729021, 0, 0, 0, 0, 0, 0, 0]	30	[0, 0, 0, 0, 0, 0, 0, 0, 0, 0, 0, 0, 0, 0]	0	[0, 0, 0, 0, 0, 0, 0, 0, 0, 0, 0, 0, 0, 0]	0	0	0	[3320859708, 614466028, 1590773769, 4294967295, 4294967295, 4294967295, 3212836864, 3212836864, 1564507071, 785853077, 0, 0, 0, 0]	ブリーズリボン		微风缎带		微風緞帶		브리즈 리본	
1184112107	Spirited Roar		[0, 0, 0, 1306449111]	[0, 0, 0, 100]	[1184112107, 0, 0, 0, 0, 0, 0, 0]	30	[0, 0, 0, 0, 0, 0, 0, 0, 0, 0, 0, 0, 0, 0]	0	[0, 0, 0, 0, 0, 0, 0, 0, 0, 0, 0, 0, 0, 0]	0	0	0	[4252248078, 2001174708, 1590773769, 4294967295, 4294967295, 4294967295, 3212836864, 3212836864, 181630450, 0, 0, 0, 0, 0]	気合の咆哮		气势咆哮		魄力咆哮		기합의 포효	
1197402680	Venom Strike		[0, 0, 0, 1415384097]	[0, 0, 0, 270]	[1197402680, 0, 0, 0, 0, 0, 0, 0]	50	[0, 0, 0, 0, 0, 0, 0, 0, 0, 0, 0, 0, 0, 0]	0	[0, 0, 0, 0, 0, 0, 0, 0, 0, 0, 0, 0, 0, 0]	0	0	0	[4200342489, 123606547, 1590773769, 4294967295, 4294967295, 4294967295, 3212836864, 3212836864, 1192194502, 1075509277, 0, 0, 0, 0]	ヴェノムストライク		剧毒强袭		猛毒強襲		베놈 스트라이크	
811195042	Poisonous Roar		[0, 0, 0, 355072781]	[0, 0, 0, 400]	[811195042, 0, 0, 0, 0, 0, 0, 0]	35	[0, 0, 0, 0, 0, 0, 0, 0, 0, 0, 0, 0, 0, 0]	0	[0, 0, 0, 0, 0, 0, 0, 0, 0, 0, 0, 0, 0, 0]	0	0	0	[3268954095, 1421449035, 1590773769, 4294967295, 4294967295, 4294967295, 3212836864, 3212836864, 645504651, 0, 0, 0, 0, 0]	ポイズンスクリーム		毒性尖叫		劇毒尖嘯		포이즌 스크림	
1454339300	Poison Breath		[0, 0, 0, 1415384097]	[0, 0, 0, 220]	[1454339300, 0, 0, 0, 0, 0, 0, 0]	40	[0, 0, 0, 0, 0, 0, 0, 0, 0, 0, 0, 0, 0, 0]	0	[0, 0, 0, 0, 0, 0, 0, 0, 0, 0, 0, 0, 0, 0]	0	0	0	[1957368907, 1601104732, 1590773769, 4294967295, 4294967295, 4294967295, 3212836864, 3212836864, 314621046, 1729190355, 0, 0, 0, 0]	毒の呼気		毒息		中毒之息		독의 날숨	
564675698	Toxin Storm		[0, 0, 0, 355072781]	[0, 0, 0, 100]	[564675698, 0, 0, 0, 0, 0, 0, 0]	30	[0, 0, 0, 0, 0, 0, 0, 0, 0, 0, 0, 0, 0, 0]	0	[0, 0, 0, 0, 0, 0, 0, 0, 0, 0, 0, 0, 0, 0]	0	0	0	[1278177405, 210332164, 1590773769, 4294967295, 4294967295, 4294967295, 3212836864, 3212836864, 1075509277, 0, 0, 0, 0, 0]	トキシンストーム		毒素风暴		毒素風暴		톡신 스톰	
661275215	Toxin Storm		[0, 0, 0, 355072781]	[0, 0, 0, 490]	[564675698, 0, 0, 0, 0, 0, 0, 0]	45	[0, 0, 0, 0, 0, 0, 0, 0, 0, 0, 0, 0, 0, 0]	0	[0, 0, 0, 0, 0, 0, 0, 0, 0, 0, 0, 0, 0, 0]	0	0	0	[1278177405, 210332164, 1590773769, 4294967295, 4294967295, 4294967295, 3212836864, 3212836864, 1729190355, 0, 0, 0, 0, 0]	トキシンストーム		毒素风暴		毒素風暴		톡신 스톰	
450221820	Buster Arm		[0, 0, 0, 1415384097]	[0, 0, 0, 100]	[450221820, 0, 0, 0, 0, 0, 0, 0]	30	[0, 0, 0, 0, 0, 0, 0, 0, 0, 0, 0, 0, 0, 0]	0	[0, 0, 0, 0, 0, 0, 0, 0, 0, 0, 0, 0, 0, 0]	0	0	0	[1030347781, 1646375670, 1590773769, 4294967295, 4294967295, 4294967295, 3212836864, 3212836864, 0, 0, 0, 0, 0, 0]	バスターアーム		爆发武装		破壞武裝		버스터 암	
1842538094	Heavy Flail		[0, 0, 0, 355072781]	[0, 0, 0, 100]	[1842538094, 0, 0, 0, 0, 0, 0, 0]	30	[0, 0, 0, 0, 0, 0, 0, 0, 0, 0, 0, 0, 0, 0]	0	[0, 0, 0, 0, 0, 0, 0, 0, 0, 0, 0, 0, 0, 0]	0	0	0	[99465267, 835072942, 1590773769, 4294967295, 4294967295, 4294967295, 3212836864, 3212836864, 1940202500, 0, 0, 0, 0, 0]	ヘヴィフレイル		重力流星槌		重力流星槌		헤비 플레일	
498602723	Defensive Call		[0, 0, 0, 1883795445]	[0, 0, 0, 100]	[498602723, 0, 0, 0, 0, 0, 0, 0]	30	[0, 0, 0, 0, 0, 0, 0, 0, 0, 0, 0, 0, 0, 0]	0	[0, 0, 0, 0, 0, 0, 0, 0, 0, 0, 0, 0, 0, 0]	0	0	0	[2408164776, 1083762498, 1590773769, 4294967295, 4294967295, 4294967295, 3212836864, 3212836864, 268251213, 0, 0, 0, 0, 0]	ディフェンシブコール		防御呼喊		防禦性召喚		디펜시브 콜	
380254894	Assault Glacier		[0, 0, 0, 355072781]	[0, 0, 0, 400]	[380254894, 0, 0, 0, 0, 0, 0, 0]	35	[0, 0, 0, 0, 0, 0, 0, 0, 0, 0, 0, 0, 0, 0]	0	[0, 0, 0, 0, 0, 0, 0, 0, 0, 0, 0, 0, 0, 0]	0	0	0	[4210401535, 1831160584, 1590773769, 4294967295, 4294967295, 4294967295, 3212836864, 3212836864, 0, 0, 0, 0, 0, 0]	アサルトグレイシア		冰河突袭		冰河突擊		어썰트 글레이시아	
1638730296	Ice Burn		[0, 0, 0, 1415384097]	[0, 0, 0, 300]	[1638730296, 0, 0, 0, 0, 0, 0, 0]	60	[0, 0, 0, 0, 0, 0, 0, 0, 0, 0, 0, 0, 0, 0]	0	[0, 0, 0, 0, 0, 0, 0, 0, 0, 0, 0, 0, 0, 0]	0	0	0	[3262235849, 1052953168, 1590773769, 4294967295, 4294967295, 4294967295, 3212836864, 3212836864, 1729190355, 0, 0, 0, 0, 0]	アイスバーン		寒冰燃烧		寒冰燎原		아이스반	
123446398	Ice Crush		[0, 0, 0, 355072781]	[0, 0, 0, 720]	[123446398, 0, 0, 0, 0, 0, 0, 0]	80	[0, 0, 0, 0, 0, 0, 0, 0, 0, 0, 0, 0, 0, 0]	0	[0, 0, 0, 0, 0, 0, 0, 0, 0, 0, 0, 0, 0, 0]	0	0	0	[1946326893, 890615367, 1590773769, 4294967295, 4294967295, 4294967295, 3212836864, 3212836864, 0, 0, 0, 0, 0, 0]	アイスクラッシュ		寒冰碎击		寒冰猛擊		아이스 크래시	
1041852704			[0, 0, 0, 1415384097]	[0, 0, 0, 180]	[1041852704, 0, 0, 0, 0, 0, 0, 0]	30	[0, 0, 0, 0, 0, 0, 0, 0, 0, 0, 0, 0, 0, 0]	0	[0, 0, 0, 0, 0, 0, 0, 0, 0, 0, 0, 0, 0, 0]	0	0	0	[349165603, 810875168, 1590773769, 4294967295, 4294967295, 4294967295, 3212836864, 3212836864, 0, 0, 0, 0, 0, 0]								
1226725770			[0, 0, 0, 1415384097]	[0, 0, 0, 180]	[1226725770, 0, 0, 0, 0, 0, 0, 0]	30	[0, 0, 0, 0, 0, 0, 0, 0, 0, 0, 0, 0, 0, 0]	0	[0, 0, 0, 0, 0, 0, 0, 0, 0, 0, 0, 0, 0, 0]	0	0	0	[743160853, 1672706168, 1590773769, 4294967295, 4294967295, 4294967295, 3212836864, 3212836864, 0, 0, 0, 0, 0, 0]								
803796940	Poisonous Explosion		[0, 0, 0, 1415384097]	[0, 0, 0, 240]	[803796940, 0, 0, 0, 0, 0, 0, 0]	45	[0, 0, 0, 0, 0, 0, 0, 0, 0, 0, 0, 0, 0, 0]	0	[0, 0, 0, 0, 0, 0, 0, 0, 0, 0, 0, 0, 0, 0]	0	0	0	[2587422641, 1751385199, 1590773769, 4294967295, 4294967295, 4294967295, 3212836864, 3212836864, 566026335, 0, 0, 0, 0, 0]	毒気爆発		毒气爆炸		毒氣爆發		독기 폭발	
963947783	Bite		[0, 0, 0, 1415384097]	[0, 0, 0, 300]	[963947783, 0, 0, 0, 0, 0, 0, 0]	60	[0, 0, 0, 0, 0, 0, 0, 0, 0, 0, 0, 0, 0, 0]	0	[0, 0, 0, 0, 0, 0, 0, 0, 0, 0, 0, 0, 0, 0]	0	0	0	[2788141442, 317566100, 1590773769, 4294967295, 4294967295, 4294967295, 3212836864, 3212836864, 1709468925, 0, 0, 0, 0, 0]	噛みつき		啃咬		啃咬		물어뜯기	
1316199825	Radiant Fan Dance		[0, 0, 0, 1415384097]	[0, 0, 0, 340]	[1316199825, 0, 0, 0, 0, 0, 0, 0]	75	[0, 0, 0, 0, 0, 0, 0, 0, 0, 0, 0, 0, 0, 0]	0	[0, 0, 0, 0, 0, 0, 0, 0, 0, 0, 0, 0, 0, 0]	0	0	0	[2662059448, 1091186124, 1590773769, 4294967295, 4294967295, 4294967295, 3212836864, 3212836864, 795853790, 0, 0, 0, 0, 0]	絢爛扇舞		绚烂扇舞		絢爛扇舞		현란한 부채춤	
679818197	Snow Day		[0, 0, 0, 355072781]	[0, 0, 0, 100]	[679818197, 0, 0, 0, 0, 0, 0, 0]	30	[0, 0, 0, 0, 0, 0, 0, 0, 0, 0, 0, 0, 0, 0]	0	[0, 0, 0, 0, 0, 0, 0, 0, 0, 0, 0, 0, 0, 0]	0	0	0	[685284882, 1256018395, 1590773769, 4294967295, 4294967295, 4294967295, 3212836864, 3212836864, 1638108618, 2103333804, 0, 0, 0, 0]	三白		三白		三白		삼백	
1602356035	Ball Drop		[0, 0, 0, 355072781]	[0, 0, 0, 100]	[1602356035, 0, 0, 0, 0, 0, 0, 0]	30	[0, 0, 0, 0, 0, 0, 0, 0, 0, 0, 0, 0, 0, 0]	0	[0, 0, 0, 0, 0, 0, 0, 0, 0, 0, 0, 0, 0, 0]	0	0	0	[274528804, 423284867, 1590773769, 4294967295, 4294967295, 4294967295, 3212836864, 3212836864, 1059501127, 0, 0, 0, 0, 0]	落とし玉		压碎钱		落玉		낙하 구슬	
818077998	Harsh Winter Howl		[0, 0, 0, 355072781]	[0, 0, 0, 100]	[818077998, 0, 0, 0, 0, 0, 0, 0]	30	[0, 0, 0, 0, 0, 0, 0, 0, 0, 0, 0, 0, 0, 0]	0	[0, 0, 0, 0, 0, 0, 0, 0, 0, 0, 0, 0, 0, 0]	0	0	0	[570350108, 402719389, 1590773769, 4294967295, 4294967295, 4294967295, 3212836864, 3212836864, 1586032514, 314621046, 0, 0, 0, 0]	厳冬縛り鳴き		严冬束缚哀嚎		嚴冬束縛之鳴		엄동고정 울음소리	
762558818	Paralyzing Toxin		[0, 0, 0, 1415384097]	[0, 0, 0, 0]	[762558818, 0, 0, 0, 0, 0, 0, 0]	40	[0, 0, 0, 0, 0, 0, 0, 0, 0, 0, 0, 0, 0, 0]	0	[0, 0, 0, 0, 0, 0, 0, 0, 0, 0, 0, 0, 0, 0]	0	0	0	[3951490832, 85779122, 1590773769, 4294967295, 4294967295, 4294967295, 3212836864, 3212836864, 1170780031, 0, 0, 0, 0, 0]	マヒトキシン		麻醉毒素		麻痺毒素		마비 톡신	
1517586936			[0, 0, 0, 1415384097]	[0, 0, 0, 45]	[1517586936, 0, 0, 0, 0, 0, 0, 0]	30	[0, 0, 0, 0, 0, 0, 0, 0, 0, 0, 0, 0, 0, 0]	0	[0, 0, 0, 0, 0, 0, 0, 0, 0, 0, 0, 0, 0, 0]	0	0	0	[3540161318, 1459315690, 1590773769, 4294967295, 4294967295, 4294967295, 3212836864, 3212836864, 0, 0, 0, 0, 0, 0]								
1015162802	Simplified Alchemy		[0, 0, 0, 1415384097]	[0, 0, 0, 140]	[1015162802, 0, 0, 0, 0, 0, 0, 0]	55	[0, 0, 0, 0, 0, 0, 0, 0, 0, 0, 0, 0, 0, 0]	0	[0, 0, 0, 0, 0, 0, 0, 0, 0, 0, 0, 0, 0, 0]	0	0	0	[1701953668, 1563172861, 1590773769, 4294967295, 4294967295, 4294967295, 3212836864, 3212836864, 1466494741, 832454993, 0, 0, 0, 0]	簡易錬金		简易炼金		簡易鍊金		간이연금	
1267013412	First Aid		[0, 0, 0, 1306449111]	[0, 0, 0, 0]	[1267013412, 0, 0, 0, 0, 0, 0, 0]	5	[0, 0, 0, 0, 0, 0, 0, 0, 0, 0, 0, 0, 0, 0]	0	[0, 0, 0, 0, 0, 0, 0, 0, 0, 0, 0, 0, 0, 0]	0	0	0	[1576379574, 248225445, 1590773769, 4294967295, 4294967295, 4294967295, 3212836864, 3212836864, 559037865, 0, 0, 0, 0, 0]	応急処置		应急处理		急救		응급처치	
706641273	Absorb Strength		[0, 0, 0, 1415384097]	[0, 0, 0, 90]	[462585903, 0, 0, 0, 0, 0, 0, 0]	30	[0, 0, 0, 0, 0, 0, 0, 0, 0, 0, 0, 0, 0, 0]	0	[0, 0, 0, 0, 0, 0, 0, 0, 0, 0, 0, 0, 0, 0]	0	0	0	[1499891379, 665171718, 1590773769, 4294967295, 4294967295, 4294967295, 3212836864, 3212836864, 507478245, 714985480, 890473757, 0, 0, 0]	力の簒奪		力量篡夺		篡奪力量		힘의 찬탈	
1561939439			[0, 0, 0, 1306449111]	[0, 0, 0, 45]	[1561939439, 0, 0, 0, 0, 0, 0, 0]	5	[0, 0, 0, 0, 0, 0, 0, 0, 0, 0, 0, 0, 0, 0]	0	[0, 0, 0, 0, 0, 0, 0, 0, 0, 0, 0, 0, 0, 0]	0	0	0	[1642259077, 1950496350, 1590773769, 4294967295, 4294967295, 4294967295, 3212836864, 3212836864, 559037865, 0, 0, 0, 0, 0]								
1005577131	Frostbind Frozen		[0, 0, 0, 1415384097]	[0, 0, 0, 120]	[1005577131, 0, 0, 0, 0, 0, 0, 0]	45	[0, 0, 0, 0, 0, 0, 0, 0, 0, 0, 0, 0, 0, 0]	0	[0, 0, 0, 0, 0, 0, 0, 0, 0, 0, 0, 0, 0, 0]	0	0	0	[3616649505, 2140490313, 1590773769, 4294967295, 4294967295, 4294967295, 3212836864, 3212836864, 1912844489, 0, 0, 0, 0, 0]	シバレフローズン		冰霜冻结		寒氣凍結		시바레 프로즌	
1290326845	Melting Arc		[0, 0, 0, 1415384097]	[0, 0, 0, -1000]	[1290326845, 0, 0, 0, 0, 0, 0, 0]	35	[0, 0, 0, 0, 0, 0, 0, 0, 0, 0, 0, 0, 0, 0]	0	[0, 0, 0, 0, 0, 0, 0, 0, 0, 0, 0, 0, 0, 0]	0	0	0	[4011185431, 745720593, 1590773769, 4294967295, 4294967295, 4294967295, 3212836864, 3212836864, 28851224, 0, 0, 0, 0, 0]	メルティングアーク		溶解之弧		融解弧光		멜팅 아크	
1470348936	Stealth Bloom Cocoon		[0, 0, 0, 1415384097]	[0, 0, 0, 400]	[1470348936, 0, 0, 0, 0, 0, 0, 0]	140	[0, 0, 0, 0, 0, 0, 0, 0, 0, 0, 0, 0, 0, 0]	0	[0, 0, 0, 0, 0, 0, 0, 0, 0, 0, 0, 0, 0, 0]	0	0	0	[3511204568, 852667934, 1590773769, 4294967295, 4294967295, 4294967295, 3212836864, 3212836864, 1012435720, 1112565353, 852467689, 0, 0, 0]	奪い咲く繭		掠夺而生之茧		恣意綻放的繭		흡수의 고치	
598225236	Violet Sphere		[0, 0, 0, 1415384097]	[0, 0, 0, 150]	[598225236, 0, 0, 0, 0, 0, 0, 0]	60	[0, 0, 0, 0, 0, 0, 0, 0, 0, 0, 0, 0, 0, 0]	0	[0, 0, 0, 0, 0, 0, 0, 0, 0, 0, 0, 0, 0, 0]	0	0	0	[652529969, 43380589, 1590773769, 4294967295, 4294967295, 4294967295, 3212836864, 3212836864, 0, 0, 0, 0, 0, 0]	バイオレットスフィア		紫罗兰之球		紫羅蘭之球		바이올렛 스피어	
1420755398	Dual Mix		[0, 0, 0, 1415384097]	[0, 0, 0, 180]	[1420755398, 0, 0, 0, 0, 0, 0, 0]	80	[0, 0, 0, 0, 0, 0, 0, 0, 0, 0, 0, 0, 0, 0]	0	[0, 0, 0, 0, 0, 0, 0, 0, 0, 0, 0, 0, 0, 0]	0	0	0	[1530162496, 2013354555, 1590773769, 4294967295, 4294967295, 4294967295, 3212836864, 3212836864, 2140575724, 425736622, 1852246328, 410541894, 1338981125, 0]	デュアルミックス		双重混合		雙重混和		듀얼 믹스	
879265825	Hypnotic Wave		[0, 0, 0, 1415384097]	[0, 0, 0, 60]	[879265825, 0, 0, 0, 0, 0, 0, 0]	20	[0, 0, 0, 0, 0, 0, 0, 0, 0, 0, 0, 0, 0, 0]	0	[0, 0, 0, 0, 0, 0, 0, 0, 0, 0, 0, 0, 0, 0]	0	0	0	[2267578307, 1808558655, 1590773769, 4294967295, 4294967295, 4294967295, 3212836864, 3212836864, 1617792718, 0, 0, 0, 0, 0]	ヒュプノウェーブ		催眠波动		催眠波動		휴프노 웨이브	
1241320949	Blessed Guidance		[0, 0, 0, 1306449111]	[0, 0, 0, 0]	[1267013412, 0, 0, 0, 0, 0, 0, 0]	20	[0, 0, 0, 0, 0, 0, 0, 0, 0, 0, 0, 0, 0, 0]	0	[0, 0, 0, 0, 0, 0, 0, 0, 0, 0, 0, 0, 0, 0]	0	0	0	[2558844995, 1051052260, 1590773769, 4294967295, 4294967295, 4294967295, 3212836864, 3212836864, 169493616, 565827882, 513020955, 766715356, 0, 0]	祝福の指差し		祝福之指		祝福的手勢		축복의 손짓	
2022018581	Biting Slash		[0, 0, 0, 1415384097]	[0, 0, 0, -50]	[2022018581, 0, 0, 0, 0, 0, 0, 0]	40	[0, 0, 0, 0, 0, 0, 0, 0, 0, 0, 0, 0, 0, 0]	0	[0, 0, 0, 0, 0, 0, 0, 0, 0, 0, 0, 0, 0, 0]	0	0	0	[2240679631, 748136804, 1590773769, 4294967295, 4294967295, 4294967295, 3212836864, 3212836864, 1274937294, 0, 0, 0, 0, 0]	バイトスラッシュ		撕咬		撕咬斬擊		바이트 슬래시	
260226691			[0, 0, 0, 1415384097]	[0, 0, 0, 180]	[260226691, 0, 0, 0, 0, 0, 0, 0]	30	[0, 0, 0, 0, 0, 0, 0, 0, 0, 0, 0, 0, 0, 0]	0	[0, 0, 0, 0, 0, 0, 0, 0, 0, 0, 0, 0, 0, 0]	0	0	0	[3171576569, 2138056764, 1590773769, 4294967295, 4294967295, 4294967295, 3212836864, 3212836864, 0, 0, 0, 0, 0, 0]								
1769214151			[0, 0, 0, 1415384097]	[0, 0, 0, 180]	[1769214151, 0, 0, 0, 0, 0, 0, 0]	30	[0, 0, 0, 0, 0, 0, 0, 0, 0, 0, 0, 0, 0, 0]	0	[0, 0, 0, 0, 0, 0, 0, 0, 0, 0, 0, 0, 0, 0]	0	0	0	[192493917, 1957123115, 1590773769, 4294967295, 4294967295, 4294967295, 3212836864, 3212836864, 0, 0, 0, 0, 0, 0]								
510861393	Hero Slayer Pill		[0, 0, 0, 1306449111]	[0, 0, 0, -1000]	[510861393, 0, 0, 0, 0, 0, 0, 0]	5	[0, 0, 0, 0, 0, 0, 0, 0, 0, 0, 0, 0, 0, 0]	0	[0, 0, 0, 0, 0, 0, 0, 0, 0, 0, 0, 0, 0, 0]	0	0	0	[872242539, 658560371, 1590773769, 4294967295, 4294967295, 4294967295, 3212836864, 3212836864, 263902148, 819950901, 0, 0, 0, 0]	英雄殺しの丸薬		弑英雄药丸		英雄殺手的藥丸		영웅 죽이기 알약	
2145929740	First Aid		[0, 0, 0, 1306449111]	[0, 0, 0, 0]	[2145929740, 0, 0, 0, 0, 0, 0, 0]	20	[0, 0, 0, 0, 0, 0, 0, 0, 0, 0, 0, 0, 0, 0]	0	[0, 0, 0, 0, 0, 0, 0, 0, 0, 0, 0, 0, 0, 0]	0	0	0	[929988462, 237960400, 1590773769, 4294967295, 4294967295, 4294967295, 3212836864, 3212836864, 122037266, 0, 0, 0, 0, 0]	応急処置		应急处理		急救		응급처치	
149912218	Cutting Bite		[0, 0, 0, 355072781]	[0, 0, 0, 225]	[149912218, 0, 0, 0, 0, 0, 0, 0]	40	[0, 0, 0, 0, 0, 0, 0, 0, 0, 0, 0, 0, 0, 0]	0	[0, 0, 0, 0, 0, 0, 0, 0, 0, 0, 0, 0, 0, 0]	0	0	0	[267000668, 1573485960, 1590773769, 4294967295, 4294967295, 4294967295, 3212836864, 3212836864, 0, 0, 0, 0, 0, 0]	カッティングバイト		切割撕咬		切削撕咬		커팅 바이트	
1069764703	Cruel Fang		[0, 0, 0, 1415384097]	[0, 0, 0, 400]	[1069764703, 0, 0, 0, 0, 0, 0, 0]	140	[0, 0, 0, 0, 0, 0, 0, 0, 0, 0, 0, 0, 0, 0]	0	[0, 0, 0, 0, 0, 0, 0, 0, 0, 0, 0, 0, 0, 0]	0	0	0	[3929330069, 1622255642, 1590773769, 4294967295, 4294967295, 4294967295, 3212836864, 3212836864, 244212680, 0, 0, 0, 0, 0]	クルエルファング		残忍利牙		殘酷利牙		크루얼 팡	
1847186656	Wild Retribution		[0, 0, 0, 1415384097]	[0, 0, 0, 180]	[1847186656, 0, 0, 0, 0, 0, 0, 0]	80	[0, 0, 0, 0, 0, 0, 0, 0, 0, 0, 0, 0, 0, 0]	0	[0, 0, 0, 0, 0, 0, 0, 0, 0, 0, 0, 0, 0, 0]	0	0	0	[3694640129, 1501151678, 1590773769, 4294967295, 4294967295, 4294967295, 3212836864, 3212836864, 1152351771, 576311391, 0, 0, 0, 0]	ワイルドパニッシュ		狂野制裁		狂野制裁		와일드 패니시	
421454922	Crimson Blade		[0, 0, 0, 1415384097]	[0, 0, 0, 0]	[421454922, 0, 0, 0, 0, 0, 0, 0]	50	[0, 0, 0, 0, 0, 0, 0, 0, 0, 0, 0, 0, 0, 0]	0	[0, 0, 0, 0, 0, 0, 0, 0, 0, 0, 0, 0, 0, 0]	0	0	0	[2716270704, 602764520, 1590773769, 4294967295, 4294967295, 4294967295, 3212836864, 3212836864, 65857152, 0, 0, 0, 0, 0]	クリムゾンブレイド		赤红之剑		赤紅之劍		크림슨 블레이드	
1985873447	Dual Mix		[0, 0, 0, 355072781]	[0, 0, 0, 305]	[1985873447, 0, 0, 0, 0, 0, 0, 0]	60	[0, 0, 0, 0, 0, 0, 0, 0, 0, 0, 0, 0, 0, 0]	0	[0, 0, 0, 0, 0, 0, 0, 0, 0, 0, 0, 0, 0, 0]	0	0	0	[2113606387, 807421164, 1590773769, 4294967295, 4294967295, 4294967295, 3212836864, 3212836864, 546666575, 1870427342, 1075509277, 0, 0, 0]	デュアルミックス		双重混合		雙重混和		듀얼 믹스	
22623921	Biting Slash		[0, 0, 0, 1415384097]	[0, 0, 0, -1000]	[2022018581, 0, 0, 0, 0, 0, 0, 0]	35	[0, 0, 0, 0, 0, 0, 0, 0, 0, 0, 0, 0, 0, 0]	0	[0, 0, 0, 0, 0, 0, 0, 0, 0, 0, 0, 0, 0, 0]	0	0	0	[2240679631, 748136804, 1590773769, 4294967295, 4294967295, 4294967295, 3212836864, 3212836864, 1274937294, 614416348, 0, 0, 0, 0]	バイトスラッシュ		撕咬		撕咬斬擊		바이트 슬래시	
198707848	Cyclone Dance		[0, 0, 0, 1306449111]	[0, 0, 0, 0]	[510861393, 0, 0, 0, 0, 0, 0, 0]	10	[0, 0, 0, 0, 0, 0, 0, 0, 0, 0, 0, 0, 0, 0]	0	[0, 0, 0, 0, 0, 0, 0, 0, 0, 0, 0, 0, 0, 0]	0	0	0	[1951049395, 1696499739, 1590773769, 4294967295, 4294967295, 4294967295, 3212836864, 3212836864, 1452227187, 2100078389, 1107388934, 1323949181, 0, 0]	旋風演舞		旋风演舞		旋風演舞		선풍연무	
998297681	Trait Conversion		[0, 0, 0, 1306449111]	[0, 0, 0, 0]	[295075595, 0, 0, 0, 0, 0, 0, 0]	15	[0, 0, 0, 0, 0, 0, 0, 0, 0, 0, 0, 0, 0, 0]	0	[0, 0, 0, 0, 0, 0, 0, 0, 0, 0, 0, 0, 0, 0]	0	0	0	[767020786, 1369831550, 1590773769, 4294967295, 4294967295, 4294967295, 3212836864, 3212836864, 1163542270, 0, 0, 0, 0, 0]	特性転換		转换特性		轉換特性		특성전환	
1593115150	Trait Conversion		[0, 0, 0, 1306449111]	[0, 0, 0, 0]	[295075595, 0, 0, 0, 0, 0, 0, 0]	15	[0, 0, 0, 0, 0, 0, 0, 0, 0, 0, 0, 0, 0, 0]	0	[0, 0, 0, 0, 0, 0, 0, 0, 0, 0, 0, 0, 0, 0]	0	0	0	[767020786, 1369831550, 1590773769, 4294967295, 4294967295, 4294967295, 3212836864, 3212836864, 152303689, 0, 0, 0, 0, 0]	特性転換		转换特性		轉換特性		특성전환	
276965801	Trait Conversion		[0, 0, 0, 1306449111]	[0, 0, 0, 0]	[295075595, 0, 0, 0, 0, 0, 0, 0]	15	[0, 0, 0, 0, 0, 0, 0, 0, 0, 0, 0, 0, 0, 0]	0	[0, 0, 0, 0, 0, 0, 0, 0, 0, 0, 0, 0, 0, 0]	0	0	0	[767020786, 1369831550, 1590773769, 4294967295, 4294967295, 4294967295, 3212836864, 3212836864, 1851311876, 0, 0, 0, 0, 0]	特性転換		转换特性		轉換特性		특성전환	
1720799133	Shattering Blow		[0, 0, 0, 1415384097]	[0, 0, 0, -100]	[1720799133, 0, 0, 0, 0, 0, 0, 0]	30	[0, 0, 0, 0, 0, 0, 0, 0, 0, 0, 0, 0, 0, 0]	0	[0, 0, 0, 0, 0, 0, 0, 0, 0, 0, 0, 0, 0, 0]	0	0	0	[355707592, 37910822, 1590773769, 4294967295, 4294967295, 4294967295, 3212836864, 3212836864, 0, 0, 0, 0, 0, 0]	破砕撃		破碎重击		破碎重擊		파쇄격	
6808025	Devastating Star		[0, 0, 0, 1415384097]	[0, 0, 0, -50]	[6808025, 0, 0, 0, 0, 0, 0, 0]	45	[0, 0, 0, 0, 0, 0, 0, 0, 0, 0, 0, 0, 0, 0]	0	[0, 0, 0, 0, 0, 0, 0, 0, 0, 0, 0, 0, 0, 0]	0	0	0	[2738944354, 160761137, 1590773769, 4294967295, 4294967295, 4294967295, 3212836864, 3212836864, 0, 0, 0, 0, 0, 0]	潰滅の星石		灭世星石		滅世星石		궤멸의 성석	
2002833743	Life-Reaping Flame		[0, 0, 0, 1415384097]	[0, 0, 0, -100]	[2002833743, 0, 0, 0, 0, 0, 0, 0]	20	[0, 0, 0, 0, 0, 0, 0, 0, 0, 0, 0, 0, 0, 0]	0	[0, 0, 0, 0, 0, 0, 0, 0, 0, 0, 0, 0, 0, 0]	0	0	0	[2613353812, 1517454441, 1590773769, 4294967295, 4294967295, 4294967295, 3212836864, 3212836864, 795646082, 0, 0, 0, 0, 0]	奪命火		夺命烈火		奪命烈火		죽음의 불꽃	
385596180	Tidal Delusion		[0, 0, 0, 1306449111]	[0, 0, 0, -50]	[385596180, 0, 0, 0, 0, 0, 0, 0]	0	[0, 0, 0, 0, 0, 0, 0, 0, 0, 0, 0, 0, 0, 0]	0	[0, 0, 0, 0, 0, 0, 0, 0, 0, 0, 0, 0, 0, 0]	0	0	0	[2673327955, 1931259338, 1590773769, 4294967295, 4294967295, 4294967295, 3212836864, 3212836864, 827772891, 1494890506, 684790730, 0, 0, 0]	氾濫する狂気		疯狂之潮		瘋狂之潮		범람하는 광기	
1643940742	Shockwave		[0, 0, 0, 1415384097]	[0, 0, 0, -100]	[1643940742, 0, 0, 0, 0, 0, 0, 0]	25	[0, 0, 0, 0, 0, 0, 0, 0, 0, 0, 0, 0, 0, 0]	0	[0, 0, 0, 0, 0, 0, 0, 0, 0, 0, 0, 0, 0, 0]	0	0	0	[2815679333, 553331858, 1590773769, 4294967295, 4294967295, 4294967295, 3212836864, 3212836864, 407552485, 1870427342, 410541894, 1338981125, 1075509277, 0]	衝波動		波动冲击		波動衝擊		충격의 파동	
118105536	Eroding Whirlwind		[0, 0, 0, 355072781]	[0, 0, 0, -50]	[118105536, 0, 0, 0, 0, 0, 0, 0]	30	[0, 0, 0, 0, 0, 0, 0, 0, 0, 0, 0, 0, 0, 0]	0	[0, 0, 0, 0, 0, 0, 0, 0, 0, 0, 0, 0, 0, 0]	0	0	0	[295733441, 724324485, 1590773769, 4294967295, 4294967295, 4294967295, 3212836864, 3212836864, 480586359, 391466843, 0, 0, 0, 0]	蝕みの旋風		侵蚀旋风		侵蝕旋風		침식의 선풍	
1879905622	Roaring Disaster		[0, 0, 0, 355072781]	[0, 0, 0, 0]	[1879905622, 0, 0, 0, 0, 0, 0, 0]	15	[0, 0, 0, 0, 0, 0, 0, 0, 0, 0, 0, 0, 0, 0]	0	[0, 0, 0, 0, 0, 0, 0, 0, 0, 0, 0, 0, 0, 0]	0	0	0	[690285815, 2026623453, 1590773769, 4294967295, 4294967295, 4294967295, 3212836864, 3212836864, 1989292581, 2047052361, 0, 0, 0, 0]	轟く厄災		灾厄轰鸣		災厄轟鳴		퍼져가는 재액	
816951102	Shattering Blow		[0, 0, 0, 1415384097]	[0, 0, 0, -100]	[816951102, 0, 0, 0, 0, 0, 0, 0]	30	[0, 0, 0, 0, 0, 0, 0, 0, 0, 0, 0, 0, 0, 0]	0	[0, 0, 0, 0, 0, 0, 0, 0, 0, 0, 0, 0, 0, 0]	0	0	0	[303562463, 1834094682, 1590773769, 4294967295, 4294967295, 4294967295, 3212836864, 3212836864, 0, 0, 0, 0, 0, 0]	破砕撃		破碎重击		破碎重擊		파쇄격	
1203150764	Life-Reaping Flame		[0, 0, 0, 1415384097]	[0, 0, 0, -100]	[1203150764, 0, 0, 0, 0, 0, 0, 0]	20	[0, 0, 0, 0, 0, 0, 0, 0, 0, 0, 0, 0, 0, 0]	0	[0, 0, 0, 0, 0, 0, 0, 0, 0, 0, 0, 0, 0, 0]	0	0	0	[714316521, 1052086530, 1590773769, 4294967295, 4294967295, 4294967295, 3212836864, 3212836864, 795646082, 0, 0, 0, 0, 0]	奪命火		夺命烈火		奪命烈火		죽음의 불꽃	
557855214	Shockwave		[0, 0, 0, 1415384097]	[0, 0, 0, -100]	[557855214, 0, 0, 0, 0, 0, 0, 0]	25	[0, 0, 0, 0, 0, 0, 0, 0, 0, 0, 0, 0, 0, 0]	0	[0, 0, 0, 0, 0, 0, 0, 0, 0, 0, 0, 0, 0, 0]	0	0	0	[2631977293, 895675669, 1590773769, 4294967295, 4294967295, 4294967295, 3212836864, 3212836864, 407552485, 0, 0, 0, 0, 0]	衝波動		波动冲击		波動衝擊		충격의 파동	
1447494008	Purifying Light		[0, 0, 0, 355072781]	[0, 0, 0, -150]	[1447494008, 0, 0, 0, 0, 0, 0, 0]	20	[0, 0, 0, 0, 0, 0, 0, 0, 0, 0, 0, 0, 0, 0]	0	[0, 0, 0, 0, 0, 0, 0, 0, 0, 0, 0, 0, 0, 0]	0	0	0	[2758061435, 1720020045, 1590773769, 4294967295, 4294967295, 4294967295, 3212836864, 3212836864, 623894355, 1734585591, 0, 0, 0, 0]	浄化の光		净化之光		淨化之光		정화의 빛	
937192229	Wings of Devastation		[0, 0, 0, 355072781]	[0, 0, 0, 45]	[937192229, 0, 0, 0, 0, 0, 0, 0]	35	[0, 0, 0, 0, 0, 0, 0, 0, 0, 0, 0, 0, 0, 0]	0	[0, 0, 0, 0, 0, 0, 0, 0, 0, 0, 0, 0, 0, 0]	0	0	0	[2700578686, 1340818926, 1590773769, 4294967295, 4294967295, 4294967295, 3212836864, 3212836864, 0, 0, 0, 0, 0, 0]	破滅の翼		灭亡之翼		滅亡之翼		파멸의 날개	
1088117683	Ruinous Flame		[0, 0, 0, 355072781]	[0, 0, 0, 45]	[1088117683, 0, 0, 0, 0, 0, 0, 0]	45	[0, 0, 0, 0, 0, 0, 0, 0, 0, 0, 0, 0, 0, 0]	0	[0, 0, 0, 0, 0, 0, 0, 0, 0, 0, 0, 0, 0, 0]	0	0	0	[2557733708, 470598838, 1590773769, 4294967295, 4294967295, 4294967295, 3212836864, 3212836864, 0, 0, 0, 0, 0, 0]	崩壊炎		毁灭烈火		毀滅烈焰		붕괴염	
640546295	Catastrophic Downpour		[0, 0, 0, 355072781]	[0, 0, 0, 45]	[640546295, 0, 0, 0, 0, 0, 0, 0]	25	[0, 0, 0, 0, 0, 0, 0, 0, 0, 0, 0, 0, 0, 0]	0	[0, 0, 0, 0, 0, 0, 0, 0, 0, 0, 0, 0, 0, 0]	0	0	0	[771799278, 400275617, 1590773769, 4294967295, 4294967295, 4294967295, 3212836864, 3212836864, 422173608, 275029089, 0, 0, 0, 0]	降り乱れる災禍		灾祸降临		災禍降臨		흩날리는 재앙	
570905888	Catastrophic Downpour		[0, 0, 0, 355072781]	[0, 0, 0, 45]	[640546295, 0, 0, 0, 0, 0, 0, 0]	25	[0, 0, 0, 0, 0, 0, 0, 0, 0, 0, 0, 0, 0, 0]	0	[0, 0, 0, 0, 0, 0, 0, 0, 0, 0, 0, 0, 0, 0]	0	0	0	[771799278, 400275617, 1590773769, 4294967295, 4294967295, 4294967295, 3212836864, 3212836864, 1848568626, 275029089, 0, 0, 0, 0]	降り乱れる災禍		灾祸降临		災禍降臨		흩날리는 재앙	
1426089398	Catastrophic Downpour		[0, 0, 0, 355072781]	[0, 0, 0, 45]	[640546295, 0, 0, 0, 0, 0, 0, 0]	25	[0, 0, 0, 0, 0, 0, 0, 0, 0, 0, 0, 0, 0, 0]	0	[0, 0, 0, 0, 0, 0, 0, 0, 0, 0, 0, 0, 0, 0]	0	0	0	[771799278, 400275617, 1590773769, 4294967295, 4294967295, 4294967295, 3212836864, 3212836864, 2024976891, 275029089, 0, 0, 0, 0]	降り乱れる災禍		灾祸降临		災禍降臨		흩날리는 재앙	
1361757537	Cataclysmic Crimson		[0, 0, 0, 355072781]	[0, 0, 0, 2200]	[1361757537, 0, 0, 0, 0, 0, 0, 0]	60	[0, 0, 0, 0, 0, 0, 0, 0, 0, 0, 0, 0, 0, 0]	0	[0, 0, 0, 0, 0, 0, 0, 0, 0, 0, 0, 0, 0, 0]	0	0	0	[377806040, 1144797689, 1590773769, 4294967295, 4294967295, 4294967295, 3212836864, 3212836864, 647828264, 144367430, 26542771, 0, 0, 0]	凶禍・皆紅の天		凶灾·红天盖顶		凶災‧紅天蓋頂		흉화ㆍ개홍지천	
701836173	Cataclysmic Crimson		[0, 0, 0, 355072781]	[0, 0, 0, 1500]	[1361757537, 0, 0, 0, 0, 0, 0, 0]	60	[0, 0, 0, 0, 0, 0, 0, 0, 0, 0, 0, 0, 0, 0]	0	[0, 0, 0, 0, 0, 0, 0, 0, 0, 0, 0, 0, 0, 0]	0	0	0	[377806040, 1144797689, 1590773769, 4294967295, 4294967295, 4294967295, 3212836864, 3212836864, 647828264, 144367430, 26542771, 0, 0, 0]	凶禍・皆紅の天		凶灾·红天盖顶		凶災‧紅天蓋頂		흉화ㆍ개홍지천	
1047144208	Catastrophic Downpour		[0, 0, 0, 355072781]	[0, 0, 0, 0]	[640546295, 0, 0, 0, 0, 0, 0, 0]	20	[0, 0, 0, 0, 0, 0, 0, 0, 0, 0, 0, 0, 0, 0]	0	[0, 0, 0, 0, 0, 0, 0, 0, 0, 0, 0, 0, 0, 0]	0	0	0	[656866528, 1158147047, 1590773769, 4294967295, 4294967295, 4294967295, 3212836864, 3212836864, 0, 0, 0, 0, 0, 0]	降り乱れる災禍		灾祸降临		災禍降臨		흩날리는 재앙	
283082784	Physical Damage S	Deals physical damage to an enemy. Has a {2}% chance to inflict Daze.	[114857633, 0, 0, 1415384097]	[0, 0, 10, 180]	[1074711872, 1830388641, 385132605, 0, 0, 0, 0, 0]	80	[60, 0, 10, 0, 0, 0, 0, 0, 0, 0, 0, 0, 0, 0]	140	[60, 0, 10, 0, 0, 0, 0, 0, 0, 0, 0, 0, 0, 0]	1	1	1	[494567760, 1922790492, 1590773769, 4294967295, 4294967295, 4294967295, 3212836864, 3212836864, 0, 0, 0, 0, 0, 0]	物理ダメージ・小	敵単体に物理ダメージを与える。{2}％の確率でスタンを付与する	物理伤害·小	对敌方单体造成物理伤害。有{2}%的概率赋予其昏眩。	物理傷害‧小	對敵方單體造成物理傷害。以{2}%的機率賦予昏眩。	물리 대미지ㆍ소	단일 적에게 물리 대미지를 준다.{2}%의 확률로 스턴을 부여한다
1982410330	Physical Damage M	Deals physical damage to an enemy. Has a {2}% chance to inflict Daze.	[114857633, 0, 0, 1415384097]	[0, 0, 10, 180]	[1074711872, 1830388641, 385132605, 0, 0, 0, 0, 0]	150	[60, 0, 30, 0, 0, 0, 0, 0, 0, 0, 0, 0, 0, 0]	210	[60, 0, 30, 0, 0, 0, 0, 0, 0, 0, 0, 0, 0, 0]	1	1	2	[494567760, 1922790492, 1590773769, 4294967295, 4294967295, 4294967295, 3212836864, 3212836864, 0, 0, 0, 0, 0, 0]	物理ダメージ・中	敵単体に物理ダメージを与える。{2}％の確率でスタンを付与する	物理伤害·中	对敌方单体造成物理伤害。有{2}%的概率赋予其昏眩。	物理傷害‧中	對敵方單體造成物理傷害。以{2}%的機率賦予昏眩。	물리 대미지ㆍ중	단일 적에게 물리 대미지를 준다.{2}%의 확률로 스턴을 부여한다
19799756	Physical Damage L	Deals physical damage to an enemy. Has a {2}% chance to inflict Daze.	[114857633, 0, 0, 1415384097]	[0, 0, 10, 180]	[1074711872, 1830388641, 385132605, 0, 0, 0, 0, 0]	220	[60, 0, 50, 0, 0, 0, 0, 0, 0, 0, 0, 0, 0, 0]	280	[60, 0, 50, 0, 0, 0, 0, 0, 0, 0, 0, 0, 0, 0]	1	1	3	[494567760, 1922790492, 1590773769, 4294967295, 4294967295, 4294967295, 3212836864, 3212836864, 0, 0, 0, 0, 0, 0]	物理ダメージ・大	敵単体に物理ダメージを与える。{2}％の確率でスタンを付与する	物理伤害·大	对敌方单体造成物理伤害。有{2}%的概率赋予其昏眩。	物理傷害‧大	對敵方單體造成物理傷害。以{2}%的機率賦予昏眩。	물리 대미지ㆍ대	단일 적에게 물리 대미지를 준다.{2}%의 확률로 스턴을 부여한다
1622504593	Thorn Attack	Deals physical damage to an enemy. Has a {2}% chance to inflict Daze. Deals an additional {3} power physical damage.	[114857633, 0, 0, 1415384097]	[0, 0, 10, 180]	[1074711872, 1830388641, 385132605, 936360448, 0, 0, 0, 0]	300	[60, 0, 70, 0, 30, 0, 0, 0, 0, 0, 0, 0, 0, 0]	350	[60, 0, 70, 0, 60, 0, 0, 0, 0, 0, 0, 0, 0, 0]	1	1	4	[494567760, 1922790492, 1590773769, 4294967295, 4294967295, 4294967295, 3212836864, 3212836864, 0, 0, 0, 0, 0, 0]	トゲの一撃	敵単体に物理ダメージを与え、{2}％の確率でスタンを付与する。追加で威力{3}の物理ダメージを与える	尖棘的一击	对敌方单体造成物理伤害，并有{2}%的概率赋予其昏眩。追加对其造成威力{3}的物理伤害。	尖棘的一擊	對敵方單體造成物理傷害，並以{2}%的機率賦予昏眩。可造成威力{3}的物理追加傷害。	가시의 일격	단일 적에게 물리 대미지를 주고 {2}%의 확률로 스턴을 부여한다. 추가로 위력 {3}만큼 물리 대미지를 준다
397558791	Thorn Attack	Deals physical damage to an enemy. Has a {2}% chance to inflict Daze. Deals an additional {3} power physical damage.	[114857633, 0, 0, 1415384097]	[0, 0, 10, 180]	[1074711872, 1830388641, 385132605, 936360448, 0, 0, 0, 0]	350	[60, 0, 70, 0, 60, 0, 0, 0, 0, 0, 0, 0, 0, 0]	350	[60, 0, 70, 0, 60, 0, 0, 0, 0, 0, 0, 0, 0, 0]	1	0	5	[494567760, 1922790492, 1590773769, 4294967295, 4294967295, 4294967295, 3212836864, 3212836864, 0, 0, 0, 0, 0, 0]	トゲの一撃	敵単体に物理ダメージを与え、{2}％の確率でスタンを付与する。追加で威力{3}の物理ダメージを与える	尖棘的一击	对敌方单体造成物理伤害，并有{2}%的概率赋予其昏眩。追加对其造成威力{3}的物理伤害。	尖棘的一擊	對敵方單體造成物理傷害，並以{2}%的機率賦予昏眩。可造成威力{3}的物理追加傷害。	가시의 일격	단일 적에게 물리 대미지를 주고 {2}%의 확률로 스턴을 부여한다. 추가로 위력 {3}만큼 물리 대미지를 준다
1319870154	Fire Damage S	Deals fire damage to an enemy. Has a {2}% chance to inflict Burns.	[696596556, 0, 0, 1415384097]	[0, 0, 10, 250]	[1068849886, 85985207, 721968588, 0, 0, 0, 0, 0]	80	[60, 0, 30, 0, 0, 0, 0, 0, 0, 0, 0, 0, 0, 0]	140	[60, 0, 30, 0, 0, 0, 0, 0, 0, 0, 0, 0, 0, 0]	1	1	6	[1391861852, 519700361, 1590773769, 4294967295, 4294967295, 4294967295, 3212836864, 3212836864, 0, 0, 0, 0, 0, 0]	火ダメージ・小	敵単体に火ダメージを与える。{2}％の確率で火傷を付与する	火伤害·小	对敌方单体造成火伤害。以{2}%的概率赋予其火伤。	火焰傷害‧小	對敵方單體造成火傷害，並以{2}%的機率賦予燒傷。	화 대미지ㆍ소	단일 적에게 화 대미지를 준다.{2}%의 확률로 화상을 부여한다
677195916	Fire Damage M	Deals fire damage to an enemy. Has a {2}% chance to inflict Burns.	[696596556, 0, 0, 1415384097]	[0, 0, 10, 250]	[1068849886, 85985207, 721968588, 0, 0, 0, 0, 0]	150	[60, 0, 50, 0, 0, 0, 0, 0, 0, 0, 0, 0, 0, 0]	210	[60, 0, 50, 0, 0, 0, 0, 0, 0, 0, 0, 0, 0, 0]	1	1	7	[1391861852, 519700361, 1590773769, 4294967295, 4294967295, 4294967295, 3212836864, 3212836864, 0, 0, 0, 0, 0, 0]	火ダメージ・中	敵単体に火ダメージを与える。{2}％の確率で火傷を付与する	火伤害·中	对敌方单体造成火伤害。以{2}%的概率赋予其火伤。	火焰傷害‧中	對敵方單體造成火傷害，並以{2}%的機率賦予燒傷。	화 대미지ㆍ중	단일 적에게 화 대미지를 준다.{2}%의 확률로 화상을 부여한다
1599733786	Fire Damage L	Deals fire damage to an enemy. Has a {2}% chance to inflict Burns.	[696596556, 0, 0, 1415384097]	[0, 0, 10, 250]	[1068849886, 85985207, 721968588, 0, 0, 0, 0, 0]	220	[60, 0, 70, 0, 0, 0, 0, 0, 0, 0, 0, 0, 0, 0]	280	[60, 0, 70, 0, 0, 0, 0, 0, 0, 0, 0, 0, 0, 0]	1	1	8	[1391861852, 519700361, 1590773769, 4294967295, 4294967295, 4294967295, 3212836864, 3212836864, 0, 0, 0, 0, 0, 0]	火ダメージ・大	敵単体に火ダメージを与える。{2}％の確率で火傷を付与する	火伤害·大	对敌方单体造成火伤害。以{2}%的概率赋予其火伤。	火焰傷害‧大	對敵方單體造成火傷害，並以{2}%的機率賦予燒傷。	화 대미지ㆍ대	단일 적에게 화 대미지를 준다.{2}%의 확률로 화상을 부여한다
1052863047	Mass of Heat	Deals fire damage to an enemy. Has a {2}% chance to inflict Burns. Power is boosted by {3}% against enemies with status effects.	[696596556, 0, 0, 1415384097]	[0, 0, 10, 250]	[1068849886, 85985207, 721968588, 205281912, 0, 0, 0, 0]	300	[60, 0, 100, 0, 30, 0, 0, 0, 0, 0, 0, 0, 0, 0]	350	[60, 0, 100, 0, 50, 0, 0, 0, 0, 0, 0, 0, 0, 0]	1	1	9	[1391861852, 519700361, 1590773769, 4294967295, 4294967295, 4294967295, 3212836864, 3212836864, 0, 0, 0, 0, 0, 0]	熱の塊	敵単体に火ダメージを与え、{2}％の確率で火傷を付与する。状態異常の敵に対して威力が{3}％上昇する	灼热之核	对敌方单体造成火伤害，并有{2}%的概率赋予其火伤。对异常状态的敌人威力提升{3}%。	灼熱之核	對敵方單體造成火傷害，並以{2}%的機率賦予燒傷。對異常狀態的敵人威力上升{3}%。	열 덩어리	단일 적에게 화 대미지를 주고 {2}%의 확률로 화상을 부여한다. 상태이상인 적에게는 위력이 {3}% 상승한다
1237736145	Mass of Heat	Deals fire damage to an enemy. Has a {2}% chance to inflict Burns. Power is boosted by {3}% against enemies with status effects.	[696596556, 0, 0, 1415384097]	[0, 0, 10, 250]	[1068849886, 85985207, 721968588, 205281912, 0, 0, 0, 0]	350	[60, 0, 100, 0, 50, 0, 0, 0, 0, 0, 0, 0, 0, 0]	350	[60, 0, 100, 0, 50, 0, 0, 0, 0, 0, 0, 0, 0, 0]	1	0	10	[1391861852, 519700361, 1590773769, 4294967295, 4294967295, 4294967295, 3212836864, 3212836864, 0, 0, 0, 0, 0, 0]	熱の塊	敵単体に火ダメージを与え、{2}％の確率で火傷を付与する。状態異常の敵に対して威力が{3}％上昇する	灼热之核	对敌方单体造成火伤害，并有{2}%的概率赋予其火伤。对异常状态的敌人威力提升{3}%。	灼熱之核	對敵方單體造成火傷害，並以{2}%的機率賦予燒傷。對異常狀態的敵人威力上升{3}%。	열 덩어리	단일 적에게 화 대미지를 주고 {2}%의 확률로 화상을 부여한다. 상태이상인 적에게는 위력이 {3}% 상승한다
824372777	Ice Damage S	Deals ice damage to an enemy. Has a {2}% chance to inflict Frostbite.	[781318477, 0, 0, 1415384097]	[0, 0, 10, 250]	[1697367608, 1796614608, 1394985004, 0, 0, 0, 0, 0]	80	[60, 0, 10, 0, 0, 0, 0, 0, 0, 0, 0, 0, 0, 0]	140	[60, 0, 10, 0, 0, 0, 0, 0, 0, 0, 0, 0, 0, 0]	1	1	11	[1833738417, 1093876329, 1590773769, 4294967295, 4294967295, 4294967295, 3212836864, 3212836864, 0, 0, 0, 0, 0, 0]	氷ダメージ・小	敵単体に氷ダメージを与える。{2}％の確率でカチコチを付与する	冰伤害·小	对敌方单体造成冰伤害。有{2}%的概率赋予其僵直。	冰傷害‧小	對敵方單體造成冰傷害。以{2}%的機率賦予僵硬。	빙 대미지ㆍ소	단일 적에게 빙 대미지를 준다.{2}%의 확률로 동상을 부여한다
1473527917	Ice Damage M	Deals ice damage to an enemy. Has a {2}% chance to inflict Frostbite.	[781318477, 0, 0, 1415384097]	[0, 0, 10, 250]	[1697367608, 1796614608, 1394985004, 0, 0, 0, 0, 0]	150	[60, 0, 30, 0, 0, 0, 0, 0, 0, 0, 0, 0, 0, 0]	210	[60, 0, 30, 0, 0, 0, 0, 0, 0, 0, 0, 0, 0, 0]	1	1	12	[1833738417, 1093876329, 1590773769, 4294967295, 4294967295, 4294967295, 3212836864, 3212836864, 0, 0, 0, 0, 0, 0]	氷ダメージ・中	敵単体に氷ダメージを与える。{2}％の確率でカチコチを付与する	冰伤害·中	对敌方单体造成冰伤害。有{2}%的概率赋予其僵直。	冰傷害‧中	對敵方單體造成冰傷害。以{2}%的機率賦予僵硬。	빙 대미지ㆍ중	단일 적에게 빙 대미지를 준다.{2}%의 확률로 동상을 부여한다
550727931	Ice Damage L	Deals ice damage to an enemy. Has a {2}% chance to inflict Frostbite.	[781318477, 0, 0, 1415384097]	[0, 0, 10, 250]	[1697367608, 1796614608, 1394985004, 0, 0, 0, 0, 0]	220	[60, 0, 50, 0, 0, 0, 0, 0, 0, 0, 0, 0, 0, 0]	280	[60, 0, 50, 0, 0, 0, 0, 0, 0, 0, 0, 0, 0, 0]	1	1	13	[1833738417, 1093876329, 1590773769, 4294967295, 4294967295, 4294967295, 3212836864, 3212836864, 0, 0, 0, 0, 0, 0]	氷ダメージ・大	敵単体に氷ダメージを与える。{2}％の確率でカチコチを付与する	冰伤害·大	对敌方单体造成冰伤害。有{2}%的概率赋予其僵直。	冰傷害‧大	對敵方單體造成冰傷害。以{2}%的機率賦予僵硬。	빙 대미지ㆍ대	단일 적에게 빙 대미지를 준다.{2}%의 확률로 동상을 부여한다
1095244454	Steal Heat	Deals ice damage to an enemy. Has a {2}% chance to inflict Frostbite. Has a {3}% chance to immediately KO the target.	[781318477, 0, 0, 1415384097]	[0, 0, 10, 250]	[1697367608, 1796614608, 1394985004, 1263290917, 0, 0, 0, 0]	300	[60, 0, 70, 0, 50, 0, 0, 0, 0, 0, 0, 0, 0, 0]	350	[60, 0, 70, 0, 50, 0, 0, 0, 0, 0, 0, 0, 0, 0]	1	1	14	[1833738417, 1093876329, 1590773769, 4294967295, 4294967295, 4294967295, 3212836864, 3212836864, 0, 0, 0, 0, 0, 0]	熱を奪う	敵単体に氷ダメージを与え、{2}％の確率でカチコチを付与する。{3}％の確率で対象を即座に戦闘不能にする	夺取热量	对敌方单体造成冰伤害，并有{2}%的概率赋予其僵直。同时有{3}%的概率使目标立刻无法战斗。	奪取熱量	對敵方單體造成冰傷害，並以{2}%的機率賦予僵硬。有{3}%的機率使目標立刻無法戰鬥。	열 탈취	단일 적에게 빙 대미지를 주고 {2}%의 확률로 동상을 부여한다. {3}%의 확률로 대상을 즉시 전투불능으로 만든다
911157808	Steal Heat	Deals ice damage to an enemy. Has a {2}% chance to inflict Frostbite. Has a {3}% chance to immediately KO the target.	[781318477, 0, 0, 1415384097]	[0, 0, 10, 250]	[1697367608, 1796614608, 1394985004, 1263290917, 0, 0, 0, 0]	350	[60, 0, 70, 0, 50, 0, 0, 0, 0, 0, 0, 0, 0, 0]	350	[60, 0, 70, 0, 50, 0, 0, 0, 0, 0, 0, 0, 0, 0]	1	0	15	[1833738417, 1093876329, 1590773769, 4294967295, 4294967295, 4294967295, 3212836864, 3212836864, 0, 0, 0, 0, 0, 0]	熱を奪う	敵単体に氷ダメージを与え、{2}％の確率でカチコチを付与する。{3}％の確率で対象を即座に戦闘不能にする	夺取热量	对敌方单体造成冰伤害，并有{2}%的概率赋予其僵直。同时有{3}%的概率使目标立刻无法战斗。	奪取熱量	對敵方單體造成冰傷害，並以{2}%的機率賦予僵硬。有{3}%的機率使目標立刻無法戰鬥。	열 탈취	단일 적에게 빙 대미지를 주고 {2}%의 확률로 동상을 부여한다. {3}%의 확률로 대상을 즉시 전투불능으로 만든다
1136424823	Bolt Damage S	Deals bolt damage to an enemy. Has a {2}% chance to inflict Paralysis.	[683277684, 0, 0, 1415384097]	[0, 0, 10, 250]	[900670523, 447517540, 783300166, 0, 0, 0, 0, 0]	80	[60, 0, 10, 0, 0, 0, 0, 0, 0, 0, 0, 0, 0, 0]	140	[60, 0, 10, 0, 0, 0, 0, 0, 0, 0, 0, 0, 0, 0]	1	1	16	[1511829191, 942770343, 1590773769, 4294967295, 4294967295, 4294967295, 3212836864, 3212836864, 0, 0, 0, 0, 0, 0]	雷ダメージ・小	敵単体に雷ダメージを与える。{2}％の確率で麻痺を付与する	雷伤害·小	对敌方单体造成雷伤害。有{2}%的概率赋予其麻痹。	雷傷害‧小	對敵方單體造成雷傷害。以{2}%的機率賦予麻痺。	뇌 대미지ㆍ소	단일 적에게 뇌 대미지를 준다.{2}%의 확률로 마비를 부여한다
625662259	Bolt Damage M	Deals bolt damage to an enemy. Has a {2}% chance to inflict Paralysis.	[683277684, 0, 0, 1415384097]	[0, 0, 10, 250]	[900670523, 447517540, 783300166, 0, 0, 0, 0, 0]	150	[60, 0, 20, 0, 0, 0, 0, 0, 0, 0, 0, 0, 0, 0]	210	[60, 0, 20, 0, 0, 0, 0, 0, 0, 0, 0, 0, 0, 0]	1	1	17	[1511829191, 942770343, 1590773769, 4294967295, 4294967295, 4294967295, 3212836864, 3212836864, 0, 0, 0, 0, 0, 0]	雷ダメージ・中	敵単体に雷ダメージを与える。{2}％の確率で麻痺を付与する	雷伤害·中	对敌方单体造成雷伤害。有{2}%的概率赋予其麻痹。	雷傷害‧中	對敵方單體造成雷傷害。以{2}%的機率賦予麻痺。	뇌 대미지ㆍ중	단일 적에게 뇌 대미지를 준다.{2}%의 확률로 마비를 부여한다
1380837797	Bolt Damage L	Deals bolt damage to an enemy. Has a {2}% chance to inflict Paralysis.	[683277684, 0, 0, 1415384097]	[0, 0, 10, 250]	[900670523, 447517540, 783300166, 0, 0, 0, 0, 0]	220	[60, 0, 30, 0, 0, 0, 0, 0, 0, 0, 0, 0, 0, 0]	280	[60, 0, 30, 0, 0, 0, 0, 0, 0, 0, 0, 0, 0, 0]	1	1	18	[1511829191, 942770343, 1590773769, 4294967295, 4294967295, 4294967295, 3212836864, 3212836864, 0, 0, 0, 0, 0, 0]	雷ダメージ・大	敵単体に雷ダメージを与える。{2}％の確率で麻痺を付与する	雷伤害·大	对敌方单体造成雷伤害。有{2}%的概率赋予其麻痹。	雷傷害‧大	對敵方單體造成雷傷害。以{2}%的機率賦予麻痺。	뇌 대미지ㆍ대	단일 적에게 뇌 대미지를 준다.{2}%의 확률로 마비를 부여한다
869696504	Electric Shock	Deals bolt damage to an enemy. Has a {2}% chance to inflict Paralysis. Boosts user's SPD by {3}%	[683277684, 0, 0, 1415384097]	[0, 0, 10, 250]	[900670523, 447517540, 783300166, 335979952, 0, 0, 0, 0]	300	[60, 0, 50, 0, 10, 0, 0, 0, 0, 0, 0, 0, 0, 0]	350	[60, 0, 50, 0, 30, 0, 0, 0, 0, 0, 0, 0, 0, 0]	1	1	19	[1511829191, 942770343, 1590773769, 4294967295, 4294967295, 4294967295, 3212836864, 3212836864, 0, 0, 0, 0, 0, 0]	ビリビリ	敵単体に雷ダメージを与え、{2}％の確率で麻痺を付与する。使用者の素早さを{3}％上昇させる	噼里啪啦	对敌方单体造成雷伤害，并有{2}%的概率赋予其麻痹。使用者的敏捷提升{3}%。	劈里啪啦	對敵方單體造成雷傷害，並以{2}%的機率賦予麻痺。使用者的敏捷上升{3}%。	찌릿찌릿	단일 적에게 뇌 대미지를 주고 {2}%의 확률로 마비를 부여한다. 사용자의 민첩성을 {3}% 상승시킨다
1154593646	Electric Shock	Deals bolt damage to an enemy. Has a {2}% chance to inflict Paralysis. Boosts user's SPD by {3}%	[683277684, 0, 0, 1415384097]	[0, 0, 10, 250]	[900670523, 447517540, 783300166, 335979952, 0, 0, 0, 0]	350	[60, 0, 50, 0, 30, 0, 0, 0, 0, 0, 0, 0, 0, 0]	350	[60, 0, 50, 0, 30, 0, 0, 0, 0, 0, 0, 0, 0, 0]	1	0	20	[1511829191, 942770343, 1590773769, 4294967295, 4294967295, 4294967295, 3212836864, 3212836864, 0, 0, 0, 0, 0, 0]	ビリビリ	敵単体に雷ダメージを与え、{2}％の確率で麻痺を付与する。使用者の素早さを{3}％上昇させる	噼里啪啦	对敌方单体造成雷伤害，并有{2}%的概率赋予其麻痹。使用者的敏捷提升{3}%。	劈里啪啦	對敵方單體造成雷傷害，並以{2}%的機率賦予麻痺。使用者的敏捷上升{3}%。	찌릿찌릿	단일 적에게 뇌 대미지를 주고 {2}%의 확률로 마비를 부여한다. 사용자의 민첩성을 {3}% 상승시킨다
528100548	Air Damage S	Deals air damage to an enemy. Has a {2}% chance to inflict Blindness.	[1505674682, 0, 0, 1415384097]	[0, 0, 10, 250]	[1148650436, 142277727, 626287384, 0, 0, 0, 0, 0]	80	[60, 0, 10, 0, 0, 0, 0, 0, 0, 0, 0, 0, 0, 0]	140	[60, 0, 10, 0, 0, 0, 0, 0, 0, 0, 0, 0, 0, 0]	1	1	21	[618805957, 21256201, 1590773769, 4294967295, 4294967295, 4294967295, 3212836864, 3212836864, 0, 0, 0, 0, 0, 0]	風ダメージ・小	敵単体に風ダメージを与える。{2}％の確率で暗闇を付与する	风伤害·小	对敌方单体造成风伤害。有{2}%的概率赋予其盲目。	風傷害‧小	對敵方單體造成風傷害。以{2}%的機率賦予盲目。	풍 대미지ㆍ소	단일 적에게 풍 대미지를 준다.{2}%의 확률로 암흑을 부여한다
2039251590	Air Damage M	Deals air damage to an enemy. Has a {2}% chance to inflict Blindness.	[1505674682, 0, 0, 1415384097]	[0, 0, 10, 250]	[1148650436, 142277727, 626287384, 0, 0, 0, 0, 0]	150	[60, 0, 20, 0, 0, 0, 0, 0, 0, 0, 0, 0, 0, 0]	210	[60, 0, 20, 0, 0, 0, 0, 0, 0, 0, 0, 0, 0, 0]	1	1	22	[618805957, 21256201, 1590773769, 4294967295, 4294967295, 4294967295, 3212836864, 3212836864, 0, 0, 0, 0, 0, 0]	風ダメージ・中	敵単体に風ダメージを与える。{2}％の確率で暗闇を付与する	风伤害·中	对敌方单体造成风伤害。有{2}%的概率赋予其盲目。	風傷害‧中	對敵方單體造成風傷害。以{2}%的機率賦予盲目。	풍 대미지ㆍ중	단일 적에게 풍 대미지를 준다.{2}%의 확률로 암흑을 부여한다
244036112	Air Damage L	Deals air damage to an enemy. Has a {2}% chance to inflict Blindness.	[1505674682, 0, 0, 1415384097]	[0, 0, 10, 250]	[1148650436, 142277727, 626287384, 0, 0, 0, 0, 0]	220	[60, 0, 40, 0, 0, 0, 0, 0, 0, 0, 0, 0, 0, 0]	280	[60, 0, 40, 0, 0, 0, 0, 0, 0, 0, 0, 0, 0, 0]	1	1	23	[618805957, 21256201, 1590773769, 4294967295, 4294967295, 4294967295, 3212836864, 3212836864, 0, 0, 0, 0, 0, 0]	風ダメージ・大	敵単体に風ダメージを与える。{2}％の確率で暗闇を付与する	风伤害·大	对敌方单体造成风伤害。有{2}%的概率赋予其盲目。	風傷害‧大	對敵方單體造成風傷害。以{2}%的機率賦予盲目。	풍 대미지ㆍ대	단일 적에게 풍 대미지를 준다.{2}%의 확률로 암흑을 부여한다
1863374925	Wreathe In Wind	Deals air damage to an enemy. Has a {2}% chance to inflict Blindness. Has a {3}% chance to force stun the target.	[1505674682, 0, 0, 1415384097]	[0, 0, 10, 250]	[1148650436, 142277727, 626287384, 1891807763, 0, 0, 0, 0]	300	[60, 0, 60, 0, 100, 0, 0, 0, 0, 0, 0, 0, 0, 0]	350	[60, 0, 60, 0, 100, 0, 0, 0, 0, 0, 0, 0, 0, 0]	1	1	24	[618805957, 21256201, 1590773769, 4294967295, 4294967295, 4294967295, 3212836864, 3212836864, 0, 0, 0, 0, 0, 0]	風を纏う	敵単体に風ダメージを与え、{2}％の確率で暗闇を付与する。一部の敵を除き、強制ブレイクを発生させる	微风缠绕	对敌方单体造成风伤害，并有{2}%的概率赋予其盲目。同时有{3}%的概率发动强制破防。	微風纏繞	對敵方單體造成風傷害，並以{2}%的機率賦予盲目。以{3}%的機率發動強制破防。	바람의 기운	단일 적에게 풍 대미지를 주고 {2}%의 확률로 암흑을 부여한다. 일부 적을 제외하고 강제로 브레이크를 발생시킨다
404220123	Wreathe In Wind	Deals air damage to an enemy. Has a {2}% chance to inflict Blindness. Has a {3}% chance to force stun the target.	[1505674682, 0, 0, 1415384097]	[0, 0, 10, 250]	[1148650436, 142277727, 626287384, 1891807763, 0, 0, 0, 0]	350	[60, 0, 60, 0, 100, 0, 0, 0, 0, 0, 0, 0, 0, 0]	350	[60, 0, 50, 0, 100, 0, 0, 0, 0, 0, 0, 0, 0, 0]	1	0	25	[618805957, 21256201, 1590773769, 4294967295, 4294967295, 4294967295, 3212836864, 3212836864, 0, 0, 0, 0, 0, 0]	風を纏う	敵単体に風ダメージを与え、{2}％の確率で暗闇を付与する。一部の敵を除き、強制ブレイクを発生させる	微风缠绕	对敌方单体造成风伤害，并有{2}%的概率赋予其盲目。同时有{3}%的概率发动强制破防。	微風纏繞	對敵方單體造成風傷害，並以{2}%的機率賦予盲目。以{3}%的機率發動強制破防。	바람의 기운	단일 적에게 풍 대미지를 주고 {2}%의 확률로 암흑을 부여한다. 일부 적을 제외하고 강제로 브레이크를 발생시킨다
1109833272	Homing Bullet S	Deals magic damage to all enemies. Used automatically when the equipped character's HP drops below {2}%.	[181287524, 0, 0, 355072781]	[0, 0, 15, 300]	[981836729, 1466211295, 2048900073, 0, 0, 0, 0, 0]	70	[60, 0, 10, 0, 0, 0, 0, 0, 0, 0, 0, 0, 0, 0]	110	[60, 0, 10, 0, 0, 0, 0, 0, 0, 0, 0, 0, 0, 0]	2	1	26	[2175536069, 823255276, 1590773769, 4294967295, 4294967295, 4294967295, 3212836864, 3212836864, 0, 0, 0, 0, 0, 0]	小型誘導弾・小	敵全体に魔法ダメージを与える。装備者のＨＰが{2}％以下になった時、自動で使用される	小型追踪弹·小	对敌方全体造成魔法伤害，装备者的HP不高于{2}%时自动使用。	小型誘導彈‧小	對敵方全體造成魔法傷害。裝備者的HP降低至{2}%以下時會自動使用。	소형 유도탄ㆍ소	모든 적에게 마법 대미지를 준다.장비자의 HP가 {2}% 이하일 시, 자동으로 사용된다
617617522	Homing Bullet M	Deals magic damage to all enemies. Used automatically when the equipped character's HP drops below {2}%.	[181287524, 0, 0, 355072781]	[0, 0, 15, 300]	[981836729, 1466211295, 1210702187, 0, 0, 0, 0, 0]	120	[60, 0, 30, 0, 0, 0, 0, 0, 0, 0, 0, 0, 0, 0]	160	[60, 0, 30, 0, 0, 0, 0, 0, 0, 0, 0, 0, 0, 0]	2	1	27	[2175536069, 823255276, 1590773769, 4294967295, 4294967295, 4294967295, 3212836864, 3212836864, 0, 0, 0, 0, 0, 0]	小型誘導弾・中	敵全体に魔法ダメージを与える。装備者のＨＰが{2}％以下になった時、自動で使用される	小型追踪弹·中	对敌方全体造成魔法伤害，装备者的HP不高于{2}%时自动使用。	小型誘導彈‧中	對敵方全體造成魔法傷害。裝備者的HP降低至{2}%以下時會自動使用。	소형 유도탄ㆍ중	모든 적에게 마법 대미지를 준다.장비자의 HP가 {2}% 이하일 시, 자동으로 사용된다
1406609636	Homing Bullet L	Deals magic damage to all enemies. Used automatically when the equipped character's HP drops below {2}%.	[181287524, 0, 0, 355072781]	[0, 0, 15, 300]	[981836729, 1466211295, 510885613, 0, 0, 0, 0, 0]	170	[60, 0, 50, 0, 0, 0, 0, 0, 0, 0, 0, 0, 0, 0]	210	[60, 0, 50, 0, 0, 0, 0, 0, 0, 0, 0, 0, 0, 0]	2	1	28	[2175536069, 823255276, 1590773769, 4294967295, 4294967295, 4294967295, 3212836864, 3212836864, 0, 0, 0, 0, 0, 0]	小型誘導弾・大	敵全体に魔法ダメージを与える。装備者のＨＰが{2}％以下になった時、自動で使用される	小型追踪弹·大	对敌方全体造成魔法伤害，装备者的HP不高于{2}%时自动使用。	小型誘導彈‧大	對敵方全體造成魔法傷害。裝備者的HP降低至{2}%以下時會自動使用。	소형 유도탄ㆍ대	모든 적에게 마법 대미지를 준다.장비자의 HP가 {2}% 이하일 시, 자동으로 사용된다
843858617	Supersonic Missile	Deals magic damage to all enemies and reduces their ATK by {3}%. Activates automatically when the equipped character's HP drops below {2}%.	[181287524, 0, 0, 355072781]	[0, 0, 15, 300]	[981836729, 1466211295, 895364398, 94078510, 0, 0, 0, 0]	220	[60, 0, 60, 0, 20, 0, 0, 0, 0, 0, 0, 0, 0, 0]	260	[60, 0, 60, 0, 30, 0, 0, 0, 0, 0, 0, 0, 0, 0]	2	1	29	[2175536069, 823255276, 1590773769, 4294967295, 4294967295, 4294967295, 3212836864, 3212836864, 0, 0, 0, 0, 0, 0]	亜音速誘導弾	敵全体に魔法ダメージを与え、攻撃力を{3}％減少させる。装備者のＨＰが{2}％以下になった時、自動で使用される	亚音速诱导弹	对敌方全体造成魔法伤害，并使其攻击力减少{3}%。装备者的HP不高于{2}%时自动使用。	亞音速誘導彈	對敵方全體造成魔法傷害，並使其攻擊力減少{3}%。裝備者的HP降低至{2}%以下時會自動使用。	아음속 유도탄	모든 적에게 마법 대미지를 주고 공격력을 {3}% 감소시킨다. 장비자의 HP가 {2}% 이하일 시, 자동으로 사용된다
1162572335	Supersonic Missile	Deals magic damage to all enemies and reduces their ATK by {3}%. Activates automatically when the equipped character's HP drops below {2}%.	[181287524, 0, 0, 355072781]	[0, 0, 15, 300]	[981836729, 1466211295, 895364398, 94078510, 0, 0, 0, 0]	260	[60, 0, 60, 0, 30, 0, 0, 0, 0, 0, 0, 0, 0, 0]	260	[60, 0, 60, 0, 30, 0, 0, 0, 0, 0, 0, 0, 0, 0]	2	0	30	[2175536069, 823255276, 1590773769, 4294967295, 4294967295, 4294967295, 3212836864, 3212836864, 0, 0, 0, 0, 0, 0]	亜音速誘導弾	敵全体に魔法ダメージを与え、攻撃力を{3}％減少させる。装備者のＨＰが{2}％以下になった時、自動で使用される	亚音速诱导弹	对敌方全体造成魔法伤害，并使其攻击力减少{3}%。装备者的HP不高于{2}%时自动使用。	亞音速誘導彈	對敵方全體造成魔法傷害，並使其攻擊力減少{3}%。裝備者的HP降低至{2}%以下時會自動使用。	아음속 유도탄	모든 적에게 마법 대미지를 주고 공격력을 {3}% 감소시킨다. 장비자의 HP가 {2}% 이하일 시, 자동으로 사용된다
557292163	Wide Impact S	Deals physical damage to all enemies. Power is boosted by {2}% against Dazed enemies.	[114857633, 0, 0, 355072781]	[0, 0, 20, 350]	[654129168, 1289362217, 862609733, 0, 0, 0, 0, 0]	70	[60, 0, 10, 0, 0, 0, 0, 0, 0, 0, 0, 0, 0, 0]	130	[60, 0, 20, 0, 0, 0, 0, 0, 0, 0, 0, 0, 0, 0]	1	1	31	[264734627, 1316104656, 1590773769, 4294967295, 4294967295, 4294967295, 3212836864, 3212836864, 0, 0, 0, 0, 0, 0]	広がる衝撃・小	敵全体に物理ダメージを与える。スタン中の敵に対して威力が{2}％上昇する	冲击蔓延·小	对敌方全体造成物理伤害，对昏眩中的敌人威力提升{2}%。	蔓延的衝擊‧小	對敵方全體造成物理傷害。對昏眩中的敵人威力上升{2}%。	퍼져가는 충격ㆍ소	모든 적에게 물리 대미지를 준다.스턴 중인 적에게는 위력이 {2}% 상승한다
1203844295	Wide Impact M	Deals physical damage to all enemies. Power is boosted by {2}% against Dazed enemies.	[114857633, 0, 0, 355072781]	[0, 0, 20, 350]	[654129168, 1289362217, 862609733, 0, 0, 0, 0, 0]	140	[60, 0, 20, 0, 0, 0, 0, 0, 0, 0, 0, 0, 0, 0]	200	[60, 0, 30, 0, 0, 0, 0, 0, 0, 0, 0, 0, 0, 0]	1	1	32	[264734627, 1316104656, 1590773769, 4294967295, 4294967295, 4294967295, 3212836864, 3212836864, 0, 0, 0, 0, 0, 0]	広がる衝撃・中	敵全体に物理ダメージを与える。スタン中の敵に対して威力が{2}％上昇する	冲击蔓延·中	对敌方全体造成物理伤害，对昏眩中的敌人威力提升{2}%。	蔓延的衝擊‧中	對敵方全體造成物理傷害。對昏眩中的敵人威力上升{2}%。	퍼져가는 충격ㆍ중	모든 적에게 물리 대미지를 준다.스턴 중인 적에게는 위력이 {2}% 상승한다
818283601	Wide Impact L	Deals physical damage to all enemies. Power is boosted by {2}% against Dazed enemies.	[114857633, 0, 0, 355072781]	[0, 0, 20, 350]	[654129168, 1289362217, 862609733, 0, 0, 0, 0, 0]	210	[60, 0, 30, 0, 0, 0, 0, 0, 0, 0, 0, 0, 0, 0]	270	[60, 0, 40, 0, 0, 0, 0, 0, 0, 0, 0, 0, 0, 0]	1	1	33	[264734627, 1316104656, 1590773769, 4294967295, 4294967295, 4294967295, 3212836864, 3212836864, 0, 0, 0, 0, 0, 0]	広がる衝撃・大	敵全体に物理ダメージを与える。スタン中の敵に対して威力が{2}％上昇する	冲击蔓延·大	对敌方全体造成物理伤害，对昏眩中的敌人威力提升{2}%。	蔓延的衝擊‧大	對敵方全體造成物理傷害。對昏眩中的敵人威力上升{2}%。	퍼져가는 충격ㆍ대	모든 적에게 물리 대미지를 준다.스턴 중인 적에게는 위력이 {2}% 상승한다
1365077518	Furious Rush	Deals physical damage to all enemies. Power is boosted by {2}% against Dazed enemies. Has a {3}% chance to inflict Daze.	[114857633, 0, 0, 355072781]	[0, 0, 20, 350]	[654129168, 1289362217, 862609733, 1879530861, 0, 0, 0, 0]	280	[60, 0, 40, 0, 50, 0, 0, 0, 0, 0, 0, 0, 0, 0]	330	[60, 0, 50, 0, 50, 0, 0, 0, 0, 0, 0, 0, 0, 0]	1	1	34	[264734627, 1316104656, 1590773769, 4294967295, 4294967295, 4294967295, 3212836864, 3212836864, 0, 0, 0, 0, 0, 0]	怒濤の猛撃	敵全体に物理ダメージを与え、スタン中の敵に対して威力が{2}％上昇する。{3}％の確率でスタンを付与する	怒涛猛击	对敌方全体造成物理伤害，敌人处于昏眩状态时威力提升{2}%。有{3}%的概率赋予敌方昏眩。	怒濤猛擊	對敵方全體造成物理傷害，並對昏眩中的敵人威力上升{2}%。以{3}%的機率賦予昏眩。	노도의 맹격	모든 적에게 물리 대미지를 주고 스턴 중인 적에게는 위력이 {2}% 상승한다. {3}%의 확률로 스턴을 부여한다
643456668	Furious Rush	Deals physical damage to all enemies. Power is boosted by {2}% against Dazed enemies. Has a {3}% chance to inflict Daze.	[114857633, 0, 0, 355072781]	[0, 0, 20, 350]	[654129168, 1289362217, 862609733, 1879530861, 0, 0, 0, 0]	330	[60, 0, 50, 0, 50, 0, 0, 0, 0, 0, 0, 0, 0, 0]	330	[60, 0, 50, 0, 50, 0, 0, 0, 0, 0, 0, 0, 0, 0]	1	0	35	[264734627, 1316104656, 1590773769, 4294967295, 4294967295, 4294967295, 3212836864, 3212836864, 0, 0, 0, 0, 0, 0]	怒濤の猛撃	敵全体に物理ダメージを与え、スタン中の敵に対して威力が{2}％上昇する。{3}％の確率でスタンを付与する	怒涛猛击	对敌方全体造成物理伤害，敌人处于昏眩状态时威力提升{2}%。有{3}%的概率赋予敌方昏眩。	怒濤猛擊	對敵方全體造成物理傷害，並對昏眩中的敵人威力上升{2}%。以{3}%的機率賦予昏眩。	노도의 맹격	모든 적에게 물리 대미지를 주고 스턴 중인 적에게는 위력이 {2}% 상승한다. {3}%의 확률로 스턴을 부여한다
2135131221	Heatwave S	Deals fire damage to all enemies. Power is boosted by {2}% against Burned enemies.	[696596556, 0, 0, 355072781]	[0, 0, 20, 350]	[891514358, 1192419818, 106819165, 0, 0, 0, 0, 0]	70	[60, 0, 10, 0, 0, 0, 0, 0, 0, 0, 0, 0, 0, 0]	130	[60, 0, 20, 0, 0, 0, 0, 0, 0, 0, 0, 0, 0, 0]	1	1	36	[3809297304, 1103657600, 1590773769, 4294967295, 4294967295, 4294967295, 3212836864, 3212836864, 0, 0, 0, 0, 0, 0]	熱波放出・小	敵全体に火ダメージを与える。火傷状態の敵に対して威力が{2}％上昇する	释放热浪·小	对敌方全体造成火伤害。对火伤状态的敌人威力提升{2}%。	釋放熱浪‧小	對敵方全體造成火傷害。對燒傷狀態的敵人威力上升{2}%。	열파방출ㆍ소	모든 적에게 화 대미지를 준다.화상 상태인 적에게는 위력이 {2}% 상승한다
431303185	Heatwave M	Deals fire damage to all enemies. Power is boosted by {2}% against Burned enemies.	[696596556, 0, 0, 355072781]	[0, 0, 20, 350]	[891514358, 1192419818, 106819165, 0, 0, 0, 0, 0]	140	[60, 0, 20, 0, 0, 0, 0, 0, 0, 0, 0, 0, 0, 0]	200	[60, 0, 30, 0, 0, 0, 0, 0, 0, 0, 0, 0, 0, 0]	1	1	37	[3809297304, 1103657600, 1590773769, 4294967295, 4294967295, 4294967295, 3212836864, 3212836864, 0, 0, 0, 0, 0, 0]	熱波放出・中	敵全体に火ダメージを与える。火傷状態の敵に対して威力が{2}％上昇する	释放热浪·中	对敌方全体造成火伤害。对火伤状态的敌人威力提升{2}%。	釋放熱浪‧中	對敵方全體造成火傷害。對燒傷狀態的敵人威力上升{2}%。	열파방출ㆍ중	모든 적에게 화 대미지를 준다.화상 상태인 적에게는 위력이 {2}% 상승한다
1857165959	Heatwave L	Deals fire damage to all enemies. Power is boosted by {2}% against Burned enemies.	[696596556, 0, 0, 355072781]	[0, 0, 20, 350]	[891514358, 1192419818, 106819165, 0, 0, 0, 0, 0]	210	[60, 0, 30, 0, 0, 0, 0, 0, 0, 0, 0, 0, 0, 0]	270	[60, 0, 40, 0, 0, 0, 0, 0, 0, 0, 0, 0, 0, 0]	1	1	38	[3809297304, 1103657600, 1590773769, 4294967295, 4294967295, 4294967295, 3212836864, 3212836864, 0, 0, 0, 0, 0, 0]	熱波放出・大	敵全体に火ダメージを与える。火傷状態の敵に対して威力が{2}％上昇する	释放热浪·大	对敌方全体造成火伤害。对火伤状态的敌人威力提升{2}%。	釋放熱浪‧大	對敵方全體造成火傷害。對燒傷狀態的敵人威力上升{2}%。	열파방출ㆍ대	모든 적에게 화 대미지를 준다.화상 상태인 적에게는 위력이 {2}% 상승한다
254374108	Crimson Fire	Deals fire damage to all enemies. Power is boosted by {2}% against Burned enemies. Has a {3}% chance to inflict Burns.	[696596556, 0, 0, 355072781]	[0, 0, 20, 350]	[891514358, 1192419818, 106819165, 347008044, 0, 0, 0, 0]	280	[60, 0, 40, 0, 100, 0, 0, 0, 0, 0, 0, 0, 0, 0]	330	[60, 0, 50, 0, 100, 0, 0, 0, 0, 0, 0, 0, 0, 0]	1	1	39	[3809297304, 1103657600, 1590773769, 4294967295, 4294967295, 4294967295, 3212836864, 3212836864, 0, 0, 0, 0, 0, 0]	真紅の炎	敵全体に火ダメージを与え、火傷状態の敵に対して威力が{2}％上昇する。{3}％の確率で火傷を付与する	真红之炎	对敌方全体造成火伤害，敌人处于火伤状态时威力提升{2}%。有{3}%的概率赋予敌方火伤。	深紅之炎	對敵方全體造成火傷害，並對燒傷狀態的敵人威力上升{2}%。以{3}%的機率賦予燒傷。	진홍의 불꽃	모든 적에게 화 대미지를 주고 화상 상태인 적에게는 위력이 {2}% 상승한다. {3}%의 확률로 화상을 부여한다
2016297038	Crimson Fire	Deals fire damage to all enemies. Power is boosted by {2}% against Burned enemies. Has a {3}% chance to inflict Burns.	[696596556, 0, 0, 355072781]	[0, 0, 20, 350]	[891514358, 1192419818, 106819165, 347008044, 0, 0, 0, 0]	330	[60, 0, 50, 0, 100, 0, 0, 0, 0, 0, 0, 0, 0, 0]	330	[60, 0, 50, 0, 100, 0, 0, 0, 0, 0, 0, 0, 0, 0]	1	0	40	[3809297304, 1103657600, 1590773769, 4294967295, 4294967295, 4294967295, 3212836864, 3212836864, 0, 0, 0, 0, 0, 0]	真紅の炎	敵全体に火ダメージを与え、火傷状態の敵に対して威力が{2}％上昇する。{3}％の確率で火傷を付与する	真红之炎	对敌方全体造成火伤害，敌人处于火伤状态时威力提升{2}%。有{3}%的概率赋予敌方火伤。	深紅之炎	對敵方全體造成火傷害，並對燒傷狀態的敵人威力上升{2}%。以{3}%的機率賦予燒傷。	진홍의 불꽃	모든 적에게 화 대미지를 주고 화상 상태인 적에게는 위력이 {2}% 상승한다. {3}%의 확률로 화상을 부여한다
13300916	Freezing Wave S	Deals ice damage to all enemies. Power is boosted by {2}% against Frostbitten enemies.	[781318477, 0, 0, 355072781]	[0, 0, 20, 350]	[1001061216, 578467838, 103106656, 0, 0, 0, 0, 0]	70	[60, 0, 10, 0, 0, 0, 0, 0, 0, 0, 0, 0, 0, 0]	130	[60, 0, 20, 0, 0, 0, 0, 0, 0, 0, 0, 0, 0, 0]	1	1	41	[3893118418, 975366420, 1590773769, 4294967295, 4294967295, 4294967295, 3212836864, 3212836864, 0, 0, 0, 0, 0, 0]	広がる氷結・小	敵全体に氷ダメージを与える。カチコチ状態の敵に対して威力が{2}％上昇する	冰冻蔓延·小	对敌方全体造成冰伤害。对僵直状态的敌人威力提升{2}%。	蔓延的冰凍‧小	對敵方全體造成冰傷害。對僵硬狀態的敵人威力上升{2}%。	퍼져가는 빙결ㆍ소	모든 적에게 빙 대미지를 준다.동상 상태인 적에게는 위력이 {2}% 상승한다
1715231474	Freezing Wave M	Deals ice damage to all enemies. Power is boosted by {2}% against Frostbitten enemies.	[781318477, 0, 0, 355072781]	[0, 0, 20, 350]	[1001061216, 578467838, 103106656, 0, 0, 0, 0, 0]	140	[60, 0, 20, 0, 0, 0, 0, 0, 0, 0, 0, 0, 0, 0]	200	[60, 0, 30, 0, 0, 0, 0, 0, 0, 0, 0, 0, 0, 0]	1	1	42	[3893118418, 975366420, 1590773769, 4294967295, 4294967295, 4294967295, 3212836864, 3212836864, 0, 0, 0, 0, 0, 0]	広がる氷結・中	敵全体に氷ダメージを与える。カチコチ状態の敵に対して威力が{2}％上昇する	冰冻蔓延·中	对敌方全体造成冰伤害。对僵直状态的敌人威力提升{2}%。	蔓延的冰凍‧中	對敵方全體造成冰傷害。對僵硬狀態的敵人威力上升{2}%。	퍼져가는 빙결ㆍ중	모든 적에게 빙 대미지를 준다.동상 상태인 적에게는 위력이 {2}% 상승한다
289106536	Freezing Wave L	Deals ice damage to all enemies. Power is boosted by {2}% against Frostbitten enemies.	[781318477, 0, 0, 355072781]	[0, 0, 20, 350]	[1001061216, 578467838, 103106656, 0, 0, 0, 0, 0]	210	[60, 0, 30, 0, 0, 0, 0, 0, 0, 0, 0, 0, 0, 0]	270	[60, 0, 40, 0, 0, 0, 0, 0, 0, 0, 0, 0, 0, 0]	1	1	43	[3893118418, 975366420, 1590773769, 4294967295, 4294967295, 4294967295, 3212836864, 3212836864, 0, 0, 0, 0, 0, 0]	広がる氷結・大	敵全体に氷ダメージを与える。カチコチ状態の敵に対して威力が{2}％上昇する	冰冻蔓延·大	对敌方全体造成冰伤害。对僵直状态的敌人威力提升{2}%。	蔓延的冰凍‧大	對敵方全體造成冰傷害。對僵硬狀態的敵人威力上升{2}%。	퍼져가는 빙결ㆍ대	모든 적에게 빙 대미지를 준다.동상 상태인 적에게는 위력이 {2}% 상승한다
1889534011	Freezing Waltz	Deals ice damage to all enemies. Power is boosted by {2}% against Frostbitten enemies. Has a {3}% chance to inflict Frostbite.	[781318477, 0, 0, 355072781]	[0, 0, 20, 350]	[1001061216, 578467838, 103106656, 571151408, 0, 0, 0, 0]	280	[60, 0, 40, 0, 60, 0, 0, 0, 0, 0, 0, 0, 0, 0]	330	[60, 0, 50, 0, 60, 0, 0, 0, 0, 0, 0, 0, 0, 0]	1	1	44	[3893118418, 975366420, 1590773769, 4294967295, 4294967295, 4294967295, 3212836864, 3212836864, 0, 0, 0, 0, 0, 0]	酷寒の舞踏	敵全体に氷ダメージを与え、カチコチ状態の敵に対して威力が{2}％上昇する。{3}％の確率でカチコチを付与する	酷寒之舞	对敌方全体造成冰伤害，对僵直状态的敌人威力提升{2}%。有{3}%的概率赋予敌方僵直。	酷寒舞步	對敵方全體造成冰傷害，並對僵硬狀態的敵人威力上升{2}%。以{3}%的機率賦予僵硬。	혹한의 무도	모든 적에게 빙 대미지를 주고 동상 상태인 적에게는 위력이 {2}% 상승한다. {3}%의 확률로 동상을 부여한다
128397485	Freezing Waltz	Deals ice damage to all enemies. Power is boosted by {2}% against Frostbitten enemies. Has a {3}% chance to inflict Frostbite.	[781318477, 0, 0, 355072781]	[0, 0, 20, 350]	[1001061216, 578467838, 103106656, 571151408, 0, 0, 0, 0]	330	[60, 0, 50, 0, 60, 0, 0, 0, 0, 0, 0, 0, 0, 0]	330	[60, 0, 50, 0, 60, 0, 0, 0, 0, 0, 0, 0, 0, 0]	1	0	45	[3893118418, 975366420, 1590773769, 4294967295, 4294967295, 4294967295, 3212836864, 3212836864, 0, 0, 0, 0, 0, 0]	酷寒の舞踏	敵全体に氷ダメージを与え、カチコチ状態の敵に対して威力が{2}％上昇する。{3}％の確率でカチコチを付与する	酷寒之舞	对敌方全体造成冰伤害，对僵直状态的敌人威力提升{2}%。有{3}%的概率赋予敌方僵直。	酷寒舞步	對敵方全體造成冰傷害，並對僵硬狀態的敵人威力上升{2}%。以{3}%的機率賦予僵硬。	혹한의 무도	모든 적에게 빙 대미지를 주고 동상 상태인 적에게는 위력이 {2}% 상승한다. {3}%의 확률로 동상을 부여한다
1918135786	Piercing Surge S	Deals bolt damage to all enemies. Power is boosted by {2}% against Paralyzed enemies.	[683277684, 0, 0, 355072781]	[0, 0, 20, 350]	[321482659, 7961077, 1408095125, 0, 0, 0, 0, 0]	70	[60, 0, 10, 0, 0, 0, 0, 0, 0, 0, 0, 0, 0, 0]	130	[60, 0, 20, 0, 0, 0, 0, 0, 0, 0, 0, 0, 0, 0]	2	1	46	[4172636686, 917877283, 1590773769, 4294967295, 4294967295, 4294967295, 3212836864, 3212836864, 0, 0, 0, 0, 0, 0]	貫通する迅雷・小	敵全体に雷ダメージを与え、麻痺状態の敵に対して威力が{2}％上昇する	贯穿迅雷·小	对敌方全体造成雷伤害，对麻痹状态的敌人威力提升{2}%。	貫穿迅雷‧小	對敵方全體造成雷傷害。對麻痺狀態的敵人威力上升{2}%。	관통하는 신뢰ㆍ소	모든 적에게 뇌 대미지를 준다.마비 상태인 적에게는 위력이 {2}% 상승한다
346211248	Piercing Surge M	Deals bolt damage to all enemies. Power is boosted by {2}% against Paralyzed enemies.	[683277684, 0, 0, 355072781]	[0, 0, 20, 350]	[321482659, 7961077, 1408095125, 0, 0, 0, 0, 0]	140	[60, 0, 20, 0, 0, 0, 0, 0, 0, 0, 0, 0, 0, 0]	200	[60, 0, 30, 0, 0, 0, 0, 0, 0, 0, 0, 0, 0, 0]	2	1	47	[4172636686, 917877283, 1590773769, 4294967295, 4294967295, 4294967295, 3212836864, 3212836864, 0, 0, 0, 0, 0, 0]	貫通する迅雷・中	敵全体に雷ダメージを与え、麻痺状態の敵に対して威力が{2}％上昇する	贯穿迅雷·中	对敌方全体造成雷伤害，对麻痹状态的敌人威力提升{2}%。	貫穿迅雷‧中	對敵方全體造成雷傷害。對麻痺狀態的敵人威力上升{2}%。	관통하는 신뢰ㆍ중	모든 적에게 뇌 대미지를 준다.마비 상태인 적에게는 위력이 {2}% 상승한다
1671820090	Piercing Surge L	Deals bolt damage to all enemies. Power is boosted by {2}% against Paralyzed enemies.	[683277684, 0, 0, 355072781]	[0, 0, 20, 350]	[321482659, 7961077, 1408095125, 0, 0, 0, 0, 0]	210	[60, 0, 30, 0, 0, 0, 0, 0, 0, 0, 0, 0, 0, 0]	270	[60, 0, 40, 0, 0, 0, 0, 0, 0, 0, 0, 0, 0, 0]	2	1	48	[4172636686, 917877283, 1590773769, 4294967295, 4294967295, 4294967295, 3212836864, 3212836864, 0, 0, 0, 0, 0, 0]	貫通する迅雷・大	敵全体に雷ダメージを与え、麻痺状態の敵に対して威力が{2}％上昇する	贯穿迅雷·大	对敌方全体造成雷伤害，对麻痹状态的敌人威力提升{2}%。	貫穿迅雷‧大	對敵方全體造成雷傷害。對麻痺狀態的敵人威力上升{2}%。	관통하는 신뢰ㆍ대	모든 적에게 뇌 대미지를 준다.마비 상태인 적에게는 위력이 {2}% 상승한다
37656933	Avalanche	Deals bolt damage to all enemies. Power is boosted by {2}% against Paralyzed enemies. Has a {3}% chance to inflict Paralysis.	[683277684, 0, 0, 355072781]	[0, 0, 20, 350]	[321482659, 7961077, 1408095125, 1593294609, 0, 0, 0, 0]	280	[60, 0, 40, 0, 50, 0, 0, 0, 0, 0, 0, 0, 0, 0]	330	[60, 0, 50, 0, 50, 0, 0, 0, 0, 0, 0, 0, 0, 0]	2	1	49	[4172636686, 917877283, 1590773769, 4294967295, 4294967295, 4294967295, 3212836864, 3212836864, 0, 0, 0, 0, 0, 0]	崩雷	敵全体に雷ダメージを与え、麻痺状態の敵に対して威力が{2}％上昇する。{3}％の確率で麻痺を付与する	崩雷	对敌方全体造成雷伤害，对麻痹状态的敌人威力提升{2}%。有{3}%的概率赋予敌方麻痹。	崩雷	對敵方全體造成雷傷害，並對麻痺狀態的敵人威力上升{2}%。以{3}%的機率賦予麻痺。	붕뢰	모든 적에게 뇌 대미지를 주고 마비 상태인 적에게는 위력이 {2}% 상승한다. {3}%의 확률로 마비를 부여한다
1966713331	Avalanche	Deals bolt damage to all enemies. Power is boosted by {2}% against Paralyzed enemies. Has a {3}% chance to inflict Paralysis.	[683277684, 0, 0, 355072781]	[0, 0, 20, 350]	[321482659, 7961077, 1408095125, 1593294609, 0, 0, 0, 0]	330	[60, 0, 50, 0, 50, 0, 0, 0, 0, 0, 0, 0, 0, 0]	330	[60, 0, 50, 0, 50, 0, 0, 0, 0, 0, 0, 0, 0, 0]	2	0	50	[4172636686, 917877283, 1590773769, 4294967295, 4294967295, 4294967295, 3212836864, 3212836864, 0, 0, 0, 0, 0, 0]	崩雷	敵全体に雷ダメージを与え、麻痺状態の敵に対して威力が{2}％上昇する。{3}％の確率で麻痺を付与する	崩雷	对敌方全体造成雷伤害，对麻痹状态的敌人威力提升{2}%。有{3}%的概率赋予敌方麻痹。	崩雷	對敵方全體造成雷傷害，並對麻痺狀態的敵人威力上升{2}%。以{3}%的機率賦予麻痺。	붕뢰	모든 적에게 뇌 대미지를 주고 마비 상태인 적에게는 위력이 {2}% 상승한다. {3}%의 확률로 마비를 부여한다
781334111	Colossal Whirlwind S	Deals air damage to all enemies. Power is boosted by {2}% against Blinded enemies.	[1505674682, 0, 0, 355072781]	[0, 0, 20, 350]	[131148553, 203075206, 1733852416, 0, 0, 0, 0, 0]	70	[60, 0, 10, 0, 0, 0, 0, 0, 0, 0, 0, 0, 0, 0]	130	[60, 0, 20, 0, 0, 0, 0, 0, 0, 0, 0, 0, 0, 0]	1	1	51	[277399366, 2075756660, 1590773769, 4294967295, 4294967295, 4294967295, 3212836864, 3212836864, 0, 0, 0, 0, 0, 0]	巨大な竜巻・小	敵全体に風ダメージを与え、暗闇状態の敵に対して威力が{2}％上昇する	巨型龙卷·小	对敌方全体造成风伤害，对盲目状态的敌人威力提升{2}%。	巨型龍捲風‧小	對敵方全體造成風傷害。對盲目狀態的敵人威力上升{2}%。	거대 회오리바람ㆍ소	모든 적에게 풍 대미지를 준다.암흑 상태인 적에게는 위력이 {2}% 상승한다
1214552091	Colossal Whirlwind M	Deals air damage to all enemies. Power is boosted by {2}% against Blinded enemies.	[1505674682, 0, 0, 355072781]	[0, 0, 20, 350]	[131148553, 203075206, 1733852416, 0, 0, 0, 0, 0]	140	[60, 0, 20, 0, 0, 0, 0, 0, 0, 0, 0, 0, 0, 0]	200	[60, 0, 30, 0, 0, 0, 0, 0, 0, 0, 0, 0, 0, 0]	1	1	52	[277399366, 2075756660, 1590773769, 4294967295, 4294967295, 4294967295, 3212836864, 3212836864, 0, 0, 0, 0, 0, 0]	巨大な竜巻・中	敵全体に風ダメージを与え、暗闇状態の敵に対して威力が{2}％上昇する	巨型龙卷·中	对敌方全体造成风伤害，对盲目状态的敌人威力提升{2}%。	巨型龍捲風‧中	對敵方全體造成風傷害。對盲目狀態的敵人威力上升{2}%。	거대 회오리바람ㆍ중	모든 적에게 풍 대미지를 준다.암흑 상태인 적에게는 위력이 {2}% 상승한다
1063495821	Colossal Whirlwind L	Deals air damage to all enemies. Power is boosted by {2}% against Blinded enemies.	[1505674682, 0, 0, 355072781]	[0, 0, 20, 350]	[131148553, 203075206, 1733852416, 0, 0, 0, 0, 0]	210	[60, 0, 30, 0, 0, 0, 0, 0, 0, 0, 0, 0, 0, 0]	270	[60, 0, 40, 0, 0, 0, 0, 0, 0, 0, 0, 0, 0, 0]	1	1	53	[277399366, 2075756660, 1590773769, 4294967295, 4294967295, 4294967295, 3212836864, 3212836864, 0, 0, 0, 0, 0, 0]	巨大な竜巻・大	敵全体に風ダメージを与え、暗闇状態の敵に対して威力が{2}％上昇する	巨型龙卷·大	对敌方全体造成风伤害，对盲目状态的敌人威力提升{2}%。	巨型龍捲風‧大	對敵方全體造成風傷害。對盲目狀態的敵人威力上升{2}%。	거대 회오리바람ㆍ대	모든 적에게 풍 대미지를 준다.암흑 상태인 적에게는 위력이 {2}% 상승한다
1593361106	Zephyr's Wrath	Deals air damage to all enemies. Power is boosted by {2}% against Blinded enemies. Has a {3}% chance to inflict Blindness.	[1505674682, 0, 0, 355072781]	[0, 0, 20, 350]	[131148553, 203075206, 1733852416, 1752304172, 0, 0, 0, 0]	280	[60, 0, 40, 0, 60, 0, 0, 0, 0, 0, 0, 0, 0, 0]	330	[60, 0, 50, 0, 60, 0, 0, 0, 0, 0, 0, 0, 0, 0]	1	1	54	[277399366, 2075756660, 1590773769, 4294967295, 4294967295, 4294967295, 3212836864, 3212836864, 0, 0, 0, 0, 0, 0]	風神の怒り	敵全体に風ダメージを与え、暗闇状態の敵に対して威力が{2}％上昇する。{3}％の確率で暗闇を付与する	风神之怒	对敌方全体造成风伤害，对盲目状态的敌人威力提升{2}%。有{3}%的概率赋予敌方盲目。	風神之怒	對敵方全體造成風傷害，並對盲目狀態的敵人威力上升{2}%。以{3}%的機率賦予盲目。	풍신의 분노	모든 적에게 풍 대미지를 주고 암흑 상태인 적에게는 위력이 {2}% 상승한다. {3}%의 확률로 암흑을 부여한다
704639560	Zephyr's Wrath	Deals air damage to all enemies. Power is boosted by {2}% against Blinded enemies. Has a {3}% chance to inflict Blindness.	[1505674682, 0, 0, 355072781]	[0, 0, 20, 350]	[131148553, 203075206, 1733852416, 1752304172, 0, 0, 0, 0]	330	[60, 0, 50, 0, 60, 0, 0, 0, 0, 0, 0, 0, 0, 0]	330	[60, 0, 50, 0, 60, 0, 0, 0, 0, 0, 0, 0, 0, 0]	1	0	55	[277399366, 2075756660, 1590773769, 4294967295, 4294967295, 4294967295, 3212836864, 3212836864, 0, 0, 0, 0, 0, 0]	風神の怒り	敵全体に風ダメージを与え、暗闇状態の敵に対して威力が{2}％上昇する。{3}％の確率で暗闇を付与する	风神之怒	对敌方全体造成风伤害，对盲目状态的敌人威力提升{2}%。有{3}%的概率赋予敌方盲目。	風神之怒	對敵方全體造成風傷害，並對盲目狀態的敵人威力上升{2}%。以{3}%的機率賦予盲目。	풍신의 분노	모든 적에게 풍 대미지를 주고 암흑 상태인 적에게는 위력이 {2}% 상승한다. {3}%의 확률로 암흑을 부여한다
2109537385	Spear of Light S	Deals magic damage to an enemy. Deals high stun damage.	[181287524, 0, 0, 1415384097]	[0, 0, 15, 250]	[941085655, 628079283, 0, 0, 0, 0, 0, 0]	100	[75, 0, 0, 0, 0, 0, 0, 0, 0, 0, 0, 0, 0, 0]	150	[75, 0, 0, 0, 0, 0, 0, 0, 0, 0, 0, 0, 0, 0]	2	1	56	[3188311880, 1048181980, 1590773769, 4294967295, 4294967295, 4294967295, 3212836864, 3212836864, 0, 0, 0, 0, 0, 0]	光の槍・小	敵単体に魔法ダメージを与える。ブレイクダメージが高い	光之枪·小	对敌方单体造成魔法伤害。破防伤害提高。	光之槍‧小	對敵方單體造成魔法傷害。破防傷害較高。	빛의 창ㆍ소	단일 적에게 마법 대미지를 준다.브레이크 대미지가 높다
457855533	Spear of Light M	Deals magic damage to an enemy. Deals high stun damage.	[181287524, 0, 0, 1415384097]	[0, 0, 15, 250]	[941085655, 628079283, 0, 0, 0, 0, 0, 0]	160	[90, 0, 0, 0, 0, 0, 0, 0, 0, 0, 0, 0, 0, 0]	220	[90, 0, 0, 0, 0, 0, 0, 0, 0, 0, 0, 0, 0, 0]	2	1	57	[3188311880, 1048181980, 1590773769, 4294967295, 4294967295, 4294967295, 3212836864, 3212836864, 0, 0, 0, 0, 0, 0]	光の槍・中	敵単体に魔法ダメージを与える。ブレイクダメージが高い	光之枪·中	对敌方单体造成魔法伤害。破防伤害提高。	光之槍‧中	對敵方單體造成魔法傷害。破防傷害較高。	빛의 창ㆍ중	단일 적에게 마법 대미지를 준다.브레이크 대미지가 높다
1817010875	Spear of Light L	Deals magic damage to an enemy. Deals high stun damage.	[181287524, 0, 0, 1415384097]	[0, 0, 15, 250]	[941085655, 628079283, 0, 0, 0, 0, 0, 0]	230	[100, 0, 0, 0, 0, 0, 0, 0, 0, 0, 0, 0, 0, 0]	290	[100, 0, 0, 0, 0, 0, 0, 0, 0, 0, 0, 0, 0, 0]	2	1	58	[3188311880, 1048181980, 1590773769, 4294967295, 4294967295, 4294967295, 3212836864, 3212836864, 0, 0, 0, 0, 0, 0]	光の槍・大	敵単体に魔法ダメージを与える。ブレイクダメージが高い	光之枪·大	对敌方单体造成魔法伤害。破防伤害提高。	光之槍‧大	對敵方單體造成魔法傷害。破防傷害較高。	빛의 창ㆍ대	단일 적에게 마법 대미지를 준다.브레이크 대미지가 높다
232130790	Heavenly Light Spear	Deals magic damage to an enemy. Power is boosted by {2}% against stunned enemies. Deals high stun damage.	[181287524, 0, 0, 1415384097]	[0, 0, 15, 250]	[941085655, 628079283, 65745043, 0, 0, 0, 0, 0]	300	[125, 0, 40, 0, 0, 0, 0, 0, 0, 0, 0, 0, 0, 0]	350	[125, 0, 50, 0, 0, 0, 0, 0, 0, 0, 0, 0, 0, 0]	2	1	59	[3188311880, 1048181980, 1590773769, 4294967295, 4294967295, 4294967295, 3212836864, 3212836864, 0, 0, 0, 0, 0, 0]	天貫く光の槍	敵単体に魔法ダメージを与える。ブレイク中の敵に対して威力が{2}％上昇する。ブレイクダメージが高い	穿天光枪	对敌方单体造成魔法伤害。对破防状态的敌人威力提升{2}%。破防伤害提高。	穿天光槍	對敵方單體造成魔法傷害。對破防狀態的敵人威力上升{2}%。破防傷害較高。	하늘을 뚫는 빛의 창	단일 적에게 마법 대미지를 준다.브레이크 상태인 적에게는 위력이 {2}% 상승한다. 브레이크 대미지가 높다
2060531824	Heavenly Light Spear	Deals magic damage to an enemy. Power is boosted by {2}% against stunned enemies. Deals high stun damage.	[181287524, 0, 0, 1415384097]	[0, 0, 15, 250]	[941085655, 628079283, 65745043, 0, 0, 0, 0, 0]	350	[125, 0, 50, 0, 0, 0, 0, 0, 0, 0, 0, 0, 0, 0]	350	[125, 0, 50, 0, 0, 0, 0, 0, 0, 0, 0, 0, 0, 0]	2	0	60	[3188311880, 1048181980, 1590773769, 4294967295, 4294967295, 4294967295, 3212836864, 3212836864, 0, 0, 0, 0, 0, 0]	天貫く光の槍	敵単体に魔法ダメージを与える。ブレイク中の敵に対して威力が{2}％上昇する。ブレイクダメージが高い	穿天光枪	对敌方单体造成魔法伤害。对破防状态的敌人威力提升{2}%。破防伤害提高。	穿天光槍	對敵方單體造成魔法傷害。對破防狀態的敵人威力上升{2}%。破防傷害較高。	하늘을 뚫는 빛의 창	단일 적에게 마법 대미지를 준다.브레이크 상태인 적에게는 위력이 {2}% 상승한다. 브레이크 대미지가 높다
1637182017	It's Raining Puni	Puni rain from the sky, dealing physical damage to all enemies.	[114857633, 0, 0, 355072781]	[0, 0, 30, 500]	[869217361, 1507910215, 1333887015, 0, 0, 0, 0, 0]	160	[60, 0, 20, 0, 0, 0, 0, 0, 0, 0, 0, 0, 0, 0]	240	[60, 0, 30, 0, 0, 0, 0, 0, 0, 0, 0, 0, 0, 0]	2	1	61	[1520794220, 2097957088, 1590773769, 4294967295, 4294967295, 4294967295, 3212836864, 3212836864, 0, 0, 0, 0, 0, 0]	ぷにが降ってくる	空からぷにが降ってきて、敵全体に物理ダメージを与える	噗尼从天而降	噗尼从天而降，对敌方全体造成物理伤害。	噗尼從天而降	噗尼從天而降，對敵方全體造成物理傷害。	푸니 낙하	하늘에서 푸니가 떨어지며 모든 적에게 물리 대미지를 준다
123978757	It's Raining Uni	Uni rain from the sky, dealing physical damage to all enemies. Has a {2}% chance to inflict Daze.	[114857633, 0, 0, 355072781]	[0, 0, 30, 500]	[869217361, 1507910215, 1619106078, 0, 0, 0, 0, 0]	200	[60, 0, 30, 0, 0, 0, 0, 0, 0, 0, 0, 0, 0, 0]	280	[60, 0, 50, 0, 0, 0, 0, 0, 0, 0, 0, 0, 0, 0]	2	1	62	[2953562783, 421774287, 1590773769, 4294967295, 4294967295, 4294967295, 3212836864, 3212836864, 0, 0, 0, 0, 0, 0]	うにが降ってくる	空からうにが降ってきて、敵全体に物理ダメージを与える。{2}％の確率でスタンを付与する	海胆从天而降	海胆从天而降，对敌方全体造成物理伤害。有{2}%的概率赋予敌方昏眩。	海膽從天而降	海膽從天而降，對敵方全體造成物理傷害。以{2}%的機率賦予昏眩。	성게 낙하	하늘에서 성게가 떨어지며 모든 적에게 물리 대미지를 준다. {2}%의 확률로 스턴을 부여한다
1885664403	It's Raining Meteor	Meteors rain from the sky, dealing physical damage to all enemies. Has a {2}% chance to inflict Burns.	[114857633, 0, 0, 355072781]	[0, 0, 30, 500]	[869217361, 1507910215, 1832306545, 0, 0, 0, 0, 0]	240	[60, 0, 30, 0, 0, 0, 0, 0, 0, 0, 0, 0, 0, 0]	320	[60, 0, 50, 0, 0, 0, 0, 0, 0, 0, 0, 0, 0, 0]	2	1	63	[2593715547, 681014472, 1590773769, 4294967295, 4294967295, 4294967295, 3212836864, 3212836864, 0, 0, 0, 0, 0, 0]	隕石が降ってくる	空から隕石が降ってきて、敵全体に物理ダメージを与える。{2}％の確率で火傷を付与する	陨石从天而降	陨石从天而降，对敌方全体造成物理伤害。有{2}%的概率赋予敌方火伤。	隕石從天而降	隕石從天而降，對敵方全體造成物理傷害。以{2}%的機率賦予燒傷。	운석 낙하	하늘에서 운석이 떨어지며 모든 적에게 물리 대미지를 준다. {2}%의 확률로 화상을 부여한다
301965006	It's Raining Golems	Golems rain from the sky, dealing physical damage to all enemies. Power increases with more targets.	[114857633, 0, 0, 355072781]	[0, 0, 30, 500]	[869217361, 1507910215, 1031766336, 0, 0, 0, 0, 0]	300	[60, 0, 10, 0, 0, 0, 0, 0, 0, 0, 0, 0, 0, 0]	360	[60, 0, 10, 0, 0, 0, 0, 0, 0, 0, 0, 0, 0, 0]	2	1	64	[855009892, 1572850521, 1590773769, 4294967295, 4294967295, 4294967295, 3212836864, 3212836864, 0, 0, 0, 0, 0, 0]	ゴーレムが降ってくる	空からゴーレムが降ってきて、敵全体に物理ダメージを与える。対象が多いほど威力が上昇する	魔巨人从天而降	魔巨人从天而降，对敌方全体造成物理伤害。目标越多，威力越强。	魔巨人從天而降	魔巨人從天而降，對敵方全體造成物理傷害。目標越多，威力越強。	골렘 낙하	하늘에서 골렘이 떨어지며 모든 적에게 물리 대미지를 준다. 대상이 많을수록 위력이 상승한다
1727573592	It's Raining Golems	Golems rain from the sky, dealing physical damage to all enemies. Power increases with more targets.	[114857633, 0, 0, 355072781]	[0, 0, 30, 500]	[869217361, 1507910215, 1031766336, 0, 0, 0, 0, 0]	360	[60, 0, 10, 0, 0, 0, 0, 0, 0, 0, 0, 0, 0, 0]	360	[60, 0, 10, 0, 0, 0, 0, 0, 0, 0, 0, 0, 0, 0]	2	0	65	[855009892, 1572850521, 1590773769, 4294967295, 4294967295, 4294967295, 3212836864, 3212836864, 0, 0, 0, 0, 0, 0]	ゴーレムが降ってくる	空からゴーレムが降ってきて、敵全体に物理ダメージを与える。対象が多いほど威力が上昇する	魔巨人从天而降	魔巨人从天而降，对敌方全体造成物理伤害。目标越多，威力越强。	魔巨人從天而降	魔巨人從天而降，對敵方全體造成物理傷害。目標越多，威力越強。	골렘 낙하	하늘에서 골렘이 떨어지며 모든 적에게 물리 대미지를 준다. 대상이 많을수록 위력이 상승한다
1754506983	Eldritch Cannonade S	Consumes {2}% HP to deal physical damage to an enemy.	[114857633, 0, 0, 1415384097]	[0, 0, 25, 400]	[2065346701, 1968773525, 372511790, 0, 0, 0, 0, 0]	140	[60, 0, 70, 0, 0, 0, 0, 0, 0, 0, 0, 0, 0, 0]	200	[60, 0, 70, 0, 0, 0, 0, 0, 0, 0, 0, 0, 0, 0]	0	1	66	[3559136345, 929080188, 1590773769, 4294967295, 4294967295, 4294967295, 3212836864, 3212836864, 0, 0, 0, 0, 0, 0]	轟く魔砲・小	ＨＰを{2}％消費し、敵単体に物理ダメージを与える	魔炮轰鸣·小	消耗{2}％的HP，对敌方单体造成物理伤害。	魔砲轟鳴‧小	消耗HP{2}%，對敵方單體造成物理傷害。	굉음의 마포ㆍ소	HP를 {2}% 소비하고 단일 적에게 물리 대미지를 준다
241502371	Eldritch Cannonade M	Consumes {2}% HP to deal physical damage to an enemy.	[114857633, 0, 0, 1415384097]	[0, 0, 25, 400]	[2065346701, 1968773525, 372511790, 0, 0, 0, 0, 0]	220	[60, 0, 50, 0, 0, 0, 0, 0, 0, 0, 0, 0, 0, 0]	260	[60, 0, 50, 0, 0, 0, 0, 0, 0, 0, 0, 0, 0, 0]	0	1	67	[3559136345, 929080188, 1590773769, 4294967295, 4294967295, 4294967295, 3212836864, 3212836864, 0, 0, 0, 0, 0, 0]	轟く魔砲・中	ＨＰを{2}％消費し、敵単体に物理ダメージを与える	魔炮轰鸣·中	消耗{2}％的HP，对敌方单体造成物理伤害。	魔砲轟鳴‧中	消耗HP{2}%，對敵方單體造成物理傷害。	굉음의 마포ㆍ중	HP를 {2}% 소비하고 단일 적에게 물리 대미지를 준다
2036480053	Eldritch Cannonade L	Consumes {2}% HP to deal physical damage to an enemy.	[114857633, 0, 0, 1415384097]	[0, 0, 25, 400]	[2065346701, 1968773525, 372511790, 0, 0, 0, 0, 0]	280	[60, 0, 30, 0, 0, 0, 0, 0, 0, 0, 0, 0, 0, 0]	300	[60, 0, 30, 0, 0, 0, 0, 0, 0, 0, 0, 0, 0, 0]	0	1	68	[3559136345, 929080188, 1590773769, 4294967295, 4294967295, 4294967295, 3212836864, 3212836864, 0, 0, 0, 0, 0, 0]	轟く魔砲・大	ＨＰを{2}％消費し、敵単体に物理ダメージを与える	魔炮轰鸣·大	消耗{2}％的HP，对敌方单体造成物理伤害。	魔砲轟鳴‧大	消耗HP{2}%，對敵方單體造成物理傷害。	굉음의 마포ㆍ대	HP를 {2}% 소비하고 단일 적에게 물리 대미지를 준다
418992744	Void Cannonade	Consumes {2}% of HP to deal physical damage to an enemy. Power is boosted by {2}% if target is stunned.	[114857633, 0, 0, 1415384097]	[0, 0, 25, 400]	[2065346701, 1968773525, 372511790, 2071495098, 0, 0, 0, 0]	320	[60, 0, 10, 0, 40, 0, 0, 0, 0, 0, 0, 0, 0, 0]	360	[60, 0, 10, 0, 50, 0, 0, 0, 0, 0, 0, 0, 0, 0]	0	1	69	[3559136345, 929080188, 1590773769, 4294967295, 4294967295, 4294967295, 3212836864, 3212836864, 0, 0, 0, 0, 0, 0]	空虚な砲撃	ＨＰを{2}％消費し、敵単体に物理ダメージを与える。ブレイク中の敵に対して威力が{2}％上昇する	虚无炮击	消耗{2}%HP，对敌方单体造成物理伤害，对破防状态的敌人威力提升{2}%。	虛無砲擊	消耗HP{2}%，對敵方單體造成物理傷害，並對破防狀態的敵人威力上升{2}%。	공허한 포격	HP를 {2}% 소비하고 단일 적에게 물리 대미지를 준다.브레이크 상태인 적에게는 위력이 {2}% 상승한다
1878942462	Void Cannonade	Consumes {2}% of HP to deal physical damage to an enemy. Power is boosted by {2}% if target is stunned.	[114857633, 0, 0, 1415384097]	[0, 0, 25, 400]	[2065346701, 1968773525, 372511790, 2071495098, 0, 0, 0, 0]	360	[60, 0, 10, 0, 50, 0, 0, 0, 0, 0, 0, 0, 0, 0]	360	[60, 0, 10, 0, 50, 0, 0, 0, 0, 0, 0, 0, 0, 0]	0	0	70	[3559136345, 929080188, 1590773769, 4294967295, 4294967295, 4294967295, 3212836864, 3212836864, 0, 0, 0, 0, 0, 0]	空虚な砲撃	ＨＰを{2}％消費し、敵単体に物理ダメージを与える。ブレイク中の敵に対して威力が{2}％上昇する	虚无炮击	消耗{2}%HP，对敌方单体造成物理伤害，对破防状态的敌人威力提升{2}%。	虛無砲擊	消耗HP{2}%，對敵方單體造成物理傷害，並對破防狀態的敵人威力上升{2}%。	공허한 포격	HP를 {2}% 소비하고 단일 적에게 물리 대미지를 준다.브레이크 상태인 적에게는 위력이 {2}% 상승한다
832403897	Concentrated Mana S	Consumes {2} AP to deal magic damage to all enemies.	[181287524, 0, 0, 355072781]	[0, 0, 30, 700]	[46535423, 805611932, 171615574, 0, 0, 0, 0, 0]	180	[60, 0, 70, 0, 0, 0, 0, 0, 0, 0, 0, 0, 0, 0]	220	[60, 0, 70, 0, 0, 0, 0, 0, 0, 0, 0, 0, 0, 0]	1	1	71	[3394627203, 1592153113, 1590773769, 4294967295, 4294967295, 4294967295, 3212836864, 3212836864, 0, 0, 0, 0, 0, 0]	魔力集中・小	ＡＰを{2}％消費し、敵全体に魔法ダメージを与える	魔力集中·小	消耗{2}AP，对敌方全体造成魔法伤害。	魔力集中‧小	消耗{2}AP，對敵方全體造成魔法傷害。	마력집중ㆍ소	AP를 {2}% 소비하여 모든 적에게 마법 대미지를 준다
1466685437	Concentrated Mana M	Consumes {2} AP to deal magic damage to all enemies.	[181287524, 0, 0, 355072781]	[0, 0, 30, 700]	[46535423, 805611932, 171615574, 0, 0, 0, 0, 0]	230	[60, 0, 50, 0, 0, 0, 0, 0, 0, 0, 0, 0, 0, 0]	270	[60, 0, 50, 0, 0, 0, 0, 0, 0, 0, 0, 0, 0, 0]	1	1	72	[3394627203, 1592153113, 1590773769, 4294967295, 4294967295, 4294967295, 3212836864, 3212836864, 0, 0, 0, 0, 0, 0]	魔力集中・中	ＡＰを{2}％消費し、敵全体に魔法ダメージを与える	魔力集中·中	消耗{2}AP，对敌方全体造成魔法伤害。	魔力集中‧中	消耗{2}AP，對敵方全體造成魔法傷害。	마력집중ㆍ중	AP를 {2}% 소비하여 모든 적에게 마법 대미지를 준다
544008043	Concentrated Mana L	Consumes {2} AP to deal magic damage to all enemies.	[181287524, 0, 0, 355072781]	[0, 0, 30, 700]	[46535423, 805611932, 171615574, 0, 0, 0, 0, 0]	280	[60, 0, 30, 0, 0, 0, 0, 0, 0, 0, 0, 0, 0, 0]	320	[60, 0, 30, 0, 0, 0, 0, 0, 0, 0, 0, 0, 0, 0]	1	1	73	[3394627203, 1592153113, 1590773769, 4294967295, 4294967295, 4294967295, 3212836864, 3212836864, 0, 0, 0, 0, 0, 0]	魔力集中・大	ＡＰを{2}％消費し、敵全体に魔法ダメージを与える	魔力集中·大	消耗{2}AP，对敌方全体造成魔法伤害。	魔力集中‧大	消耗{2}AP，對敵方全體造成魔法傷害。	마력집중ㆍ대	AP를 {2}% 소비하여 모든 적에게 마법 대미지를 준다
1106742582	Demonic Strike	Consumes {2} AP to deal magic damage to all enemies. Deals an additional {3} power fire damage.	[181287524, 0, 0, 355072781]	[0, 0, 30, 700]	[46535423, 805611932, 171615574, 1749573564, 0, 0, 0, 0]	330	[60, 0, 10, 0, 20, 0, 0, 0, 0, 0, 0, 0, 0, 0]	370	[60, 0, 10, 0, 30, 0, 0, 0, 0, 0, 0, 0, 0, 0]	1	1	74	[3394627203, 1592153113, 1590773769, 4294967295, 4294967295, 4294967295, 3212836864, 3212836864, 0, 0, 0, 0, 0, 0]	暴魔の一撃	ＡＰを{2}％消費し、敵全体に魔法ダメージを与える。追加で威力{3}の火ダメージを与える	暴魔一击	消耗{2}AP，对敌方全体造成魔法伤害。追加对其造成威力{3}的火伤害。	暴魔一擊	消耗{2}AP，對敵方全體造成魔法傷害。可造成威力{3}的火追加傷害。	폭마의 일격	AP를 {2}% 소비하여 모든 적에게 마법 대미지를 준다.추가로 위력 {3}만큼 화 대미지를 준다
921746848	Demonic Strike	Consumes {2} AP to deal magic damage to all enemies. Deals an additional {3} power fire damage.	[181287524, 0, 0, 355072781]	[0, 0, 30, 700]	[46535423, 805611932, 171615574, 1749573564, 0, 0, 0, 0]	370	[60, 0, 10, 0, 30, 0, 0, 0, 0, 0, 0, 0, 0, 0]	370	[60, 0, 10, 0, 30, 0, 0, 0, 0, 0, 0, 0, 0, 0]	1	0	75	[3394627203, 1592153113, 1590773769, 4294967295, 4294967295, 4294967295, 3212836864, 3212836864, 0, 0, 0, 0, 0, 0]	暴魔の一撃	ＡＰを{2}％消費し、敵全体に魔法ダメージを与える。追加で威力{3}の火ダメージを与える	暴魔一击	消耗{2}AP，对敌方全体造成魔法伤害。追加对其造成威力{3}的火伤害。	暴魔一擊	消耗{2}AP，對敵方全體造成魔法傷害。可造成威力{3}的火追加傷害。	폭마의 일격	AP를 {2}% 소비하여 모든 적에게 마법 대미지를 준다.추가로 위력 {3}만큼 화 대미지를 준다
569640148	Light of Dawn S	Deals magic damage to an enemy. Has a {2}% chance to inflict Burns and Blindness.	[181287524, 0, 0, 1415384097]	[0, 0, 30, 500]	[249374565, 374811850, 793814713, 1635649094, 0, 0, 0, 0]	200	[60, 0, 30, 0, 30, 0, 0, 0, 0, 0, 0, 0, 0, 0]	240	[60, 0, 40, 0, 40, 0, 0, 0, 0, 0, 0, 0, 0, 0]	8	1	76	[814848010, 1895243971, 1590773769, 4294967295, 4294967295, 4294967295, 3212836864, 3212836864, 0, 0, 0, 0, 0, 0]	暁の輝き・小	敵単体に魔法ダメージを与える。{2}％の確率で火傷と暗闇を付与する	拂晓光辉·小	对敌方单体造成魔法伤害。以{2}%的概率赋予其火伤和盲目。	拂曉光輝‧小	對敵方單體造成魔法傷害，並以{2}%的機率賦予燒傷和盲目。	새벽의 빛ㆍ소	단일 적에게 마법 대미지를 준다.{2}%의 확률로 화상과 암흑을 부여한다
1191357074	Light of Dawn M	Deals magic damage to an enemy. Has a {2}% chance to inflict Burns and Blindness.	[181287524, 0, 0, 1415384097]	[0, 0, 30, 500]	[249374565, 374811850, 793814713, 1635649094, 0, 0, 0, 0]	250	[60, 0, 40, 0, 40, 0, 0, 0, 0, 0, 0, 0, 0, 0]	290	[60, 0, 50, 0, 50, 0, 0, 0, 0, 0, 0, 0, 0, 0]	8	1	77	[814848010, 1895243971, 1590773769, 4294967295, 4294967295, 4294967295, 3212836864, 3212836864, 0, 0, 0, 0, 0, 0]	暁の輝き・中	敵単体に魔法ダメージを与える。{2}％の確率で火傷と暗闇を付与する	拂晓光辉·中	对敌方单体造成魔法伤害。以{2}%的概率赋予其火伤和盲目。	拂曉光輝‧中	對敵方單體造成魔法傷害，並以{2}%的機率賦予燒傷和盲目。	새벽의 빛ㆍ중	단일 적에게 마법 대미지를 준다.{2}%의 확률로 화상과 암흑을 부여한다
805673480	Light of Dawn L	Deals magic damage to an enemy. Has a {2}% chance to inflict Burns and Blindness.	[181287524, 0, 0, 1415384097]	[0, 0, 30, 500]	[249374565, 374811850, 793814713, 1635649094, 0, 0, 0, 0]	300	[60, 0, 50, 0, 50, 0, 0, 0, 0, 0, 0, 0, 0, 0]	340	[60, 0, 60, 0, 60, 0, 0, 0, 0, 0, 0, 0, 0, 0]	8	1	78	[814848010, 1895243971, 1590773769, 4294967295, 4294967295, 4294967295, 3212836864, 3212836864, 0, 0, 0, 0, 0, 0]	暁の輝き・大	敵単体に魔法ダメージを与える。{2}％の確率で火傷と暗闇を付与する	拂晓光辉·大	对敌方单体造成魔法伤害。以{2}%的概率赋予其火伤和盲目。	拂曉光輝‧大	對敵方單體造成魔法傷害，並以{2}%的機率賦予燒傷和盲目。	새벽의 빛ㆍ대	단일 적에게 마법 대미지를 준다.{2}%의 확률로 화상과 암흑을 부여한다
1369370715	Atomic Flare	Deals magic damage to an enemy. Has a {2}% chance to inflict Burns and Blindness. Cures all status effects from the user.	[181287524, 0, 0, 1415384097]	[0, 0, 30, 500]	[249374565, 374811850, 793814713, 1635649094, 583147897, 0, 0, 0]	350	[60, 0, 60, 0, 60, 0, 0, 0, 0, 0, 0, 0, 0, 0]	400	[60, 0, 70, 0, 70, 0, 0, 0, 0, 0, 0, 0, 0, 0]	8	1	79	[814848010, 1895243971, 1590773769, 4294967295, 4294967295, 4294967295, 3212836864, 3212836864, 0, 0, 0, 0, 0, 0]	アトミックフレア	敵単体に魔法ダメージを与え、{2}％の確率で火傷と暗闇を付与する。使用者の状態異常をすべて治療する	原子烈火	对敌方单体造成魔法伤害，并以{2}%的概率赋予其火伤和盲目。治疗使用者的所有异常状态。	原子烈焰	對敵方單體造成魔法傷害，並以{2}%的機率賦予燒傷和盲目。治療使用者的所有異常狀態。	아토믹 플레어	단일 적에게 마법 대미지를 주고 {2}%의 확률로 화상과 암흑을 부여한다. 사용자의 상태이상을 모두 치료한다
647610573	Atomic Flare	Deals magic damage to an enemy. Has a {2}% chance to inflict Burns and Blindness. Cures all status effects from the user.	[181287524, 0, 0, 1415384097]	[0, 0, 30, 500]	[249374565, 374811850, 793814713, 1635649094, 583147897, 0, 0, 0]	400	[60, 0, 70, 0, 70, 0, 0, 0, 0, 0, 0, 0, 0, 0]	400	[60, 0, 70, 0, 70, 0, 0, 0, 0, 0, 0, 0, 0, 0]	8	0	80	[814848010, 1895243971, 1590773769, 4294967295, 4294967295, 4294967295, 3212836864, 3212836864, 0, 0, 0, 0, 0, 0]	アトミックフレア	敵単体に魔法ダメージを与え、{2}％の確率で火傷と暗闇を付与する。使用者の状態異常をすべて治療する	原子烈火	对敌方单体造成魔法伤害，并以{2}%的概率赋予其火伤和盲目。治疗使用者的所有异常状态。	原子烈焰	對敵方單體造成魔法傷害，並以{2}%的機率賦予燒傷和盲目。治療使用者的所有異常狀態。	아토믹 플레어	단일 적에게 마법 대미지를 주고 {2}%의 확률로 화상과 암흑을 부여한다. 사용자의 상태이상을 모두 치료한다
270278217	Moon Mirror S	Deals physical damage to an enemy. Has a {2}% chance to inflict Paralysis and Frostbite.	[114857633, 0, 0, 1415384097]	[0, 0, 30, 500]	[1757462170, 1781926163, 114749450, 2023647780, 0, 0, 0, 0]	200	[60, 0, 30, 0, 30, 0, 0, 0, 0, 0, 0, 0, 0, 0]	240	[60, 0, 40, 0, 40, 0, 0, 0, 0, 0, 0, 0, 0, 0]	0	1	81	[2263010224, 2065718484, 1590773769, 4294967295, 4294967295, 4294967295, 3212836864, 3212836864, 0, 0, 0, 0, 0, 0]	空の月鏡・小	敵単体に物理ダメージを与える。{2}％の確率で麻痺とカチコチを付与する	天空月镜·小	对敌方单体造成物理伤害。以{2}%的概率赋予其麻痹和僵直。	天空月鏡‧小	對敵方單體造成物理傷害，並以{2}%的機率賦予麻痺和僵硬。	하늘의 달거울ㆍ소	단일 적에게 물리 대미지를 준다.{2}%의 확률로 마비와 동상을 부여한다
1995091981	Moon Mirror M	Deals physical damage to an enemy. Has a {2}% chance to inflict Paralysis and Frostbite.	[114857633, 0, 0, 1415384097]	[0, 0, 30, 500]	[1757462170, 1781926163, 114749450, 2023647780, 0, 0, 0, 0]	250	[60, 0, 40, 0, 40, 0, 0, 0, 0, 0, 0, 0, 0, 0]	290	[60, 0, 50, 0, 50, 0, 0, 0, 0, 0, 0, 0, 0, 0]	0	1	82	[2263010224, 2065718484, 1590773769, 4294967295, 4294967295, 4294967295, 3212836864, 3212836864, 0, 0, 0, 0, 0, 0]	空の月鏡・中	敵単体に物理ダメージを与える。{2}％の確率で麻痺とカチコチを付与する	天空月镜·中	对敌方单体造成物理伤害。以{2}%的概率赋予其麻痹和僵直。	天空月鏡‧中	對敵方單體造成物理傷害，並以{2}%的機率賦予麻痺和僵硬。	하늘의 달거울ㆍ중	단일 적에게 물리 대미지를 준다.{2}%의 확률로 마비와 동상을 부여한다
32342171	Moon Mirror L	Deals physical damage to an enemy. Has a {2}% chance to inflict Paralysis and Frostbite.	[114857633, 0, 0, 1415384097]	[0, 0, 30, 500]	[1757462170, 1781926163, 114749450, 2023647780, 0, 0, 0, 0]	300	[60, 0, 50, 0, 50, 0, 0, 0, 0, 0, 0, 0, 0, 0]	340	[60, 0, 60, 0, 60, 0, 0, 0, 0, 0, 0, 0, 0, 0]	0	1	83	[2263010224, 2065718484, 1590773769, 4294967295, 4294967295, 4294967295, 3212836864, 3212836864, 0, 0, 0, 0, 0, 0]	空の月鏡・大	敵単体に物理ダメージを与える。{2}％の確率で麻痺とカチコチを付与する	天空月镜·大	对敌方单体造成物理伤害。以{2}%的概率赋予其麻痹和僵直。	天空月鏡‧大	對敵方單體造成物理傷害，並以{2}%的機率賦予麻痺和僵硬。	하늘의 달거울ㆍ대	단일 적에게 물리 대미지를 준다.{2}%의 확률로 마비와 동상을 부여한다
1618406086	Flash of Moonlight	Deals physical damage to an enemy. Has a {2}% chance to inflict Paralysis and Frostbite. Inflicts {4} random debuff(s) on the target.	[114857633, 0, 0, 1415384097]	[0, 0, 30, 500]	[1757462170, 1781926163, 114749450, 2023647780, 868174594, 0, 0, 0]	350	[60, 0, 60, 0, 60, 0, 3, 0, 0, 0, 0, 0, 0, 0]	400	[60, 0, 70, 0, 70, 0, 4, 0, 0, 0, 0, 0, 0, 0]	0	1	84	[2263010224, 2065718484, 1590773769, 4294967295, 4294967295, 4294967295, 3212836864, 3212836864, 0, 0, 0, 0, 0, 0]	月光の一閃	敵単体に物理ダメージを与え、{2}％の確率で麻痺とカチコチを付与する。対象にランダムなデバフを{4}つ付与する	月光一闪	对敌方单体造成物理伤害，并以{2}%的概率赋予其麻痹和僵直。此外，随机赋予目标{4}个减益。	月光一閃	對敵方單體造成物理傷害，並以{2}%的機率賦予麻痺和僵硬。隨機賦予目標{4}個減益。	달빛의 일섬	단일 적에게 물리 대미지를 주고 {2}%의 확률로 마비와 동상을 부여한다. 대상에게 임의의 약화 효과를 {4}개 부여한다
393337424	Flash of Moonlight	Deals physical damage to an enemy. Has a {2}% chance to inflict Paralysis and Frostbite. Inflicts {4} random debuff(s) on the target.	[114857633, 0, 0, 1415384097]	[0, 0, 30, 500]	[1757462170, 1781926163, 114749450, 2023647780, 868174594, 0, 0, 0]	400	[60, 0, 70, 0, 70, 0, 4, 0, 0, 0, 0, 0, 0, 0]	400	[60, 0, 70, 0, 70, 0, 4, 0, 0, 0, 0, 0, 0, 0]	0	0	85	[2263010224, 2065718484, 1590773769, 4294967295, 4294967295, 4294967295, 3212836864, 3212836864, 0, 0, 0, 0, 0, 0]	月光の一閃	敵単体に物理ダメージを与え、{2}％の確率で麻痺とカチコチを付与する。対象にランダムなデバフを{4}つ付与する	月光一闪	对敌方单体造成物理伤害，并以{2}%的概率赋予其麻痹和僵直。此外，随机赋予目标{4}个减益。	月光一閃	對敵方單體造成物理傷害，並以{2}%的機率賦予麻痺和僵硬。隨機賦予目標{4}個減益。	달빛의 일섬	단일 적에게 물리 대미지를 주고 {2}%의 확률로 마비와 동상을 부여한다. 대상에게 임의의 약화 효과를 {4}개 부여한다
1753593364	Sparkly Spellbook S	Deals magic damage to an enemy and restores {2}% of the user's HP.	[181287524, 0, 0, 1415384097]	[0, 0, 20, 300]	[804559227, 941341129, 1135088197, 0, 0, 0, 0, 0]	200	[60, 0, 10, 0, 0, 0, 0, 0, 0, 0, 0, 0, 0, 0]	240	[60, 0, 19, 0, 0, 0, 0, 0, 0, 0, 0, 0, 0, 0]	0	1	86	[2264538974, 836606411, 1590773769, 4294967295, 4294967295, 4294967295, 3212836864, 3212836864, 0, 0, 0, 0, 0, 0]	きらきら魔導書・小	敵単体に魔法ダメージを与え、自身のＨＰを{2}％回復する	闪亮魔导书·小	对敌方单体造成魔法伤害，并恢复自身{2}%的HP。	閃亮亮魔導書‧小	對敵方單體造成魔法傷害。回復自身HP{2}%。	반짝반짝 마도서ㆍ소	단일 적에게 마법 대미지를 주고자신의 HP를 {2}% 회복한다
242423890	Sparkly Spellbook M	Deals magic damage to an enemy and restores {2}% of the user's HP.	[181287524, 0, 0, 1415384097]	[0, 0, 20, 300]	[804559227, 941341129, 1135088197, 0, 0, 0, 0, 0]	250	[60, 0, 20, 0, 0, 0, 0, 0, 0, 0, 0, 0, 0, 0]	290	[60, 0, 29, 0, 0, 0, 0, 0, 0, 0, 0, 0, 0, 0]	0	1	87	[2264538974, 836606411, 1590773769, 4294967295, 4294967295, 4294967295, 3212836864, 3212836864, 0, 0, 0, 0, 0, 0]	きらきら魔導書・中	敵単体に魔法ダメージを与え、自身のＨＰを{2}％回復する	闪亮魔导书·中	对敌方单体造成魔法伤害，并恢复自身{2}%的HP。	閃亮亮魔導書‧中	對敵方單體造成魔法傷害。回復自身HP{2}%。	반짝반짝 마도서ㆍ중	단일 적에게 마법 대미지를 주고자신의 HP를 {2}% 회복한다
2037655752	Sparkly Spellbook L	Deals magic damage to an enemy and restores {2}% of the user's HP.	[181287524, 0, 0, 1415384097]	[0, 0, 20, 300]	[804559227, 941341129, 1135088197, 0, 0, 0, 0, 0]	300	[60, 0, 30, 0, 0, 0, 0, 0, 0, 0, 0, 0, 0, 0]	340	[60, 0, 39, 0, 0, 0, 0, 0, 0, 0, 0, 0, 0, 0]	0	1	88	[2264538974, 836606411, 1590773769, 4294967295, 4294967295, 4294967295, 3212836864, 3212836864, 0, 0, 0, 0, 0, 0]	きらきら魔導書・大	敵単体に魔法ダメージを与え、自身のＨＰを{2}％回復する	闪亮魔导书·大	对敌方单体造成魔法伤害，并恢复自身{2}%的HP。	閃亮亮魔導書‧大	對敵方單體造成魔法傷害。回復自身HP{2}%。	반짝반짝 마도서ㆍ대	단일 적에게 마법 대미지를 주고자신의 HP를 {2}% 회복한다
418333339	Super Cute Spellbook	Deals magic damage to an enemy and restores {2}% of the user's HP. Boosts the user's SPD by {3}%.	[181287524, 0, 0, 1415384097]	[0, 0, 20, 300]	[804559227, 941341129, 1135088197, 1706928386, 0, 0, 0, 0]	350	[60, 0, 40, 0, 20, 0, 0, 0, 0, 0, 0, 0, 0, 0]	400	[60, 0, 50, 0, 30, 0, 0, 0, 0, 0, 0, 0, 0, 0]	0	1	89	[2264538974, 836606411, 1590773769, 4294967295, 4294967295, 4294967295, 3212836864, 3212836864, 0, 0, 0, 0, 0, 0]	超かわいい魔導書	敵単体に魔法ダメージを与え、自身のＨＰを{2}％回復する。さらに、自身の素早さを{3}％上昇させる	超可爱魔导书	对敌方单体造成魔法伤害，并恢复自身{2}%的HP。此外，使自身的敏捷提升{3}%。	超可愛魔導書	對敵方單體造成魔法傷害，並回復自身HP{2}%。另外，使自身敏捷上升{3}%。	매우 귀여운 마도서	단일 적에게 마법 대미지를 주고 자신의 HP를 {2}% 회복한다. 그리고 자신의 민첩성을 {3}% 상승시킨다
1877504525	Super Cute Spellbook	Deals magic damage to an enemy and restores {2}% of the user's HP. Boosts the user's SPD by {3}%.	[181287524, 0, 0, 1415384097]	[0, 0, 20, 300]	[804559227, 941341129, 1135088197, 1706928386, 0, 0, 0, 0]	400	[60, 0, 50, 0, 30, 0, 0, 0, 0, 0, 0, 0, 0, 0]	400	[60, 0, 50, 0, 30, 0, 0, 0, 0, 0, 0, 0, 0, 0]	0	0	90	[2264538974, 836606411, 1590773769, 4294967295, 4294967295, 4294967295, 3212836864, 3212836864, 0, 0, 0, 0, 0, 0]	超かわいい魔導書	敵単体に魔法ダメージを与え、自身のＨＰを{2}％回復する。さらに、自身の素早さを{3}％上昇させる	超可爱魔导书	对敌方单体造成魔法伤害，并恢复自身{2}%的HP。此外，使自身的敏捷提升{3}%。	超可愛魔導書	對敵方單體造成魔法傷害，並回復自身HP{2}%。另外，使自身敏捷上升{3}%。	매우 귀여운 마도서	단일 적에게 마법 대미지를 주고 자신의 HP를 {2}% 회복한다. 그리고 자신의 민첩성을 {3}% 상승시킨다
1715951403	Rumbling Bolt S	Deals bolt damage to an enemy. Deals high stun damage.	[683277684, 0, 0, 1415384097]	[0, 0, 20, 300]	[1605318718, 76791710, 0, 0, 0, 0, 0, 0]	200	[75, 0, 0, 0, 0, 0, 0, 0, 0, 0, 0, 0, 0, 0]	240	[75, 0, 0, 0, 0, 0, 0, 0, 0, 0, 0, 0, 0, 0]	0	1	91	[1084318995, 695373920, 1590773769, 4294967295, 4294967295, 4294967295, 3212836864, 3212836864, 0, 0, 0, 0, 0, 0]	雷轟電撃・小	敵単体に雷ダメージを与える。ブレイクダメージが高い	雷轰电击·小	对敌方单体造成雷伤害。破防伤害提高。	雷轟電擊‧小	對敵方單體造成雷傷害。破防傷害較高。	뇌굉전격ㆍ소	단일 적에게 뇌 대미지를 준다.브레이크 대미지가 높다
11663727	Rumbling Bolt M	Deals bolt damage to an enemy. Deals high stun damage.	[683277684, 0, 0, 1415384097]	[0, 0, 20, 300]	[1605318718, 76791710, 0, 0, 0, 0, 0, 0]	250	[90, 0, 0, 0, 0, 0, 0, 0, 0, 0, 0, 0, 0, 0]	290	[90, 0, 0, 0, 0, 0, 0, 0, 0, 0, 0, 0, 0, 0]	0	1	92	[1084318995, 695373920, 1590773769, 4294967295, 4294967295, 4294967295, 3212836864, 3212836864, 0, 0, 0, 0, 0, 0]	雷轟電撃・中	敵単体に雷ダメージを与える。ブレイクダメージが高い	雷轰电击·中	对敌方单体造成雷伤害。破防伤害提高。	雷轟電擊‧中	對敵方單體造成雷傷害。破防傷害較高。	뇌굉전격ㆍ중	단일 적에게 뇌 대미지를 준다.브레이크 대미지가 높다
2008467961	Rumbling Bolt L	Deals bolt damage to an enemy. Deals high stun damage.	[683277684, 0, 0, 1415384097]	[0, 0, 20, 300]	[1605318718, 76791710, 0, 0, 0, 0, 0, 0]	300	[100, 0, 0, 0, 0, 0, 0, 0, 0, 0, 0, 0, 0, 0]	340	[100, 0, 0, 0, 0, 0, 0, 0, 0, 0, 0, 0, 0, 0]	0	1	93	[1084318995, 695373920, 1590773769, 4294967295, 4294967295, 4294967295, 3212836864, 3212836864, 0, 0, 0, 0, 0, 0]	雷轟電撃・大	敵単体に雷ダメージを与える。ブレイクダメージが高い	雷轰电击·大	对敌方单体造成雷伤害。破防伤害提高。	雷轟電擊‧大	對敵方單體造成雷傷害。破防傷害較高。	뇌굉전격ㆍ대	단일 적에게 뇌 대미지를 준다.브레이크 대미지가 높다
372089764	Thunderous Flash	Deals bolt damage to an enemy. Boosts the user's ATK by {2}%. Deals high stun damage.	[683277684, 0, 0, 1415384097]	[0, 0, 20, 300]	[1605318718, 76791710, 1699015251, 0, 0, 0, 0, 0]	350	[125, 0, 20, 0, 0, 0, 0, 0, 0, 0, 0, 0, 0, 0]	400	[125, 0, 30, 0, 0, 0, 0, 0, 0, 0, 0, 0, 0, 0]	0	1	94	[1084318995, 695373920, 1590773769, 4294967295, 4294967295, 4294967295, 3212836864, 3212836864, 0, 0, 0, 0, 0, 0]	雷鳴の一閃	敵単体に雷ダメージを与える。自身の攻撃力を{2}％上昇させる。ブレイクダメージが高い	雷鸣一闪	对敌方单体造成雷伤害。使自身的攻击力提升{2}%。破防伤害提高。	雷鳴一閃	對敵方單體造成雷傷害，並使自身攻擊力上升{2}%。破防傷害較高。	뇌명의 일섬	단일 적에게 뇌 대미지를 주고 자신의 공격력을 {2}% 상승시킨다. 브레이크 대미지가 높다
1630180146	Thunderous Flash	Deals bolt damage to an enemy. Boosts the user's ATK by {2}%. Deals high stun damage.	[683277684, 0, 0, 1415384097]	[0, 0, 20, 300]	[1605318718, 76791710, 1699015251, 0, 0, 0, 0, 0]	400	[125, 0, 30, 0, 0, 0, 0, 0, 0, 0, 0, 0, 0, 0]	400	[125, 0, 30, 0, 0, 0, 0, 0, 0, 0, 0, 0, 0, 0]	0	0	95	[1084318995, 695373920, 1590773769, 4294967295, 4294967295, 4294967295, 3212836864, 3212836864, 0, 0, 0, 0, 0, 0]	雷鳴の一閃	敵単体に雷ダメージを与える。自身の攻撃力を{2}％上昇させる。ブレイクダメージが高い	雷鸣一闪	对敌方单体造成雷伤害。使自身的攻击力提升{2}%。破防伤害提高。	雷鳴一閃	對敵方單體造成雷傷害，並使自身攻擊力上升{2}%。破防傷害較高。	뇌명의 일섬	단일 적에게 뇌 대미지를 주고 자신의 공격력을 {2}% 상승시킨다. 브레이크 대미지가 높다
661715634	Ultra Explosion S	Deals fire damage to an enemy. Reduces the target's DEF by {2}%.	[181287524, 0, 0, 1415384097]	[0, 0, 30, 600]	[1018639041, 1391769366, 114186828, 0, 0, 0, 0, 0]	200	[60, 0, 10, 0, 0, 0, 0, 0, 0, 0, 0, 0, 0, 0]	240	[60, 0, 15, 0, 0, 0, 0, 0, 0, 0, 0, 0, 0, 0]	0	1	96	[260995996, 835458351, 1590773769, 4294967295, 4294967295, 4294967295, 3212836864, 3212836864, 0, 0, 0, 0, 0, 0]	一万度の爆発・小	敵単体に魔法ダメージを与える。防御力を{2}％減少させる	一万度爆炸·小	对敌方单体造成火伤害。使其防御力减少{2}%。	一萬度爆炸‧小	對敵方單體造成火傷害，並使其防禦力減少{2}%。	끝없는 폭발ㆍ소	단일 적에게 마법 대미지를 준다.방어력을 {2}% 감소시킨다
1099322616	Ultra Explosion M	Deals fire damage to an enemy. Reduces the target's DEF by {2}%.	[181287524, 0, 0, 1415384097]	[0, 0, 30, 600]	[1018639041, 1391769366, 114186828, 0, 0, 0, 0, 0]	250	[60, 0, 15, 0, 0, 0, 0, 0, 0, 0, 0, 0, 0, 0]	290	[60, 0, 20, 0, 0, 0, 0, 0, 0, 0, 0, 0, 0, 0]	0	1	97	[260995996, 835458351, 1590773769, 4294967295, 4294967295, 4294967295, 3212836864, 3212836864, 0, 0, 0, 0, 0, 0]	一万度の爆発・中	敵単体に魔法ダメージを与える。防御力を{2}％減少させる	一万度爆炸·中	对敌方单体造成火伤害。使其防御力减少{2}%。	一萬度爆炸‧中	對敵方單體造成火傷害，並使其防禦力減少{2}%。	끝없는 폭발ㆍ중	단일 적에게 마법 대미지를 준다.방어력을 {2}% 감소시킨다
914449506	Ultra Explosion L	Deals fire damage to an enemy. Reduces the target's DEF by {2}%.	[181287524, 0, 0, 1415384097]	[0, 0, 30, 600]	[1018639041, 1391769366, 114186828, 0, 0, 0, 0, 0]	300	[60, 0, 20, 0, 0, 0, 0, 0, 0, 0, 0, 0, 0, 0]	340	[60, 0, 20, 0, 0, 0, 0, 0, 0, 0, 0, 0, 0, 0]	0	1	98	[260995996, 835458351, 1590773769, 4294967295, 4294967295, 4294967295, 3212836864, 3212836864, 0, 0, 0, 0, 0, 0]	一万度の爆発・大	敵単体に魔法ダメージを与える。防御力を{2}％減少させる	一万度爆炸·大	对敌方单体造成火伤害。使其防御力减少{2}%。	一萬度爆炸‧大	對敵方單體造成火傷害，並使其防禦力減少{2}%。	끝없는 폭발ㆍ대	단일 적에게 마법 대미지를 준다.방어력을 {2}% 감소시킨다
1461325373	Infinite Explosion	Deals fire damage to an enemy and reduces its DEF by {2}%. Power is not reduced when used during Duplicate.	[181287524, 0, 0, 1415384097]	[0, 0, 30, 600]	[1018639041, 1391769366, 114186828, 821017164, 0, 0, 0, 0]	350	[60, 0, 20, 0, 0, 0, 0, 0, 0, 0, 0, 0, 0, 0]	400	[60, 0, 20, 0, 0, 0, 0, 0, 0, 0, 0, 0, 0, 0]	0	1	99	[260995996, 835458351, 1590773769, 4294967295, 4294967295, 4294967295, 3212836864, 3212836864, 0, 0, 0, 0, 0, 0]	無限大の爆発	敵単体に魔法ダメージを与え、防御力を{2}％減少させる。「デュプリケイト」での使用時、威力が減衰しない	无限大的爆炸	对敌方单体造成火伤害，并使其防御力减少{2}%。使用“复制”时威力也不会减轻。	無限大的爆炸	對敵方單體造成火傷害，並使其防禦力減少{2}%。透過「複製」使用時，威力不會減少。	무한대 폭발	단일 적에게 마법 대미지를 주고 방어력을 {2}% 감소시킨다. 「듀플리케이트」 사용 시, 위력이 줄어들지 않는다
538787499	Infinite Explosion	Deals fire damage to an enemy and reduces its DEF by {2}%. Power is not reduced when used during Duplicate.	[181287524, 0, 0, 1415384097]	[0, 0, 30, 600]	[1018639041, 1391769366, 114186828, 821017164, 0, 0, 0, 0]	400	[60, 0, 20, 0, 0, 0, 0, 0, 0, 0, 0, 0, 0, 0]	400	[60, 0, 20, 0, 0, 0, 0, 0, 0, 0, 0, 0, 0, 0]	0	0	100	[260995996, 835458351, 1590773769, 4294967295, 4294967295, 4294967295, 3212836864, 3212836864, 0, 0, 0, 0, 0, 0]	無限大の爆発	敵単体に魔法ダメージを与え、防御力を{2}％減少させる。「デュプリケイト」での使用時、威力が減衰しない	无限大的爆炸	对敌方单体造成火伤害，并使其防御力减少{2}%。使用“复制”时威力也不会减轻。	無限大的爆炸	對敵方單體造成火傷害，並使其防禦力減少{2}%。透過「複製」使用時，威力不會減少。	무한대 폭발	단일 적에게 마법 대미지를 주고 방어력을 {2}% 감소시킨다. 「듀플리케이트」 사용 시, 위력이 줄어들지 않는다
379117615	Merciless Strike S	Deals physical damage to all enemies. Power is boosted by {2}% against stunned enemies.	[114857633, 0, 0, 355072781]	[0, 0, 30, 500]	[429811396, 858322602, 320016926, 0, 0, 0, 0, 0]	170	[60, 0, 20, 0, 0, 0, 0, 0, 0, 0, 0, 0, 0, 0]	210	[60, 0, 30, 0, 0, 0, 0, 0, 0, 0, 0, 0, 0, 0]	0	1	101	[923410350, 1647023223, 1590773769, 4294967295, 4294967295, 4294967295, 3212836864, 3212836864, 0, 0, 0, 0, 0, 0]	無慈悲な一撃・小	敵全体に物理ダメージを与える。ブレイク中の敵に対し、威力が{2}％上昇する	冷酷无赦的一击·小	对敌方全体造成物理伤害。对破防状态的敌人威力提升{2}%。	殘忍一擊‧小	對敵方全體造成物理傷害。對破防狀態的敵人威力上升{2}%。	무자비한 일격ㆍ소	모든 적에게 물리 대미지를 준다.브레이크 중인 적에게는 위력이 {2}% 상승한다
1886277227	Merciless Strike M	Deals physical damage to all enemies. Power is boosted by {2}% against stunned enemies.	[114857633, 0, 0, 355072781]	[0, 0, 30, 500]	[429811396, 858322602, 320016926, 0, 0, 0, 0, 0]	220	[60, 0, 30, 0, 0, 0, 0, 0, 0, 0, 0, 0, 0, 0]	250	[60, 0, 40, 0, 0, 0, 0, 0, 0, 0, 0, 0, 0, 0]	0	1	102	[923410350, 1647023223, 1590773769, 4294967295, 4294967295, 4294967295, 3212836864, 3212836864, 0, 0, 0, 0, 0, 0]	無慈悲な一撃・中	敵全体に物理ダメージを与える。ブレイク中の敵に対し、威力が{2}％上昇する	冷酷无赦的一击·中	对敌方全体造成物理伤害。对破防状态的敌人威力提升{2}%。	殘忍一擊‧中	對敵方全體造成物理傷害。對破防狀態的敵人威力上升{2}%。	무자비한 일격ㆍ중	모든 적에게 물리 대미지를 준다.브레이크 중인 적에게는 위력이 {2}% 상승한다
124354301	Merciless Strike L	Deals physical damage to all enemies. Power is boosted by {2}% against stunned enemies.	[114857633, 0, 0, 355072781]	[0, 0, 30, 500]	[429811396, 858322602, 320016926, 0, 0, 0, 0, 0]	260	[60, 0, 40, 0, 0, 0, 0, 0, 0, 0, 0, 0, 0, 0]	300	[60, 0, 50, 0, 0, 0, 0, 0, 0, 0, 0, 0, 0, 0]	0	1	103	[923410350, 1647023223, 1590773769, 4294967295, 4294967295, 4294967295, 3212836864, 3212836864, 0, 0, 0, 0, 0, 0]	無慈悲な一撃・大	敵全体に物理ダメージを与える。ブレイク中の敵に対し、威力が{2}％上昇する	冷酷无赦的一击·大	对敌方全体造成物理伤害。对破防状态的敌人威力提升{2}%。	殘忍一擊‧大	對敵方全體造成物理傷害。對破防狀態的敵人威力上升{2}%。	무자비한 일격ㆍ대	모든 적에게 물리 대미지를 준다.브레이크 중인 적에게는 위력이 {2}% 상승한다
1727141024	Heavenly Call	"Deals physical damage to all enemies. Power is boosted by {2}% against stunned enemies. Power is not reduced when used during ""Duplicate."""	[114857633, 0, 0, 355072781]	[0, 0, 30, 500]	[429811396, 858322602, 320016926, 1081640065, 0, 0, 0, 0]	310	[60, 0, 50, 0, 0, 0, 0, 0, 0, 0, 0, 0, 0, 0]	350	[60, 0, 50, 0, 0, 0, 0, 0, 0, 0, 0, 0, 0, 0]	0	1	104	[923410350, 1647023223, 1590773769, 4294967295, 4294967295, 4294967295, 3212836864, 3212836864, 0, 0, 0, 0, 0, 0]	天からの呼び声	敵全体に物理ダメージを与え、ブレイク中の敵に対して威力が{2}％上昇する。「デュプリケイト」での使用時、威力が減衰しない	天降呼声	对敌方全体造成物理伤害。对破防状态的敌人威力提升{2}%。使用“复制”时威力也不会减轻。	天降喚聲	對敵方全體造成物理傷害，並對破防狀態的敵人威力上升{2}%。透過「複製」使用時，威力不會減少。	하늘의 목소리	모든 적에게 물리 대미지를 주고 브레이크 중인 적에게는 위력이 {2}% 상승한다. 「듀플리케이트」 사용 시, 위력이 줄어들지 않는다
301278262	Heavenly Call	"Deals physical damage to all enemies. Power is boosted by {2}% against stunned enemies. Power is not reduced when used during ""Duplicate."""	[114857633, 0, 0, 355072781]	[0, 0, 30, 500]	[429811396, 858322602, 320016926, 1081640065, 0, 0, 0, 0]	350	[60, 0, 50, 0, 0, 0, 0, 0, 0, 0, 0, 0, 0, 0]	350	[60, 0, 50, 0, 0, 0, 0, 0, 0, 0, 0, 0, 0, 0]	0	0	105	[923410350, 1647023223, 1590773769, 4294967295, 4294967295, 4294967295, 3212836864, 3212836864, 0, 0, 0, 0, 0, 0]	天からの呼び声	敵全体に物理ダメージを与え、ブレイク中の敵に対して威力が{2}％上昇する。「デュプリケイト」での使用時、威力が減衰しない	天降呼声	对敌方全体造成物理伤害。对破防状态的敌人威力提升{2}%。使用“复制”时威力也不会减轻。	天降喚聲	對敵方全體造成物理傷害，並對破防狀態的敵人威力上升{2}%。透過「複製」使用時，威力不會減少。	하늘의 목소리	모든 적에게 물리 대미지를 주고 브레이크 중인 적에게는 위력이 {2}% 상승한다. 「듀플리케이트」 사용 시, 위력이 줄어들지 않는다
336022443	Primeval Strength S	Consumes {2}% of AP to deal fire, ice, and bolt damage to an enemy.	[696596556, 781318477, 683277684, 1415384097]	[0, 0, 20, 300]	[1116854029, 994400796, 799275616, 0, 0, 0, 0, 0]	200	[60, 0, 50, 0, 0, 0, 0, 0, 0, 0, 0, 0, 0, 0]	240	[60, 0, 50, 0, 0, 0, 0, 0, 0, 0, 0, 0, 0, 0]	0	1	106	[3771052914, 617708694, 1590773769, 4294967295, 4294967295, 4294967295, 3212836864, 3212836864, 0, 0, 0, 0, 0, 0]	原初の力・小	ＡＰを{2}％消費し、敵単体に火・氷・雷ダメージを与える	原初之力·小	消耗{2}%AP，对敌方单体造成火、冰、雷伤害。	原初的力量‧小	消耗AP{2}%，對敵方單體造成火、冰、雷傷害。	원초의 힘ㆍ소	AP를 {2}% 소비하고단일 적에게 화ㆍ빙ㆍ뇌 대미지를 준다
1928455663	Primeval Strength M	Consumes {2}% of AP to deal fire, ice, and bolt damage to an enemy.	[696596556, 781318477, 683277684, 1415384097]	[0, 0, 20, 300]	[1116854029, 994400796, 799275616, 0, 0, 0, 0, 0]	250	[60, 0, 30, 0, 0, 0, 0, 0, 0, 0, 0, 0, 0, 0]	290	[60, 0, 30, 0, 0, 0, 0, 0, 0, 0, 0, 0, 0, 0]	0	1	107	[3771052914, 617708694, 1590773769, 4294967295, 4294967295, 4294967295, 3212836864, 3212836864, 0, 0, 0, 0, 0, 0]	原初の力・中	ＡＰを{2}％消費し、敵単体に火・氷・雷ダメージを与える	原初之力·中	消耗{2}%AP，对敌方单体造成火、冰、雷伤害。	原初的力量‧中	消耗AP{2}%，對敵方單體造成火、冰、雷傷害。	원초의 힘ㆍ중	AP를 {2}% 소비하고단일 적에게 화ㆍ빙ㆍ뇌 대미지를 준다
100062585	Primeval Strength L	Consumes {2}% of AP to deal fire, ice, and bolt damage to an enemy.	[696596556, 781318477, 683277684, 1415384097]	[0, 0, 20, 300]	[1116854029, 994400796, 799275616, 0, 0, 0, 0, 0]	300	[60, 0, 20, 0, 0, 0, 0, 0, 0, 0, 0, 0, 0, 0]	340	[60, 0, 20, 0, 0, 0, 0, 0, 0, 0, 0, 0, 0, 0]	0	1	108	[3771052914, 617708694, 1590773769, 4294967295, 4294967295, 4294967295, 3212836864, 3212836864, 0, 0, 0, 0, 0, 0]	原初の力・大	ＡＰを{2}％消費し、敵単体に火・氷・雷ダメージを与える	原初之力·大	消耗{2}%AP，对敌方单体造成火、冰、雷伤害。	原初的力量‧大	消耗AP{2}%，對敵方單體造成火、冰、雷傷害。	원초의 힘ㆍ대	AP를 {2}% 소비하고단일 적에게 화ㆍ빙ㆍ뇌 대미지를 준다
1684913956	Power of Creation	Consumes {2}% of AP to deal fire, ice, and bolt damage to an enemy. Using an item has a {3}% chance to not expend uses.	[696596556, 781318477, 683277684, 1415384097]	[0, 0, 20, 300]	[1116854029, 994400796, 799275616, 240309903, 0, 0, 0, 0]	350	[60, 0, 10, 0, 30, 0, 0, 0, 0, 0, 0, 0, 0, 0]	400	[60, 0, 10, 0, 80, 0, 0, 0, 0, 0, 0, 0, 0, 0]	0	1	109	[3771052914, 617708694, 1590773769, 4294967295, 4294967295, 4294967295, 3212836864, 3212836864, 0, 0, 0, 0, 0, 0]	創生の力	ＡＰを{2}％消費し、敵単体に火・氷・雷ダメージを与える。アイテムを使用したとき、{3}％の確率で使用回数が減少しない	创生之力	消耗{2}%的AP，对敌方单体造成火、冰、雷属性伤害。有{3}%的概率不消耗道具的使用次数。	創生之力	消耗AP{2}%，對敵方單體造成火、冰、雷傷害。有{3}%的機率不消耗道具的使用次數。	창생의 힘	AP를 {2}% 소비하고단일 적에게 화ㆍ빙ㆍ뇌 대미지를 준다. 아이템을 사용할 시, {3}%의 확률로 사용횟수가 줄어들지 않는다
325750706	Power of Creation	Consumes {2}% of AP to deal fire, ice, and bolt damage to an enemy. Using an item has a {3}% chance to not expend uses.	[696596556, 781318477, 683277684, 1415384097]	[0, 0, 20, 300]	[1116854029, 994400796, 799275616, 240309903, 0, 0, 0, 0]	400	[60, 0, 10, 0, 80, 0, 0, 0, 0, 0, 0, 0, 0, 0]	400	[60, 0, 10, 0, 80, 0, 0, 0, 0, 0, 0, 0, 0, 0]	0	0	110	[3771052914, 617708694, 1590773769, 4294967295, 4294967295, 4294967295, 3212836864, 3212836864, 0, 0, 0, 0, 0, 0]	創生の力	ＡＰを{2}％消費し、敵単体に火・氷・雷ダメージを与える。アイテムを使用したとき、{3}％の確率で使用回数が減少しない	创生之力	消耗{2}%的AP，对敌方单体造成火、冰、雷属性伤害。有{3}%的概率不消耗道具的使用次数。	創生之力	消耗AP{2}%，對敵方單體造成火、冰、雷傷害。有{3}%的機率不消耗道具的使用次數。	창생의 힘	AP를 {2}% 소비하고단일 적에게 화ㆍ빙ㆍ뇌 대미지를 준다. 아이템을 사용할 시, {3}%의 확률로 사용횟수가 줄어들지 않는다
636440886	Summon Clay Pot	Deals magic damage to all enemies. Power increases with more targets.	[181287524, 0, 0, 355072781]	[0, 0, 20, 250]	[607643630, 1939263685, 2036796509, 0, 0, 0, 0, 0]	160	[50, 0, 5, 0, 0, 0, 0, 0, 0, 0, 0, 0, 0, 0]	240	[50, 0, 10, 0, 0, 0, 0, 0, 0, 0, 0, 0, 0, 0]	0	1	111	[2783169433, 910780733, 1590773769, 4294967295, 4294967295, 4294967295, 3212836864, 3212836864, 0, 0, 0, 0, 0, 0]	クレイポット召喚	敵全体に魔法ダメージを与える。敵の数が多いほど威力が上昇する	召唤砂锅	对敌方全体造成魔法伤害，敌方数量越多，威力越强。	召喚砂鍋	對敵方全體造成魔法傷害。敵方數量越多，威力越強。	클레이포트 소환	모든 적에게 마법 대미지를 준다.적의 수가 많을수록 위력이 상승한다
1125777268	Summon Ghost	Deals magic damage to all enemies. Power increases with more targets.	[181287524, 0, 0, 355072781]	[0, 0, 20, 250]	[607643630, 1939263685, 2036796509, 0, 0, 0, 0, 0]	200	[50, 0, 10, 0, 0, 0, 0, 0, 0, 0, 0, 0, 0, 0]	280	[50, 0, 15, 0, 0, 0, 0, 0, 0, 0, 0, 0, 0, 0]	0	1	112	[2998961115, 774869304, 1590773769, 4294967295, 4294967295, 4294967295, 3212836864, 3212836864, 0, 0, 0, 0, 0, 0]	ゴースト召喚	敵全体に魔法ダメージを与える。敵の数が多いほど威力が上昇する	召唤鬼魂	对敌方全体造成魔法伤害，敌方数量越多，威力越强。	召喚鬼魂	對敵方全體造成魔法傷害。敵方數量越多，威力越強。	고스트 소환	모든 적에게 마법 대미지를 준다.적의 수가 많을수록 위력이 상승한다
874434534	Summon Island Fish	Deals magic damage to all enemies. Power increases with more targets.	[181287524, 0, 0, 355072781]	[0, 0, 20, 250]	[607643630, 1939263685, 2036796509, 0, 0, 0, 0, 0]	240	[50, 0, 15, 0, 0, 0, 0, 0, 0, 0, 0, 0, 0, 0]	320	[50, 0, 20, 0, 0, 0, 0, 0, 0, 0, 0, 0, 0, 0]	0	1	113	[3103545480, 72828595, 1590773769, 4294967295, 4294967295, 4294967295, 3212836864, 3212836864, 0, 0, 0, 0, 0, 0]	島魚召喚	敵全体に魔法ダメージを与える。敵の数が多いほど威力が上昇する	召唤岛鱼	对敌方全体造成魔法伤害，敌方数量越多，威力越强。	召喚島魚	對敵方全體造成魔法傷害。敵方數量越多，威力越強。	섬어 소환	모든 적에게 마법 대미지를 준다.적의 수가 많을수록 위력이 상승한다
1434822073	Summon Puni	Deals magic damage to all enemies. Using an item has a {3}% chance to not expend uses. Power increases with more targets.	[181287524, 0, 0, 355072781]	[0, 0, 20, 250]	[607643630, 1939263685, 2036796509, 1877885480, 0, 0, 0, 0]	300	[50, 0, 20, 0, 30, 0, 0, 0, 0, 0, 0, 0, 0, 0]	360	[50, 0, 30, 0, 80, 0, 0, 0, 0, 0, 0, 0, 0, 0]	0	1	114	[3075199622, 846392854, 1590773769, 4294967295, 4294967295, 4294967295, 3212836864, 3212836864, 0, 0, 0, 0, 0, 0]	プニ召喚	敵全体に魔法ダメージを与え、アイテム使用時、{3}％の確率で使用回数が減少しない。敵の数が多いほど威力が上昇する	召唤噗尼	对敌方全体造成魔法伤害，并有{3}%的概率不消耗道具的使用次数。敌方数量越多，威力越强。	召喚噗尼	對敵方全體造成魔法傷害，有{3}%的機率不消耗道具的使用次數。敵方數量越多，威力越強。	푸니 소환	모든 적에게 마법 대미지를 주고 아이템 사용 시, {3}%의 확률로 사용횟수가 줄어들지 않는다. 적의 수가 많을수록 위력이 상승한다
578983215	Summon Puni	Deals magic damage to all enemies. Using an item has a {3}% chance to not expend uses. Power increases with more targets.	[181287524, 0, 0, 355072781]	[0, 0, 20, 250]	[607643630, 1939263685, 2036796509, 1877885480, 0, 0, 0, 0]	360	[50, 0, 30, 0, 80, 0, 0, 0, 0, 0, 0, 0, 0, 0]	360	[50, 0, 30, 0, 80, 0, 0, 0, 0, 0, 0, 0, 0, 0]	0	0	115	[3075199622, 846392854, 1590773769, 4294967295, 4294967295, 4294967295, 3212836864, 3212836864, 0, 0, 0, 0, 0, 0]	プニ召喚	敵全体に魔法ダメージを与え、アイテム使用時、{3}％の確率で使用回数が減少しない。敵の数が多いほど威力が上昇する	召唤噗尼	对敌方全体造成魔法伤害，并有{3}%的概率不消耗道具的使用次数。敌方数量越多，威力越强。	召喚噗尼	對敵方全體造成魔法傷害，有{3}%的機率不消耗道具的使用次數。敵方數量越多，威力越強。	푸니 소환	모든 적에게 마법 대미지를 주고 아이템 사용 시, {3}%의 확률로 사용횟수가 줄어들지 않는다. 적의 수가 많을수록 위력이 상승한다
702895980	HP Recovery S	Restores an ally's HP.	[191337070, 0, 0, 826054873]	[0, 0, 5, 120]	[1543876541, 0, 0, 0, 0, 0, 0, 0]	60	[0, 0, 0, 0, 0, 0, 0, 0, 0, 0, 0, 0, 0, 0]	100	[0, 0, 0, 0, 0, 0, 0, 0, 0, 0, 0, 0, 0, 0]	2	1	116	[1978729209, 536213118, 1614965990, 4294967295, 4294967295, 4294967295, 3212836864, 3212836864, 0, 0, 0, 0, 0, 0]	HP回復・小	味方単体のＨＰを回復する	HP恢复·小	恢复我方单体HP。	HP回復‧小	回復我方單體HP。	HP회복ㆍ소	단일 아군의 HP를 회복한다
1326709034	HP Recovery M	Restores an ally's HP.	[191337070, 0, 0, 826054873]	[0, 0, 5, 120]	[1543876541, 0, 0, 0, 0, 0, 0, 0]	110	[0, 0, 0, 0, 0, 0, 0, 0, 0, 0, 0, 0, 0, 0]	150	[0, 0, 0, 0, 0, 0, 0, 0, 0, 0, 0, 0, 0, 0]	2	1	117	[1978729209, 536213118, 1614965990, 4294967295, 4294967295, 4294967295, 3212836864, 3212836864, 0, 0, 0, 0, 0, 0]	HP回復・中	味方単体のＨＰを回復する	HP恢复·中	恢复我方单体HP。	HP回復‧中	回復我方單體HP。	HP회복ㆍ중	단일 아군의 HP를 회복한다
940886464	HP Recovery L	Restores an ally's HP.	[191337070, 0, 0, 826054873]	[0, 0, 5, 120]	[1543876541, 0, 0, 0, 0, 0, 0, 0]	160	[0, 0, 0, 0, 0, 0, 0, 0, 0, 0, 0, 0, 0, 0]	200	[0, 0, 0, 0, 0, 0, 0, 0, 0, 0, 0, 0, 0, 0]	2	1	118	[1978729209, 536213118, 1614965990, 4294967295, 4294967295, 4294967295, 3212836864, 3212836864, 0, 0, 0, 0, 0, 0]	HP回復・大	味方単体のＨＰを回復する	HP恢复·大	恢复我方单体HP。	HP回復‧大	回復我方單體HP。	HP회복ㆍ대	단일 아군의 HP를 회복한다
1502585827	Ultra HP Recovery	Restores an ally's HP and grants status effect immunity.	[191337070, 0, 0, 826054873]	[0, 0, 5, 120]	[1543876541, 1082260091, 0, 0, 0, 0, 0, 0]	210	[30, 0, 0, 0, 0, 0, 0, 0, 0, 0, 0, 0, 0, 0]	250	[30, 0, 0, 0, 0, 0, 0, 0, 0, 0, 0, 0, 0, 0]	2	1	119	[1978729209, 536213118, 1614965990, 4294967295, 4294967295, 4294967295, 3212836864, 3212836864, 0, 0, 0, 0, 0, 0]	HP超回復	味方単体のＨＰを回復する。状態異常無効化を付与する	HP超恢复	恢复我方单体HP。赋予我方全体异常状态无效化。	HP超回復	回復我方單體HP。賦予異常狀態無效化。	HP초회복	단일 아군의 HP를 회복한다.상태이상 무효화를 부여한다
780702581	Ultra HP Recovery	Restores an ally's HP and grants status effect immunity.	[191337070, 0, 0, 826054873]	[0, 0, 5, 120]	[1543876541, 1082260091, 0, 0, 0, 0, 0, 0]	250	[30, 0, 0, 0, 0, 0, 0, 0, 0, 0, 0, 0, 0, 0]	250	[30, 0, 0, 0, 0, 0, 0, 0, 0, 0, 0, 0, 0, 0]	2	0	120	[1978729209, 536213118, 1614965990, 4294967295, 4294967295, 4294967295, 3212836864, 3212836864, 0, 0, 0, 0, 0, 0]	HP超回復	味方単体のＨＰを回復する。状態異常無効化を付与する	HP超恢复	恢复我方单体HP。赋予我方全体异常状态无效化。	HP超回復	回復我方單體HP。賦予異常狀態無效化。	HP초회복	단일 아군의 HP를 회복한다.상태이상 무효화를 부여한다
1289005387	Soothing Melody S	Restores all allies' HP.	[191337070, 0, 0, 1883795445]	[0, 0, 5, 240]	[1543876541, 0, 0, 0, 0, 0, 0, 0]	80	[0, 0, 0, 0, 0, 0, 0, 0, 0, 0, 0, 0, 0, 0]	120	[0, 0, 0, 0, 0, 0, 0, 0, 0, 0, 0, 0, 0, 0]	2	1	121	[1832202559, 125335984, 1614965990, 4294967295, 4294967295, 4294967295, 3212836864, 3212836864, 0, 0, 0, 0, 0, 0]	落ち着く音色・小	味方全体のＨＰを回復する	令人放松的音色·小	恢复我方全体HP。	令人放鬆的音色‧小	回復我方全體HP。	차분한 음색ㆍ소	모든 아군의 HP를 회복한다
706873103	Soothing Melody M	Restores all allies' HP.	[191337070, 0, 0, 1883795445]	[0, 0, 5, 240]	[1543876541, 0, 0, 0, 0, 0, 0, 0]	130	[0, 0, 0, 0, 0, 0, 0, 0, 0, 0, 0, 0, 0, 0]	170	[0, 0, 0, 0, 0, 0, 0, 0, 0, 0, 0, 0, 0, 0]	2	1	122	[1832202559, 125335984, 1614965990, 4294967295, 4294967295, 4294967295, 3212836864, 3212836864, 0, 0, 0, 0, 0, 0]	落ち着く音色・中	味方全体のＨＰを回復する	令人放松的音色·中	恢复我方全体HP。	令人放鬆的音色‧中	回復我方全體HP。	차분한 음색ㆍ중	모든 아군의 HP를 회복한다
1562720153	Soothing Melody L	Restores all allies' HP.	[191337070, 0, 0, 1883795445]	[0, 0, 5, 240]	[1543876541, 0, 0, 0, 0, 0, 0, 0]	180	[0, 0, 0, 0, 0, 0, 0, 0, 0, 0, 0, 0, 0, 0]	220	[0, 0, 0, 0, 0, 0, 0, 0, 0, 0, 0, 0, 0, 0]	2	1	123	[1832202559, 125335984, 1614965990, 4294967295, 4294967295, 4294967295, 3212836864, 3212836864, 0, 0, 0, 0, 0, 0]	落ち着く音色・大	味方全体のＨＰを回復する	令人放松的音色·大	恢复我方全体HP。	令人放鬆的音色‧大	回復我方全體HP。	차분한 음색ㆍ대	모든 아군의 HP를 회복한다
1019108806	Beautiful Melody	Restores all allies' HP and grants an ongoing effect that restores {1}% HP upon acting.	[191337070, 0, 0, 1883795445]	[0, 0, 5, 240]	[1543876541, 2084459846, 0, 0, 0, 0, 0, 0]	230	[15, 0, 0, 0, 0, 0, 0, 0, 0, 0, 0, 0, 0, 0]	270	[20, 0, 0, 0, 0, 0, 0, 0, 0, 0, 0, 0, 0, 0]	2	1	124	[1832202559, 125335984, 1614965990, 4294967295, 4294967295, 4294967295, 3212836864, 3212836864, 0, 0, 0, 0, 0, 0]	美しい音色	味方全体のＨＰを回復する。行動時にＨＰを{1}％回復する継続効果を付与する	优美的音色	恢复我方全体HP。赋予我方全体行动时恢复{1}%的HP的持续效果。	優美的音色	回復我方全體HP。賦予行動時回復HP{1}%的持續效果。	아름다운 음색	모든 아군의 HP를 회복한다.행동 시 HP를 {1}% 회복하는 지속효과를 부여한다
1270443348	Beautiful Melody	Restores all allies' HP and grants an ongoing effect that restores {1}% HP upon acting.	[191337070, 0, 0, 1883795445]	[0, 0, 5, 240]	[1543876541, 2084459846, 0, 0, 0, 0, 0, 0]	270	[20, 0, 0, 0, 0, 0, 0, 0, 0, 0, 0, 0, 0, 0]	270	[20, 0, 0, 0, 0, 0, 0, 0, 0, 0, 0, 0, 0, 0]	2	0	125	[1832202559, 125335984, 1614965990, 4294967295, 4294967295, 4294967295, 3212836864, 3212836864, 0, 0, 0, 0, 0, 0]	美しい音色	味方全体のＨＰを回復する。行動時にＨＰを{1}％回復する継続効果を付与する	优美的音色	恢复我方全体HP。赋予我方全体行动时恢复{1}%的HP的持续效果。	優美的音色	回復我方全體HP。賦予行動時回復HP{1}%的持續效果。	아름다운 음색	모든 아군의 HP를 회복한다.행동 시 HP를 {1}% 회복하는 지속효과를 부여한다
775257628	HP+AP Recovery S	Restores an ally's HP. Grants {1} AP.	[191337070, 0, 0, 826054873]	[0, 0, 5, 180]	[1543876541, 89009089, 0, 0, 0, 0, 0, 0]	70	[5, 0, 0, 0, 0, 0, 0, 0, 0, 0, 0, 0, 0, 0]	105	[5, 0, 0, 0, 0, 0, 0, 0, 0, 0, 0, 0, 0, 0]	2	1	126	[1978729209, 536213118, 1614965990, 4294967295, 4294967295, 4294967295, 3212836864, 3212836864, 0, 0, 0, 0, 0, 0]	HPAP回復・小	味方単体のＨＰを回復する。ＡＰを{1}獲得する	HP、AP恢复·小	恢复我方单体HP。获得{1}AP。	HP、AP回復‧小	回復我方單體HP。獲得{1}AP。	HPAP회복ㆍ소	단일 아군의 HP를 회복한다.AP를 {1} 획득한다
1220792414	HP+AP Recovery M	Restores an ally's HP. Grants {1} AP.	[191337070, 0, 0, 826054873]	[0, 0, 5, 180]	[1543876541, 89009089, 0, 0, 0, 0, 0, 0]	110	[10, 0, 0, 0, 0, 0, 0, 0, 0, 0, 0, 0, 0, 0]	145	[10, 0, 0, 0, 0, 0, 0, 0, 0, 0, 0, 0, 0, 0]	2	1	127	[1978729209, 536213118, 1614965990, 4294967295, 4294967295, 4294967295, 3212836864, 3212836864, 0, 0, 0, 0, 0, 0]	HPAP回復・中	味方単体のＨＰを回復する。ＡＰを{1}獲得する	HP、AP恢复·中	恢复我方单体HP。获得{1}AP。	HP、AP回復‧中	回復我方單體HP。獲得{1}AP。	HPAP회복ㆍ중	단일 아군의 HP를 회복한다.AP를 {1} 획득한다
1069867208	HP+AP Recovery L	Restores an ally's HP. Grants {1} AP.	[191337070, 0, 0, 826054873]	[0, 0, 5, 180]	[1543876541, 89009089, 0, 0, 0, 0, 0, 0]	150	[15, 0, 0, 0, 0, 0, 0, 0, 0, 0, 0, 0, 0, 0]	185	[15, 0, 0, 0, 0, 0, 0, 0, 0, 0, 0, 0, 0, 0]	2	1	128	[1978729209, 536213118, 1614965990, 4294967295, 4294967295, 4294967295, 3212836864, 3212836864, 0, 0, 0, 0, 0, 0]	HPAP回復・大	味方単体のＨＰを回復する。ＡＰを{1}獲得する	HP、AP恢复·大	恢复我方单体HP。获得{1}AP。	HP、AP回復‧大	回復我方單體HP。獲得{1}AP。	HPAP회복ㆍ대	단일 아군의 HP를 회복한다.AP를 {1} 획득한다
1583319701	Regeneration	Restores an ally's HP. Grants {1} AP. Revives the ally if they are KO'd.	[191337070, 0, 0, 826054873]	[0, 0, 5, 180]	[1543876541, 89009089, 1741916658, 0, 0, 0, 0, 0]	190	[20, 0, 50, 0, 0, 0, 0, 0, 0, 0, 0, 0, 0, 0]	225	[20, 0, 50, 0, 0, 0, 0, 0, 0, 0, 0, 0, 0, 0]	2	1	129	[1978729209, 536213118, 1614965990, 4294967295, 4294967295, 4294967295, 3212836864, 3212836864, 0, 0, 0, 0, 0, 0]	再生の力	味方単体のＨＰを回復する。ＡＰを{1}獲得する。戦闘不能状態から復活する	再生之力	恢复我方单体HP。获得{1}AP。从无法战斗的状态中复活。	再生的力量	回復我方單體HP。獲得{1}AP。使其復活，脫離無法戰鬥狀態。	재생의 힘	단일 아군의 HP를 회복한다.AP를 {1} 획득한다.전투불능 상태에서 부활한다
693680643	Regeneration	Restores an ally's HP. Grants {1} AP. Revives the ally if they are KO'd.	[191337070, 0, 0, 826054873]	[0, 0, 5, 180]	[1543876541, 89009089, 1741916658, 0, 0, 0, 0, 0]	225	[20, 0, 50, 0, 0, 0, 0, 0, 0, 0, 0, 0, 0, 0]	225	[20, 0, 50, 0, 0, 0, 0, 0, 0, 0, 0, 0, 0, 0]	2	0	130	[1978729209, 536213118, 1614965990, 4294967295, 4294967295, 4294967295, 3212836864, 3212836864, 0, 0, 0, 0, 0, 0]	再生の力	味方単体のＨＰを回復する。ＡＰを{1}獲得する。戦闘不能状態から復活する	再生之力	恢复我方单体HP。获得{1}AP。从无法战斗的状态中复活。	再生的力量	回復我方單體HP。獲得{1}AP。使其復活，脫離無法戰鬥狀態。	재생의 힘	단일 아군의 HP를 회복한다.AP를 {1} 획득한다.전투불능 상태에서 부활한다
1711988514	Secret Power S	Restores all allies' HP. Grants {1}% AP.	[191337070, 0, 0, 1883795445]	[0, 0, 10, 300]	[1543876541, 866192896, 0, 0, 0, 0, 0, 0]	100	[5, 0, 0, 0, 0, 0, 0, 0, 0, 0, 0, 0, 0, 0]	150	[5, 0, 0, 0, 0, 0, 0, 0, 0, 0, 0, 0, 0, 0]	2	1	131	[1978729209, 536213118, 1614965990, 4294967295, 4294967295, 4294967295, 3212836864, 3212836864, 0, 0, 0, 0, 0, 0]	秘密の力・小	味方全体のＨＰを回復する。ＡＰを{1}％獲得する	秘密力量·小	恢复我方全体HP。获得{1}%的AP。	秘密的力量‧小	回復我方全體HP。獲得AP{1}%。	비밀의 힘ㆍ소	모든 아군의 HP를 회복한다.AP를 {1}% 획득한다
16544100	Secret Power M	Restores all allies' HP. Grants {1}% AP.	[191337070, 0, 0, 1883795445]	[0, 0, 10, 300]	[1543876541, 866192896, 0, 0, 0, 0, 0, 0]	160	[10, 0, 0, 0, 0, 0, 0, 0, 0, 0, 0, 0, 0, 0]	210	[10, 0, 0, 0, 0, 0, 0, 0, 0, 0, 0, 0, 0, 0]	2	1	132	[1978729209, 536213118, 1614965990, 4294967295, 4294967295, 4294967295, 3212836864, 3212836864, 0, 0, 0, 0, 0, 0]	秘密の力・中	味方全体のＨＰを回復する。ＡＰを{1}％獲得する	秘密力量·中	恢复我方全体HP。获得{1}%的AP。	秘密的力量‧中	回復我方全體HP。獲得AP{1}%。	비밀의 힘ㆍ중	모든 아군의 HP를 회복한다.AP를 {1}% 획득한다
2012955122	Secret Power L	Restores all allies' HP. Grants {1}% AP.	[191337070, 0, 0, 1883795445]	[0, 0, 10, 300]	[1543876541, 866192896, 0, 0, 0, 0, 0, 0]	220	[15, 0, 0, 0, 0, 0, 0, 0, 0, 0, 0, 0, 0, 0]	270	[15, 0, 0, 0, 0, 0, 0, 0, 0, 0, 0, 0, 0, 0]	2	1	133	[1978729209, 536213118, 1614965990, 4294967295, 4294967295, 4294967295, 3212836864, 3212836864, 0, 0, 0, 0, 0, 0]	秘密の力・大	味方全体のＨＰを回復する。ＡＰを{1}％獲得する	秘密力量·大	恢复我方全体HP。获得{1}%的AP。	秘密的力量‧大	回復我方全體HP。獲得AP{1}%。	비밀의 힘ㆍ대	모든 아군의 HP를 회복한다.AP를 {1}% 획득한다
375401391	Super Panacea	Restores all allies' HP. Grants {1}% AP. Has a {2}% chance to not expend uses.	[191337070, 0, 0, 1883795445]	[0, 0, 10, 300]	[1543876541, 866192896, 240309903, 0, 0, 0, 0, 0]	280	[20, 0, 40, 0, 0, 0, 0, 0, 0, 0, 0, 0, 0, 0]	330	[20, 0, 50, 0, 0, 0, 0, 0, 0, 0, 0, 0, 0, 0]	2	1	134	[1978729209, 536213118, 1614965990, 4294967295, 4294967295, 4294967295, 3212836864, 3212836864, 0, 0, 0, 0, 0, 0]	超万能薬	味方全体のＨＰを回復する。ＡＰを{1}％獲得する。{2}％の確率で使用回数を消費しない	超万能药	恢复我方全体HP。获得{1}%的AP。有{2}%的概率不消耗使用次数。	超萬能藥	回復我方全體HP。獲得AP{1}%。有{2}%的機率不消耗使用次數。	초만능약	모든 아군의 HP를 회복한다.AP를 {1}% 획득한다.{2}%의 확률로 사용횟수를 소비하지 않는다
1634147129	Super Panacea	Restores all allies' HP. Grants {1}% AP. Has a {2}% chance to not expend uses.	[191337070, 0, 0, 1883795445]	[0, 0, 10, 300]	[1543876541, 866192896, 240309903, 0, 0, 0, 0, 0]	330	[20, 0, 50, 0, 0, 0, 0, 0, 0, 0, 0, 0, 0, 0]	330	[20, 0, 50, 0, 0, 0, 0, 0, 0, 0, 0, 0, 0, 0]	2	0	135	[1978729209, 536213118, 1614965990, 4294967295, 4294967295, 4294967295, 3212836864, 3212836864, 0, 0, 0, 0, 0, 0]	超万能薬	味方全体のＨＰを回復する。ＡＰを{1}％獲得する。{2}％の確率で使用回数を消費しない	超万能药	恢复我方全体HP。获得{1}%的AP。有{2}%的概率不消耗使用次数。	超萬能藥	回復我方全體HP。獲得AP{1}%。有{2}%的機率不消耗使用次數。	초만능약	모든 아군의 HP를 회복한다.AP를 {1}% 획득한다.{2}%의 확률로 사용횟수를 소비하지 않는다
308913012	Nice and Squishy S	Restores an ally's HP. Used automatically when the equipped character's HP drops below {1}%.	[191337070, 0, 0, 826054873]	[0, 0, 5, 120]	[1543876541, 2048900073, 0, 0, 0, 0, 0, 0]	70	[10, 0, 0, 0, 0, 0, 0, 0, 0, 0, 0, 0, 0, 0]	105	[10, 0, 0, 0, 0, 0, 0, 0, 0, 0, 0, 0, 0, 0]	2	1	136	[1978729209, 536213118, 1614965990, 4294967295, 4294967295, 4294967295, 3212836864, 3212836864, 0, 0, 0, 0, 0, 0]	ぷにぷに食感・小	味方単体のＨＰを回復する。装備者のＨＰが{1}％以下になった時、自動で使用される	口感软弹·小	恢复我方单体HP。装备者的HP不高于{1}%时自动使用。	軟彈的口感‧小	回復我方單體HP。裝備者的HP降低至{1}%以下時會自動使用。	탱글탱글한 식감ㆍ소	단일 아군의 HP를 회복한다.장비자의 HP가 {1}% 이하일 시, 자동으로 사용된다
1956580658	Nice and Squishy M	Restores an ally's HP. Used automatically when the equipped character's HP drops below {1}%.	[191337070, 0, 0, 826054873]	[0, 0, 5, 120]	[1543876541, 1210702187, 0, 0, 0, 0, 0, 0]	110	[30, 0, 0, 0, 0, 0, 0, 0, 0, 0, 0, 0, 0, 0]	145	[30, 0, 0, 0, 0, 0, 0, 0, 0, 0, 0, 0, 0, 0]	2	1	137	[1978729209, 536213118, 1614965990, 4294967295, 4294967295, 4294967295, 3212836864, 3212836864, 0, 0, 0, 0, 0, 0]	ぷにぷに食感・中	味方単体のＨＰを回復する。装備者のＨＰが{1}％以下になった時、自動で使用される	口感软弹·中	恢复我方单体HP。装备者的HP不高于{1}%时自动使用。	軟彈的口感‧中	回復我方單體HP。裝備者的HP降低至{1}%以下時會自動使用。	탱글탱글한 식감ㆍ중	단일 아군의 HP를 회복한다.장비자의 HP가 {1}% 이하일 시, 자동으로 사용된다
60308904	Nice and Squishy L	Restores an ally's HP. Used automatically when the equipped character's HP drops below {1}%.	[191337070, 0, 0, 826054873]	[0, 0, 5, 120]	[1543876541, 510885613, 0, 0, 0, 0, 0, 0]	150	[50, 0, 0, 0, 0, 0, 0, 0, 0, 0, 0, 0, 0, 0]	185	[50, 0, 0, 0, 0, 0, 0, 0, 0, 0, 0, 0, 0, 0]	2	1	138	[1978729209, 536213118, 1614965990, 4294967295, 4294967295, 4294967295, 3212836864, 3212836864, 0, 0, 0, 0, 0, 0]	ぷにぷに食感・大	味方単体のＨＰを回復する。装備者のＨＰが{1}％以下になった時、自動で使用される	口感软弹·大	恢复我方单体HP。装备者的HP不高于{1}%时自动使用。	軟彈的口感‧大	回復我方單體HP。裝備者的HP降低至{1}%以下時會自動使用。	탱글탱글한 식감ㆍ대	단일 아군의 HP를 회복한다.장비자의 HP가 {1}% 이하일 시, 자동으로 사용된다
1644386299	Unique Texture	Restores an ally's HP and creates a recovery panel. Used automatically when the equipped character's HP drops below {1}%, 	[191337070, 0, 0, 826054873]	[0, 0, 5, 120]	[1543876541, 895364398, 1585166217, 0, 0, 0, 0, 0]	190	[60, 0, 2036155446, 0, 0, 0, 0, 0, 0, 0, 0, 0, 0, 0]	225	[60, 0, 2036155446, 0, 0, 0, 0, 0, 0, 0, 0, 0, 0, 0]	2	1	139	[1978729209, 536213118, 1614965990, 4294967295, 4294967295, 4294967295, 3212836864, 3212836864, 0, 0, 0, 0, 0, 0]	はじめての食感	味方単体のＨＰを回復し、回復パネルを1つ生成する。装備者のＨＰが{1}％以下になった時、自動で使用される	未曾有过的口感	恢复我方单体HP，并生成1个恢复面板。装备者的HP不高于{1}%时自动使用。	未曾有過的口感	回復我方單體HP，並產生1個回復面板。裝備者的HP降低至{1}%以下時會自動使用。	처음 맛보는 식감	단일 아군의 HP를 회복하고 회복 패널을 1개 생성한다. 장비자의 HP가 {1}% 이하일 시, 자동으로 사용된다
352610157	Unique Texture	Restores an ally's HP and creates a recovery panel. Used automatically when the equipped character's HP drops below {1}%, 	[191337070, 0, 0, 826054873]	[0, 0, 5, 120]	[1543876541, 895364398, 1585166217, 0, 0, 0, 0, 0]	225	[60, 0, 2036155446, 0, 0, 0, 0, 0, 0, 0, 0, 0, 0, 0]	225	[60, 0, 2036155446, 0, 0, 0, 0, 0, 0, 0, 0, 0, 0, 0]	2	0	140	[1978729209, 536213118, 1614965990, 4294967295, 4294967295, 4294967295, 3212836864, 3212836864, 0, 0, 0, 0, 0, 0]	はじめての食感	味方単体のＨＰを回復し、回復パネルを1つ生成する。装備者のＨＰが{1}％以下になった時、自動で使用される	未曾有过的口感	恢复我方单体HP，并生成1个恢复面板。装备者的HP不高于{1}%时自动使用。	未曾有過的口感	回復我方單體HP，並產生1個回復面板。裝備者的HP降低至{1}%以下時會自動使用。	처음 맛보는 식감	단일 아군의 HP를 회복하고 회복 패널을 1개 생성한다. 장비자의 HP가 {1}% 이하일 시, 자동으로 사용된다
1925160943	Just Sweet Enough S	Restores a set percentage of an ally's HP.	[191337070, 0, 0, 826054873]	[0, 0, 5, 240]	[1506195411, 0, 0, 0, 0, 0, 0, 0]	20	[30, 0, 0, 0, 0, 0, 0, 0, 0, 0, 0, 0, 0, 0]	20	[30, 0, 0, 0, 0, 0, 0, 0, 0, 0, 0, 0, 0, 0]	2	1	141	[1978729209, 536213118, 1614965990, 4294967295, 4294967295, 4294967295, 3212836864, 3212836864, 0, 0, 0, 0, 0, 0]	程よい甘さ・小	味方単体のＨＰを一定割合回復する	甜得恰到好处·小	恢复我方单体一定比例的HP。	甜得恰到好處‧小	回復我方單體一定比例的HP。	적당한 단맛ㆍ소	단일 아군의 HP를 일정 비율로 회복한다
340341163	Just Sweet Enough M	Restores a set percentage of an ally's HP.	[191337070, 0, 0, 826054873]	[0, 0, 5, 240]	[1506195411, 0, 0, 0, 0, 0, 0, 0]	40	[10, 0, 0, 0, 0, 0, 0, 0, 0, 0, 0, 0, 0, 0]	40	[10, 0, 0, 0, 0, 0, 0, 0, 0, 0, 0, 0, 0, 0]	2	1	142	[1978729209, 536213118, 1614965990, 4294967295, 4294967295, 4294967295, 3212836864, 3212836864, 0, 0, 0, 0, 0, 0]	程よい甘さ・中	味方単体のＨＰを一定割合回復する	甜得恰到好处·中	恢复我方单体一定比例的HP。	甜得恰到好處‧中	回復我方單體一定比例的HP。	적당한 단맛ㆍ중	단일 아군의 HP를 일정 비율로 회복한다
1666056509	Just Sweet Enough L	Restores a set percentage of an ally's HP and boosts DEF by {1}%.	[191337070, 0, 0, 826054873]	[0, 0, 5, 240]	[1506195411, 846765240, 0, 0, 0, 0, 0, 0]	60	[10, 0, 0, 0, 0, 0, 0, 0, 0, 0, 0, 0, 0, 0]	60	[10, 0, 0, 0, 0, 0, 0, 0, 0, 0, 0, 0, 0, 0]	2	1	143	[1978729209, 536213118, 1614965990, 4294967295, 4294967295, 4294967295, 3212836864, 3212836864, 0, 0, 0, 0, 0, 0]	程よい甘さ・大	味方単体のＨＰを一定割合回復し、防御力を{1}％上昇させる	甜得恰到好处·大	恢复我方单体一定比例的HP，并使其防御力提升{1}%。	甜得恰到好處‧大	回復我方單體一定比例的HP，並使其防禦力上升{1}%。	적당한 단맛ㆍ대	단일 아군의 HP를 일정 비율로 회복한다.방어력을 {1}% 상승시킨다
47541090	Shareable Sweetness	Restores a set percentage of an ally's HP and boosts DEF by {1}%. Additionally, cures all status effects.	[191337070, 0, 0, 826054873]	[0, 0, 5, 240]	[1506195411, 846765240, 1739751837, 0, 0, 0, 0, 0]	100	[30, 0, 100, 0, 0, 0, 0, 0, 0, 0, 0, 0, 0, 0]	100	[30, 0, 100, 0, 0, 0, 0, 0, 0, 0, 0, 0, 0, 0]	2	1	144	[1978729209, 536213118, 1614965990, 4294967295, 4294967295, 4294967295, 3212836864, 3212836864, 0, 0, 0, 0, 0, 0]	とろける甘さお裾分け	味方単体のＨＰを一定割合回復する。防御力を{1}％上昇させる。さらに、状態異常をすべて治療する	分享无法抗拒的甜味	恢复我方单体一定比例的HP。使其防御力提升{1}%。此外，治疗其所有异常状态。	分享無法抗拒的甜味	回復我方單體一定比例的HP，並使其防禦力上升{1}%。另外，治療所有異常狀態。	극상의 맛 나눔	단일 아군의 HP를 일정 비율로 회복한다.방어력을 {1}% 상승시키고 상태이상을 모두 치료한다
1976720376	Shareable Sweetness	Restores a set percentage of an ally's HP and boosts DEF by {1}%. Additionally, cures all status effects.	[191337070, 0, 0, 826054873]	[0, 0, 5, 240]	[1506195411, 846765240, 1739751837, 0, 0, 0, 0, 0]	100	[30, 0, 100, 0, 0, 0, 0, 0, 0, 0, 0, 0, 0, 0]	100	[30, 0, 100, 0, 0, 0, 0, 0, 0, 0, 0, 0, 0, 0]	2	0	145	[1978729209, 536213118, 1614965990, 4294967295, 4294967295, 4294967295, 3212836864, 3212836864, 0, 0, 0, 0, 0, 0]	とろける甘さお裾分け	味方単体のＨＰを一定割合回復する。防御力を{1}％上昇させる。さらに、状態異常をすべて治療する	分享无法抗拒的甜味	恢复我方单体一定比例的HP。使其防御力提升{1}%。此外，治疗其所有异常状态。	分享無法抗拒的甜味	回復我方單體一定比例的HP，並使其防禦力上升{1}%。另外，治療所有異常狀態。	극상의 맛 나눔	단일 아군의 HP를 일정 비율로 회복한다.방어력을 {1}% 상승시키고 상태이상을 모두 치료한다
49388804	Crispy Crust S	Restores an ally's HP. Grants {1} AP.	[191337070, 0, 0, 826054873]	[0, 0, 5, 200]	[1543876541, 89009089, 0, 0, 0, 0, 0, 0]	120	[10, 0, 0, 0, 0, 0, 0, 0, 0, 0, 0, 0, 0, 0]	150	[10, 0, 0, 0, 0, 0, 0, 0, 0, 0, 0, 0, 0, 0]	2	1	146	[1978729209, 536213118, 1614965990, 4294967295, 4294967295, 4294967295, 3212836864, 3212836864, 0, 0, 0, 0, 0, 0]	サクサク生地・小	味方単体のＨＰを回復する。ＡＰを{1}獲得する	酥脆表皮·小	恢复我方单体HP，获得{1}AP。	酥脆的表皮‧小	回復我方單體HP。獲得{1}AP。	바삭한 반죽ㆍ소	단일 아군의 HP를 회복한다.AP를 {1} 획득한다
1678193474	Crispy Crust M	Restores an ally's HP. Grants {1} AP.	[191337070, 0, 0, 826054873]	[0, 0, 5, 200]	[1543876541, 89009089, 0, 0, 0, 0, 0, 0]	160	[20, 0, 0, 0, 0, 0, 0, 0, 0, 0, 0, 0, 0, 0]	190	[20, 0, 0, 0, 0, 0, 0, 0, 0, 0, 0, 0, 0, 0]	2	1	147	[1978729209, 536213118, 1614965990, 4294967295, 4294967295, 4294967295, 3212836864, 3212836864, 0, 0, 0, 0, 0, 0]	サクサク生地・中	味方単体のＨＰを回復する。ＡＰを{1}獲得する	酥脆表皮·中	恢复我方单体HP，获得{1}AP。	酥脆的表皮‧中	回復我方單體HP。獲得{1}AP。	바삭한 반죽ㆍ중	단일 아군의 HP를 회복한다.AP를 {1} 획득한다
318768088	Crispy Crust L	Restores an ally's HP. Grants {1} AP.	[191337070, 0, 0, 826054873]	[0, 0, 5, 200]	[1543876541, 89009089, 0, 0, 0, 0, 0, 0]	200	[30, 0, 0, 0, 0, 0, 0, 0, 0, 0, 0, 0, 0, 0]	230	[30, 0, 0, 0, 0, 0, 0, 0, 0, 0, 0, 0, 0, 0]	2	1	148	[1978729209, 536213118, 1614965990, 4294967295, 4294967295, 4294967295, 3212836864, 3212836864, 0, 0, 0, 0, 0, 0]	サクサク生地・大	味方単体のＨＰを回復する。ＡＰを{1}獲得する	酥脆表皮·大	恢复我方单体HP，获得{1}AP。	酥脆的表皮‧大	回復我方單體HP。獲得{1}AP。	바삭한 반죽ㆍ대	단일 아군의 HP를 회복한다.AP를 {1} 획득한다
1922787723	Always Oven Fresh	Restores an ally's HP. Grants {1} AP. Raises physical resistance by {2}%	[191337070, 0, 0, 826054873]	[0, 0, 5, 200]	[1543876541, 89009089, 1328019864, 0, 0, 0, 0, 0]	240	[40, 0, 20, 0, 0, 0, 0, 0, 0, 0, 0, 0, 0, 0]	270	[40, 0, 30, 0, 0, 0, 0, 0, 0, 0, 0, 0, 0, 0]	2	1	149	[1978729209, 536213118, 1614965990, 4294967295, 4294967295, 4294967295, 3212836864, 3212836864, 0, 0, 0, 0, 0, 0]	いつでも出来立て	味方単体のＨＰを回復する。ＡＰを{1}獲得する。物理耐性を{2}％上昇させる	永保新鲜	恢复我方单体HP，获得{1}AP，并使其物理耐性提升{2}%。	永保鮮度	回復我方單體HP。獲得{1}AP。使其物理耐性上升{2}%。	언제나 따끈따끈	단일 아군의 HP를 회복하고 AP를 {1} 획득한다. 물리내성을 {2}% 상승시킨다
94132509	Always Oven Fresh	Restores an ally's HP. Grants {1} AP. Raises physical resistance by {2}%	[191337070, 0, 0, 826054873]	[0, 0, 5, 200]	[1543876541, 89009089, 1328019864, 0, 0, 0, 0, 0]	270	[40, 0, 30, 0, 0, 0, 0, 0, 0, 0, 0, 0, 0, 0]	270	[40, 0, 40, 0, 0, 0, 0, 0, 0, 0, 0, 0, 0, 0]	2	0	150	[1978729209, 536213118, 1614965990, 4294967295, 4294967295, 4294967295, 3212836864, 3212836864, 0, 0, 0, 0, 0, 0]	いつでも出来立て	味方単体のＨＰを回復する。ＡＰを{1}獲得する。物理耐性を{2}％上昇させる	永保新鲜	恢复我方单体HP，获得{1}AP，并使其物理耐性提升{2}%。	永保鮮度	回復我方單體HP。獲得{1}AP。使其物理耐性上升{2}%。	언제나 따끈따끈	단일 아군의 HP를 회복하고 AP를 {1} 획득한다. 물리내성을 {2}% 상승시킨다
1593039636	Nice Scent S	Restores a set percentage of an ally's HP and revives them if they are KO'd.	[191337070, 0, 0, 1019867076]	[0, 0, 5, 240]	[1506195411, 1906743692, 0, 0, 0, 0, 0, 0]	20	[20, 0, 0, 0, 0, 0, 0, 0, 0, 0, 0, 0, 0, 0]	20	[30, 0, 0, 0, 0, 0, 0, 0, 0, 0, 0, 0, 0, 0]	2	1	151	[1978729209, 536213118, 1614965990, 4294967295, 4294967295, 4294967295, 3212836864, 3212836864, 0, 0, 0, 0, 0, 0]	良い香り・小	味方単体のＨＰを一定割合回復する。戦闘不能状態から復活する	美妙香气·小	恢复我方单体一定比例的HP，并使其从无法战斗的状态中复活。	美妙的香味‧小	回復我方單體一定比例的HP。使其復活，脫離無法戰鬥狀態。	좋은 향기ㆍ소	단일 아군의 HP를 일정 비율로 회복한다.전투불능 상태에서 부활한다
939881814	Nice Scent M	Restores a set percentage of an ally's HP and revives them if they are KO'd.	[191337070, 0, 0, 1019867076]	[0, 0, 5, 240]	[1506195411, 1906743692, 0, 0, 0, 0, 0, 0]	40	[30, 0, 0, 0, 0, 0, 0, 0, 0, 0, 0, 0, 0, 0]	40	[40, 0, 0, 0, 0, 0, 0, 0, 0, 0, 0, 0, 0, 0]	2	1	152	[1978729209, 536213118, 1614965990, 4294967295, 4294967295, 4294967295, 3212836864, 3212836864, 0, 0, 0, 0, 0, 0]	良い香り・中	味方単体のＨＰを一定割合回復する。戦闘不能状態から復活する	美妙香气·中	恢复我方单体一定比例的HP，并使其从无法战斗的状态中复活。	美妙的香味‧中	回復我方單體一定比例的HP。使其復活，脫離無法戰鬥狀態。	좋은 향기ㆍ중	단일 아군의 HP를 일정 비율로 회복한다.전투불능 상태에서 부활한다
1325548992	Nice Scent L	Restores a set percentage of an ally's HP and revives them if they are KO'd.	[191337070, 0, 0, 1019867076]	[0, 0, 5, 240]	[1506195411, 1906743692, 0, 0, 0, 0, 0, 0]	60	[40, 0, 0, 0, 0, 0, 0, 0, 0, 0, 0, 0, 0, 0]	60	[50, 0, 0, 0, 0, 0, 0, 0, 0, 0, 0, 0, 0, 0]	2	1	153	[1978729209, 536213118, 1614965990, 4294967295, 4294967295, 4294967295, 3212836864, 3212836864, 0, 0, 0, 0, 0, 0]	良い香り・大	味方単体のＨＰを一定割合回復する。戦闘不能状態から復活する	美妙香气·大	恢复我方单体一定比例的HP，并使其从无法战斗的状态中复活。	美妙的香味‧大	回復我方單體一定比例的HP。使其復活，脫離無法戰鬥狀態。	좋은 향기ㆍ대	단일 아군의 HP를 일정 비율로 회복한다.전투불능 상태에서 부활한다
781791133	Lovely Scent	Restores a set percentage of an ally's HP and revives them if they are KO'd. Additionally, grants an ongoing effect that grants {2} AP upon acting.	[191337070, 0, 0, 1019867076]	[0, 0, 5, 240]	[1506195411, 1906743692, 2084459846, 0, 0, 0, 0, 0]	100	[50, 0, 10, 0, 0, 0, 0, 0, 0, 0, 0, 0, 0, 0]	100	[100, 0, 30, 0, 0, 0, 0, 0, 0, 0, 0, 0, 0, 0]	2	1	154	[1978729209, 536213118, 1614965990, 4294967295, 4294967295, 4294967295, 3212836864, 3212836864, 0, 0, 0, 0, 0, 0]	ステキな香り	味方単体のＨＰを一定割合回復し、戦闘不能状態から復活する。行動時にＨＰを{2}％回復する継続効果を付与する	香气迷人	恢复我方单体一定比例的HP，并使其从无法战斗的状态中复活。此外，赋予其行动时恢复{2}AP的持续效果。	迷人的香味	回復我方單體一定比例的HP。使其復活，脫離無法戰鬥狀態。另外，賦予行動時回復{2}AP的持續效果。	멋진 향기	단일 아군의 HP를 일정 비율로 회복하고 전투불능 상태에서 회복한다. 그리고 행동 시 HP를 {2}% 획득하는 지속효과를 부여한다
1503534859	Lovely Scent	Restores a set percentage of an ally's HP and revives them if they are KO'd. Additionally, grants an ongoing effect that grants {2} AP upon acting.	[191337070, 0, 0, 1019867076]	[0, 0, 5, 240]	[1506195411, 1906743692, 2084459846, 0, 0, 0, 0, 0]	100	[100, 0, 30, 0, 0, 0, 0, 0, 0, 0, 0, 0, 0, 0]	100	[100, 0, 30, 0, 0, 0, 0, 0, 0, 0, 0, 0, 0, 0]	2	0	155	[1978729209, 536213118, 1614965990, 4294967295, 4294967295, 4294967295, 3212836864, 3212836864, 0, 0, 0, 0, 0, 0]	ステキな香り	味方単体のＨＰを一定割合回復し、戦闘不能状態から復活する。行動時にＨＰを{2}％回復する継続効果を付与する	香气迷人	恢复我方单体一定比例的HP，并使其从无法战斗的状态中复活。此外，赋予其行动时恢复{2}AP的持续效果。	迷人的香味	回復我方單體一定比例的HP。使其復活，脫離無法戰鬥狀態。另外，賦予行動時回復{2}AP的持續效果。	멋진 향기	단일 아군의 HP를 일정 비율로 회복하고 전투불능 상태에서 회복한다. 그리고 행동 시 HP를 {2}% 획득하는 지속효과를 부여한다
1720953723	DEF Increase S	Boosts an ally's DEF by {0}%. In exchange, reduces their ATK by {1}%.	[0, 0, 0, 826054873]	[0, 0, 5, 120]	[1383457504, 1613566828, 0, 0, 0, 0, 0, 0]	10	[20, 0, 10, 0, 0, 0, 0, 0, 0, 0, 0, 0, 0, 0]	20	[20, 0, 10, 0, 0, 0, 0, 0, 0, 0, 0, 0, 0, 0]	2	1	156	[1308618519, 664429648, 1614965990, 4294967295, 4294967295, 4294967295, 3212836864, 3212836864, 0, 0, 0, 0, 0, 0]	防御力上昇・小	味方単体の防御力を{0}％上昇させる。代わりに攻撃力を{1}％低下させる	防御力提升·小	使我方单体的防御力提升{0}%。相对的，攻击力下降{1}%。	防禦力上升‧小	使我方單體的防禦力上升{0}%。不過，攻擊力會下降{1}%。	방어력 상승ㆍ소	단일 아군의 방어력을 {0}% 상승시키는 대신공격력을 {1}% 저하시킨다
6620479	DEF Increase M	Boosts an ally's DEF by {0}%. In exchange, reduces their ATK by {1}%.	[0, 0, 0, 826054873]	[0, 0, 5, 120]	[1383457504, 1613566828, 0, 0, 0, 0, 0, 0]	20	[10, 0, 30, 0, 0, 0, 0, 0, 0, 0, 0, 0, 0, 0]	30	[10, 0, 30, 0, 0, 0, 0, 0, 0, 0, 0, 0, 0, 0]	2	1	157	[1308618519, 664429648, 1614965990, 4294967295, 4294967295, 4294967295, 3212836864, 3212836864, 0, 0, 0, 0, 0, 0]	防御力上昇・中	味方単体の防御力を{0}％上昇させる。代わりに攻撃力を{1}％低下させる	防御力提升·中	使我方单体的防御力提升{0}%。相对的，攻击力下降{1}%。	防禦力上升‧中	使我方單體的防禦力上升{0}%。不過，攻擊力會下降{1}%。	방어력 상승ㆍ중	단일 아군의 방어력을 {0}% 상승시키는 대신공격력을 {1}% 저하시킨다
2002924969	DEF Increase L	Boosts an ally's DEF by {0}%. In exchange, reduces their ATK by {1}%.	[0, 0, 0, 826054873]	[0, 0, 5, 120]	[1383457504, 1613566828, 0, 0, 0, 0, 0, 0]	20	[5, 0, 50, 0, 0, 0, 0, 0, 0, 0, 0, 0, 0, 0]	30	[5, 0, 50, 0, 0, 0, 0, 0, 0, 0, 0, 0, 0, 0]	2	1	158	[1308618519, 664429648, 1614965990, 4294967295, 4294967295, 4294967295, 3212836864, 3212836864, 0, 0, 0, 0, 0, 0]	防御力上昇・大	味方単体の防御力を{0}％上昇させる。代わりに攻撃力を{1}％低下させる	防御力提升·大	使我方单体的防御力提升{0}%。相对的，攻击力下降{1}%。	防禦力上升‧大	使我方單體的防禦力上升{0}%。不過，攻擊力會下降{1}%。	방어력 상승ㆍ대	단일 아군의 방어력을 {0}% 상승시키는 대신공격력을 {1}% 저하시킨다
385441780	Alive	Boosts an ally's ATK and DEF by {0}%. Activates automatically when the equipped character's HP drops below {2}%.	[0, 0, 0, 826054873]	[0, 0, 5, 120]	[1383457504, 2044100506, 895364398, 0, 0, 0, 0, 0]	30	[30, 0, 60, 0, 0, 0, 0, 0, 0, 0, 0, 0, 0, 0]	40	[40, 0, 60, 0, 0, 0, 0, 0, 0, 0, 0, 0, 0, 0]	2	1	159	[1308618519, 664429648, 1614965990, 4294967295, 4294967295, 4294967295, 3212836864, 3212836864, 0, 0, 0, 0, 0, 0]	生きている	味方単体の攻撃力と防御力を{0}％上昇させる。装備者のＨＰが{2}％以下になった時、自動で発動する	还活着	使我方单体的攻击力和防御力提升{0}%。装备者的HP不高于{2}%时自动发动。	還活著	使我方單體的攻擊力和防禦力上升{0}%。裝備者的HP降低至{2}%以下時會自動發動。	살아 있음	단일 아군의 공격력과 방어력을 {0}% 상승시킨다. 장비자의 HP가 {2}% 이하일 시, 자동으로 발동한다
1644064610	Alive	Boosts an ally's ATK and DEF by {0}%. Activates automatically when the equipped character's HP drops below {2}%.	[0, 0, 0, 826054873]	[0, 0, 5, 120]	[1383457504, 2044100506, 895364398, 0, 0, 0, 0, 0]	40	[40, 0, 60, 0, 0, 0, 0, 0, 0, 0, 0, 0, 0, 0]	40	[40, 0, 60, 0, 0, 0, 0, 0, 0, 0, 0, 0, 0, 0]	2	0	160	[1308618519, 664429648, 1614965990, 4294967295, 4294967295, 4294967295, 3212836864, 3212836864, 0, 0, 0, 0, 0, 0]	生きている	味方単体の攻撃力と防御力を{0}％上昇させる。装備者のＨＰが{2}％以下になった時、自動で発動する	还活着	使我方单体的攻击力和防御力提升{0}%。装备者的HP不高于{2}%时自动发动。	還活著	使我方單體的攻擊力和防禦力上升{0}%。裝備者的HP降低至{2}%以下時會自動發動。	살아 있음	단일 아군의 공격력과 방어력을 {0}% 상승시킨다. 장비자의 HP가 {2}% 이하일 시, 자동으로 발동한다
1294019549	Cure Stat Effect S	Cures Burns and Poison from all allies.	[0, 0, 0, 1883795445]	[0, 0, 5, 180]	[2049314737, 1015689678, 0, 0, 0, 0, 0, 0]	100	[100, 0, 0, 0, 0, 0, 0, 0, 0, 0, 0, 0, 0, 0]	100	[100, 0, 0, 0, 0, 0, 0, 0, 0, 0, 0, 0, 0, 0]	2	1	161	[1308618519, 664429648, 1614965990, 4294967295, 4294967295, 4294967295, 3212836864, 3212836864, 0, 0, 0, 0, 0, 0]	異常を治療・小	味方全体の火傷と毒を治療する	治疗异常·小	治疗我方全体的火伤和中毒。	治療異常‧小	治療我方全體的燒傷和中毒。	이상 치료ㆍ소	모든 아군의 화상과 독을 치료한다
735544729	Cure Stat Effect M	Cures Burns, Poison, and Paralysis from all allies.	[0, 0, 0, 1883795445]	[0, 0, 5, 180]	[2049314737, 1015689678, 1140800235, 0, 0, 0, 0, 0]	100	[100, 0, 100, 0, 0, 0, 0, 0, 0, 0, 0, 0, 0, 0]	100	[100, 0, 100, 0, 0, 0, 0, 0, 0, 0, 0, 0, 0, 0]	2	1	162	[1308618519, 664429648, 1614965990, 4294967295, 4294967295, 4294967295, 3212836864, 3212836864, 0, 0, 0, 0, 0, 0]	異常を治療・中	味方全体の火傷と毒、麻痺を治療する	治疗异常·中	治疗我方全体的火伤、中毒和麻痹。	治療異常‧中	治療我方全體的燒傷、中毒和麻痺。	이상 치료ㆍ중	모든 아군의 화상과 독, 마비를 치료한다
1557181711	Cure Stat Effect L	Removes Burns, Poison, Paralysis, and Frostbite from all allies.	[0, 0, 0, 1883795445]	[0, 0, 5, 180]	[2049314737, 1015689678, 1140800235, 455266512, 0, 0, 0, 0]	100	[100, 0, 100, 0, 100, 0, 0, 0, 0, 0, 0, 0, 0, 0]	100	[100, 0, 100, 0, 100, 0, 0, 0, 0, 0, 0, 0, 0, 0]	2	1	163	[1308618519, 664429648, 1614965990, 4294967295, 4294967295, 4294967295, 3212836864, 3212836864, 0, 0, 0, 0, 0, 0]	異常を治療・大	味方全体の火傷、毒、麻痺、カチコチを治療する	治疗异常·大	治疗我方全体的火伤、中毒、麻痹和僵直。	治療異常‧大	治療我方全體的燒傷、中毒、麻痺和僵硬。	이상 치료ㆍ대	모든 아군의 화상, 독, 마비, 동상을 해제한다
1028382546	Removes Stat Effect	Cures all status effects from all allies.	[0, 0, 0, 1883795445]	[0, 0, 5, 180]	[477522548, 0, 0, 0, 0, 0, 0, 0]	100	[0, 0, 0, 0, 0, 0, 0, 0, 0, 0, 0, 0, 0, 0]	100	[0, 0, 0, 0, 0, 0, 0, 0, 0, 0, 0, 0, 0, 0]	2	1	164	[1308618519, 664429648, 1614965990, 4294967295, 4294967295, 4294967295, 3212836864, 3212836864, 0, 0, 0, 0, 0, 0]	異常を消し去る	味方全体の状態異常をすべて治療する	消除异常	治疗我方全体的所有异常状态。	消去異常	治療我方全體的所有異常狀態。	상태이상 제거	모든 아군의 상태이상을 모두 치료한다
1246556100	Removes Stat Effect	Cures all status effects from all allies.	[0, 0, 0, 1883795445]	[0, 0, 5, 180]	[477522548, 0, 0, 0, 0, 0, 0, 0]	100	[0, 0, 0, 0, 0, 0, 0, 0, 0, 0, 0, 0, 0, 0]	100	[0, 0, 0, 0, 0, 0, 0, 0, 0, 0, 0, 0, 0, 0]	2	0	165	[1308618519, 664429648, 1614965990, 4294967295, 4294967295, 4294967295, 3212836864, 3212836864, 0, 0, 0, 0, 0, 0]	異常を消し去る	味方全体の状態異常をすべて治療する	消除异常	治疗我方全体的所有异常状态。	消去異常	治療我方全體的所有異常狀態。	상태이상 제거	모든 아군의 상태이상을 모두 치료한다
955006377	SPD+Evade Boost S	Boosts an ally's SPD by {0}% and evasion rate by {1}%.	[0, 0, 0, 826054873]	[0, 0, 5, 300]	[1435461845, 2029842674, 0, 0, 0, 0, 0, 0]	10	[3, 0, 0, 0, 0, 0, 0, 0, 0, 0, 0, 0, 0, 0]	20	[5, 0, 0, 0, 0, 0, 0, 0, 0, 0, 0, 0, 0, 0]	2	1	166	[1308618519, 664429648, 1614965990, 4294967295, 4294967295, 4294967295, 3212836864, 3212836864, 0, 0, 0, 0, 0, 0]	速避上昇・小	味方単体の素早さを{0}％上昇させる。回避率を{1}％上昇させる	速避提升·小	使我方单体的敏捷提升{0}%。回避率提升{1}%。	速避上升‧小	使我方單體的敏捷上升{0}%、迴避率上升{1}%。	속피 상승ㆍ소	단일 아군의 민첩성을 {0}% 상승시킨다.회피율을 {1}% 상승시킨다
1578800109	SPD+Evade Boost M	Boosts an ally's SPD by {0}% and evasion rate by {1}%.	[0, 0, 0, 826054873]	[0, 0, 5, 300]	[1435461845, 2029842674, 0, 0, 0, 0, 0, 0]	20	[5, 0, 0, 0, 0, 0, 0, 0, 0, 0, 0, 0, 0, 0]	30	[10, 0, 0, 0, 0, 0, 0, 0, 0, 0, 0, 0, 0, 0]	2	1	167	[1308618519, 664429648, 1614965990, 4294967295, 4294967295, 4294967295, 3212836864, 3212836864, 0, 0, 0, 0, 0, 0]	速避上昇・中	味方単体の素早さを{0}％上昇させる。回避率を{1}％上昇させる	速避提升·中	使我方单体的敏捷提升{0}%。回避率提升{1}%。	速避上升‧中	使我方單體的敏捷上升{0}%、迴避率上升{1}%。	속피 상승ㆍ중	단일 아군의 민첩성을 {0}% 상승시킨다.회피율을 {1}% 상승시킨다
689808251	SPD+Evade Boost L	Boosts an ally's SPD by {0}% and evasion rate by {1}%.	[0, 0, 0, 826054873]	[0, 0, 5, 300]	[1435461845, 2029842674, 0, 0, 0, 0, 0, 0]	30	[10, 0, 0, 0, 0, 0, 0, 0, 0, 0, 0, 0, 0, 0]	40	[15, 0, 0, 0, 0, 0, 0, 0, 0, 0, 0, 0, 0, 0]	2	1	168	[1308618519, 664429648, 1614965990, 4294967295, 4294967295, 4294967295, 3212836864, 3212836864, 0, 0, 0, 0, 0, 0]	速避上昇・大	味方単体の素早さを{0}％上昇させる。回避率を{1}％上昇させる	速避提升·大	使我方单体的敏捷提升{0}%。回避率提升{1}%。	速避上升‧大	使我方單體的敏捷上升{0}%、迴避率上升{1}%。	속피 상승ㆍ대	단일 아군의 민첩성을 {0}% 상승시킨다.회피율을 {1}% 상승시킨다
1216792872	Masterful Reflexes	Boosts an ally's SPD by {0}% and evasion rate by {1}%. Grants {2} Unite Gauge.	[0, 0, 0, 826054873]	[0, 0, 5, 300]	[1435461845, 2029842674, 1017376449, 0, 0, 0, 0, 0]	40	[15, 0, 1, 0, 0, 0, 0, 0, 0, 0, 0, 0, 0, 0]	50	[20, 0, 1, 0, 0, 0, 0, 0, 0, 0, 0, 0, 0, 0]	2	1	169	[1308618519, 664429648, 1614965990, 4294967295, 4294967295, 4294967295, 3212836864, 3212836864, 0, 0, 0, 0, 0, 0]	反応の極意	味方単体の素早さを{0}％上昇させ、回避率を{1}％上昇させる。ユナイトゲージを{2}ゲージ獲得する	极速反应	使我方单体的敏捷提升{0}%，回避率提升{1}%。获得{2}条合作量表。	極速反應	使我方單體的敏捷上升{0}%、迴避率上升{1}%。獲得{2}條合作量表。	반응의 극의	단일 아군의 민첩성을 {0}% 상승시키고 회피율을 {1}% 상승시킨다. 유나이트 게이지를 {2} 게이지 획득한다
1065482674	Masterful Reflexes	Boosts an ally's SPD by {0}% and evasion rate by {1}%. Grants {2} Unite Gauge.	[0, 0, 0, 826054873]	[0, 0, 5, 300]	[1435461845, 2029842674, 1017376449, 0, 0, 0, 0, 0]	50	[20, 0, 1, 0, 0, 0, 0, 0, 0, 0, 0, 0, 0, 0]	50	[20, 0, 1, 0, 0, 0, 0, 0, 0, 0, 0, 0, 0, 0]	2	0	170	[1308618519, 664429648, 1614965990, 4294967295, 4294967295, 4294967295, 3212836864, 3212836864, 0, 0, 0, 0, 0, 0]	反応の極意	味方単体の素早さを{0}％上昇させ、回避率を{1}％上昇させる。ユナイトゲージを{2}ゲージ獲得する	极速反应	使我方单体的敏捷提升{0}%，回避率提升{1}%。获得{2}条合作量表。	極速反應	使我方單體的敏捷上升{0}%、迴避率上升{1}%。獲得{2}條合作量表。	반응의 극의	단일 아군의 민첩성을 {0}% 상승시키고 회피율을 {1}% 상승시킨다. 유나이트 게이지를 {2} 게이지 획득한다
291631192	Sharp Chill S	Consumes {1}% AP to boost an ally's critical rate by {0}%.	[0, 0, 0, 826054873]	[0, 0, 5, 200]	[305332013, 273635262, 0, 0, 0, 0, 0, 0]	20	[40, 0, 0, 0, 0, 0, 0, 0, 0, 0, 0, 0, 0, 0]	30	[40, 0, 0, 0, 0, 0, 0, 0, 0, 0, 0, 0, 0, 0]	2	1	171	[1308618519, 664429648, 1614965990, 4294967295, 4294967295, 4294967295, 3212836864, 3212836864, 0, 0, 0, 0, 0, 0]	鋭い冷たさ・小	ＡＰを{1}％消費し、味方単体のクリティカル率を{0}％上昇する	寒气逼人·小	消耗{1}%AP，使我方单体的暴击率提升{0}%。	寒氣逼人‧小	消耗{1}%AP，使我方單體的重擊率上升{0}%。	날카로운 차가움ㆍ소	AP를 {1}% 소비하여 단일 아군의 크리티컬 확률을{0}% 상승시킨다
2006408734	Sharp Chill M	Consumes {1}% AP to boost an ally's critical rate by {0}%.	[0, 0, 0, 826054873]	[0, 0, 5, 200]	[305332013, 273635262, 0, 0, 0, 0, 0, 0]	30	[20, 0, 0, 0, 0, 0, 0, 0, 0, 0, 0, 0, 0, 0]	40	[20, 0, 0, 0, 0, 0, 0, 0, 0, 0, 0, 0, 0, 0]	2	1	172	[1308618519, 664429648, 1614965990, 4294967295, 4294967295, 4294967295, 3212836864, 3212836864, 0, 0, 0, 0, 0, 0]	鋭い冷たさ・中	ＡＰを{1}％消費し、味方単体のクリティカル率を{0}％上昇する	寒气逼人·中	消耗{1}%AP，使我方单体的暴击率提升{0}%。	寒氣逼人‧中	消耗{1}%AP，使我方單體的重擊率上升{0}%。	날카로운 차가움ㆍ중	AP를 {1}% 소비하여 단일 아군의 크리티컬 확률을{0}% 상승시킨다
9465484	Sharp Chill L	Grants {1} AP to boost an ally's critical rate by {0}%.	[0, 0, 0, 826054873]	[0, 0, 5, 200]	[305332013, 522596273, 0, 0, 0, 0, 0, 0]	40	[5, 0, 0, 0, 0, 0, 0, 0, 0, 0, 0, 0, 0, 0]	50	[5, 0, 0, 0, 0, 0, 0, 0, 0, 0, 0, 0, 0, 0]	2	1	173	[1308618519, 664429648, 1614965990, 4294967295, 4294967295, 4294967295, 3212836864, 3212836864, 0, 0, 0, 0, 0, 0]	鋭い冷たさ・大	ＡＰを{1}獲得し、味方単体のクリティカル率を{0}％上昇する	寒气逼人·大	获得{1}AP，使我方单体的暴击率提升{0}%。	寒氣逼人‧大	獲得{1}AP，使我方單體的重擊率上升{0}%。	날카로운 차가움ㆍ대	AP를 {1} 획득하여 단일 아군의 크리티컬 확률을{0}% 상승시킨다
1628112087	Piercing Cold	Grants {1} AP to boost an ally's critical rate by {0}% and increase their critical damage by {2}%.	[0, 0, 0, 826054873]	[0, 0, 5, 200]	[305332013, 522596273, 1935471371, 0, 0, 0, 0, 0]	50	[10, 0, 40, 0, 0, 0, 0, 0, 0, 0, 0, 0, 0, 0]	60	[10, 0, 50, 0, 0, 0, 0, 0, 0, 0, 0, 0, 0, 0]	2	1	174	[1308618519, 664429648, 1614965990, 4294967295, 4294967295, 4294967295, 3212836864, 3212836864, 0, 0, 0, 0, 0, 0]	貫く冷たさ	ＡＰを{1}獲得し、味方単体のクリティカル率を{0}％上昇する。クリティカルダメージを{2}％上昇する	冰冻刺骨	获得{1}AP，使我方单体的暴击率提升{0}%。暴击伤害提升{2}%。	徹骨冷冽	獲得{1}AP，使我方單體的重擊率上升{0}%、重擊傷害上升{2}%。	꿰뚫는 차가움	AP를 {1} 획득하여 단일 아군의 크리티컬 확률을{0}% 상승시키고 크리티컬 대미지를 {2}% 상승시킨다
369898561	Piercing Cold	Grants {1} AP to boost an ally's critical rate by {0}% and increase their critical damage by {2}%.	[0, 0, 0, 826054873]	[0, 0, 5, 200]	[305332013, 522596273, 1935471371, 0, 0, 0, 0, 0]	60	[10, 0, 50, 0, 0, 0, 0, 0, 0, 0, 0, 0, 0, 0]	60	[10, 0, 50, 0, 0, 0, 0, 0, 0, 0, 0, 0, 0, 0]	2	0	175	[1308618519, 664429648, 1614965990, 4294967295, 4294967295, 4294967295, 3212836864, 3212836864, 0, 0, 0, 0, 0, 0]	貫く冷たさ	ＡＰを{1}獲得し、味方単体のクリティカル率を{0}％上昇する。クリティカルダメージを{2}％上昇する	冰冻刺骨	获得{1}AP，使我方单体的暴击率提升{0}%。暴击伤害提升{2}%。	徹骨冷冽	獲得{1}AP，使我方單體的重擊率上升{0}%、重擊傷害上升{2}%。	꿰뚫는 차가움	AP를 {1} 획득하여 단일 아군의 크리티컬 확률을{0}% 상승시키고 크리티컬 대미지를 {2}% 상승시킨다
83465977	ATK+DEF Up, SPD Down	Boosts an ally's ATK and DEF by {0}% but reduces their SPD by {1}%.	[0, 0, 0, 826054873]	[0, 0, 10, 100]	[1375559968, 2053045338, 478844518, 0, 0, 0, 0, 0]	10	[10, 0, 50, 0, 0, 0, 0, 0, 0, 0, 0, 0, 0, 0]	15	[15, 0, 50, 0, 0, 0, 0, 0, 0, 0, 0, 0, 0, 0]	2	1	176	[1308618519, 664429648, 1614965990, 4294967295, 4294967295, 4294967295, 3212836864, 3212836864, 0, 0, 0, 0, 0, 0]	攻防上昇・速度低下	味方単体の攻撃力と防御力を{0}％上昇させる。代わりに素早さを{2}％低下させる	攻防提升·速度下降	使我方单体的攻击力和防御力提升{0}%，但敏捷下降{2}%。	攻防上升·速度下降	使我方單體的攻擊力和防禦力上升{0}%。不過，敏捷會下降{1}%。	공방 상승ㆍ속도 저하	단일 아군의 공격력과 방어력을 {0}% 상승시키는 대신 민첩성을 {2}% 저하시킨다
1645164733	ATK+DEF Up, SPD Down+	Boosts an ally's ATK and DEF by {0}% but reduces their SPD by {1}%.	[0, 0, 0, 826054873]	[0, 0, 10, 100]	[1375559968, 2053045338, 478844518, 0, 0, 0, 0, 0]	15	[15, 0, 10, 0, 0, 0, 0, 0, 0, 0, 0, 0, 0, 0]	20	[20, 0, 10, 0, 0, 0, 0, 0, 0, 0, 0, 0, 0, 0]	2	1	177	[1308618519, 664429648, 1614965990, 4294967295, 4294967295, 4294967295, 3212836864, 3212836864, 0, 0, 0, 0, 0, 0]	攻防上昇・速度低下＋	味方単体の攻撃力と防御力を{0}％上昇させる。代わりに素早さを{2}％低下させる	攻防提升·速度下降+	使我方单体的攻击力和防御力提升{0}%，但敏捷下降{2}%。	攻防上升·速度下降+	使我方單體的攻擊力和防禦力上升{0}%。不過，敏捷會下降{1}%。	공방 상승ㆍ속도 저하+	단일 아군의 공격력과 방어력을 {0}% 상승시키는 대신 민첩성을 {2}% 저하시킨다
352847915	All Stats Boost	Boosts all of an ally's stats by {0}%.	[0, 0, 0, 826054873]	[0, 0, 10, 100]	[1375559968, 2053045338, 1165177195, 0, 0, 0, 0, 0]	20	[20, 0, 20, 0, 0, 0, 0, 0, 0, 0, 0, 0, 0, 0]	25	[25, 0, 25, 0, 0, 0, 0, 0, 0, 0, 0, 0, 0, 0]	2	1	178	[1308618519, 664429648, 1614965990, 4294967295, 4294967295, 4294967295, 3212836864, 3212836864, 0, 0, 0, 0, 0, 0]	全能力上昇	味方単体の全能力を{0}％上昇させる	全能力提升	使我方单体的全能力提升{0}%。	全能力上升	使我方單體的全能力上升{0}%。	전능력 상승	단일 아군의 모든 능력을 {0}% 상승시킨다
1955816056	Masterful Tactics	Boosts all of an ally's stats by {0}% and increases their stun damage by {3}%.	[0, 0, 0, 826054873]	[0, 0, 10, 100]	[1375559968, 2053045338, 1165177195, 729938543, 0, 0, 0, 0]	25	[25, 0, 25, 0, 30, 0, 0, 0, 0, 0, 0, 0, 0, 0]	30	[30, 0, 30, 0, 40, 0, 0, 0, 0, 0, 0, 0, 0, 0]	2	1	179	[1308618519, 664429648, 1614965990, 4294967295, 4294967295, 4294967295, 3212836864, 3212836864, 0, 0, 0, 0, 0, 0]	戦術の極み	味方単体の全能力を{0}％上昇させる。ブレイクダメージを{3}％上昇させる	战术之巅	使我方单体的全能力提升{0}%。破防伤害提升{3}%。	戰術之巔	使我方單體的全能力上升{0}%、破防傷害上升{3}%。	전술의 극의	단일 아군의 모든 능력을 {0}% 상승시킨다.브레이크 대미지를 {3}% 상승시킨다
60052194	Masterful Tactics	Boosts all of an ally's stats by {0}% and increases their stun damage by {3}%.	[0, 0, 0, 826054873]	[0, 0, 10, 100]	[1375559968, 2053045338, 1165177195, 729938543, 0, 0, 0, 0]	30	[30, 0, 30, 0, 40, 0, 0, 0, 0, 0, 0, 0, 0, 0]	30	[30, 0, 30, 0, 40, 0, 0, 0, 0, 0, 0, 0, 0, 0]	2	0	180	[1308618519, 664429648, 1614965990, 4294967295, 4294967295, 4294967295, 3212836864, 3212836864, 0, 0, 0, 0, 0, 0]	戦術の極み	味方単体の全能力を{0}％上昇させる。ブレイクダメージを{3}％上昇させる	战术之巅	使我方单体的全能力提升{0}%。破防伤害提升{3}%。	戰術之巔	使我方單體的全能力上升{0}%、破防傷害上升{3}%。	전술의 극의	단일 아군의 모든 능력을 {0}% 상승시킨다.브레이크 대미지를 {3}% 상승시킨다
1504439342	DEF Down S	Has a {0}% chance to inflict Poison on all enemies. Reduces their DEF by {1}%.	[0, 0, 0, 355072781]	[0, 0, 10, 240]	[187169761, 2128268689, 0, 0, 0, 0, 0, 0]	50	[10, 0, 0, 0, 0, 0, 0, 0, 0, 0, 0, 0, 0, 0]	50	[15, 0, 0, 0, 0, 0, 0, 0, 0, 0, 0, 0, 0, 0]	2	1	181	[1732415195, 834547200, 1590773769, 4294967295, 4294967295, 4294967295, 3212836864, 3212836864, 0, 0, 0, 0, 0, 0]	防御力低下・小	敵全体に{0}％の確率で毒を付与する。防御力を{1}％低下させる	防御力下降·小	以{0}%的概率赋予敌方全体中毒。使敌方的防御力下降{1}%。	防禦力下降‧小	以{0}%的機率賦予敵方全體中毒，並使其防禦力下降{1}%。	방어력 저하ㆍ소	모든 적에게 {0}%의 확률로 독을 부여한다.방어력을 {1}% 저하시킨다
1063076456	DEF Down M	Has a {0}% chance to inflict Poison on all enemies. Reduces their DEF by {1}%.	[0, 0, 0, 355072781]	[0, 0, 10, 240]	[187169761, 2128268689, 0, 0, 0, 0, 0, 0]	70	[15, 0, 0, 0, 0, 0, 0, 0, 0, 0, 0, 0, 0, 0]	70	[20, 0, 0, 0, 0, 0, 0, 0, 0, 0, 0, 0, 0, 0]	2	1	182	[1732415195, 834547200, 1590773769, 4294967295, 4294967295, 4294967295, 3212836864, 3212836864, 0, 0, 0, 0, 0, 0]	防御力低下・中	敵全体に{0}％の確率で毒を付与する。防御力を{1}％低下させる	防御力下降·中	以{0}%的概率赋予敌方全体中毒。使敌方的防御力下降{1}%。	防禦力下降‧中	以{0}%的機率賦予敵方全體中毒，並使其防禦力下降{1}%。	방어력 저하ㆍ중	모든 적에게 {0}%의 확률로 독을 부여한다.방어력을 {1}% 저하시킨다
1213887230	DEF Down L	Has a {0}% chance to inflict Poison on all enemies. Reduces their DEF by {1}%.	[0, 0, 0, 355072781]	[0, 0, 10, 240]	[187169761, 2128268689, 0, 0, 0, 0, 0, 0]	100	[20, 0, 0, 0, 0, 0, 0, 0, 0, 0, 0, 0, 0, 0]	100	[25, 0, 0, 0, 0, 0, 0, 0, 0, 0, 0, 0, 0, 0]	2	1	183	[1732415195, 834547200, 1590773769, 4294967295, 4294967295, 4294967295, 3212836864, 3212836864, 0, 0, 0, 0, 0, 0]	防御力低下・大	敵全体に{0}％の確率で毒を付与する。防御力を{1}％低下させる	防御力下降·大	以{0}%的概率赋予敌方全体中毒。使敌方的防御力下降{1}%。	防禦力下降‧大	以{0}%的機率賦予敵方全體中毒，並使其防禦力下降{1}%。	방어력 저하ㆍ대	모든 적에게 {0}%의 확률로 독을 부여한다.방어력을 {1}% 저하시킨다
700520611	Tri-Suffer	Has a {0}% chance to inflict Poison on all enemies. Reduces their DEF by {1}% and lowers their magic resistance by {2}%.	[0, 0, 0, 355072781]	[0, 0, 10, 240]	[187169761, 2128268689, 2031300342, 0, 0, 0, 0, 0]	100	[25, 0, 30, 0, 0, 0, 0, 0, 0, 0, 0, 0, 0, 0]	100	[30, 0, 40, 0, 0, 0, 0, 0, 0, 0, 0, 0, 0, 0]	2	1	184	[1732415195, 834547200, 1590773769, 4294967295, 4294967295, 4294967295, 3212836864, 3212836864, 0, 0, 0, 0, 0, 0]	三重苦	敵全体に{0}％の確率で毒を付与する。防御力を{1}％低下させる。魔法耐性を{2}％低下させる	三重苦	以{0}%的概率赋予敌方全体中毒。使敌方的防御力下降{1}%。魔法耐性下降{2}%。	三重苦	以{0}%的機率賦予敵方全體中毒，並使其防禦力下降{1}%、魔法耐性下降{2}%。	삼중고	모든 적에게 {0}%의 확률로 독을 부여한다.방어력을 {1}% 저하시킨다.마법내성을 {2}% 저하시킨다
1590044725	Tri-Suffer	Has a {0}% chance to inflict Poison on all enemies. Reduces their DEF by {1}% and lowers their magic resistance by {2}%.	[0, 0, 0, 355072781]	[0, 0, 10, 240]	[187169761, 2128268689, 2031300342, 0, 0, 0, 0, 0]	100	[30, 0, 40, 0, 0, 0, 0, 0, 0, 0, 0, 0, 0, 0]	100	[30, 0, 40, 0, 0, 0, 0, 0, 0, 0, 0, 0, 0, 0]	2	0	185	[1732415195, 834547200, 1590773769, 4294967295, 4294967295, 4294967295, 3212836864, 3212836864, 0, 0, 0, 0, 0, 0]	三重苦	敵全体に{0}％の確率で毒を付与する。防御力を{1}％低下させる。魔法耐性を{2}％低下させる	三重苦	以{0}%的概率赋予敌方全体中毒。使敌方的防御力下降{1}%。魔法耐性下降{2}%。	三重苦	以{0}%的機率賦予敵方全體中毒，並使其防禦力下降{1}%、魔法耐性下降{2}%。	삼중고	모든 적에게 {0}%의 확률로 독을 부여한다.방어력을 {1}% 저하시킨다.마법내성을 {2}% 저하시킨다
1609950341	ATK+Phys Res Down S	Reduces an enemy's ATK by {0}% and lowers its physical resistance by {1}%.	[0, 0, 0, 1415384097]	[0, 0, 10, 240]	[146565619, 114495925, 0, 0, 0, 0, 0, 0]	10	[10, 0, 0, 0, 0, 0, 0, 0, 0, 0, 0, 0, 0, 0]	20	[15, 0, 0, 0, 0, 0, 0, 0, 0, 0, 0, 0, 0, 0]	2	1	186	[3678432535, 278624587, 1590773769, 4294967295, 4294967295, 4294967295, 3212836864, 3212836864, 0, 0, 0, 0, 0, 0]	攻撃物理耐性低下・小	敵単体の攻撃力を{0}％低下させる。物理耐性を{1}％低下させる	攻击物理耐性下降·小	使敌方单体的攻击力下降{0}%。物理耐性下降{1}%。	攻擊物理耐性下降‧小	使敵方單體的攻擊力下降{0}%、物理耐性下降{1}%。	공격물리내성 저하ㆍ소	단일 적의 공격력을 {0}% 저하시킨다.물리내성을 {1}% 저하시킨다
956517057	ATK+Phys Res Down M	Reduces an enemy's ATK by {0}% and lowers its physical resistance by {1}%.	[0, 0, 0, 1415384097]	[0, 0, 10, 240]	[146565619, 114495925, 0, 0, 0, 0, 0, 0]	20	[15, 0, 0, 0, 0, 0, 0, 0, 0, 0, 0, 0, 0, 0]	30	[20, 0, 0, 0, 0, 0, 0, 0, 0, 0, 0, 0, 0, 0]	2	1	187	[3678432535, 278624587, 1590773769, 4294967295, 4294967295, 4294967295, 3212836864, 3212836864, 0, 0, 0, 0, 0, 0]	攻撃物理耐性低下・中	敵単体の攻撃力を{0}％低下させる。物理耐性を{1}％低下させる	攻击物理耐性下降·中	使敌方单体的攻击力下降{0}%。物理耐性下降{1}%。	攻擊物理耐性下降‧中	使敵方單體的攻擊力下降{0}%、物理耐性下降{1}%。	공격물리내성 저하ㆍ중	단일 적의 공격력을 {0}% 저하시킨다.물리내성을 {1}% 저하시킨다
1308916311	ATK+Phys Res Down L	Reduces an enemy's ATK by {0}% and lowers its physical resistance by {1}%.	[0, 0, 0, 1415384097]	[0, 0, 10, 240]	[146565619, 114495925, 0, 0, 0, 0, 0, 0]	30	[20, 0, 0, 0, 0, 0, 0, 0, 0, 0, 0, 0, 0, 0]	40	[30, 0, 0, 0, 0, 0, 0, 0, 0, 0, 0, 0, 0, 0]	2	1	188	[3678432535, 278624587, 1590773769, 4294967295, 4294967295, 4294967295, 3212836864, 3212836864, 0, 0, 0, 0, 0, 0]	攻撃物理耐性低下・大	敵単体の攻撃力を{0}％低下させる。物理耐性を{1}％低下させる	攻击物理耐性下降·大	使敌方单体的攻击力下降{0}%。物理耐性下降{1}%。	攻擊物理耐性下降‧大	使敵方單體的攻擊力下降{0}%、物理耐性下降{1}%。	공격물리내성 저하ㆍ대	단일 적의 공격력을 {0}% 저하시킨다.물리내성을 {1}% 저하시킨다
798953484	Impurify	Reduces an enemy's ATK by {0}% and lowers its physical resistance by {1}%. Additionally, inflict {2} random debuff(s).	[0, 0, 0, 1415384097]	[0, 0, 10, 240]	[146565619, 114495925, 1160201194, 0, 0, 0, 0, 0]	40	[30, 0, 2, 0, 0, 0, 0, 0, 0, 0, 0, 0, 0, 0]	60	[40, 0, 3, 0, 0, 0, 0, 0, 0, 0, 0, 0, 0, 0]	2	1	189	[3678432535, 278624587, 1590773769, 4294967295, 4294967295, 4294967295, 3212836864, 3212836864, 0, 0, 0, 0, 0, 0]	けがれを与える	敵単体の攻撃力を{0}％低下させる。物理耐性を{1}％低下させる。さらに、ランダムな不利状態を{2}つ与える	赋予污秽	使敌方单体的攻击力下降{0}%。物理耐性下降{1}%。此外，随机赋予其{2}个不利状态。	賦予汙穢	使敵方單體的攻擊力下降{0}%、物理耐性下降{1}%。另外，隨機賦予{2}個不利狀態。	오염 부여	단일 적의 공격력을 {0}% 저하시킨다.물리내성을 {1}% 저하시킨다.그리고 임의의 약화 효과를 {2}개 부여한다
1486364830	Impurify	Reduces an enemy's ATK by {0}% and lowers its physical resistance by {1}%. Additionally, inflict {2} random debuff(s).	[0, 0, 0, 1415384097]	[0, 0, 10, 240]	[146565619, 114495925, 1160201194, 0, 0, 0, 0, 0]	60	[40, 0, 3, 0, 0, 0, 0, 0, 0, 0, 0, 0, 0, 0]	60	[40, 0, 3, 0, 0, 0, 0, 0, 0, 0, 0, 0, 0, 0]	2	0	190	[3678432535, 278624587, 1590773769, 4294967295, 4294967295, 4294967295, 3212836864, 3212836864, 0, 0, 0, 0, 0, 0]	けがれを与える	敵単体の攻撃力を{0}％低下させる。物理耐性を{1}％低下させる。さらに、ランダムな不利状態を{2}つ与える	赋予污秽	使敌方单体的攻击力下降{0}%。物理耐性下降{1}%。此外，随机赋予其{2}个不利状态。	賦予汙穢	使敵方單體的攻擊力下降{0}%、物理耐性下降{1}%。另外，隨機賦予{2}個不利狀態。	오염 부여	단일 적의 공격력을 {0}% 저하시킨다.물리내성을 {1}% 저하시킨다.그리고 임의의 약화 효과를 {2}개 부여한다
1866373846	Absorb ATK S	Reduces an enemy's ATK by {0}% and boosts the user's ATK by {1}%.	[0, 0, 0, 1415384097]	[0, 0, 10, 300]	[146565619, 1136291369, 0, 0, 0, 0, 0, 0]	5	[5, 0, 0, 0, 0, 0, 0, 0, 0, 0, 0, 0, 0, 0]	10	[10, 0, 0, 0, 0, 0, 0, 0, 0, 0, 0, 0, 0, 0]	2	1	191	[3376131782, 304882646, 1590773769, 4294967295, 4294967295, 4294967295, 3212836864, 3212836864, 0, 0, 0, 0, 0, 0]	攻撃吸収・小	敵単体の攻撃力を{0}％低下させる。使用者の攻撃力を{1}％上昇させる	吸收攻击·小	使敌方单体的攻击力下降{0}%。使用者的攻击力提升{1}%。	吸收攻擊‧小	使敵方單體的攻擊力下降{0}%。使用者的攻擊力上升{1}%。	공격 흡수ㆍ소	단일 적의 공격력을 {0}% 저하시킨다.사용자의 공격력을 {1}% 상승시킨다
164115600	Absorb ATK M	Reduces an enemy's ATK by {0}% and boosts the user's ATK by {1}%.	[0, 0, 0, 1415384097]	[0, 0, 10, 300]	[146565619, 1136291369, 0, 0, 0, 0, 0, 0]	10	[10, 0, 0, 0, 0, 0, 0, 0, 0, 0, 0, 0, 0, 0]	15	[15, 0, 0, 0, 0, 0, 0, 0, 0, 0, 0, 0, 0, 0]	2	1	192	[3376131782, 304882646, 1590773769, 4294967295, 4294967295, 4294967295, 3212836864, 3212836864, 0, 0, 0, 0, 0, 0]	攻撃吸収・中	敵単体の攻撃力を{0}％低下させる。使用者の攻撃力を{1}％上昇させる	吸收攻击·中	使敌方单体的攻击力下降{0}%。使用者的攻击力提升{1}%。	吸收攻擊‧中	使敵方單體的攻擊力下降{0}%。使用者的攻擊力上升{1}%。	공격 흡수ㆍ중	단일 적의 공격력을 {0}% 저하시킨다.사용자의 공격력을 {1}% 상승시킨다
2127496198	Absorb ATK L	Reduces an enemy's ATK by {0}% and boosts the user's ATK by {1}%.	[0, 0, 0, 1415384097]	[0, 0, 10, 300]	[146565619, 1136291369, 0, 0, 0, 0, 0, 0]	15	[15, 0, 0, 0, 0, 0, 0, 0, 0, 0, 0, 0, 0, 0]	20	[20, 0, 0, 0, 0, 0, 0, 0, 0, 0, 0, 0, 0, 0]	2	1	193	[3376131782, 304882646, 1590773769, 4294967295, 4294967295, 4294967295, 3212836864, 3212836864, 0, 0, 0, 0, 0, 0]	攻撃吸収・大	敵単体の攻撃力を{0}％低下させる。使用者の攻撃力を{1}％上昇させる	吸收攻击·大	使敌方单体的攻击力下降{0}%。使用者的攻击力提升{1}%。	吸收攻擊‧大	使敵方單體的攻擊力下降{0}%。使用者的攻擊力上升{1}%。	공격 흡수ㆍ대	단일 적의 공격력을 {0}% 저하시킨다.사용자의 공격력을 {1}% 상승시킨다
525626971	Absorb ATK+DEF	Reduces an enemy's ATK and DEF by {0}% and boosts the user's ATK and DEF by {1}%.	[0, 0, 0, 1415384097]	[0, 0, 10, 300]	[146565619, 1136291369, 589296821, 1746531183, 0, 0, 0, 0]	20	[20, 0, 10, 0, 10, 0, 0, 0, 0, 0, 0, 0, 0, 0]	30	[30, 0, 20, 0, 20, 0, 0, 0, 0, 0, 0, 0, 0, 0]	2	1	194	[3376131782, 304882646, 1590773769, 4294967295, 4294967295, 4294967295, 3212836864, 3212836864, 0, 0, 0, 0, 0, 0]	攻防吸収	敵単体の攻撃力と防御力を{0}％低下させる。使用者の攻撃力と防御力を{1}％上昇させる	吸收攻防	使敌方单体的攻击力和防御力下降{0}%。使用者的攻击力和防御力提升{1}%。	吸收攻防	使敵方單體的攻擊力和防禦力下降{0}%。使用者的攻擊力和防禦力上升{1}%。	공방 흡수	단일 적의 공격력과 방어력을 {0}% 저하시킨다.사용자의 공격력과 방어력을 {1}% 상승시킨다
1750294221	Absorb ATK+DEF	Reduces an enemy's ATK and DEF by {0}% and boosts the user's ATK and DEF by {1}%.	[0, 0, 0, 1415384097]	[0, 0, 10, 300]	[146565619, 1136291369, 589296821, 1746531183, 0, 0, 0, 0]	30	[30, 0, 20, 0, 20, 0, 0, 0, 0, 0, 0, 0, 0, 0]	30	[30, 0, 20, 0, 20, 0, 0, 0, 0, 0, 0, 0, 0, 0]	2	0	195	[3376131782, 304882646, 1590773769, 4294967295, 4294967295, 4294967295, 3212836864, 3212836864, 0, 0, 0, 0, 0, 0]	攻防吸収	敵単体の攻撃力と防御力を{0}％低下させる。使用者の攻撃力と防御力を{1}％上昇させる	吸收攻防	使敌方单体的攻击力和防御力下降{0}%。使用者的攻击力和防御力提升{1}%。	吸收攻防	使敵方單體的攻擊力和防禦力下降{0}%。使用者的攻擊力和防禦力上升{1}%。	공방 흡수	단일 적의 공격력과 방어력을 {0}% 저하시킨다.사용자의 공격력과 방어력을 {1}% 상승시킨다
164442099	Freeze S	Has a {0}% chance to inflict Frostbite on an enemy. Deals slight stun damage.	[0, 0, 0, 1415384097]	[0, 0, 10, 200]	[1192358008, 944122133, 0, 0, 0, 0, 0, 0]	40	[90, 0, 0, 0, 0, 0, 0, 0, 0, 0, 0, 0, 0, 0]	50	[110, 0, 0, 0, 0, 0, 0, 0, 0, 0, 0, 0, 0, 0]	2	1	196	[3320703142, 1166217534, 1590773769, 4294967295, 4294967295, 4294967295, 3212836864, 3212836864, 0, 0, 0, 0, 0, 0]	凍らせる・小	敵単体に{0}％の確率でカチコチを付与する。ブレイクダメージを少し与える	冻结·小	以{0}%的概率赋予敌方单体僵直。造成少量破防伤害。	凍結‧小	以{0}%的機率賦予敵方單體僵硬。可造成少量破防傷害。	동결ㆍ소	단일 적에게 {0}%의 확률로 동상을 부여한다.브레이크 대미지를 조금 준다
1866170807	Freeze M	Has a {0}% chance to inflict Frostbite on an enemy. Deals stun damage.	[0, 0, 0, 1415384097]	[0, 0, 10, 200]	[1192358008, 944122133, 0, 0, 0, 0, 0, 0]	50	[110, 0, 0, 0, 0, 0, 0, 0, 0, 0, 0, 0, 0, 0]	60	[130, 0, 0, 0, 0, 0, 0, 0, 0, 0, 0, 0, 0, 0]	2	1	197	[3320703142, 1166217534, 1590773769, 4294967295, 4294967295, 4294967295, 3212836864, 3212836864, 0, 0, 0, 0, 0, 0]	凍らせる・中	敵単体に{0}％の確率でカチコチを付与する。ブレイクダメージを与える	冻结·中	以{0}%的概率赋予敌方单体僵直。造成较大破防伤害。	凍結‧中	以{0}%的機率賦予敵方單體僵硬。可造成中量破防傷害。	동결ㆍ중	단일 적에게 {0}%의 확률로 동상을 부여한다.브레이크 대미지를 준다
406630689	Freeze L	Has a {0}% chance to inflict Frostbite on an enemy. Deals considerable stun damage.	[0, 0, 0, 1415384097]	[0, 0, 10, 200]	[1192358008, 944122133, 0, 0, 0, 0, 0, 0]	60	[130, 0, 0, 0, 0, 0, 0, 0, 0, 0, 0, 0, 0, 0]	70	[150, 0, 0, 0, 0, 0, 0, 0, 0, 0, 0, 0, 0, 0]	2	1	198	[3320703142, 1166217534, 1590773769, 4294967295, 4294967295, 4294967295, 3212836864, 3212836864, 0, 0, 0, 0, 0, 0]	凍らせる・大	敵単体に{0}％の確率でカチコチを付与する。ブレイクダメージをかなり与える	冻结·大	以{0}%的概率赋予敌方单体僵直。造成大量破防伤害。	凍結‧大	以{0}%的機率賦予敵方單體僵硬。可造成大量破防傷害。	동결ㆍ대	단일 적에게 {0}%의 확률로 동상을 부여한다.브레이크 대미지를 상당히 준다
2041043836	Living Whip	Has a {0}% chance to inflict Frostbite on an enemy. Deals significant Stun damage.	[0, 0, 0, 1415384097]	[0, 0, 10, 200]	[1192358008, 944122133, 0, 0, 0, 0, 0, 0]	70	[150, 0, 0, 0, 0, 0, 0, 0, 0, 0, 0, 0, 0, 0]	80	[170, 0, 0, 0, 0, 0, 0, 0, 0, 0, 0, 0, 0, 0]	2	1	199	[3320703142, 1166217534, 1590773769, 4294967295, 4294967295, 4294967295, 3212836864, 3212836864, 0, 0, 0, 0, 0, 0]	生きてるムチ	敵単体に{0}％の確率でカチコチを付与し、ブレイクダメージを大きく与える	活着的鞭子	以{0}%的概率赋予敌方单体僵直。造成大幅破防伤害。	活著的鞭子	以{0}%的機率賦予敵方單體僵硬。可造成大幅破防傷害。	살아있는 채찍	단일 적에게 {0}%의 확률로 동상을 부여한다.브레이크 대미지를 많이 준다
245427178	Living Whip	Has a {0}% chance to inflict Frostbite on an enemy. Deals significant Stun damage.	[0, 0, 0, 1415384097]	[0, 0, 10, 200]	[1192358008, 944122133, 0, 0, 0, 0, 0, 0]	80	[170, 0, 0, 0, 0, 0, 0, 0, 0, 0, 0, 0, 0, 0]	80	[170, 0, 0, 0, 0, 0, 0, 0, 0, 0, 0, 0, 0, 0]	2	0	200	[3320703142, 1166217534, 1590773769, 4294967295, 4294967295, 4294967295, 3212836864, 3212836864, 0, 0, 0, 0, 0, 0]	生きてるムチ	敵単体に{0}％の確率でカチコチを付与し、ブレイクダメージを大きく与える	活着的鞭子	以{0}%的概率赋予敌方单体僵直。造成大幅破防伤害。	活著的鞭子	以{0}%的機率賦予敵方單體僵硬。可造成大幅破防傷害。	살아있는 채찍	단일 적에게 {0}%의 확률로 동상을 부여한다.브레이크 대미지를 많이 준다
709910999	Blind+Paralyze S	Has a {0}% chance to inflict Blindness and Paralysis on an enemy.	[0, 0, 0, 1415384097]	[0, 0, 10, 280]	[756434406, 862931408, 0, 0, 0, 0, 0, 0]	60	[60, 0, 0, 0, 0, 0, 0, 0, 0, 0, 0, 0, 0, 0]	70	[70, 0, 0, 0, 0, 0, 0, 0, 0, 0, 0, 0, 0, 0]	2	1	201	[3176640276, 609928045, 1590773769, 4294967295, 4294967295, 4294967295, 3212836864, 3212836864, 0, 0, 0, 0, 0, 0]	暗闇麻痺付与・小	敵単体に{0}％の確率で暗闇と麻痺を付与する	赋予盲目麻痹·小	以{0}%的概率赋予敌方单体盲目和麻痹。	賦予盲目麻痺‧小	以{0}%的機率賦予敵方單體盲目和麻痺。	암흑마비 부여ㆍ소	단일 적에게 {0}%의 확률로 암흑과 마비를 부여한다
1286000531	Blind+Paralyze M	Has a {0}% chance to inflict Blindness and Paralysis on an enemy.	[0, 0, 0, 1415384097]	[0, 0, 10, 280]	[756434406, 862931408, 0, 0, 0, 0, 0, 0]	70	[70, 0, 0, 0, 0, 0, 0, 0, 0, 0, 0, 0, 0, 0]	80	[80, 0, 0, 0, 0, 0, 0, 0, 0, 0, 0, 0, 0, 0]	2	1	202	[3176640276, 609928045, 1590773769, 4294967295, 4294967295, 4294967295, 3212836864, 3212836864, 0, 0, 0, 0, 0, 0]	暗闇麻痺付与・中	敵単体に{0}％の確率で暗闇と麻痺を付与する	赋予盲目麻痹·中	以{0}%的概率赋予敌方单体盲目和麻痹。	賦予盲目麻痺‧中	以{0}%的機率賦予敵方單體盲目和麻痺。	암흑마비 부여ㆍ중	단일 적에게 {0}%의 확률로 암흑과 마비를 부여한다
1000472325	Blind+Paralyze L	Has a {0}% chance to inflict Blindness and Paralysis on an enemy.	[0, 0, 0, 1415384097]	[0, 0, 10, 280]	[756434406, 862931408, 0, 0, 0, 0, 0, 0]	80	[80, 0, 0, 0, 0, 0, 0, 0, 0, 0, 0, 0, 0, 0]	90	[90, 0, 0, 0, 0, 0, 0, 0, 0, 0, 0, 0, 0, 0]	2	1	203	[3176640276, 609928045, 1590773769, 4294967295, 4294967295, 4294967295, 3212836864, 3212836864, 0, 0, 0, 0, 0, 0]	暗闇麻痺付与・大	敵単体に{0}％の確率で暗闇と麻痺を付与する	赋予盲目麻痹·大	以{0}%的概率赋予敌方单体盲目和麻痹。	賦予盲目麻痺‧大	以{0}%的機率賦予敵方單體盲目和麻痺。	암흑마비 부여ㆍ대	단일 적에게 {0}%의 확률로 암흑과 마비를 부여한다
1513788760	Corrode Body	Has a {0}% chance to inflict Blindness and Paralysis on an enemy. Reduces all of its stats by {2}%.	[0, 0, 0, 1415384097]	[0, 0, 10, 280]	[756434406, 862931408, 712900931, 31300613, 1055936822, 0, 0, 0]	90	[90, 0, 10, 0, 10, 0, 10, 0, 0, 0, 0, 0, 0, 0]	100	[100, 0, 30, 0, 30, 0, 30, 0, 0, 0, 0, 0, 0, 0]	2	1	204	[3176640276, 609928045, 1590773769, 4294967295, 4294967295, 4294967295, 3212836864, 3212836864, 0, 0, 0, 0, 0, 0]	体を浸食する	敵単体に{0}％の確率で暗闇と麻痺を付与する。攻撃力・防御力・素早さを{2}％低下させる	侵蚀身体	以{0}%的概率赋予敌方单体盲目和麻痹。使其全能力下降{2}%。	侵蝕身體	以{0}%的機率賦予敵方單體盲目和麻痺，並使其全能力下降{2}%。	육체 침식	단일 적에게 {0}%의 확률로 암흑과 마비를 부여한다.공격력, 방어력, 민첩성을 {2}% 저하시킨다
759014862	Corrode Body	Has a {0}% chance to inflict Blindness and Paralysis on an enemy. Reduces all of its stats by {2}%.	[0, 0, 0, 1415384097]	[0, 0, 10, 280]	[756434406, 862931408, 712900931, 31300613, 1055936822, 0, 0, 0]	100	[100, 0, 30, 0, 30, 0, 30, 0, 0, 0, 0, 0, 0, 0]	100	[100, 0, 30, 0, 30, 0, 30, 0, 0, 0, 0, 0, 0, 0]	2	0	205	[3176640276, 609928045, 1590773769, 4294967295, 4294967295, 4294967295, 3212836864, 3212836864, 0, 0, 0, 0, 0, 0]	体を浸食する	敵単体に{0}％の確率で暗闇と麻痺を付与する。攻撃力・防御力・素早さを{2}％低下させる	侵蚀身体	以{0}%的概率赋予敌方单体盲目和麻痹。使其全能力下降{2}%。	侵蝕身體	以{0}%的機率賦予敵方單體盲目和麻痺，並使其全能力下降{2}%。	육체 침식	단일 적에게 {0}%의 확률로 암흑과 마비를 부여한다.공격력, 방어력, 민첩성을 {2}% 저하시킨다
