TraitId	Index	text_ENG	desc_ENG	Combo1	Combo2	Grade	Value1_1	Value1_2	Value2_2	Value2_2	Synthesis	Combat	Restoratives	Inhibitor	Boost	Weapons	Armor	Accessories	Starpearls	Exploration	Unknown	TraitKindId1	TraitKindId2	GatherableFlag	EnabledFlag	text_JPN	desc_JPN	text_CHS	desc_CHS	text_CHT	desc_CHT	text_KOR	desc_KOR
0	0					0	0	0	0	0	0	0	0	0	0	0	0	0	0	0	0	0	0	0	0								
692131312	1	Item Level Boost	Raises Item Level by {0}% if transferred during synthesis.			5	2	2	0	0	1	1	1	1	1	1	1	1	1	1	1	1841172131	1841172131	0	1	アイテムレベル上昇	調合時に引き継がれると、アイテムレベルを{0}％上昇させる	道具等级提升	若在调合时继承，可使道具等级提升{0}%。	道具等級上升	若在調合時繼承，可使道具等級上升{0}%。	아이템 레벨 상승	조합 시에 인계되면아이템 레벨을 {0}% 상승시킨다
1337441194	2	Item Level Boost+	Raises Item Level by {0}% if transferred during synthesis.			13	4	4	0	0	1	1	1	1	1	1	1	1	1	1	1	1841172131	1841172131	0	1	アイテムレベル上昇＋	調合時に引き継がれると、アイテムレベルを{0}％上昇させる	道具等级提升＋	若在调合时继承，可使道具等级提升{0}%。	道具等級上升+	若在調合時繼承，可使道具等級上升{0}%。	아이템 레벨 상승＋	조합 시에 인계되면아이템 레벨을 {0}% 상승시킨다
951094076	3	Item Level Boost++	Raises Item Level by {0}% if transferred during synthesis.			20	6	6	0	0	1	1	1	1	1	1	1	1	1	1	1	1841172131	1841172131	0	1	アイテムレベル上昇＋＋	調合時に引き継がれると、アイテムレベルを{0}％上昇させる	道具等级提升＋＋	若在调合时继承，可使道具等级提升{0}%。	道具等級上升++	若在調合時繼承，可使道具等級上升{0}%。	아이템 레벨 상승＋＋	조합 시에 인계되면아이템 레벨을 {0}% 상승시킨다
1496047969	4	Well-Made	Raises Item Level by {0}% if transferred during synthesis.	Item Level Boost	Item Level Boost+	26	8	8	0	0	1	1	1	1	1	1	1	1	1	1	1	1841172131	1841172131	0	1	出来が良い	調合時に引き継がれると、アイテムレベルを{0}％上昇させる	优秀成果	若在调合时继承，可使道具等级提升{0}%。	優秀成果	若在調合時繼承，可使道具等級上升{0}%。	좋은 완성도	조합 시에 인계되면아이템 레벨을 {0}% 상승시킨다
774689271	5	Pro Perfection	Raises Item Level by {0}% if transferred during synthesis.	Expensive +	Item Level Boost++	30	10	10	0	0	1	1	1	1	1	1	1	1	1	1	1	1841172131	1841172131	0	1	プロの完成度	調合時に引き継がれると、アイテムレベルを{0}％上昇させる	专家的完成度	若在调合时继承，可使道具等级提升{0}%。	專家的完成度	若在調合時繼承，可使道具等級上升{0}%。	프로 완성도	조합 시에 인계되면아이템 레벨을 {0}% 상승시킨다
1222279091	6	Superb Quality	Raises Item Level by {0}% if transferred during synthesis.	Finest	Pro Perfection	39	12	12	0	0	1	1	1	1	1	1	1	1	1	1	1	1841172131	1841172131	0	1	超クオリティ	調合時に引き継がれると、アイテムレベルを{0}％上昇させる	超级质量	若在调合时继承，可使道具等级提升{0}%。	超級品質	若在調合時繼承，可使道具等級上升{0}%。	초 퀄리티	조합 시에 인계되면아이템 레벨을 {0}% 상승시킨다
1071468325	7	Superb Quality+	Raises Item Level by {0}% if transferred during synthesis.			44	14	14	0	0	1	1	1	1	1	1	1	1	1	1	0	1841172131	1841172131	1	1	超クオリティ＋	調合時に引き継がれると、アイテムレベルを{0}％上昇させる	超级品质＋	若在调合时继承，可使道具等级提升{0}%。	超級品質+	若在調合時繼承，可使道具等級上升{0}%。	초 퀄리티＋	조합 시에 인계되면아이템 레벨을 {0}% 상승시킨다
1352510796	8	Ultimate Masterpiece	Raises Item Level by {0}% if transferred during synthesis.	Superb Quality	Pure Determination	50	16	16	0	0	1	1	1	1	1	1	1	1	1	1	0	1841172131	1841172131	1	1	究極の逸品	調合時に引き継がれると、アイテムレベルを{0}％上昇させる	究极的逸品	若在调合时继承，可使道具等级提升{0}%。	究極的逸品	若在調合時繼承，可使道具等級上升{0}%。	궁극의 일품	조합 시에 인계되면아이템 레벨을 {0}% 상승시킨다
664444382	9	Ultimate Masterpiece+	Raises Item Level by {0}% if transferred during synthesis.			55	20	20	0	0	1	1	1	1	1	1	1	1	1	1	0	1841172131	1841172131	1	1	究極の逸品＋	調合時に引き継がれると、アイテムレベルを{0}％上昇させる	究极的逸品＋	若在调合时继承，可使道具等级提升{0}%。	究極的逸品+	若在調合時繼承，可使道具等級上升{0}%。	궁극의 일품＋	조합 시에 인계되면아이템 레벨을 {0}% 상승시킨다
1090454473	10	Cheap	Slightly lowers sales price. In return, also lowers duplication cost and restock cost.			2	-10	-10	0	0	1	1	1	1	1	1	1	1	1	1	1	1084648366	725117845	0	1	安値	売却価格が少し下がる。代わりに複製価格や補充価格も下がる	低价	出售价格小幅降低。相对的，复制价格和补充价格也会降低。	低價	出售價格微幅下降。不過，複製價格和補充價格也會下降。	염가	매각 가격이 조금 떨어지는 대신복제 가격이나 보충 가격도 떨어진다
638168461	11	Cheap +	Slightly lowers sales price. In return, also lowers duplication cost and restock cost.			11	-15	-15	0	0	1	1	1	1	1	1	1	1	1	1	1	1084648366	725117845	0	1	安値＋	売却価格が少し下がる。代わりに複製価格や補充価格も下がる	低价＋	出售价格小幅降低。相对的，复制价格和补充价格也会降低。	低價+	出售價格微幅下降。不過，複製價格和補充價格也會下降。	염가＋	매각 가격이 조금 떨어지는 대신복제 가격이나 보충 가격도 떨어진다
1359912219	12	Cheap ++	Slightly lowers sales price. In return, also lowers duplication cost and restock cost.			21	-20	-20	0	0	1	1	1	1	1	1	1	1	1	1	1	1084648366	725117845	0	1	安値＋＋	売却価格が少し下がる。代わりに複製価格や補充価格も下がる	低价＋＋	出售价格小幅降低。相对的，复制价格和补充价格也会降低。	低價++	出售價格微幅下降。不過，複製價格和補充價格也會下降。	염가＋＋	매각 가격이 조금 떨어지는 대신복제 가격이나 보충 가격도 떨어진다
815134534	13	Bulk-Produced	Lowers sales price. In return, also lowers duplication cost and restock cost.	Cheap	Cheap +	25	-25	-25	0	0	1	1	1	1	1	1	1	1	1	1	1	1084648366	725117845	0	1	量産品	売却価格が下がる。代わりに複製価格や補充価格も下がる	量产品	出售价格降低。相对的，复制价格和补充价格也会降低。	量產品	出售價格下降。不過，複製價格和補充價格也會下降。	양산품	매각 가격이 떨어지는 대신복제 가격이나 보충 가격도 떨어진다
1200801744	14	Mass-Produced	Lowers sales price by {0}％. In return, also lowers duplication cost and restock cost.	Cheap +	Cheap ++	30	-30	-30	0	0	1	1	1	1	1	1	1	1	1	1	1	1084648366	725117845	0	1	大量生産品	売却価格が下がる。代わりに複製価格や補充価格も下がる	大量生产品	出售价格降低。相对的，复制价格和补充价格也会降低。	大量生產品	出售價格下降。不過，複製價格和補充價格也會下降。	대량생산품	매각 가격이 떨어지는 대신복제 가격이나 보충 가격도 떨어진다
560228758	15	Economical	Lowers sales price by {0}％. In return, also lowers duplication cost and restock cost.	Bulk-Produced	Mass-Produced	42	-35	-35	0	0	1	1	1	1	1	1	1	1	1	1	1	1084648366	725117845	0	1	エコノミー	売却価格が下がる。代わりに複製価格や補充価格も下がる	经济实惠	出售价格降低。相对的，复制价格和补充价格也会降低。	經濟實惠	出售價格下降。不過，複製價格和補充價格也會下降。	이코노미	매각 가격이 떨어지는 대신복제 가격이나 보충 가격도 떨어진다
1449351428	16	Economical+	Greatly lowers sales price. In return, also lowers duplication cost and restock cost.			45	-40	-40	0	0	1	1	1	1	1	1	1	1	1	1	0	1084648366	725117845	1	1	エコノミー＋	売却価格が大きく下がる。代わりに複製価格や補充価格も下がる	经济实惠＋	出售价格大幅降低。相对的，复制价格和补充价格也会降低。	經濟實惠+	出售價格大幅下降。不過，複製價格和補充價格也會下降。	이코노미＋	매각 가격이 크게 떨어지는 대신복제 가격이나 보충 가격도 떨어진다
958643053	17	Bargain	Greatly lowers sales price. In return, also lowers duplication cost and restock cost.	Economical	Dreamt Up Secret Art	50	-45	-45	0	0	1	1	1	1	1	1	1	1	1	1	0	1084648366	725117845	1	1	プライスレス	売却価格が大きく下がる。代わりに複製価格や補充価格も下がる	无价	出售价格大幅降低。相对的，复制价格和补充价格也会降低。	無價	出售價格大幅下降。不過，複製價格和補充價格也會下降。	프라이스리스	매각 가격이 크게 떨어지는 대신복제 가격이나 보충 가격도 떨어진다
1311017979	18	Bargain+	Greatly lowers sales price. In return, also lowers duplication cost and restock cost.			60	-50	-50	0	0	1	1	1	1	1	1	1	1	1	1	0	1084648366	725117845	1	1	プライスレス＋	売却価格が大きく下がる。代わりに複製価格や補充価格も下がる	无价＋	出售价格大幅降低。相对的，复制价格和补充价格也会降低。	無價+	出售價格大幅下降。不過，複製價格和補充價格也會下降。	프라이스리스＋	매각 가격이 크게 떨어지는 대신복제 가격이나 보충 가격도 떨어진다
1117174350	19	Expensive	Slightly raises sales price. In return, also raises duplication cost and restock cost.			2	10	10	10	10	1	1	1	1	1	1	1	1	1	1	1	1084648366	1410117446	0	1	高値	売却価格が少し上がる。代わりに複製価格や補充価格も上がる	高价	出售价格小幅上涨。相对的，复制价格和补充价格也会上涨。	高價	出售價格微幅上升。不過，複製價格和補充價格也會上升。	고가	매각 가격이 조금 상승하는 대신복제 가격이나 보충 가격도 상승한다
610276364	20	Expensive +	Slightly raises sales price. In return, also raises duplication cost and restock cost.			11	15	15	15	15	1	1	1	1	1	1	1	1	1	1	1	1084648366	1410117446	0	1	高値＋	売却価格が少し上がる。代わりに複製価格や補充価格も上がる	高价＋	出售价格小幅上涨。相对的，复制价格和补充价格也会上涨。	高價+	出售價格微幅上升。不過，複製價格和補充價格也會上升。	고가＋	매각 가격이 조금 상승하는 대신복제 가격이나 보충 가격도 상승한다
1399268510	21	Expensive ++	Slightly raises sales price. In return, also raises duplication cost and restock cost.			21	20	20	20	20	1	1	1	1	1	1	1	1	1	1	1	1084648366	1410117446	0	1	高値＋＋	売却価格が少し上がる。代わりに複製価格や補充価格も上がる	高价＋＋	出售价格小幅上涨。相对的，复制价格和补充价格也会上涨。	高價++	出售價格微幅上升。不過，複製價格和補充價格也會上升。	고가＋＋	매각 가격이 조금 상승하는 대신복제 가격이나 보충 가격도 상승한다
855396033	22	Finest	Raises sales price. In return, also raises duplication cost and restock cost.	Expensive	Expensive +	25	25	25	25	25	1	1	1	1	1	1	1	1	1	1	1	1084648366	1410117446	0	1	高級品	売却価格が上がる。代わりに複製価格や補充価格も上がる	高级品	出售价格上涨。相对的，复制价格和补充价格也会上涨。	高級品	出售價格上升。不過，複製價格和補充價格也會上升。	고급품	매각 가격이 상승하는 대신복제 가격이나 보충 가격도 상승한다
1174109783	23	Rare Item	Raises sales price. In return, also raises duplication cost and restock cost.	Expensive +	Expensive ++	30	30	30	30	30	1	1	1	1	1	1	1	1	1	1	1	1084648366	1410117446	0	1	希少な逸品	売却価格が上がる。代わりに複製価格や補充価格も上がる	稀少的逸品	出售价格上涨。相对的，复制价格和补充价格也会上涨。	稀少的逸品	出售價格上升。不過，複製價格和補充價格也會上升。	희귀한 일품	매각 가격이 상승하는 대신복제 가격이나 보충 가격도 상승한다
588107795	24	Overpriced	Raises sales price. In return, also raises duplication cost and restock cost.	Finest	Rare Item	42	35	35	35	35	1	1	1	1	1	1	1	1	1	1	1	1084648366	1410117446	0	1	プレミア価格	売却価格が上がる。代わりに複製価格や補充価格も上がる	限定价格	出售价格上涨。相对的，复制价格和补充价格也会上涨。	限定價格	出售價格上升。不過，複製價格和補充價格也會上升。	프리미엄 가격	매각 가격이 상승하는 대신복제 가격이나 보충 가격도 상승한다
1409998981	25	Overpriced+	Greatly raises sales price. In return, also raises duplication cost and restock cost.			45	40	40	40	40	1	1	1	1	1	1	1	1	1	1	0	1084648366	1410117446	1	1	プレミア価格＋	売却価格が大きく上がる。代わりに複製価格や補充価格も上がる	限定价格＋	出售价格大幅上涨。相对的，复制价格和补充价格也会上涨。	限定價格+	出售價格大幅上升。不過，複製價格和補充價格也會上升。	프리미엄 가격＋	매각 가격이 크게 상승하는 대신복제 가격이나 보충 가격도 상승한다
994706154	26	One of a Kind	Greatly raises sales price. In return, also raises duplication cost and restock cost.	Overpriced	Dreamt Up Secret Art	50	45	45	45	45	1	1	1	1	1	1	1	1	1	1	0	1084648366	1410117446	1	1	唯一無二	売却価格が大きく上がる。代わりに複製価格や補充価格も上がる	独一无二	出售价格大幅上涨。相对的，复制价格和补充价格也会上涨。	獨一無二	出售價格大幅上升。不過，複製價格和補充價格也會上升。	유일무이	매각 가격이 크게 상승하는 대신복제 가격이나 보충 가격도 상승한다
1280127612	27	One of a Kind+	Greatly raises sales price. In return, also raises duplication cost and restock cost.			60	50	50	50	50	1	1	1	1	1	1	1	1	1	1	0	1084648366	1410117446	1	1	唯一無二＋	売却価格が大きく上がる。代わりに複製価格や補充価格も上がる	独一无二＋	出售价格大幅上涨。相对的，复制价格和补充价格也会上涨。	獨一無二+	出售價格大幅上升。不過，複製價格和補充價格也會上升。	유일무이＋	매각 가격이 크게 상승하는 대신복제 가격이나 보충 가격도 상승한다
1294472984	28	Destruction Up	Increases the item's power by {0}%.			4	10	10	0	0	1	1	0	0	0	0	0	0	0	0	1	2085854704	1927413127	0	1	破壊力増加	アイテムの威力が{0}％増加する	破坏力增加	道具威力增加{0}%。	破壞力增加	道具威力增加{0}%。	파괴력 증가	아이템의 위력이 {0}% 증가
736016722	29	Destruction Up +	Increases the item's power by {0}%.			13	15	15	0	0	1	1	0	0	0	0	0	0	0	0	1	2085854704	1927413127	0	1	破壊力増加＋	アイテムの威力が{0}％増加する	破坏力增加＋	道具威力增加{0}%。	破壞力增加+	道具威力增加{0}%。	파괴력 증가＋	아이템의 위력이 {0}% 증가
1557760452	30	Destruction Up ++	Increases the item's power by {0}%.			24	20	20	0	0	1	1	0	0	0	0	0	0	0	0	1	2085854704	1927413127	0	1	破壊力増加＋＋	アイテムの威力が{0}％増加する	破坏力增加＋＋	道具威力增加{0}%。	破壞力增加++	道具威力增加{0}%。	파괴력 증가＋＋	아이템의 위력이 {0}% 증가
1027793817	31	Rather Devastating	Increases the item's power by {0}%.	Destruction Up	Destruction Up +	28	25	25	0	0	1	1	0	0	0	0	0	0	0	0	1	2085854704	1927413127	0	1	大きな破壊力	アイテムの威力が{0}％増加する	强大的破坏力	道具威力增加{0}%。	強大的破壞力	道具威力增加{0}%。	큰 파괴력	아이템의 위력이 {0}% 증가
1246089999	32	Very Devastating	Increases the item's power by {0}%.	Destruction Up +	Destruction Up ++	32	30	30	0	0	1	1	0	0	0	0	0	0	0	0	1	2085854704	1927413127	0	1	強力な破壊力	アイテムの威力が{0}％増加する	强烈的破坏力	道具威力增加{0}%。	強烈的破壞力	道具威力增加{0}%。	강력한 파괴력	아이템의 위력이 {0}% 증가
749960523	33	Extremely Devastating	Increases the item's power by {0}%.	Rather Devastating	Very Devastating	40	35	35	0	0	1	1	0	0	0	0	0	0	0	0	1	2085854704	1927413127	0	1	猛烈な破壊力	アイテムの威力が{0}％増加する	猛烈的破坏力	道具威力增加{0}%。	猛烈的破壞力	道具威力增加{0}%。	맹렬한 파괴력	아이템의 위력이 {0}% 증가
1538543069	34	Extremely Devastating+	Increases the item's power by {0}%.			46	40	40	0	0	1	1	0	0	0	0	0	0	0	0	0	2085854704	1927413127	1	1	猛烈な破壊力＋	アイテムの威力が{0}％増加する	猛烈的破坏力＋	道具威力增加{0}%。	猛烈的破壞力+	道具威力增加{0}%。	맹렬한 파괴력＋	아이템의 위력이 {0}% 증가
888450996	35	Ultimate Destruction	Increases the item's power by {0}%.	Extremely Devastating	Ruler of Shadow and Light	52	45	45	0	0	1	1	0	0	0	0	0	0	0	0	0	2085854704	1927413127	1	1	究極の破壊力	アイテムの威力が{0}％増加する	终极的破坏力	道具威力增加{0}%。	終極的破壞力	道具威力增加{0}%。	궁극의 파괴력	아이템의 위력이 {0}% 증가
1140039462	36	Ultimate Destruction+	Increases the item's power by {0}%.			60	50	50	0	0	1	1	0	0	0	0	0	0	0	0	0	2085854704	1927413127	1	1	究極の破壊力＋	アイテムの威力が{0}％増加する	终极的破坏力＋	道具威力增加{0}%。	終極的破壞力+	道具威力增加{0}%。	궁극의 파괴력＋	아이템의 위력이 {0}% 증가
1859122559	37	Recovery Up	Increases the item's recovery power by {0}%.			4	10	10	0	0	1	0	1	0	0	0	0	0	0	0	1	905217877	923784953	0	1	回復力増加	アイテムの回復力が{0}％増加する	恢复力增加	道具恢复力增加{0}%。	回復力增加	道具回復力增加{0}%。	회복력 증가	아이템의 회복력이 {0}% 증가
137976635	38	Recovery Up +	Increases the item's recovery power by {0}%.			13	15	15	0	0	1	0	1	0	0	0	0	0	0	0	1	905217877	923784953	0	1	回復力増加＋	アイテムの回復力が{0}％増加する	恢复力增加＋	道具恢复力增加{0}%。	回復力增加+	道具回復力增加{0}%。	회복력 증가＋	아이템의 회복력이 {0}% 증가
2134797229	39	Recovery Up ++	Increases the item's recovery power by {0}%.			24	20	20	0	0	1	0	1	0	0	0	0	0	0	0	1	905217877	923784953	0	1	回復力増加＋＋	アイテムの回復力が{0}％増加する	恢复力增加＋＋	道具恢复力增加{0}%。	回復力增加++	道具回復力增加{0}%。	회복력 증가＋＋	아이템의 회복력이 {0}% 증가
514130418	40	Ample Healing	Increases the item's recovery power by {0}%.	Recovery Up	Recovery Up +	28	25	25	0	0	1	0	1	0	0	0	0	0	0	0	1	905217877	923784953	0	1	大きな回復量	アイテムの回復力が{0}％増加する	强大的恢复量	道具恢复力增加{0}%。	強大的回復量	道具回復力增加{0}%。	큰 회복량	아이템의 회복력이 {0}% 증가
1772237160	41	Terrific Healing	Increases the item's recovery power by {0}%.	Recovery Up +	Recovery Up ++	32	30	30	0	0	1	0	1	0	0	0	0	0	0	0	1	905217877	923784953	0	1	強力な回復量	アイテムの回復力が{0}％増加する	强烈的恢复量	道具恢复力增加{0}%。	強烈的回復量	道具回復力增加{0}%。	강력한 회복량	아이템의 회복력이 {0}% 증가
257204002	42	Tremendous Healing	Increases the item's recovery power by {0}%.	Ample Healing	Terrific Healing	40	35	35	0	0	1	0	1	0	0	0	0	0	0	0	1	905217877	923784953	0	1	猛烈な回復量	アイテムの回復力が{0}％増加する	猛烈的恢复量	道具恢复力增加{0}%。	猛烈的回復量	道具回復力增加{0}%。	맹렬한 회복량	아이템의 회복력이 {0}% 증가
2018750388	43	Tremendous Healing+	Increases the item's recovery power by {0}%.			46	40	40	0	0	1	0	1	0	0	0	0	0	0	0	0	905217877	923784953	1	1	猛烈な回復量＋	アイテムの回復力が{0}％増加する	猛烈的恢复量＋	道具恢复力增加{0}%。	猛烈的回復量+	道具回復力增加{0}%。	맹렬한 회복량＋	아이템의 회복력이 {0}% 증가
387141083	44	Ultimate Recovery	Increases the item's recovery power by {0}%.	Tremendous Healing	The Power of Love	52	45	45	0	0	1	0	1	0	0	0	0	0	0	0	0	905217877	923784953	1	1	究極の回復量	アイテムの回復力が{0}％増加する	终极的恢复量	道具恢复力增加{0}%。	終極的回復量	道具回復力增加{0}%。	궁극의 회복량	아이템의 회복력이 {0}% 증가
1611955533	45	Ultimate Recovery+	Increases the item's recovery power by {0}%.			60	50	50	0	0	1	0	1	0	0	0	0	0	0	0	0	905217877	923784953	1	1	究極の回復量＋	アイテムの回復力が{0}％増加する	终极的恢复量＋	道具恢复力增加{0}%。	終極的回復量+	道具回復力增加{0}%。	궁극의 회복량＋	아이템의 회복력이 {0}% 증가
1072124231	46	Critical	Increases the item's critical rate by {0}%.			8	10	10	0	0	1	1	0	0	0	0	0	0	0	0	1	2085854704	475050387	0	1	クリティカル	アイテム使用時に、{0}％の確率でクリティカルが発生する	暴击	使用道具时，有{0}%的概率发生暴击。	重擊	使用道具時，有{0}%的機率發生重擊。	크리티컬	아이템 사용 시, {0}% 확률로 크리티컬 발생
1494351619	47	Critical +	Increases the item's critical rate by {0}%.			12	20	20	0	0	1	1	0	0	0	0	0	0	0	0	1	2085854704	475050387	0	1	クリティカル＋	アイテム使用時に、{0}％の確率でクリティカルが発生する	暴击＋	使用道具时，有{0}%的概率发生暴击。	重擊+	使用道具時，有{0}%的機率發生重擊。	크리티컬＋	아이템 사용 시, {0}% 확률로 크리티컬 발생
773246869	48	Critical ++	Increases the item's critical rate by {0}%.			16	30	30	0	0	1	1	0	0	0	0	0	0	0	0	1	2085854704	475050387	0	1	クリティカル＋＋	アイテム使用時に、{0}％の確率でクリティカルが発生する	暴击＋＋	使用道具时，有{0}%的概率发生暴击。	重擊++	使用道具時，有{0}%的機率發生重擊。	크리티컬＋＋	아이템 사용 시, {0}% 확률로 크리티컬 발생
1334683080	49	Critical Finish	Increases the item's critical rate by {0}%.	Critical	Critical +	30	40	40	0	0	1	1	0	0	0	0	0	0	0	0	1	2085854704	475050387	0	1	会心の出来	アイテム使用時に、{0}％の確率でクリティカルが発生する	暴击成品	使用道具时，有{0}%的概率发生暴击。	重擊成果	使用道具時，有{0}%的機率發生重擊。	회심의 완성	아이템 사용 시, {0}% 확률로 크리티컬 발생
948606302	50	Half Critical	Increases the item's critical rate by {0}%.	Critical +	Critical ++	35	50	50	0	0	1	1	0	0	0	0	0	0	0	0	1	2085854704	475050387	0	1	半分クリティカル	アイテム使用時に、{0}％の確率でクリティカルが発生する	一半暴击	使用道具时，有{0}%的概率发生暴击。	一半重擊	使用道具時，有{0}%的機率發生重擊。	절반 크리티컬	아이템 사용 시, {0}% 확률로 크리티컬 발생
1585199900	51	Certain Critical	Guarantees a critical hit.	Critical Finish	Half Critical	45	100	100	0	0	1	1	0	0	0	0	0	0	0	0	1	2085854704	475050387	0	1	必中クリティカル	アイテム使用時に、必ずクリティカルが発生する	必中暴击	使用道具时，必定会发生暴击。	必中重擊	使用道具時，必定會發生重擊。	필중 크리티컬	아이템 사용 시, 반드시 크리티컬 발생
695929742	52	Half-Kill	Provides a 50% chance of killing the target, excluding bosses and powerful enemies.			50	50	50	0	0	1	1	0	0	0	0	0	0	0	0	0	2085854704	475050387	1	1	半殺し	アイテム使用時に、強敵とボスを除く対象を50％の確率で戦闘不能にする	半死不活	使用道具时，有50%的概率使强敌与头目以外的目标陷入无法战斗的状态。	半死不活	使用道具時，有50%的機率使強敵與頭目以外的目標陷入無法戰鬥的狀態。	반죽음	아이템 사용 시, 강적과 보스를 제외한 대상을50% 확률로 전투불능으로 만든다
1178331619	53	One Hit Kill	Guaranteed to kill the target, excluding bosses and powerful enemies.	Certain Critical	Ruler of Shadow and Light	55	100	100	0	0	1	1	0	0	0	0	0	0	0	0	0	2085854704	475050387	1	1	一撃必殺	アイテム使用時に、強敵とボスを除く対象を必ず戦闘不能にする	一击必杀	使用道具时，必定使强敌与头目以外的目标陷入无法战斗的状态。	一擊必殺	使用道具時，必定使強敵與頭目以外的目標陷入無法戰鬥的狀態。	일격필살	아이템 사용 시, 강적과 보스를 제외한 대상을반드시 전투불능으로 만든다
826071413	54	Assassination	The item KOs any target except Bosses and Strong Enemies when used. It has a 50% chance to not expend uses.			60	100	100	50	50	1	1	0	0	0	0	0	0	0	0	0	2085854704	475050387	1	1	闇討ち必殺	アイテム使用時に、強敵とボスを除く対象を必ず戦闘不能にする。50％の確率で使用回数を消費しない	偷袭必杀	使用道具时，必然可以使目标无法战斗。※仅限强敌和头目之外的目标。有50%的概率不消耗使用次数。	偷襲必殺	使用道具時，必定可使目標無法戰鬥。※僅限強敵和頭目之外的目標。有50%的機率不消耗使用次數。	불시의 필살	아이템 사용 시, 강적과 보스를 제외한 대상을반드시 전투불능으로 만든다.50%의 확률로 사용횟수를 소비하지 않는다
1366634800	55	Critical Blessing	Increases critical damage by {0}%.			8	10	10	0	0	1	1	0	0	0	0	0	0	0	0	1	2085854704	685096150	0	1	会心の祝福	クリティカルダメージが{0}％上昇する	暴击的祝福	暴击伤害提升{0}%。	重擊之祝福	重擊傷害上升{0}%。	회심의 축복	크리티컬 대미지가 {0}% 상승한다
931372906	56	Critical Blessing+	Increases critical damage by {0}%.			12	15	15	0	0	1	1	0	0	0	0	0	0	0	0	1	2085854704	685096150	0	1	会心の祝福＋	クリティカルダメージが{0}％上昇する	暴击的祝福＋	暴击伤害提升{0}%。	重擊之祝福+	重擊傷害上升{0}%。	회심의 축복＋	크리티컬 대미지가 {0}% 상승한다
1082437628	57	Critical Blessing++	Increases critical damage by {0}%.			16	20	20	0	0	1	1	0	0	0	0	0	0	0	0	1	2085854704	685096150	0	1	会心の祝福＋＋	クリティカルダメージが{0}％上昇する	暴击的祝福＋＋	暴击伤害提升{0}%。	重擊之祝福++	重擊傷害上升{0}%。	회심의 축복＋＋	크리티컬 대미지가 {0}% 상승한다
555730337	58	Critical Boon	Increases critical damage by {0}%.	Critical Blessing	Critical Blessing+	30	25	25	0	0	1	1	0	0	0	0	0	0	0	0	1	2085854704	685096150	0	1	会心の恩恵	クリティカルダメージが{0}％上昇する	暴击恩惠	暴击伤害提升{0}%。	重擊恩惠	重擊傷害上升{0}%。	회심의 은총	크리티컬 대미지가 {0}% 상승한다
1444476215	59	Critical Windfall	Increases critical damage by {0}%.	Critical Blessing+	Critical Blessing++	35	30	30	0	0	1	1	0	0	0	0	0	0	0	0	1	2085854704	685096150	0	1	会心の大恩恵	クリティカルダメージが{0}％上昇する	暴击大恩惠	暴击伤害提升{0}%。	重擊大恩惠	重擊傷害上升{0}%。	회심의 대은총	크리티컬 대미지가 {0}% 상승한다
820927347	60	Critical Elite	Increases critical damage by {0}%.	Critical Boon	Critical Windfall	45	35	35	0	0	1	1	0	0	0	0	0	0	0	0	1	2085854704	685096150	0	1	クリティカルエリート	クリティカルダメージが{0}％上昇する	暴击好手	暴击伤害提升{0}%。	重擊好手	重擊傷害上升{0}%。	크리티컬 엘리트	크리티컬 대미지가 {0}% 상승한다
1206479845	61	Critical Elite+	Increases critical damage by {0}%.			50	40	40	0	0	1	1	0	0	0	0	0	0	0	0	0	2085854704	685096150	1	1	クリティカルエリート＋	クリティカルダメージが{0}％上昇する	暴击好手＋	暴击伤害提升{0}%。	重擊好手+	重擊傷害上升{0}%。	크리티컬 엘리트＋	크리티컬 대미지가 {0}% 상승한다
682199436	62	Critical Master	Increases critical damage by {0}%.	Critical Elite	Fairy Boon	55	45	45	0	0	1	1	0	0	0	0	0	0	0	0	0	2085854704	685096150	1	1	クリティカルマスター	クリティカルダメージが{0}％上昇する	暴击大师	暴击伤害提升{0}%。	重擊大師	重擊傷害上升{0}%。	크리티컬 마스터	크리티컬 대미지가 {0}% 상승한다
1605286174	63	Critical Master+	Increases critical damage by {0}%.			60	50	50	0	0	1	1	0	0	0	0	0	0	0	0	0	2085854704	685096150	1	1	クリティカルマスター＋	クリティカルダメージが{0}％上昇する	暴击大师＋	暴击伤害提升{0}%。	重擊大師+	重擊傷害上升{0}%。	크리티컬 마스터＋	크리티컬 대미지가 {0}% 상승한다
906033993	64	Uses +1	Increases item uses by {0} but decreases the power by {1}%.			12	1	1	-10	-10	1	1	1	1	1	0	0	0	0	0	1	2075481065	1887021701	0	1	使用回数＋１	アイテムの使用回数が{0}回分増加する。代わりに威力が{1}％減少する	使用次数＋1	道具的使用次数增加{0}次。相对地威力降低{1}%。	使用次數+1	道具的使用次數增加{0}次。相對地威力下降{1}%。	사용횟수＋1	아이템의 사용횟수가 {0}회만큼 증가.대신 위력이 {1}% 감소
1358320909	65	Uses +2	Increases item uses by {0} but decreases the power by {1}%.			28	2	2	-15	-15	1	1	1	1	1	0	0	0	0	0	1	2075481065	1887021701	0	1	使用回数＋２	アイテムの使用回数が{0}回分増加する。代わりに威力が{1}％減少する	使用次数＋2	道具的使用次数增加{0}次。相对地威力降低{1}%。	使用次數+2	道具的使用次數增加{0}次。相對地威力下降{1}%。	사용횟수＋2	아이템의 사용횟수가 {0}회만큼 증가.대신 위력이 {1}% 감소
670131611	66	Multiply	Increases item uses by {0} but decreases the power by {1}%.	Uses +1	Uses +2	36	3	3	-20	-20	1	1	1	1	1	0	0	0	0	0	0	2075481065	1887021701	1	1	増殖	アイテムの使用回数が{0}回分増加する。代わりに威力が{1}％減少する	增殖	道具的使用次数增加{0}次。相对地威力降低{1}%。	增殖	道具的使用次數增加{0}次。相對地威力下降{1}%。	증식	아이템의 사용횟수가 {0}회만큼 증가.대신 위력이 {1}% 감소
1181355976	67	Multiply+	Increases item uses by {0} but decreases the power by {1}%.			45	4	4	-25	-25	1	1	1	1	1	0	0	0	0	0	0	2075481065	1887021701	1	1	増殖＋	アイテムの使用回数が{0}回分増加する。代わりに威力が{1}％減少する	增殖＋	道具的使用次数增加{0}次。相对地威力降低{1}%。	增殖+	道具的使用次數增加{0}次。相對地威力下降{1}%。	증식＋	아이템의 사용횟수가 {0}회만큼 증가.대신 위력이 {1}% 감소
1269362583	68	Uses -1	Reduces the item's use count by {0}, but increases its power by {1}%.			8	-1	-1	20	20	1	1	1	1	1	0	0	0	0	0	1	2075481065	1435551795	0	1	使用回数－１	アイテムの使用回数が{0}回分減少する。代わりに威力が{1}％増加する	使用次数-1	道具的使用次数减少{0}次。相对地威力增加{1}%。	使用次數-1	道具的使用次數減少{0}次。相對地威力增加{1}%。	사용횟수－1	아이템의 사용횟수가 {0}회 감소.대신 위력이 {1}% 증가
761151955	69	Uses -2	Reduces the item's use count by {0}, but increases its power by {1}%.			26	-2	-2	40	40	1	1	1	1	1	0	0	0	0	0	1	2075481065	1435551795	0	1	使用回数－２	アイテムの使用回数が{0}回分減少する。代わりに威力が{1}％増加する	使用次数-2	道具的使用次数减少{0}次。相对地威力增加{1}%。	使用次數-2	道具的使用次數減少{0}次。相對地威力增加{1}%。	사용횟수－2	아이템의 사용횟수가 {0}회 감소.대신 위력이 {1}% 증가
1515811141	70	Reduction	Reduces the item's use count by {0}, but increases its power by {1}%.	Uses -1	Uses -2	35	-3	-3	60	60	1	1	1	1	1	0	0	0	0	0	0	2075481065	1435551795	1	1	収縮	アイテムの使用回数が{0}回分減少する。代わりに威力が{1}％増加する	缩减	道具的使用次数减少{0}次。相对地威力增加{1}%。	縮減	道具的使用次數減少{0}次。相對地威力增加{1}%。	수축	아이템의 사용횟수가 {0}회 감소.대신 위력이 {1}% 증가
1002576666	71	Reduction+	Reduces the item's use count by {0}, but increases its power by {1}%.			45	-4	-4	80	80	1	1	1	1	1	0	0	0	0	0	0	2075481065	1435551795	1	1	収縮＋	アイテムの使用回数が{0}回分減少する。代わりに威力が{1}％増加する	缩减＋	道具的使用次数减少{0}次。相对地威力增加{1}%。	縮減+	道具的使用次數減少{0}次。相對地威力增加{1}%。	수축＋	아이템의 사용횟수가 {0}회 감소.대신 위력이 {1}% 증가
1261386590	72	Strong Blessing	Boosts the target's ATK by {0}%.			10	5	5	0	0	1	0	1	0	1	0	0	0	0	0	1	1135783895	730021737	0	1	力の祝福	対象の攻撃力が{0}％上昇する	力量的祝福	使目标的攻击力提升{0}%。	力量的祝福	使目標的攻擊力上升{0}%。	힘의 축복	대상의 공격력이 {0}% 상승한다
769234200	73	Mighty Blessing	Boosts the target's ATK by {0}%.			20	10	10	0	0	1	0	1	0	1	0	0	0	0	0	1	1135783895	730021737	0	1	剛力の祝福	対象の攻撃力が{0}％上昇する	刚力的祝福	使目标的攻击力提升{0}%。	剛力的祝福	使目標的攻擊力上升{0}%。	강력의 축복	대상의 공격력이 {0}% 상승한다
1524540814	74	Herculean Blessing	Boosts the target's ATK by {0}%.	Strong Blessing	Mighty Blessing	40	20	20	0	0	1	0	1	0	1	0	0	0	0	0	0	1135783895	730021737	1	1	剛力神の祝福	対象の攻撃力が{0}％上昇する	刚力神的祝福	使目标的攻击力提升{0}%。	剛力神的祝福	使目標的攻擊力上升{0}%。	강력신의 축복	대상의 공격력이 {0}% 상승한다
994430931	75	Herculean Blessing+	Boosts the target's ATK by {0}%.			60	30	30	0	0	1	0	1	0	1	0	0	0	0	0	0	1135783895	730021737	1	1	剛力神の祝福＋	対象の攻撃力が{0}％上昇する	刚力神的祝福＋	使目标的攻击力提升{0}%。	剛力神的祝福+	使目標的攻擊力上升{0}%。	강력신의 축복＋	대상의 공격력이 {0}% 상승한다
1274491902	76	Steward's Blessing	Boosts the target's DEF by {0}%.			10	5	5	0	0	1	0	1	0	1	0	0	0	0	0	1	1135783895	927656225	0	1	守りの祝福	対象の防御力が{0}％上昇する	守备的祝福	使目标的防御力提升{0}%。	守備的祝福	使目標的防禦力上升{0}%。	방어의 축복	대상의 방어력이 {0}% 상승한다
755080636	77	Guardian's Blessing	Boosts the target's DEF by {0}%.			20	10	10	0	0	1	0	1	0	1	0	0	0	0	0	1	1135783895	927656225	0	1	守護の祝福	対象の防御力が{0}％上昇する	守护的祝福	使目标的防御力提升{0}%。	守護的祝福	使目標的防禦力上升{0}%。	수호의 축복	대상의 방어력이 {0}% 상승한다
1510386990	78	Seraph's Blessing	Boosts the target's DEF by {0}%.	Steward's Blessing	Guardian's Blessing	40	20	20	0	0	1	0	1	0	1	0	0	0	0	0	0	1135783895	927656225	1	1	守護神の祝福	対象の防御力が{0}％上昇する	守护神的祝福	使目标的防御力提升{0}%。	守護神的祝福	使目標的防禦力上升{0}%。	수호신의 축복	대상의 방어력이 {0}% 상승한다
1000195953	79	Seraph's Blessing+	Boosts the target's DEF by {0}%.			60	30	30	0	0	1	0	1	0	1	0	0	0	0	0	0	1135783895	927656225	1	1	守護神の祝福＋	対象の防御力が{0}％上昇する	守护神的祝福＋	使目标的防御力提升{0}%。	守護神的祝福+	使目標的防禦力上升{0}%。	수호신의 축복＋	대상의 방어력이 {0}% 상승한다
1462620580	80	Quick Blessing	Boosts the target's SPD by {0}%.			10	5	5	0	0	1	0	1	0	1	0	0	0	0	0	1	1135783895	1252082050	0	1	速さの祝福	対象の素早さが{0}％上昇する	速度的祝福	使目标的敏捷提升{0}%。	速度的祝福	使目標的敏捷上升{0}%。	속도의 축복	대상의 민첩성이 {0}% 상승한다
836468706	81	Light-Speed Blessing	Boosts the target's SPD by {0}%.			20	10	10	0	0	1	0	1	0	1	0	0	0	0	0	1	1135783895	1252082050	0	1	疾風の祝福	対象の素早さが{0}％上昇する	疾风的祝福	使目标的敏捷提升{0}%。	疾風的祝福	使目標的敏捷上升{1}%。	질풍의 축복	대상의 민첩성이 {0}% 상승한다
1188843384	82	Hermes's Blessing	Boosts the target's SPD by {0}%.	Quick Blessing	Light-Speed Blessing	40	20	20	0	0	1	0	1	0	1	0	0	0	0	0	0	1135783895	1252082050	1	1	韋駄天の祝福	対象の素早さが{0}％上昇する	韦驮天的祝福	使目标的敏捷提升{0}%。	韋馱天的祝福	使目標的敏捷上升{0}%。	위타천의 축복	대상의 민첩성이 {0}% 상승한다
658973995	83	Hermes's Blessing+	Boosts the target's SPD by {0}%.			60	30	30	0	0	1	0	1	0	1	0	0	0	0	0	0	1135783895	1252082050	1	1	韋駄天の祝福＋	対象の素早さが{0}％上昇する	韦驮天的祝福＋	使目标的敏捷提升{0}%。	韋馱天的祝福+	使目標的敏捷上升{0}%。	위타천의 축복＋	대상의 민첩성이 {0}% 상승한다
1090580468	84	Attack Blessing	Boosts physical item power by {0}%.			20	15	15	0	0	1	1	0	0	0	0	0	0	0	0	1	1135783895	1197644432	0	1	猛撃の祝福	物理属性アイテムの威力が{0}％上昇する	猛击的祝福	物理道具的威力提升{0}%。	猛擊之祝福	物理道具的威力上升{0}%。	맹격의 축복	물리속성 아이템의 위력이 {0}% 상승한다
670450102	85	Attack Blessing+	Boosts physical item power by {0}%.			40	30	30	0	0	1	1	0	0	0	0	0	0	0	0	1	1135783895	1197644432	0	1	猛撃の祝福＋	物理属性アイテムの威力が{0}％上昇する	猛击的祝福＋	物理道具的威力提升{0}%。	猛擊之祝福+	物理道具的威力上升{0}%。	맹격의 축복＋	물리속성 아이템의 위력이 {0}% 상승한다
1358000416	86	Great Attack Blessing	Boosts physical item power by {0}%.	Attack Blessing	Attack Blessing+	50	45	45	0	0	1	1	0	0	0	0	0	0	0	0	0	1135783895	1197644432	1	1	猛撃の大祝福	物理属性アイテムの威力が{0}％上昇する	猛击的大祝福	物理道具的威力提升{0}%。	猛擊之大祝福	物理道具的威力上升{0}%。	맹격의 대축복	물리속성 아이템의 위력이 {0}% 상승한다
829037437	87	Great Attack Blessing+	Boosts physical item power by {0}%.			60	60	60	0	0	1	1	0	0	0	0	0	0	0	0	0	1135783895	1197644432	1	1	猛撃の大祝福＋	物理属性アイテムの威力が{0}％上昇する	猛击的大祝福＋	物理道具的威力提升{0}%。	猛擊之大祝福+	物理道具的威力上升{0}%。	맹격의 대축복＋	물리속성 아이템의 위력이 {0}% 상승한다
1134476396	88	Magic Blessing	Boosts magic item power by {0}%.			20	15	15	0	0	1	1	0	0	0	0	0	0	0	0	1	1135783895	1290533357	0	1	魔力の祝福	魔法属性アイテムの威力が{0}％上昇する	魔力之祝福	魔法道具的威力提升{0}%。	魔力之祝福	魔法道具的威力上升{0}%。	마력의 축복	마법속성 아이템의 위력이 {0}% 상승한다
627577390	89	Magic Blessing+	Boosts magic item power by {0}%.			40	30	30	0	0	1	1	0	0	0	0	0	0	0	0	1	1135783895	1290533357	0	1	魔力の祝福＋	魔法属性アイテムの威力が{0}％上昇する	魔力之祝福＋	魔法道具的威力提升{0}%。	魔力之祝福+	魔法道具的威力上升{0}%。	마력의 축복＋	마법속성 아이템의 위력이 {0}% 상승한다
1383015096	90	Great Magic Blessing	Boosts magic item power by {0}%.	Magic Blessing	Magic Blessing+	50	45	45	0	0	1	1	0	0	0	0	0	0	0	0	0	1135783895	1290533357	1	1	魔力の大祝福	魔法属性アイテムの威力が{0}％上昇する	魔力之大祝福	魔法道具的威力提升{0}%。	魔力之大祝福	魔法道具的威力上升{0}%。	마력의 대축복	마법속성 아이템의 위력이 {0}% 상승한다
871647461	91	Great Magic Blessing+	Boosts magic item power by {0}%.			60	60	60	0	0	1	1	0	0	0	0	0	0	0	0	0	1135783895	1290533357	1	1	魔力の大祝福＋	魔法属性アイテムの威力が{0}％上昇する	魔力之大祝福＋	魔法道具的威力提升{0}%。	魔力之大祝福+	魔法道具的威力上升{0}%。	마력의 대축복＋	마법속성 아이템의 위력이 {0}% 상승한다
1466047851	92	Fire Blessing	Boosts fire item power by {0}%.			20	15	15	0	0	1	1	0	0	0	0	0	0	0	0	1	1135783895	1710804709	0	1	火の祝福	火属性アイテムの威力が{0}％上昇する	火之祝福	火道具的威力提升{0}%。	火之祝福	火道具的威力上升{0}%。	불의 축복	화속성 아이템의 위력이 {0}% 상승한다
831828783	93	Fire Blessing+	Boosts fire item power by {0}%.			40	30	30	0	0	1	1	0	0	0	0	0	0	0	0	1	1135783895	1710804709	0	1	火の祝福＋	火属性アイテムの威力が{0}％上昇する	火之祝福＋	火道具的威力提升{0}%。	火之祝福+	火道具的威力上升{0}%。	불의 축복＋	화속성 아이템의 위력이 {0}% 상승한다
1184072633	94	Great Fire Blessing	Boosts fire item power by {0}%.	Fire Blessing	Fire Blessing+	50	45	45	0	0	1	1	0	0	0	0	0	0	0	0	0	1135783895	1710804709	1	1	火の大祝福	火属性アイテムの威力が{0}％上昇する	火之大祝福	火道具的威力提升{0}%。	火之大祝福	火道具的威力上升{0}%。	불의 대축복	화속성 아이템의 위력이 {0}% 상승한다
654895588	95	Great Fire Blessing+	Boosts fire item power by {0}%.			60	60	60	0	0	1	1	0	0	0	0	0	0	0	0	0	1135783895	1710804709	1	1	火の大祝福＋	火属性アイテムの威力が{0}％上昇する	火之大祝福＋	火道具的威力提升{0}%。	火之大祝福+	火道具的威力上升{0}%。	불의 대축복＋	화속성 아이템의 위력이 {0}% 상승한다
147219863	96	Ice Blessing	Boosts ice item power by {0}%.			20	15	15	0	0	1	1	0	0	0	0	0	0	0	0	1	1135783895	980879470	0	1	氷の祝福	氷属性アイテムの威力が{0}％上昇する	冰之祝福	冰道具的威力提升{0}%。	冰之祝福	冰道具的威力上升{0}%。	얼음의 축복	빙속성 아이템의 위력이 {0}% 상승한다
1848691667	97	Ice Blessing+	Boosts ice item power by {0}%.			40	30	30	0	0	1	1	0	0	0	0	0	0	0	0	1	1135783895	980879470	0	1	氷の祝福＋	氷属性アイテムの威力が{0}％上昇する	冰之祝福＋	冰道具的威力提升{0}%。	冰之祝福+	冰道具的威力上升{0}%。	얼음의 축복＋	빙속성 아이템의 위력이 {0}% 상승한다
423099205	98	Great Ice Blessing	Boosts ice item power by {0}%.	Ice Blessing	Ice Blessing+	50	45	45	0	0	1	1	0	0	0	0	0	0	0	0	0	1135783895	980879470	1	1	氷の大祝福	氷属性アイテムの威力が{0}％上昇する	冰之大祝福	冰道具的威力提升{0}%。	冰之大祝福	冰道具的威力上升{0}%。	얼음의 대축복	빙속성 아이템의 위력이 {0}% 상승한다
2024575258	99	Great Ice Blessing+	Boosts ice item power by {0}%.			60	60	60	0	0	1	1	0	0	0	0	0	0	0	0	0	1135783895	980879470	1	1	氷の大祝福＋	氷属性アイテムの威力が{0}％上昇する	冰之大祝福＋	冰道具的威力提升{0}%。	冰之大祝福+	冰道具的威力上升{0}%。	얼음의 대축복＋	빙속성 아이템의 위력이 {0}% 상승한다
1956145161	100	Air Blessing	Boosts air item power by {0}%.			20	15	15	0	0	1	1	0	0	0	0	0	0	0	0	1	1135783895	1297626265	0	1	風の祝福	風属性アイテムの威力が{0}％上昇する	风之祝福	风道具的威力提升{0}%。	風之祝福	風道具的威力上升{0}%。	바람의 축복	풍속성 아이템의 위력이 {0}% 상승한다
309249613	101	Air Blessing+	Boosts air item power by {0}%.			40	30	30	0	0	1	1	0	0	0	0	0	0	0	0	1	1135783895	1297626265	0	1	風の祝福＋	風属性アイテムの威力が{0}％上昇する	风之祝福＋	风道具的威力提升{0}%。	風之祝福+	風道具的威力上升{0}%。	바람의 축복＋	풍속성 아이템의 위력이 {0}% 상승한다
1701443291	102	Great Air Blessing	Boosts air item power by {0}%.	Air Blessing	Air Blessing+	50	45	45	0	0	1	1	0	0	0	0	0	0	0	0	0	1135783895	1297626265	1	1	風の大祝福	風属性アイテムの威力が{0}％上昇する	风之大祝福	风道具的威力提升{0}%。	風之大祝福	風道具的威力上升{0}%。	바람의 대축복	풍속성 아이템의 위력이 {0}% 상승한다
83008648	103	Great Air Blessing+	Boosts air item power by {0}%.			60	60	60	0	0	1	1	0	0	0	0	0	0	0	0	0	1135783895	1297626265	1	1	風の大祝福＋	風属性アイテムの威力が{0}％上昇する	风之大祝福＋	风道具的威力提升{0}%。	風之大祝福+	風道具的威力上升{0}%。	바람의 대축복＋	풍속성 아이템의 위력이 {0}% 상승한다
1127814103	104	Bolt Blessing	Boosts bolt item power by {0}%.			20	15	15	0	0	1	1	0	0	0	0	0	0	0	0	1	1135783895	1764774689	0	1	雷の祝福	雷属性アイテムの威力が{0}％上昇する	雷之祝福	雷道具的威力提升{0}%。	雷之祝福	雷道具的威力上升{0}%。	번개의 축복	뇌속성 아이템의 위력이 {0}% 상승한다
634371475	105	Bolt Blessing+	Boosts bolt item power by {0}%.			40	30	30	0	0	1	1	0	0	0	0	0	0	0	0	1	1135783895	1764774689	0	1	雷の祝福＋	雷属性アイテムの威力が{0}％上昇する	雷之祝福＋	雷道具的威力提升{0}%。	雷之祝福+	雷道具的威力上升{0}%。	번개의 축복＋	뇌속성 아이템의 위력이 {0}% 상승한다
1388875013	106	Great Bolt Blessing	Boosts bolt item power by {0}%.	Bolt Blessing	Bolt Blessing+	50	45	45	0	0	1	1	0	0	0	0	0	0	0	0	0	1135783895	1764774689	1	1	雷の大祝福	雷属性アイテムの威力が{0}％上昇する	雷之大祝福	雷道具的威力提升{0}%。	雷之大祝福	雷道具的威力上升{0}%。	번개의 대축복	뇌속성 아이템의 위력이 {0}% 상승한다
861136728	107	Great Bolt Blessing+	Boosts bolt item power by {0}%.			60	60	60	0	0	1	1	0	0	0	0	0	0	0	0	0	1135783895	1764774689	1	1	雷の大祝福＋	雷属性アイテムの威力が{0}％上昇する	雷之大祝福＋	雷道具的威力提升{0}%。	雷之大祝福+	雷道具的威力上升{0}%。	번개의 대축복＋	뇌속성 아이템의 위력이 {0}% 상승한다
2020120747	108	Physical Resistance Blessing	Raises the target's physical resistance by {0}%.			10	10	10	0	0	1	0	1	0	1	0	0	0	0	0	1	1135783895	1198369485	0	1	物理耐性の祝福	対象の物理属性耐性が{0}％上昇する	物理耐性之祝福	使目标的物理耐性提升{0}%。	物理耐性祝福	使目標的物理耐性上升{0}%。	물리내성 축복	대상의 물리내성이 {0}% 상승한다
513685231	109	Physical Resistance Blessing+	Raises the target's physical resistance by {0}%.			20	20	20	0	0	1	0	1	0	1	0	0	0	0	0	1	1135783895	1198369485	0	1	物理耐性の祝福＋	対象の物理属性耐性が{0}％上昇する	物理耐性之祝福＋	使目标的物理耐性提升{0}%。	物理耐性祝福+	使目標的物理耐性上升{0}%。	물리내성 축복＋	대상의 물리내성이 {0}% 상승한다
1771636345	110	Fortified Protection	Raises the target's physical resistance by {0}%.	Physical Resistance Blessing	Physical Resistance Blessing+	40	30	30	0	0	1	0	1	0	1	0	0	0	0	0	0	1135783895	1198369485	1	1	堅守の加護	対象の物理属性耐性が{0}％上昇する	坚守庇护	使目标的物理耐性提升{0}%。	堅守庇護	使目標的物理耐性上升{0}%。	견수의 가호	대상의 물리내성이 {0}% 상승한다
134376484	111	Fortified Protection+	Raises the target's physical resistance by {0}%.			60	40	40	0	0	1	0	1	0	1	0	0	0	0	0	0	1135783895	1198369485	1	1	堅守の加護＋	対象の物理属性耐性が{0}％上昇する	坚守庇护＋	使目标的物理耐性提升{0}%。	堅守庇護+	使目標的物理耐性上升{0}%。	견수의 가호＋	대상의 물리내성이 {0}% 상승한다
2062994227	112	Magic Resistance Blessing	Raises the target's magic resistance by {0}%.			10	10	10	0	0	1	0	1	0	1	0	0	0	0	0	1	1135783895	15827069	0	1	魔法耐性の祝福	対象の魔法属性耐性が{0}％上昇する	魔法耐性之祝福	使目标的魔法耐性提升{0}%。	魔法耐性祝福	使目標的魔法耐性上升{0}%。	마법내성 축복	대상의 마법내성이 {0}% 상승한다
469788023	113	Magic Resistance Blessing+	Raises the target's magic resistance by {0}%.			20	20	20	0	0	1	0	1	0	1	0	0	0	0	0	1	1135783895	15827069	0	1	魔法耐性の祝福＋	対象の魔法属性耐性が{0}％上昇する	魔法耐性之祝福＋	使目标的魔法耐性提升{0}%。	魔法耐性祝福+	使目標的魔法耐性上升{0}%。	마법내성 축복＋	대상의 마법내성이 {0}% 상승한다
1795642849	114	Magical Protection	Raises the target's magic resistance by {0}%.	Magic Resistance Blessing	Magic Resistance Blessing+	40	30	30	0	0	1	0	1	0	1	0	0	0	0	0	0	1135783895	15827069	1	1	神秘の加護	対象の魔法属性耐性が{0}％上昇する	神秘庇护	使目标的魔法耐性提升{0}%。	神秘庇護	使目標的魔法耐性上升{0}%。	신비의 가호	대상의 마법내성이 {0}% 상승한다
178012092	115	Magical Protection+	Raises the target's magic resistance by {0}%.			60	40	40	0	0	1	0	1	0	1	0	0	0	0	0	0	1135783895	15827069	1	1	神秘の加護＋	対象の魔法属性耐性が{0}％上昇する	神秘庇护＋	使目标的魔法耐性提升{0}%。	神秘庇護+	使目標的魔法耐性上升{0}%。	신비의 가호＋	대상의 마법내성이 {0}% 상승한다
521583784	116	Fire Resistance Blessing	Raises the target's fire resistance by {0}%.			10	10	10	0	0	1	0	1	0	1	0	0	0	0	0	1	1135783895	435909091	0	1	火耐性の祝福	対象の火属性耐性が{0}％上昇する	火耐性之祝福	使目标的火耐性提升{0}%。	火耐性祝福	使目標的火耐性上升{0}%。	화내성 축복	대상의 화내성이 {0}% 상승한다
2044728046	117	Fire Resistance Blessing+	Raises the target's fire resistance by {0}%.			20	20	20	0	0	1	0	1	0	1	0	0	0	0	0	1	1135783895	435909091	0	1	火耐性の祝福＋	対象の火属性耐性が{0}％上昇する	火耐性之祝福＋	使目标的火耐性提升{0}%。	火耐性祝福+	使目標的火耐性上升{0}%。	화내성 축복＋	대상의 화내성이 {0}% 상승한다
250028668	118	Flame Armor Protection	Raises the target's fire resistance by {0}%.	Fire Resistance Blessing	Fire Resistance Blessing+	40	30	30	0	0	1	0	1	0	1	0	0	0	0	0	0	1135783895	435909091	1	1	炎鎧の加護	対象の火属性耐性が{0}％上昇する	炎铠庇护	使目标的火耐性提升{0}%。	炎鎧庇護	使目標的火耐性上升{0}%。	화염갑옷의 가호	대상의 화내성이 {0}% 상승한다
1870415911	119	Flame Armor Protection+	Raises the target's fire resistance by {0}%.			60	40	40	0	0	1	0	1	0	1	0	0	0	0	0	0	1135783895	435909091	1	1	炎鎧の加護＋	対象の火属性耐性が{0}％上昇する	炎铠庇护＋	使目标的火耐性提升{0}%。	炎鎧庇護+	使目標的火耐性上升{0}%。	화염갑옷의 가호＋	대상의 화내성이 {0}% 상승한다
833491662	120	Ice Resistance Blessing	Raises the target's ice resistance by {0}%.			10	10	10	0	0	1	0	1	0	1	0	0	0	0	0	1	1135783895	364001147	0	1	氷耐性の祝福	対象の氷属性耐性が{0}％上昇する	冰耐性之祝福	使目标的冰耐性提升{0}%。	冰耐性祝福	使目標的冰耐性上升{0}%。	빙내성 축복	대상의 빙내성이 {0}% 상승한다
1465433228	121	Ice Resistance Blessing+	Raises the target's ice resistance by {0}%.			20	20	20	0	0	1	0	1	0	1	0	0	0	0	0	1	1135783895	364001147	0	1	氷耐性の祝福＋	対象の氷属性耐性が{0}％上昇する	冰耐性之祝福＋	使目标的冰耐性提升{0}%。	冰耐性祝福+	使目標的冰耐性上升{0}%。	빙내성 축복＋	대상의 빙내성이 {0}% 상승한다
543132702	122	Frost Armor Protection	Raises the target's ice resistance by {0}%.	Ice Resistance Blessing	Ice Resistance Blessing+	40	30	30	0	0	1	0	1	0	1	0	0	0	0	0	0	1135783895	364001147	1	1	氷鎧の加護	対象の氷属性耐性が{0}％上昇する	冰铠庇护	使目标的冰耐性提升{0}%。	冰鎧庇護	使目標的冰耐性上升{0}%。	얼음갑옷의 가호	대상의 빙내성이 {0}% 상승한다
1103423041	123	Frost Armor Protection+	Raises the target's ice resistance by {0}%.			60	40	40	0	0	1	0	1	0	1	0	0	0	0	0	0	1135783895	364001147	1	1	氷鎧の加護＋	対象の氷属性耐性が{0}％上昇する	冰铠庇护＋	使目标的冰耐性提升{0}%。	冰鎧庇護+	使目標的冰耐性上升{0}%。	얼음갑옷의 가호＋	대상의 빙내성이 {0}% 상승한다
1022151116	124	Air Resistance Blessing	Raises the target's air resistance by {0}%.			10	10	10	0	0	1	0	1	0	1	0	0	0	0	0	1	1135783895	1654459280	0	1	風耐性の祝福	対象の風属性耐性が{0}％上昇する	风耐性之祝福	使目标的风耐性提升{0}%。	風耐性祝福	使目標的風耐性上升{0}%。	풍내성 축복	대상의 풍내성이 {0}% 상승한다
1511679886	125	Air Resistance Blessing+	Raises the target's air resistance by {0}%.			20	20	20	0	0	1	0	1	0	1	0	0	0	0	0	1	1135783895	1654459280	0	1	風耐性の祝福＋	対象の風属性耐性が{0}％上昇する	风耐性之祝福＋	使目标的风耐性提升{0}%。	風耐性祝福+	使目標的風耐性上升{0}%。	풍내성 축복＋	대상의 풍내성이 {0}% 상승한다
756897560	126	Wind Armor Protection	Raises the target's air resistance by {0}%.	Air Resistance Blessing	Air Resistance Blessing+	40	30	30	0	0	1	0	1	0	1	0	0	0	0	0	0	1135783895	1654459280	1	1	風鎧の加護	対象の風属性耐性が{0}％上昇する	风铠庇护	使目标的风耐性提升{0}%。	風鎧庇護	使目標的風耐性上升{0}%。	바람갑옷의 가호	대상의 풍내성이 {0}% 상승한다
1283865925	127	Wind Armor Protection+	Raises the target's air resistance by {0}%.			60	40	40	0	0	1	0	1	0	1	0	0	0	0	0	0	1135783895	1654459280	1	1	風鎧の加護＋	対象の風属性耐性が{0}％上昇する	风铠庇护＋	使目标的风耐性提升{0}%。	風鎧庇護+	使目標的風耐性上升{0}%。	바람갑옷의 가호＋	대상의 풍내성이 {0}% 상승한다
816055051	128	Lightning Armor Protection	Raises the target's bolt resistance by {0}%.			10	10	10	0	0	1	0	1	0	1	0	0	0	0	0	1	1135783895	1768587014	0	1	雷耐性の祝福	対象の雷属性耐性が{0}％上昇する	雷耐性之祝福	使目标的雷耐性提升{0}%。	雷耐性祝福	使目標的雷耐性上升{0}%。	뇌내성 축복	대상의 뇌내성이 {0}% 상승한다
1448258895	129	Lightning Armor Protection+	Raises the target's bolt resistance by {0}%.			20	20	20	0	0	1	0	1	0	1	0	0	0	0	0	1	1135783895	1768587014	0	1	雷耐性の祝福＋	対象の雷属性耐性が{0}％上昇する	雷耐性之祝福＋	使目标的雷耐性提升{0}%。	雷耐性祝福+	使目標的雷耐性上升{0}%。	뇌내성 축복＋	대상의 뇌내성이 {0}% 상승한다
559259097	130	Lightning Armor Protection	Raises the target's bolt resistance by {0}%.	Lightning Armor Protection	Lightning Armor Protection+	40	30	30	0	0	1	0	1	0	1	0	0	0	0	0	0	1135783895	1768587014	1	1	雷鎧の加護	対象の雷属性耐性が{0}％上昇する	雷铠庇护	使目标的雷耐性提升{0}%。	雷鎧庇護	使目標的雷耐性上升{0}%。	번개갑옷의 가호	대상의 뇌내성이 {0}% 상승한다
1087305604	131	Lightning Armor Protection+	Raises the target's bolt resistance by {0}%.			60	40	40	0	0	1	0	1	0	1	0	0	0	0	0	0	1135783895	1768587014	1	1	雷鎧の加護＋	対象の雷属性耐性が{0}％上昇する	雷铠庇护＋	使目标的雷耐性提升{0}%。	雷鎧庇護+	使目標的雷耐性上升{0}%。	번개갑옷의 가호＋	대상의 뇌내성이 {0}% 상승한다
719721902	132	Paralysis Cure	Cures Paralysis from the target.			8	100	100	0	0	1	0	1	0	1	0	0	0	0	0	1	905217877	1371764327	0	1	麻痺を治療	対象の麻痺状態を治療する	治疗麻痹	治疗目标的麻痹状态。	治療麻痺	治療目標的麻痺狀態。	마비 치료	대상의 마비 상태를 치료한다
1276165100	133	Sleep Cure	Cures Sleep from the target.			8	100	100	0	0	1	0	1	0	1	0	0	0	0	0	1	905217877	1371764327	0	1	睡眠を治療	対象の睡眠状態を治療する	治疗睡眠	治疗目标的睡眠状态。	治療睡眠	治療目標的睡眠狀態。	수면 치료	대상의 수면 상태를 치료한다
991398782	134	Poison Cure	Cures Poison from the target.			8	100	100	0	0	1	0	1	0	1	0	0	0	0	0	1	905217877	1371764327	0	1	毒を治療	対象の毒状態を治療する	治疗中毒	治疗目标的中毒状态。	治療中毒	治療目標的中毒狀態。	독 치료	대상의 독 상태를 치료한다
1519182113	135	Burns Cure	Cures Burns from the target.			8	100	100	0	0	1	0	1	0	1	0	0	0	0	0	1	905217877	1371764327	0	1	火傷を治療	対象の火傷状態を治療する	治疗火伤	治疗目标的火伤状态。	治療燒傷	治療目標的燒傷狀態。	화상 치료	대상의 화상 상태를 치료한다
764137911	136	Blindness Cure	Cures Blindness from the target.			8	100	100	0	0	1	0	1	0	1	0	0	0	0	0	1	905217877	1371764327	0	1	暗闇を治療	対象の暗闇状態を治療する	治疗盲目	治疗目标的盲目状态。	治療盲目	治療目標的盲目狀態。	암흑 치료	대상의 암흑 상태를 치료한다
1266515955	137	Daze Cure	Cures Daze from the target.			8	100	100	0	0	1	0	1	0	1	0	0	0	0	0	1	905217877	1371764327	0	1	スタンを治療	対象のスタン状態を治療する	治疗昏眩	治疗目标的昏眩状态。	治療昏眩	治療目標的昏眩狀態。	스턴 치료	대상의 스턴 상태를 치료한다
1014648677	138	Frostbite Cure	Cures Frostbite from the target.			8	100	100	0	0	1	0	1	0	1	0	0	0	0	0	1	905217877	1371764327	0	1	カチコチを治療	対象のカチコチ状態を治療する	治疗僵直	治疗目标的僵直状态。	治療僵硬	治療目標的僵硬狀態。	동상 치료	대상의 동상 상태를 치료한다
1396354314	139	Remove All Status Eff.	Cures all status effects from the target.			40	100	100	0	0	1	0	1	0	1	0	0	0	0	0	1	905217877	1371764327	0	1	状態異常全解除	対象の状態異常をすべて治療する	异常状态全部解除	治疗目标所有的异常状态。	異常狀態全部解除	治療目標的所有異常狀態。	상태이상 모두 해제	대상의 상태이상을 모두 치료한다
1601005557	140	Curse Strength	Reduces the target's ATK by {0}%.			10	5	5	0	0	1	1	0	1	0	0	0	0	0	0	1	672248277	1702562854	0	1	力の呪い	対象の攻撃力を{0}％低下させる	力量的诅咒	使目标的攻击力下降{0}%。	力量的詛咒	使目標的攻擊力下降{0}%。	힘의 저주	대상의 공격력을 {0}% 저하시킨다
966511025	141	Banish Strength	Reduces the target's ATK by {0}%.			20	10	10	0	0	1	1	0	1	0	0	0	0	0	0	1	672248277	1702562854	0	1	無力の呪詛	対象の攻撃力を{0}％低下させる	无力的诅咒	使目标的攻击力下降{0}%。	無力的詛咒	使目標的攻擊力下降{0}%。	무력의 저주	대상의 공격력을 {0}% 저하시킨다
1318910247	142	Banish All Strength	Reduces the target's ATK by {0}%.	Curse Strength	Banish Strength	40	20	20	0	0	1	1	0	1	0	0	0	0	0	0	0	672248277	1702562854	1	1	無力の神罰	対象の攻撃力を{0}％低下させる	无力的神罚	使目标的攻击力下降{0}%。	無力的神罰	使目標的攻擊力下降{0}%。	무력의 신벌	대상의 공격력을 {0}% 저하시킨다
789025658	143	Banish All Strength+	Reduces the target's ATK by {0}%.			60	30	30	0	0	1	1	0	1	0	0	0	0	0	0	0	672248277	1702562854	1	1	無力の神罰＋	対象の攻撃力を{0}％低下させる	无力的神罚＋	使目标的攻击力下降{0}%。	無力的神罰+	使目標的攻擊力下降{0}%。	무력의 신벌＋	대상의 공격력을 {0}% 저하시킨다
1565032542	144	Curse Protection	Reduces the target's DEF by {0}%.			10	5	5	0	0	1	1	0	1	0	0	0	0	0	0	1	672248277	1785736136	0	1	守りの呪い	対象の防御力を{0}％低下させる	守备的诅咒	使目标的防御力下降{0}%。	守備的詛咒	使目標的防禦力下降{0}%。	방어의 저주	대상의 방어력을 {0}% 저하시킨다
1002319388	145	Banish Protection	Reduces the target's DEF by {0}%.			20	10	10	0	0	1	1	0	1	0	0	0	0	0	0	1	672248277	1785736136	0	1	無守の呪詛	対象の防御力を{0}％低下させる	无守的诅咒	使目标的防御力下降{0}%。	無守的詛咒	使目標的防禦力下降{0}%。	무수의 저주	대상의 방어력을 {0}% 저하시킨다
1287200398	146	Banish All Protection	Reduces the target's DEF by {0}%.	Curse Protection	Banish Protection	40	20	20	0	0	1	1	0	1	0	0	0	0	0	0	0	672248277	1785736136	1	1	無守の神罰	対象の防御力を{0}％低下させる	无守的神罚	使目标的防御力下降{0}%。	無守的神罰	使目標的防禦力下降{0}%。	무수의 신벌	대상의 방어력을 {0}% 저하시킨다
757232849	147	Banish All Protection+	Reduces the target's DEF by {0}%.			60	30	30	0	0	1	1	0	1	0	0	0	0	0	0	0	672248277	1785736136	1	1	無守の神罰＋	対象の防御力を{0}％低下させる	无守的神罚＋	使目标的防御力下降{0}%。	無守的神罰+	使目標的防禦力下降{0}%。	무수의 신벌＋	대상의 방어력을 {0}% 저하시킨다
23315303	148	Curse Speed	Reduces the target's SPD by {0}%.			10	5	5	0	0	1	1	0	1	0	0	0	0	0	0	1	672248277	1183110841	0	1	速さの呪い	対象の素早さを{0}％低下させる	速度的诅咒	使目标的敏捷下降{0}%。	速度的詛咒	使目標的敏捷下降{0}%。	속도의 저주	대상의 민첩성을 {0}% 저하시킨다
1737846051	149	Banish Speed	Reduces the target's SPD by {0}%.			20	10	10	0	0	1	1	0	1	0	0	0	0	0	0	1	672248277	1183110841	0	1	無速の呪詛	対象の素早さを{0}％低下させる	无速的诅咒	使目标的敏捷下降{0}%。	無速的詛咒	使目標的敏捷下降{0}%。	무속의 저주	대상의 민첩성을 {0}% 저하시킨다
278027701	150	Banish All Speed	Reduces the target's SPD by {0}%.	Curse Speed	Banish Speed	40	20	20	0	0	1	1	0	1	0	0	0	0	0	0	0	672248277	1183110841	1	1	無速の神罰	対象の素早さを{0}％低下させる	无速的神罚	使目标的敏捷下降{0}%。	無速的神罰	使目標的敏捷下降{0}%。	무속의 신벌	대상의 민첩성을 {0}% 저하시킨다
1896429546	151	Banish All Speed+	Reduces the target's SPD by {0}%.			60	30	30	0	0	1	1	0	1	0	0	0	0	0	0	0	672248277	1183110841	1	1	無速の神罰＋	対象の素早さを{0}％低下させる	无速的神罚＋	使目标的敏捷下降{0}%。	無速的神罰+	使目標的敏捷下降{0}%。	무속의 신벌＋	대상의 민첩성을 {0}% 저하시킨다
1991437565	152	Curse Phys ATK	Weakens the target's physical skill power by {0}%.			10	5	5	0	0	1	1	0	1	0	0	0	0	0	0	1	672248277	263441134	0	1	物理攻撃の呪い	対象の物理スキル威力を{0}％低下させる	物理攻击的诅咒	使目标的物理技能威力下降{0}%。	物理攻擊之詛咒	使目標的物理技能威力下降{0}%。	물리공격의 저주	대상의 물리스킬 위력을 {0}% 저하시킨다
272908985	153	Curse Phys ATK+	Weakens the target's physical skill power by {0}%.			20	10	10	0	0	1	1	0	1	0	0	0	0	0	0	1	672248277	263441134	0	1	物理攻撃の呪い＋	対象の物理スキル威力を{0}％低下させる	物理攻击的诅咒＋	使目标的物理技能威力下降{0}%。	物理攻擊之詛咒+	使目標的物理技能威力下降{0}%。	물리공격의 저주＋	대상의 물리스킬 위력을 {0}% 저하시킨다
1732473391	154	Bind Phys ATK	Weakens the target's physical skill power by {0}%.	Curse Phys ATK	Curse Phys ATK+	40	20	20	0	0	1	1	0	1	0	0	0	0	0	0	0	672248277	263441134	1	1	物理攻撃の呪縛	対象の物理スキル威力を{0}％低下させる	物理攻击的束缚	使目标的物理技能威力下降{0}%。	物理攻擊之咒縛	使目標的物理技能威力下降{0}%。	물리공격의 주박	대상의 물리스킬 위력을 {0}% 저하시킨다
114825332	155	Bind Phys ATK+	Weakens the target's physical skill power by {0}%.			60	30	30	0	0	1	1	0	1	0	0	0	0	0	0	0	672248277	263441134	1	1	物理攻撃の呪縛＋	対象の物理スキル威力を{0}％低下させる	物理攻击的束缚＋	使目标的物理技能威力下降{0}%。	物理攻擊之咒縛+	使目標的物理技能威力下降{0}%。	물리공격의 주박＋	대상의 물리스킬 위력을 {0}% 저하시킨다
1949089637	156	Curse Magic ATK	Weakens the target's magic skill power by {0}%.			10	5	5	0	0	1	1	0	1	0	0	0	0	0	0	1	672248277	1524944524	0	1	魔法攻撃の呪い	対象の魔法スキル威力を{0}％低下させる	魔法攻击的诅咒	使目标的魔法技能威力下降{0}%。	魔法攻擊之詛咒	使目標的魔法技能威力下降{0}%。	마법공격의 저주	대상의 마법스킬 위력을 {0}% 저하시킨다
316281121	157	Curse Magic ATK+	Weakens the target's magic skill power by {0}%.			20	10	10	0	0	1	1	0	1	0	0	0	0	0	0	1	672248277	1524944524	0	1	魔法攻撃の呪い＋	対象の魔法スキル威力を{0}％低下させる	魔法攻击的诅咒＋	使目标的魔法技能威力下降{0}%。	魔法攻擊之詛咒+	使目標的魔法技能威力下降{0}%。	마법공격의 저주＋	대상의 마법스킬 위력을 {0}% 저하시킨다
1708990903	158	Bind Magic ATK	Weakens the target's magic skill power by {0}%.	Curse Magic ATK	Curse Magic ATK+	40	20	20	0	0	1	1	0	1	0	0	0	0	0	0	0	672248277	1524944524	1	1	魔法攻撃の呪縛	対象の魔法スキル威力を{0}％低下させる	魔法攻击的束缚	使目标的魔法技能威力下降{0}%。	魔法攻擊之咒縛	使目標的魔法技能威力下降{0}%。	마법공격의 주박	대상의 마법스킬 위력을 {0}% 저하시킨다
71715820	159	Bind Magic ATK+	Weakens the target's magic skill power by {0}%.			60	30	30	0	0	1	1	0	1	0	0	0	0	0	0	0	672248277	1524944524	1	1	魔法攻撃の呪縛＋	対象の魔法スキル威力を{0}％低下させる	魔法攻击的束缚＋	使目标的魔法技能威力下降{0}%。	魔法攻擊之咒縛+	使目標的魔法技能威力下降{0}%。	마법공격의 주박＋	대상의 마법스킬 위력을 {0}% 저하시킨다
940920071	160	Curse Fire ATK	Weakens the target's fire skill power by {0}%.			10	5	5	0	0	1	1	0	1	0	0	0	0	0	0	1	672248277	157981469	0	1	火攻撃の呪い	対象の火スキル威力を{0}％低下させる	火攻击之诅咒	使目标的火技能威力下降{0}%。	火攻擊之詛咒	使目標的火技能威力下降{0}%。	화공격의 저주	대상의 화스킬 위력을 {0}% 저하시킨다
1591993155	161	Curse Fire ATK+	Weakens the target's fire skill power by {0}%.			20	10	10	0	0	1	1	0	1	0	0	0	0	0	0	1	672248277	157981469	0	1	火攻撃の呪い＋	対象の火スキル威力を{0}％低下させる	火攻击之诅咒＋	使目标的火技能威力下降{0}%。	火攻擊之詛咒+	使目標的火技能威力下降{0}%。	화공격의 저주＋	대상의 화스킬 위력을 {0}% 저하시킨다
702862293	162	Bind Fire ATK	Weakens the target's fire skill power by {0}%.	Curse Fire ATK	Curse Fire ATK+	40	20	20	0	0	1	1	0	1	0	0	0	0	0	0	0	672248277	157981469	1	1	火攻撃の呪縛	対象の火スキル威力を{0}％低下させる	火攻击之束缚	使目标的火技能威力下降{0}%。	火攻擊之咒縛	使目標的火技能威力下降{0}%。	화공격의 주박	대상의 화스킬 위력을 {0}% 저하시킨다
1216330122	163	Bind Fire ATK+	Weakens the target's fire skill power by {0}%.			60	30	30	0	0	1	1	0	1	0	0	0	0	0	0	0	672248277	157981469	1	1	火攻撃の呪縛＋	対象の火スキル威力を{0}％低下させる	火攻击之束缚＋	使目标的火技能威力下降{0}%。	火攻擊之咒縛+	使目標的火技能威力下降{0}%。	화공격의 주박＋	대상의 화스킬 위력을 {0}% 저하시킨다
1064593050	164	Curse Ice ATK	Weakens the target's ice skill power by {0}%.			10	5	5	0	0	1	1	0	1	0	0	0	0	0	0	1	672248277	1579324385	0	1	氷攻撃の呪い	対象の氷スキル威力を{0}％低下させる	冰攻击之诅咒	使目标的冰技能威力下降{0}%。	冰攻擊之詛咒	使目標的冰技能威力下降{0}%。	빙공격의 저주	대상의 빙스킬 위력을 {0}% 저하시킨다
1501743324	165	Curse Ice ATK+	Weakens the target's ice skill power by {0}%.			20	10	10	0	0	1	1	0	1	0	0	0	0	0	0	1	672248277	1579324385	0	1	氷攻撃の呪い＋	対象の氷スキル威力を{0}％低下させる	冰攻击之诅咒＋	使目标的冰技能威力下降{0}%。	冰攻擊之詛咒+	使目標的冰技能威力下降{0}%。	빙공격의 저주＋	대상의 빙스킬 위력을 {0}% 저하시킨다
780531786	166	Bind Ice ATK	Weakens the target's ice skill power by {0}%.	Curse Ice ATK	Curse Ice ATK+	40	20	20	0	0	1	1	0	1	0	0	0	0	0	0	0	672248277	1579324385	1	1	氷攻撃の呪縛	対象の氷スキル威力を{0}％低下させる	冰攻击之束缚	使目标的冰技能威力下降{0}%。	冰攻擊之咒縛	使目標的冰技能威力下降{0}%。	빙공격의 주박	대상의 빙스킬 위력을 {0}% 저하시킨다
1327403543	167	Bind Ice ATK+	Weakens the target's ice skill power by {0}%.			60	30	30	0	0	1	1	0	1	0	0	0	0	0	0	0	672248277	1579324385	1	1	氷攻撃の呪縛＋	対象の氷スキル威力を{0}％低下させる	冰攻击之束缚＋	使目标的冰技能威力下降{0}%。	冰攻擊之咒縛+	使目標的冰技能威力下降{0}%。	빙공격의 주박＋	대상의 빙스킬 위력을 {0}% 저하시킨다
468662373	168	Curse Air ATK	Weakens the target's air skill power by {0}%.			10	5	5	0	0	1	1	0	1	0	0	0	0	0	0	1	672248277	688762646	0	1	風攻撃の呪い	対象の風スキル威力を{0}％低下させる	风攻击之诅咒	使目标的风技能威力下降{0}%。	風攻擊之詛咒	使目標的風技能威力下降{0}%。	풍공격의 저주	대상의 풍스킬 위력을 {0}% 저하시킨다
2098828833	169	Curse Air ATK+	Weakens the target's air skill power by {0}%.			20	10	10	0	0	1	1	0	1	0	0	0	0	0	0	1	672248277	688762646	0	1	風攻撃の呪い＋	対象の風スキル威力を{0}％低下させる	风攻击之诅咒＋	使目标的风技能威力下降{0}%。	風攻擊之詛咒+	使目標的風技能威力下降{0}%。	풍공격의 저주＋	대상의 풍스킬 위력을 {0}% 저하시킨다
169780919	170	Bind Air ATK	Weakens the target's air skill power by {0}%.	Curse Air ATK	Curse Air ATK+	40	20	20	0	0	1	1	0	1	0	0	0	0	0	0	0	672248277	688762646	1	1	風攻撃の呪縛	対象の風スキル威力を{0}％低下させる	风攻击之束缚	使目标的风技能威力下降{0}%。	風攻擊之咒縛	使目標的風技能威力下降{0}%。	풍공격의 주박	대상의 풍스킬 위력을 {0}% 저하시킨다
1803930858	171	Bind Air ATK+	Weakens the target's air skill power by {0}%.			60	30	30	0	0	1	1	0	1	0	0	0	0	0	0	0	672248277	688762646	1	1	風攻撃の呪縛＋	対象の風スキル威力を{0}％低下させる	风攻击之束缚＋	使目标的风技能威力下降{0}%。	風攻擊之咒縛+	使目標的風技能威力下降{0}%。	풍공격의 주박＋	대상의 풍스킬 위력을 {0}% 저하시킨다
2001917165	172	Curse Bolt ATK	Weakens the target's bolt skill power by {0}%.			10	5	5	0	0	1	1	0	1	0	0	0	0	0	0	1	672248277	173434504	0	1	雷攻撃の呪い	対象の雷スキル威力を{0}％低下させる	雷攻击之诅咒	使目标的雷技能威力下降{0}%。	雷攻擊之詛咒	使目標的雷技能威力下降{0}%。	뇌공격의 저주	대상의 뇌스킬 위력을 {0}% 저하시킨다
295991977	173	Curse Bolt ATK+	Weakens the target's bolt skill power by {0}%.			20	10	10	0	0	1	1	0	1	0	0	0	0	0	0	1	672248277	173434504	0	1	雷攻撃の呪い＋	対象の雷スキル威力を{0}％低下させる	雷攻击之诅咒＋	使目标的雷技能威力下降{0}%。	雷攻擊之詛咒+	使目標的雷技能威力下降{0}%。	뇌공격의 저주＋	대상의 뇌스킬 위력을 {0}% 저하시킨다
1721977407	174	Bind Bolt ATK	Weakens the target's bolt skill power by {0}%.	Curse Bolt ATK	Curse Bolt ATK+	40	20	20	0	0	1	1	0	1	0	0	0	0	0	0	0	672248277	173434504	1	1	雷攻撃の呪縛	対象の雷スキル威力を{0}％低下させる	雷攻击之束缚	使目标的雷技能威力下降{0}%。	雷攻擊之咒縛	使目標的雷技能威力下降{0}%。	뇌공격의 주박	대상의 뇌스킬 위력을 {0}% 저하시킨다
121118818	175	Bind Bolt ATK+	Weakens the target's bolt skill power by {0}%.			60	30	30	0	0	1	1	0	1	0	0	0	0	0	0	0	672248277	173434504	1	1	雷攻撃の呪縛＋	対象の雷スキル威力を{0}％低下させる	雷攻击之束缚＋	使目标的雷技能威力下降{0}%。	雷攻擊之咒縛+	使目標的雷技能威力下降{0}%。	뇌공격의 주박＋	대상의 뇌스킬 위력을 {0}% 저하시킨다
1339726756	176	Mighty Curse	Lowers the target's physical resistance by {0}%.			10	5	5	0	0	1	1	0	1	0	0	0	0	0	0	1	672248277	1075146288	0	1	剛力の呪詛	対象の物理属性耐性を{0}％低下させる	刚力之诅咒	使目标的物理耐性下降{0}%。	剛力之詛咒	使目標的物理耐性下降{0}%。	강력의 저주	대상의 물리내성을 {0}% 저하시킨다
690763234	177	Mighty Curse+	Lowers the target's physical resistance by {0}%.			20	10	10	0	0	1	1	0	1	0	0	0	0	0	0	1	672248277	1075146288	0	1	剛力の呪詛＋	対象の物理属性耐性を{0}％低下させる	刚力之诅咒＋	使目标的物理耐性下降{0}%。	剛力之詛咒+	使目標的物理耐性下降{0}%。	강력의 저주＋	대상의 물리내성을 {0}% 저하시킨다
1579877752	178	Greater Mighty Curse	Lowers the target's physical resistance by {0}%.	Mighty Curse	Mighty Curse+	40	20	20	0	0	1	1	0	1	0	0	0	0	0	0	0	672248277	1075146288	1	1	剛力の大呪詛	対象の物理属性耐性を{0}％低下させる	刚力之大诅咒	使目标的物理耐性下降{0}%。	剛力之大詛咒	使目標的物理耐性下降{0}%。	강력의 대저주	대상의 물리내성을 {0}% 저하시킨다
1068527403	179	Greater Mighty Curse+	Lowers the target's physical resistance by {0}%.			60	30	30	0	0	1	1	0	1	0	0	0	0	0	0	0	672248277	1075146288	1	1	剛力の大呪詛＋	対象の物理属性耐性を{0}％低下させる	刚力之大诅咒＋	使目标的物理耐性下降{0}%。	剛力之大詛咒+	使目標的物理耐性下降{0}%。	강력의 대저주＋	대상의 물리내성을 {0}% 저하시킨다
1296353340	180	Magic Curse	Lowers the target's magic resistance by {0}%.			10	5	5	0	0	1	1	0	1	0	0	0	0	0	0	1	672248277	1224471274	0	1	魔力の呪詛	対象の魔法属性耐性を{0}％低下させる	魔力之诅咒	使目标的魔法耐性下降{0}%。	魔力之詛咒	使目標的魔法耐性下降{0}%。	마력의 저주	대상의 마법내성을 {0}% 저하시킨다
733111930	181	Magic Curse+	Lowers the target's magic resistance by {0}%.			20	10	10	0	0	1	1	0	1	0	0	0	0	0	0	1	672248277	1224471274	0	1	魔力の呪詛＋	対象の魔法属性耐性を{0}％低下させる	魔力之诅咒＋	使目标的魔法耐性下降{0}%。	魔力之詛咒+	使目標的魔法耐性下降{0}%。	마력의 저주＋	대상의 마법내성을 {0}% 저하시킨다
1555388144	182	Greater Magic Curse	Lowers the target's magic resistance by {0}%.	Magic Curse	Magic Curse+	40	20	20	0	0	1	1	0	1	0	0	0	0	0	0	0	672248277	1224471274	1	1	魔力の大呪詛	対象の魔法属性耐性を{0}％低下させる	魔力之大诅咒	使目标的魔法耐性下降{0}%。	魔力之大詛咒	使目標的魔法耐性下降{0}%。	마력의 대저주	대상의 마법내성을 {0}% 저하시킨다
1026440371	183	Greater Magic Curse+	Lowers the target's magic resistance by {0}%.			60	30	30	0	0	1	1	0	1	0	0	0	0	0	0	0	672248277	1224471274	1	1	魔力の大呪詛＋	対象の魔法属性耐性を{0}％低下させる	魔力之大诅咒＋	使目标的魔法耐性下降{0}%。	魔力之大詛咒+	使目標的魔法耐性下降{0}%。	마력의 대저주＋	대상의 마법내성을 {0}% 저하시킨다
1885465798	184	Fire Curse	Lowers the target's fire resistance by {0}%.			10	5	5	0	0	1	1	0	1	0	0	0	0	0	0	1	672248277	1361715613	0	1	火の呪詛	対象の火属性耐性を{0}％低下させる	火之诅咒	使目标的火耐性下降{0}%。	火之詛咒	使目標的火耐性下降{0}%。	불의 저주	대상의 화내성을 {0}% 저하시킨다
379011712	185	Fire Curse+	Lowers the target's fire resistance by {0}%.			20	10	10	0	0	1	1	0	1	0	0	0	0	0	0	1	672248277	1361715613	0	1	火の呪詛＋	対象の火属性耐性を{0}％低下させる	火之诅咒＋	使目标的火耐性下降{0}%。	火之詛咒+	使目標的火耐性下降{0}%。	불의 저주＋	대상의 화내성을 {0}% 저하시킨다
1636856342	186	Greater Fire Curse	Lowers the target's fire resistance by {0}%.	Fire Curse	Fire Curse+	40	20	20	0	0	1	1	0	1	0	0	0	0	0	0	0	672248277	1361715613	1	1	火の大呪詛	対象の火属性耐性を{0}％低下させる	火之大诅咒	使目标的火耐性下降{0}%。	火之大詛咒	使目標的火耐性下降{0}%。	불의 대저주	대상의 화내성을 {0}% 저하시킨다
727115	187	Greater Fire Curse+	Lowers the target's fire resistance by {0}%.			60	30	30	0	0	1	1	0	1	0	0	0	0	0	0	0	672248277	1361715613	1	1	火の大呪詛＋	対象の火属性耐性を{0}％低下させる	火之大诅咒＋	使目标的火耐性下降{0}%。	火之大詛咒+	使目標的火耐性下降{0}%。	불의 대저주＋	대상의 화내성을 {0}% 저하시킨다
102502849	188	Ice Curse	Lowers the target's ice resistance by {0}%.			10	5	5	0	0	1	1	0	1	0	0	0	0	0	0	1	672248277	1993605854	0	1	氷の呪詛	対象の氷属性耐性を{0}％低下させる	冰之诅咒	使目标的冰耐性下降{0}%。	冰之詛咒	使目標的冰耐性下降{0}%。	얼음의 저주	대상의 빙내성을 {0}% 저하시킨다
1625997189	189	Ice Curse+	Lowers the target's ice resistance by {0}%.			20	10	10	0	0	1	1	0	1	0	0	0	0	0	0	1	672248277	1993605854	0	1	氷の呪詛＋	対象の氷属性耐性を{0}％低下させる	冰之诅咒＋	使目标的冰耐性下降{0}%。	冰之詛咒+	使目標的冰耐性下降{0}%。	얼음의 저주＋	대상의 빙내성을 {0}% 저하시킨다
401444627	190	Greater Ice Curse	Lowers the target's ice resistance by {0}%.	Ice Curse	Ice Curse+	40	20	20	0	0	1	1	0	1	0	0	0	0	0	0	0	672248277	1993605854	1	1	氷の大呪詛	対象の氷属性耐性を{0}％低下させる	冰之大诅咒	使目标的冰耐性下降{0}%。	冰之大詛咒	使目標的冰耐性下降{0}%。	얼음의 대저주	대상의 빙내성을 {0}% 저하시킨다
1987503438	191	Greater Ice Curse+	Lowers the target's ice resistance by {0}%.			60	30	30	0	0	1	1	0	1	0	0	0	0	0	0	0	672248277	1993605854	1	1	氷の大呪詛＋	対象の氷属性耐性を{0}％低下させる	冰之大诅咒＋	使目标的冰耐性下降{0}%。	冰之大詛咒+	使目標的冰耐性下降{0}%。	얼음의 대저주＋	대상의 빙내성을 {0}% 저하시킨다
1402706342	192	Air Curse	Lowers the target's air resistance by {0}%.			10	5	5	0	0	1	1	0	1	0	0	0	0	0	0	1	672248277	33242665	0	1	風の呪詛	対象の風属性耐性を{0}％低下させる	风之诅咒	使目标的风耐性下降{0}%。	風之詛咒	使目標的風耐性下降{0}%。	바람의 저주	대상의 풍내성을 {0}% 저하시킨다
896350180	193	Air Curse+	Lowers the target's air resistance by {0}%.			20	10	10	0	0	1	1	0	1	0	0	0	0	0	0	1	672248277	33242665	0	1	風の呪詛＋	対象の風属性耐性を{0}％低下させる	风之诅咒＋	使目标的风耐性下降{0}%。	風之詛咒+	使目標的風耐性下降{0}%。	바람의 저주＋	대상의 풍내성을 {0}% 저하시킨다
1114244982	194	Greater Air Curse	Lowers the target's air resistance by {0}%.	Air Curse	Air Curse+	40	20	20	0	0	1	1	0	1	0	0	0	0	0	0	0	672248277	33242665	1	1	風の大呪詛	対象の風属性耐性を{0}％低下させる	风之大诅咒	使目标的风耐性下降{0}%。	風之大詛咒	使目標的風耐性下降{0}%。	바람의 대저주	대상의 풍내성을 {0}% 저하시킨다
603024681	195	Greater Air Curse+	Lowers the target's air resistance by {0}%.			60	30	30	0	0	1	1	0	1	0	0	0	0	0	0	0	672248277	33242665	1	1	風の大呪詛＋	対象の風属性耐性を{0}％低下させる	风之大诅咒＋	使目标的风耐性下降{0}%。	風之大詛咒+	使目標的風耐性下降{0}%。	바람의 대저주＋	대상의 풍내성을 {0}% 저하시킨다
80725041	196	Bolt Curse	Lowers the target's bolt resistance by {0}%.			10	5	5	0	0	1	1	0	1	0	0	0	0	0	0	1	672248277	2087355650	0	1	雷の呪詛	対象の雷属性耐性を{0}％低下させる	雷之诅咒	使目标的雷耐性下降{0}%。	雷之詛咒	使目標的雷耐性下降{0}%。	번개의 저주	대상의 뇌내성을 {0}% 저하시킨다
1647929973	197	Bolt Curse+	Lowers the target's bolt resistance by {0}%.			20	10	10	0	0	1	1	0	1	0	0	0	0	0	0	1	672248277	2087355650	0	1	雷の呪詛＋	対象の雷属性耐性を{0}％低下させる	雷之诅咒＋	使目标的雷耐性下降{0}%。	雷之詛咒+	使目標的雷耐性下降{0}%。	번개의 저주＋	대상의 뇌내성을 {0}% 저하시킨다
356408035	198	Greater Bolt Curse	Lowers the target's bolt resistance by {0}%.	Bolt Curse	Bolt Curse+	40	20	20	0	0	1	1	0	1	0	0	0	0	0	0	0	672248277	2087355650	1	1	雷の大呪詛	対象の雷属性耐性を{0}％低下させる	雷之大诅咒	使目标的雷耐性下降{0}%。	雷之大詛咒	使目標的雷耐性下降{0}%。	번개의 대저주	대상의 뇌내성을 {0}% 저하시킨다
1956982974	199	Greater Bolt Curse+	Lowers the target's bolt resistance by {0}%.			60	30	30	0	0	1	1	0	1	0	0	0	0	0	0	0	672248277	2087355650	1	1	雷の大呪詛＋	対象の雷属性耐性を{0}％低下させる	雷之大诅咒＋	使目标的雷耐性下降{0}%。	雷之大詛咒+	使目標的雷耐性下降{0}%。	번개의 대저주＋	대상의 뇌내성을 {0}% 저하시킨다
1612405935	200	Inflict Paralysis	Has a {0}% chance to inflict Paralysis on the target.			8	15	15	0	0	1	1	0	1	0	0	0	0	0	0	1	672248277	2103501848	0	1	麻痺を与える	対象に{0}％の確率で麻痺を付与する	赋予麻痹	有{0}%的概率赋予目标麻痹。	賦予麻痺	以{0}%的機率賦予目標麻痺。	마비 부여	대상에게 {0}%의 확률로 마비를 부여한다
116257515	201	Inflict Numbness	Has a {0}% chance to inflict Paralysis on the target.			25	20	20	0	0	1	1	0	1	0	0	0	0	0	0	1	672248277	2103501848	0	1	鈍麻を与える	対象に{0}％の確率で麻痺を付与する	赋予钝麻	有{0}%的概率赋予目标麻痹。	賦予鈍麻	以{0}%的機率賦予目標麻痺。	둔마 부여	대상에게 {0}%의 확률로 마비를 부여한다
1911210621	202	Final Numbness	Has a {0}% chance to inflict Paralysis on the target.	Inflict Paralysis	Inflict Numbness	45	30	30	0	0	1	1	0	1	0	0	0	0	0	0	0	672248277	2103501848	1	1	終末の鈍麻	対象に{0}％の確率で麻痺を付与する	终极钝麻	有{0}%的概率赋予目标麻痹。	終極鈍麻	以{0}%的機率賦予目標麻痺。	종말의 둔마	대상에게 {0}%의 확률로 마비를 부여한다
1273666964	203	Final Numbness+	Has a {0}% chance to inflict Paralysis on the target.			55	50	50	0	0	1	1	0	1	0	0	0	0	0	0	0	672248277	2103501848	1	1	終末の鈍麻＋	対象に{0}％の確率で麻痺を付与する	终极钝麻＋	有{0}%的概率赋予目标麻痹。	終極鈍麻+	以{0}%的機率賦予目標麻痺。	종말의 둔마＋	대상에게 {0}%의 확률로 마비를 부여한다
2030071280	204	Inflict Sleep	Has a {0}% chance to inflict Sleep on the target.			8	15	15	0	0	1	1	0	1	0	0	0	0	0	0	1	672248277	1422250929	0	1	睡眠を与える	対象に{0}％の確率で睡眠を付与する	赋予睡眠	有{0}%的概率赋予目标睡眠。	賦予睡眠	以{0}%的機率賦予目標睡眠。	수면 부여	대상에게 {0}%의 확률로 수면을 부여한다
536265642	205	Inflict Torpor	Has a {0}% chance to inflict Sleep on the target.			25	20	20	0	0	1	1	0	1	0	0	0	0	0	0	1	672248277	1422250929	0	1	昏睡を与える	対象に{0}％の確率で睡眠を付与する	赋予昏睡	有{0}%的概率赋予目标睡眠。	賦予昏睡	以{0}%的機率賦予目標睡眠。	혼수 부여	대상에게 {0}%의 확률로 수면을 부여한다
1760686908	206	Final Torpor	Has a {0}% chance to inflict Sleep on the target.	Inflict Sleep	Inflict Torpor	45	30	30	0	0	1	1	0	1	0	0	0	0	0	0	0	672248277	1422250929	1	1	終末の昏睡	対象に{0}％の確率で睡眠を付与する	终极昏睡	有{0}%的概率赋予目标睡眠。	終極昏睡	以{0}%的機率賦予目標睡眠。	종말의 혼수	대상에게 {0}%의 확률로 수면을 부여한다
308439512	207	Final Torpor+	Has a {0}% chance to inflict Sleep on the target.			55	50	50	0	0	1	1	0	1	0	0	0	0	0	0	0	672248277	1422250929	1	1	終末の昏睡＋	対象に{0}％の確率で睡眠を付与する	终极昏睡＋	有{0}%的概率赋予目标睡眠。	終極昏睡+	以{0}%的機率賦予目標睡眠。	종말의 혼수＋	대상에게 {0}%의 확률로 수면을 부여한다
1378696749	208	Inflict Poison	Has a {0}% chance to inflict Poison on the target.			8	50	50	0	0	1	1	0	1	0	0	0	0	0	0	1	672248277	71466067	0	1	毒を与える	対象に{0}％の確率で毒を付与する	赋予毒	有{0}%的概率赋予目标中毒。	賦予中毒	以{0}%的機率賦予目標中毒。	독 부여	대상에게 {0}%의 확률로 독을 부여한다
886804585	209	Inflict Venom	Has a {0}% chance to inflict Poison on the target.			25	70	70	0	0	1	1	0	1	0	0	0	0	0	0	1	672248277	71466067	0	1	猛毒を与える	対象に{0}％の確率で毒を付与する	赋予剧毒	有{0}%的概率赋予目标中毒。	賦予劇毒	以{0}%的機率賦予目標中毒。	맹독 부여	대상에게 {0}%의 확률로 독을 부여한다
1138532607	210	Final Venom	Has a {0}% chance to inflict Poison on the target.	Inflict Poison	Inflict Venom	45	90	90	0	0	1	1	0	1	0	0	0	0	0	0	0	672248277	71466067	1	1	終末の猛毒	対象に{0}％の確率で毒を付与する	终极剧毒	有{0}%的概率赋予目标中毒。	終極劇毒	以{0}%的機率賦予目標中毒。	종말의 맹독	대상에게 {0}%의 확률로 독을 부여한다
596276037	211	Final Venom+	Has a {0}% chance to inflict Poison on the target.			55	100	100	0	0	1	1	0	1	0	0	0	0	0	0	0	672248277	71466067	1	1	終末の猛毒＋	対象に{0}％の確率で毒を付与する	终极剧毒＋	有{0}%的概率赋予目标中毒。	終極劇毒+	以{0}%的機率賦予目標中毒。	종말의 맹독＋	대상에게 {0}%의 확률로 독을 부여한다
1261834094	212	Inflict Burns	Has a {0}% chance to inflict Burns on the target.			8	50	50	0	0	1	1	0	1	0	0	0	0	0	0	1	672248277	1921477822	0	1	火傷を与える	対象に{0}％の確率で火傷を付与する	赋予火伤	有{0}%的概率赋予目标火伤。	賦予燒傷	以{0}%的機率賦予目標燒傷。	화상 부여	대상에게 {0}%의 확률로 화상을 부여한다
767598888	213	Inflict Blaze	Has a {0}% chance to inflict Burns on the target.			25	70	70	0	0	1	1	0	1	0	0	0	0	0	0	1	672248277	1921477822	0	1	炎瘡を与える	対象に{0}％の確率で火傷を付与する	赋予炎疮	有{0}%的概率赋予目标火伤。	賦予炎瘡	以{0}%的機率賦予目標燒傷。	염창 부여	대상에게 {0}%의 확률로 화상을 부여한다
1523028414	214	Final Blaze	Has a {0}% chance to inflict Burns on the target.	Inflict Burns	Inflict Blaze	45	90	90	0	0	1	1	0	1	0	0	0	0	0	0	0	672248277	1921477822	1	1	終末の炎瘡	対象に{0}％の確率で火傷を付与する	终极炎疮	有{0}%的概率赋予目标火伤。	終極炎瘡	以{0}%的機率賦予目標燒傷。	종말의 염창	대상에게 {0}%의 확률로 화상을 부여한다
2046985999	215	Final Blaze+	Has a {0}% chance to inflict Burns on the target.			55	100	100	0	0	1	1	0	1	0	0	0	0	0	0	0	672248277	1921477822	1	1	終末の炎瘡＋	対象に{0}％の確率で火傷を付与する	终极炎疮＋	有{0}%的概率赋予目标火伤。	終極炎瘡+	以{0}%的機率賦予目標燒傷。	종말의 염창＋	대상에게 {0}%의 확률로 화상을 부여한다
74946987	216	Inflict Blindness	Has a {0}% chance to inflict Blindness on the target.			8	30	30	0	0	1	1	0	1	0	0	0	0	0	0	1	672248277	1017760835	0	1	暗闇を与える	対象に{0}％の確率で暗闇を付与する	赋予盲目	有{0}%的概率赋予目标盲目。	賦予盲目	以{0}%的機率賦予目標盲目。	암흑 부여	대상에게 {0}%의 확률로 암흑을 부여한다
1652635631	217	Inflict Grudge	Has a {0}% chance to inflict Blindness on the target.			25	40	40	0	0	1	1	0	1	0	0	0	0	0	0	1	672248277	1017760835	0	1	怨呪を与える	対象に{0}％の確率で暗闇を付与する	赋予怨咒	有{0}%的概率赋予目标盲目。	賦予怨咒	以{0}%的機率賦予目標盲目。	원념 부여	대상에게 {0}%의 확률로 암흑을 부여한다
361105273	218	Final Grudge	Has a {0}% chance to inflict Blindness on the target.	Inflict Blindness	Inflict Grudge	45	50	50	0	0	1	1	0	1	0	0	0	0	0	0	0	672248277	1017760835	1	1	終末の怨呪	対象に{0}％の確率で暗闇を付与する	终极怨咒	有{0}%的概率赋予目标盲目。	終極怨咒	以{0}%的機率賦予目標盲目。	종말의 원념	대상에게 {0}%의 확률로 암흑을 부여한다
1079658111	219	Final Grudge+	Has a {0}% chance to inflict Blindness on the target.			55	70	70	0	0	1	1	0	1	0	0	0	0	0	0	0	672248277	1017760835	1	1	終末の怨呪＋	対象に{0}％の確率で暗闇を付与する	终极怨咒＋	有{0}%的概率赋予目标盲目。	終極怨咒+	以{0}%的機率賦予目標盲目。	종말의 원념＋	대상에게 {0}%의 확률로 암흑을 부여한다
493660396	220	Inflict Daze	Has a {0}% chance to inflict Daze on the target.			8	15	15	0	0	1	1	0	1	0	0	0	0	0	0	1	672248277	727605064	0	1	スタンを与える	対象に{0}％の確率でスタンを付与する	赋予昏眩	有{0}%的概率赋予目标昏眩。	賦予昏眩	以{0}%的機率賦予目標昏眩。	스턴 부여	대상에게 {0}%의 확률로 스턴을 부여한다
2073691822	221	Inflict Binding	Has a {0}% chance to inflict Daze on the target.			25	20	20	0	0	1	1	0	1	0	0	0	0	0	0	1	672248277	727605064	0	1	緊縛を与える	対象に{0}％の確率でスタンを付与する	赋予紧缚	有{0}%的概率赋予目标昏眩。	賦予緊縛	以{0}%的機率賦予目標昏眩。	긴박 부여	대상에게 {0}%의 확률로 스턴을 부여한다
211629624	222	Final Binding	Has a {0}% chance to inflict Daze on the target.	Inflict Daze	Inflict Binding	45	30	30	0	0	1	1	0	1	0	0	0	0	0	0	0	672248277	727605064	1	1	終末の緊縛	対象に{0}％の確率でスタンを付与する	终极紧缚	有{0}%的概率赋予目标昏眩。	終極緊縛	以{0}%的機率賦予目標昏眩。	종말의 긴박	대상에게 {0}%의 확률로 스턴을 부여한다
433238581	223	Final Binding+	Has a {0}% chance to inflict Daze on the target.			55	50	50	0	0	1	1	0	1	0	0	0	0	0	0	0	672248277	727605064	1	1	終末の緊縛＋	対象に{0}％の確率でスタンを付与する	终极紧缚＋	有{0}%的概率赋予目标昏眩。	終極緊縛+	以{0}%的機率賦予目標昏眩。	종말의 긴박＋	대상에게 {0}%의 확률로 스턴을 부여한다
910293801	224	Inflict Frostbite	Has a {0}% chance to inflict Frostbite on the target.			8	50	50	0	0	1	1	0	1	0	0	0	0	0	0	1	672248277	2098536107	0	1	カチコチを与える	対象に{0}％の確率でカチコチを付与する	赋予僵直	有{0}%的概率赋予目标僵直。	賦予僵硬	以{0}%的機率賦予目標僵硬。	동상 부여	대상에게 {0}%의 확률로 동상을 부여한다
1354192237	225	Inflict Glacier	Has a {0}% chance to inflict Frostbite on the target.			25	60	60	0	0	1	1	0	1	0	0	0	0	0	0	1	672248277	2098536107	0	1	氷瘡を与える	対象に{0}％の確率でカチコチを付与する	赋予冰疮	有{0}%的概率赋予目标僵直。	賦予冰瘡	以{0}%的機率賦予目標僵硬。	빙창 부여	대상에게 {0}%의 확률로 동상을 부여한다
665871867	226	Final Glacier	Has a {0}% chance to inflict Frostbite on the target.	Inflict Frostbite	Inflict Glacier	45	70	70	0	0	1	1	0	1	0	0	0	0	0	0	0	672248277	2098536107	1	1	終末の氷瘡	対象に{0}％の確率でカチコチを付与する	终极冰疮	有{0}%的概率赋予目标僵直。	終極冰瘡	以{0}%的機率賦予目標僵硬。	종말의 빙창	대상에게 {0}%의 확률로 동상을 부여한다
674932906	227	Final Glacier+	Has a {0}% chance to inflict Frostbite on the target.			55	80	80	0	0	1	1	0	1	0	0	0	0	0	0	0	672248277	2098536107	1	1	終末の氷瘡＋	対象に{0}％の確率でカチコチを付与する	终极冰疮＋	有{0}%的概率赋予目标僵直。	終極冰瘡+	以{0}%的機率賦予目標僵硬。	종말의 빙창＋	대상에게 {0}%의 확률로 동상을 부여한다
1228786093	228	Area Bonus	Increases the item's power and recover power by [targets in area of effect x {0}]%.			12	4	4	0	0	1	1	1	0	0	0	0	0	0	0	1	2075481065	50896742	0	1	範囲ボーナス	アイテムの威力と回復力が［効果範囲の対象×{0}］％増加する	范围奖励	道具的威力及恢复力增加〔效果范围内目标数量×{0}〕%。	範圍獎勵	道具的威力及回復力增加〔效果範圍內目標數量×{0}〕%。	범위 보너스	아이템의 위력과 회복력이［효과범위의 대상×{0}］% 증가
801859561	229	Area Bonus +	Increases the item's power and recover power by [targets in area of effect x {0}]%.			30	6	6	0	0	1	1	1	0	0	0	0	0	0	0	1	2075481065	50896742	0	1	範囲ボーナス＋	アイテムの威力と回復力が［効果範囲の対象×{0}］％増加する	范围奖励＋	道具的威力及恢复力增加〔效果范围内目标数量×{0}〕%。	範圍獎勵+	道具的威力及回復力增加〔效果範圍內目標數量×{0}〕%。	범위 보너스＋	아이템의 위력과 회복력이［효과범위의 대상×{0}］% 증가
1489786751	230	Effective vs Many	Increases the item's power and recover power by [targets in area of effect x {0}]%.			35	8	8	0	0	1	1	1	0	0	0	0	0	0	0	1	2075481065	50896742	0	1	複数に効果増大	アイテムの威力と回復力が［効果範囲の対象×{0}］％増加する	对多数的效果增大	道具的威力及恢复力增加〔效果范围内目标数量×{0}〕%。	對多數的效果增大	道具的威力及回復力增加〔效果範圍內目標數量×{0}〕%。	다수 효과 증대	아이템의 위력과 회복력이［효과범위의 대상×{0}］% 증가
962018594	231	Multi Bonus	Increases the item's power and recover power by [targets in area of effect x {0}]%.	Area Bonus	Area Bonus +	43	10	10	0	0	1	1	1	0	0	0	0	0	0	0	1	2075481065	50896742	0	1	マルチボーナス	アイテムの威力と回復力が［効果範囲の対象×{0}］％増加する	团体奖励	道具的威力及恢复力增加〔效果范围内目标数量×{0}〕%。	團體獎勵	道具的威力及回復力增加〔效果範圍內目標數量×{0}〕%。	멀티 보너스	아이템의 위력과 회복력이［효과범위의 대상×{0}］% 증가
1313869236	232	Multi Burst	Increases the item's power and recover power by [targets in area of effect x {0}]%.	Effective vs Many	Multi Bonus	50	15	15	0	0	1	1	1	0	0	0	0	0	0	0	0	2075481065	50896742	1	1	マルチバースト	アイテムの威力と回復力が［効果範囲の対象×{0}］％増加する	团体爆发	道具的威力及恢复力增加〔效果范围内目标数量×{0}〕%。	團體爆發	道具的威力及回復力增加〔效果範圍內目標數量×{0}〕%。	멀티 버스트	아이템의 위력과 회복력이［효과범위의 대상×{0}］% 증가
682009586	233	Multi Burst+	Increases the item's power and recover power by [targets in area of effect x {0}]%.			55	20	20	0	0	1	1	1	0	0	0	0	0	0	0	0	2075481065	50896742	1	1	マルチバースト＋	アイテムの威力と回復力が［効果範囲の対象×{0}］％増加する	团体爆发＋	道具的威力及恢复力增加〔效果范围内目标数量×{0}〕%。	團體爆發+	道具的威力及回復力增加〔效果範圍內目標數量×{0}〕%。	멀티 버스트＋	아이템의 위력과 회복력이［효과범위의 대상×{0}］% 증가
1604424552	234	Few Bonus	Increases the item's power and recovery power by [{0} ÷ targets in area of effect]%.			14	15	15	0	0	1	1	1	0	0	0	0	0	0	0	1	2075481065	227923516	0	1	少数ボーナス	アイテムの威力と回復力が［{0}÷効果範囲の対象］％増加する	少数奖励	道具的威力及恢复力增加〔{0}÷效果范围内目标数量〕%。	少數獎勵	道具的威力及回復力增加〔{0}÷效果範圍內目標數量〕%。	소수 보너스	아이템의 위력과 회복력이［{0}÷효과범위의 대상］% 증가
820080905	235	Few Bonus +	Increases the item's power and recovery power by [{0} ÷ targets in area of effect]%.			30	20	20	0	0	1	1	1	0	0	0	0	0	0	0	1	2075481065	227923516	0	1	少数ボーナス＋	アイテムの威力と回復力が［{0}÷効果範囲の対象］％増加する	少数奖励＋	道具的威力及恢复力增加〔{0}÷效果范围内目标数量〕%。	少數獎勵+	道具的威力及回復力增加〔{0}÷效果範圍內目標數量〕%。	소수 보너스＋	아이템의 위력과 회복력이［{0}÷효과범위의 대상］% 증가
1206272415	236	Effective vs One	Increases the item's power and recovery power by [{0} ÷ targets in area of effect]%.			36	25	25	0	0	1	1	1	0	0	0	0	0	0	0	1	2075481065	227923516	0	1	単体に効果増大	アイテムの威力と回復力が［{0}÷効果範囲の対象］％増加する	对单体的效果增大	道具的威力及恢复力增加〔{0}÷效果范围内目标数量〕%。	對單體的效果增大	道具的威力及回復力增加〔{0}÷效果範圍內目標數量〕%。	단일 효과 증대	아이템의 위력과 회복력이［{0}÷효과범위의 대상］% 증가
656525434	237	Single Bonus	Increases the item's power and recovery power by [{0} ÷ targets in area of effect]%.	Few Bonus	Few Bonus +	42	30	30	0	0	1	1	1	0	0	0	0	0	0	0	1	2075481065	227923516	0	1	シングルボーナス	アイテムの威力と回復力が［{0}÷効果範囲の対象］％増加する	单体奖励	道具的威力及恢复力增加〔{0}÷效果范围内目标数量〕%。	單體獎勵	道具的威力及回復力增加〔{0}÷效果範圍內目標數量〕%。	싱글 보너스	아이템의 위력과 회복력이［{0}÷효과범위의 대상］% 증가
1344731372	238	Single Blast	Increases the item's power and recovery power by [{0} ÷ targets in area of effect]%.	Effective vs One	Single Bonus	50	40	40	0	0	1	1	1	0	0	0	0	0	0	0	0	2075481065	227923516	1	1	シングルブラスト	アイテムの威力と回復力が［{0}÷効果範囲の対象］％増加する	单体风暴	道具的威力及恢复力增加〔{0}÷效果范围内目标数量〕%。	單體風暴	道具的威力及回復力增加〔{0}÷效果範圍內目標數量〕%。	싱글 블라스트	아이템의 위력과 회복력이［{0}÷효과범위의 대상］% 증가
919623338	239	Single Blast+	Increases the item's power and recovery power by [{0} ÷ targets in area of effect]%.			55	50	50	0	0	1	1	1	0	0	0	0	0	0	0	0	2075481065	227923516	1	1	シングルブラスト＋	アイテムの威力と回復力が［{0}÷効果範囲の対象］％増加する	单体风暴＋	道具的威力及恢复力增加〔{0}÷效果范围内目标数量〕%。	單體風暴+	道具的威力及回復力增加〔{0}÷效果範圍內目標數量〕%。	싱글 블라스트＋	아이템의 위력과 회복력이［{0}÷효과범위의 대상］% 증가
1104635456	240	Few+Many Bonus	Increases the item's power and recovery power by [{0} ÷ targets in area of effect + targets in area of effect x {1}]%.	Multi Burst+	Single Blast+	50	20	20	5	5	1	1	1	0	0	0	0	0	0	0	0	2075481065	944459738	1	1	単複同時強化	アイテムの威力と回復力が［{0}÷効果範囲の対象＋効果範囲の対象×{1}］％増加する	单复同时强化	道具的威力及恢复力增加〔{0}÷效果范围内目标数量＋效果范围内目标数量×{1}〕%。	單複同時強化	道具的威力及回復力增加〔{0}÷效果範圍內目標數量＋效果範圍內目標數量×{1}〕%。	단복 동시 강화	아이템의 위력과 회복력이［{0}÷효과범위의 대상＋효과범위의 대상×{1}］% 증가
541854819	241	Close & Scattered	Increases the item's power and recovery power by [{0} ÷ targets in area of effect + targets in area of effect x {1}]%.	Few+Many Bonus	Seeker of Magic	55	30	30	15	15	1	1	1	0	0	0	0	0	0	0	0	2075481065	944459738	1	1	収束拡散強化	アイテムの威力と回復力が［{0}÷効果範囲の対象＋効果範囲の対象×{1}］％増加する	收束扩散强化	道具的威力及恢复力增加〔{0}÷效果范围内目标数量＋效果范围内目标数量×{1}〕%。	收束擴散強化	道具的威力及回復力增加〔{0}÷效果範圍內目標數量＋效果範圍內目標數量×{1}〕%。	통합 확산 강화	아이템의 위력과 회복력이［{0}÷효과범위의 대상＋효과범위의 대상×{1}］% 증가
1464548597	242	Close & Scattered+	Increases the item's power and recovery power by [{0} ÷ targets in area of effect + targets in area of effect x {1}]%.			60	40	40	20	20	1	1	1	0	0	0	0	0	0	0	0	2075481065	944459738	1	1	収束拡散強化＋	アイテムの威力と回復力が［{0}÷効果範囲の対象＋効果範囲の対象×{1}］％増加する	收束扩散强化＋	道具的威力及恢复力增加〔{0}÷效果范围内目标数量＋效果范围内目标数量×{1}〕%。	收束擴散強化+	道具的威力及回復力增加〔{0}÷效果範圍內目標數量＋效果範圍內目標數量×{1}〕%。	통합 확산 강화＋	아이템의 위력과 회복력이［{0}÷효과범위의 대상＋효과범위의 대상×{1}］% 증가
1920463902	243	Enhance Last	Boosts the item's power and recovery by {0}% when it only has 1 use remaining.			14	10	10	0	0	1	1	1	0	0	0	0	0	0	0	1	2075481065	1692862177	0	1	使い切り強化	残り使用回数が1回の時、アイテムの威力と回復力が{0}％増加する	一次性使用强化	使用次数剩余1次时，道具的威力和恢复力提升{0}%。	一次性使用強化	使用次數剩餘1次時，道具的威力和回復力上升{0}%。	마무리 일격 강화	남은 사용횟수가 1회일 때,아이템의 위력과 회복력이 {0}% 증가한다
344021592	244	Enhance Last +	Boosts the item's power and recovery by {0}% when it only has 1 use remaining.			30	20	20	0	0	1	1	1	0	0	0	0	0	0	0	1	2075481065	1692862177	0	1	使い切り強化＋	残り使用回数が1回の時、アイテムの威力と回復力が{0}％増加する	一次性使用强化＋	使用次数剩余1次时，道具的威力和恢复力提升{0}%。	一次性使用強化+	使用次數剩餘1次時，道具的威力和回復力上升{0}%。	마무리 일격 강화＋	남은 사용횟수가 1회일 때,아이템의 위력과 회복력이 {0}% 증가한다
1669753550	245	Final Blow	Boosts the item's power and recovery by {0}% when it only has 1 use remaining.	Enhance Last	Enhance Last +	35	30	30	0	0	1	1	1	0	0	0	0	0	0	0	0	2075481065	1692862177	1	1	最後の一撃	残り使用回数が1回の時、アイテムの威力と回復力が{0}％増加する	最后的一击	使用次数剩余1次时，道具的威力和恢复力提升{0}%。	最後的一擊	使用次數剩餘1次時，道具的威力和回復力上升{0}%。	최후의 일격	남은 사용횟수가 1회일 때,아이템의 위력과 회복력이 {0}% 증가한다
35455123	246	Last Strike	Boosts the item's power and recovery by {0}% when it only has 1 use remaining.	Final Blow	Pure Determination	50	50	50	0	0	1	1	1	0	0	0	0	0	0	0	0	2075481065	1692862177	1	1	ラストストライク	残り使用回数が1回の時、アイテムの威力と回復力が{0}％増加する	最后的强击	使用次数剩余1次时，道具的威力和恢复力提升{0}%。	最後的強擊	使用次數剩餘1次時，道具的威力和回復力上升{0}%。	라스트 스트라이크	남은 사용횟수가 1회일 때,아이템의 위력과 회복력이 {0}% 증가한다
1334924141	247	Last Strike +	Boosts the item's power and recovery by {0}% when it only has 1 use remaining.			55	60	60	0	0	1	1	1	0	0	0	0	0	0	0	0	2075481065	1692862177	1	1	ラストストライク＋	残り使用回数が1回の時、アイテムの威力と回復力が{0}％増加する	最后的强击＋	使用次数剩余1次时，道具的威力和恢复力提升{0}%。	最後的強擊+	使用次數剩餘1次時，道具的威力和回復力上升{0}%。	라스트 스트라이크＋	남은 사용횟수가 1회일 때,아이템의 위력과 회복력이 {0}% 증가한다
1883688922	248	Compress Count	Increases the item's power and recovery power by [max use count x {0}]%, but changes the number of remaining uses to 1.			14	10	10	0	0	1	1	1	0	0	0	0	0	0	0	1	2075481065	236957336	0	1	回数圧縮	1回でアイテムを使い切る代わりに［最大使用回数×{0}］％威力と回復力が増加する	次数压缩	道具变得只能使用1次，相对地威力及恢复力将增加〔最大使用次数×{0}〕%。	次數壓縮	道具變得只能使用1次，相對地威力及回復力將增加〔最大使用次數×{0}〕%。	횟수 압축	한 번에 아이템을 다 소모하는 대신위력과 회복력이 ［최대 사용횟수×{0}］% 증가
380658076	249	Compress Count +	Increases the item's power and recovery power by [max use count x {0}]%, but changes the number of remaining uses to 1.			30	12	12	0	0	1	1	1	0	0	0	0	0	0	0	1	2075481065	236957336	0	1	回数圧縮＋	1回でアイテムを使い切る代わりに［最大使用回数×{0}］％威力と回復力が増加する	次数压缩＋	道具变得只能使用1次，相对地威力及恢复力将增加〔最大使用次数×{0}〕%。	次數壓縮+	道具變得只能使用1次，相對地威力及回復力將增加〔最大使用次數×{0}〕%。	횟수 압축＋	한 번에 아이템을 다 소모하는 대신위력과 회복력이 ［최대 사용횟수×{0}］% 증가
1639403786	250	Force Use	Increases the item's power and recovery power by [max use count x {0}]%, but changes the number of remaining uses to 1.	Compress Count	Compress Count +	35	15	15	0	0	1	1	1	0	0	0	0	0	0	0	0	2075481065	236957336	1	1	強制使い切り	1回でアイテムを使い切る代わりに［最大使用回数×{0}］％威力と回復力が増加する	强制一次性使用	道具变得只能使用1次，相对地威力及恢复力将增加〔最大使用次数×{0}〕%。	強制一次性使用	道具變得只能使用1次，相對地威力及回復力將增加〔最大使用次數×{0}〕%。	강제 소모	한 번에 아이템을 다 소모하는 대신위력과 회복력이 ［최대 사용횟수×{0}］% 증가
2898775	251	Final One	Increases the item's power and recovery power by [max use count x {0}]%, but changes the number of remaining uses to 1.	Force Use	Guardian's Pride	50	20	20	0	0	1	1	1	0	0	0	0	0	0	0	0	2075481065	236957336	1	1	ワンタイムエンド	1回でアイテムを使い切る代わりに［最大使用回数×{0}］％威力と回復力が増加する	一次终结	道具变得只能使用1次，相对地威力及恢复力将增加〔最大使用次数×{0}〕%。	一次終結	道具變得只能使用1次，相對地威力及回復力將增加〔最大使用次數×{0}〕%。	원타임 엔드	한 번에 아이템을 다 소모하는 대신위력과 회복력이 ［최대 사용횟수×{0}］% 증가
1672581107	252	Final One +	Increases the item's power and recovery power by [max use count x {0}]%, but changes the number of remaining uses to 1.			55	25	25	0	0	1	1	1	0	0	0	0	0	0	0	0	2075481065	236957336	1	1	ワンタイムエンド＋	1回でアイテムを使い切る代わりに［最大使用回数×{0}］％威力と回復力が増加する	一次终结＋	道具变得只能使用1次，相对地威力及恢复力将增加〔最大使用次数×{0}〕%。	一次終結+	道具變得只能使用1次，相對地威力及回復力將增加〔最大使用次數×{0}〕%。	원타임 엔드＋	한 번에 아이템을 다 소모하는 대신위력과 회복력이 ［최대 사용횟수×{0}］% 증가
1511138978	253	Charge by Number	Increases the item's power and recovery power by [max use count x {0}]%.			14	4	4	0	0	1	1	1	0	0	0	0	0	0	0	1	2075481065	1047230	0	1	回数補正	アイテムの威力と回復力が［最大使用回数×{0}］％増加する	次数调整	道具的威力及恢复力增加〔最大使用次数×{0}〕%。	次數調整	道具的威力及回復力增加〔最大使用次數×{0}〕%。	횟수 보정	아이템의 위력과 회복력이［최대 사용횟수×{0}］% 증가
1021610212	254	Charge by Number +	Increases the item's power and recovery power by [max use count x {0}]%.			30	6	6	0	0	1	1	1	0	0	0	0	0	0	0	1	2075481065	1047230	0	1	回数補正＋	アイテムの威力と回復力が［最大使用回数×{0}］％増加する	次数调整＋	道具的威力及恢复力增加〔最大使用次数×{0}〕%。	次數調整+	道具的威力及回復力增加〔最大使用次數×{0}〕%。	횟수 보정＋	아이템의 위력과 회복력이［최대 사용횟수×{0}］% 증가
1273215090	255	Supercharge by Number	Increases the item's power and recovery power by [max use count x {0}]%.	Charge by Number	Charge by Number +	35	10	10	0	0	1	1	1	0	0	0	0	0	0	0	0	2075481065	1047230	1	1	回数で超強化	アイテムの威力と回復力が［最大使用回数×{0}］％増加する	次数超强化	道具的威力及恢复力增加〔最大使用次数×{0}〕%。	次數超強化	道具的威力及回復力增加〔最大使用次數×{0}〕%。	횟수로 초강화	아이템의 위력과 회복력이［최대 사용횟수×{0}］% 증가
712561199	256	Bonus Count Boost	Increases the item's power and recovery power by [max use count x {0}]%.	Supercharge by Number	Dreamt Up Secret Art	50	15	15	0	0	1	1	1	0	0	0	0	0	0	0	0	2075481065	1047230	1	1	カウントブースト	アイテムの威力と回復力が［最大使用回数×{0}］％増加する	累计加成	道具的威力及恢复力增加〔最大使用次数×{0}〕%。	累計加成	道具的威力及回復力增加〔最大使用次數×{0}〕%。	카운트 부스트	아이템의 위력과 회복력이［최대 사용횟수×{0}］% 증가
96100363	257	Bonus Count Boost+	Increases the item's power and recovery power by [max use count x {0}]%.			55	20	20	0	0	1	1	1	0	0	0	0	0	0	0	0	2075481065	1047230	1	1	カウントブースト＋	アイテムの威力と回復力が［最大使用回数×{0}］％増加する	累计加成＋	道具的威力及恢复力增加〔最大使用次数×{0}〕%。	累計加成+	道具的威力及回復力增加〔最大使用次數×{0}〕%。	카운트 부스트＋	아이템의 위력과 회복력이［최대 사용횟수×{0}］% 증가
1753600461	258	Rapid Use	Shortens WT after use by {0}%, but reduces power and recovery power by {1}%.			12	5	5	-5	-5	1	1	1	1	1	0	0	0	0	0	1	2075481065	2019306194	0	1	高速使用	アイテム使用時のＷＴが{0}％短縮される。代わりに威力と回復力が{1}％減少する	高速使用	使用道具时的WT缩短{0}%。相对地威力及恢复力减少{1}%。	高速使用	使用道具時的WT縮短{0}%。相對地威力及回復力減少{1}%。	고속 사용	아이템 사용 시의 WT가 {0}% 단축.대신 위력과 회복력이 {1}% 감소
242450313	259	Rapid Use +	Shortens WT after use by {0}%, but reduces power and recovery power by {1}%.			26	8	8	-8	-8	1	1	1	1	1	0	0	0	0	0	1	2075481065	2019306194	0	1	高速使用＋	アイテム使用時のＷＴが{0}％短縮される。代わりに威力と回復力が{1}％減少する	高速使用＋	使用道具时的WT缩短{0}%。相对地威力及恢复力减少{1}%。	高速使用+	使用道具時的WT縮短{0}%。相對地威力及回復力減少{1}%。	고속 사용＋	아이템 사용 시의 WT가 {0}% 단축.대신 위력과 회복력이 {1}% 감소
2037665567	260	Sonic Throw	Shortens WT after use by {0}%, but reduces power and recovery power by {1}%.	Rapid Use	Rapid Use +	40	10	10	-10	-10	1	1	1	1	1	0	0	0	0	0	0	2075481065	2019306194	1	1	ソニックスロー	アイテム使用時のＷＴが{0}％短縮される。代わりに威力と回復力が{1}％減少する	音速投掷	使用道具时的WT缩短{0}%。相对地威力及恢复力减少{1}%。	音速投擲	使用道具時的WT縮短{0}%。相對地威力及回復力減少{1}%。	소닉 스로	아이템 사용 시의 WT가 {0}% 단축.대신 위력과 회복력이 {1}% 감소
418325828	261	Lightning Throw	Shortens WT after use by {0}%, but reduces power and recovery power by {1}%.	Sonic Throw	The Power of Love	50	15	15	-15	-15	1	1	1	1	1	0	0	0	0	0	0	2075481065	2019306194	1	1	ライトニングスロー	アイテム使用時のＷＴが{0}％短縮される。代わりに威力と回復力が{1}％減少する	闪电投掷	使用道具时的WT缩短{0}%。相对地威力及恢复力减少{1}%。	閃電投擲	使用道具時的WT縮短{0}%。相對地威力及回復力減少{1}%。	라이트닝 스로	아이템 사용 시의 WT가 {0}% 단축.대신 위력과 회복력이 {1}% 감소
1787103213	262	Lightning Throw+	Shortens WT after use by {0}%, but reduces power and recovery power by {1}%.			55	20	20	-20	-20	1	1	1	1	1	0	0	0	0	0	0	2075481065	2019306194	1	1	ライトニングスロー＋	アイテム使用時のＷＴが{0}％短縮される。代わりに威力と回復力が{1}％減少する	闪电投掷＋	使用道具时的WT缩短{0}%。相对地威力及恢复力减少{1}%。	閃電投擲+	使用道具時的WT縮短{0}%。相對地威力及回復力減少{1}%。	라이트닝 스로＋	아이템 사용 시의 WT가 {0}% 단축.대신 위력과 회복력이 {1}% 감소
1762598082	263	Power Throw	Increases power and recovery power by {1}%, but extends WT after use by {0}%.			17	20	20	20	20	1	1	1	0	0	0	0	0	0	0	1	2075481065	656725764	0	1	パワースロー	アイテム使用時のＷＴが{0}％延長される。代わりに威力と回復力が{1}％増加する	力量投掷	使用道具时的WT延长{0}%。相对地威力及恢复力增加{1}%。	力量投擲	使用道具時的WT延長{0}%。相對地威力及回復力增加{1}%。	파워 스로	아이템 사용 시의 WT가 {0}% 연장.대신 위력과 회복력이 {1}% 증가
268022408	264	Power Throw +	Increases power and recovery power by {1}%, but extends WT after use by {0}%.			30	30	30	30	30	1	1	1	0	0	0	0	0	0	0	1	2075481065	656725764	0	1	パワースロー＋	アイテム使用時のＷＴが{0}％延長される。代わりに威力と回復力が{1}％増加する	力量投掷＋	使用道具时的WT延长{0}%。相对地威力及恢复力增加{1}%。	力量投擲+	使用道具時的WT延長{0}%。相對地威力及回復力增加{1}%。	파워 스로＋	아이템 사용 시의 WT가 {0}% 연장.대신 위력과 회복력이 {1}% 증가
2029945362	265	Strong Throw	Increases power and recovery power by {1}%, but extends WT after use by {0}%.	Power Throw	Power Throw +	44	50	50	50	50	1	1	1	0	0	0	0	0	0	0	0	2075481065	656725764	1	1	ストロングスロー	アイテム使用時のＷＴが{0}％延長される。代わりに威力と回復力が{1}％増加する	强力投掷	使用道具时的WT延长{0}%。相对地威力及恢复力增加{1}%。	全力投擲	使用道具時的WT延長{0}%。相對地威力及回復力增加{1}%。	스트롱 스로	아이템 사용 시의 WT가 {0}% 연장.대신 위력과 회복력이 {1}% 증가
426109005	266	God Throw	Increases power and recovery power by {1}%, but extends WT after use by {0}%.	Strong Throw	Seeker of Magic	50	75	75	75	75	1	1	1	0	0	0	0	0	0	0	0	2075481065	656725764	1	1	ゴッドスロー	アイテム使用時のＷＴが{0}％延長される。代わりに威力と回復力が{1}％増加する	神之投掷	使用道具时的WT延长{0}%。相对地威力及恢复力增加{1}%。	神之投擲	使用道具時的WT延長{0}%。相對地威力及回復力增加{1}%。	갓 스로	아이템 사용 시의 WT가 {0}% 연장.대신 위력과 회복력이 {1}% 증가
1644812126	267	God Throw+	Increases power and recovery power by {1}%, but extends WT after use by {0}%.			55	100	100	100	100	1	1	1	0	0	0	0	0	0	0	0	2075481065	656725764	1	1	ゴッドスロー＋	アイテム使用時のＷＴが{0}％延長される。代わりに威力と回復力が{1}％増加する	神之投掷＋	使用道具时的WT延长{0}%。相对地威力及恢复力增加{1}%。	神之投擲+	使用道具時的WT延長{0}%。相對地威力及回復力增加{1}%。	갓 스로＋	아이템 사용 시의 WT가 {0}% 연장.대신 위력과 회복력이 {1}% 증가
96176936	268	Enhance Finisher	Deals {0}% more damage to stunned targets.			13	10	10	0	0	1	1	0	0	0	0	0	0	0	0	1	2085854704	677545693	0	1	追い討ち強化	ブレイク中の対象に与えるダメージが{0}％増加する	追击强化	对破防中目标所造成的伤害增加{0}%。	追擊強化	給予破防中目標的傷害增加{0}%。	추격 강화	브레이크 상태인 대상에게 주는 대미지가{0}% 증가
1666000238	269	Enhance Finisher +	Deals {0}% more damage to stunned targets.			21	15	15	0	0	1	1	0	0	0	0	0	0	0	0	1	2085854704	677545693	0	1	追い討ち強化＋	ブレイク中の対象に与えるダメージが{0}％増加する	追击强化＋	对破防中目标所造成的伤害增加{0}%。	追擊強化+	給予破防中目標的傷害增加{0}%。	추격 강화＋	브레이크 상태인 대상에게 주는 대미지가{0}% 증가
340399612	270	Enhance Finisher ++	Deals {0}% more damage to stunned targets.			30	20	20	0	0	1	1	0	0	0	0	0	0	0	0	1	2085854704	677545693	0	1	追い討ち強化＋＋	ブレイク中の対象に与えるダメージが{0}％増加する	追击强化＋＋	对破防中目标所造成的伤害增加{0}%。	追擊強化++	給予破防中目標的傷害增加{0}%。	추격 강화＋＋	브레이크 상태인 대상에게 주는 대미지가{0}% 증가
1976663975	271	Ruthless Strike	Deals {0}% more damage to stunned targets.	Enhance Finisher	Enhance Finisher +	37	25	25	0	0	1	1	0	0	0	0	0	0	0	0	1	2085854704	677545693	0	1	情け無用の一撃	ブレイク中の対象に与えるダメージが{0}％増加する	无怜悯的一击	对破防中目标所造成的伤害增加{0}%。	無憐憫的一擊	給予破防中目標的傷害增加{0}%。	인정없는 일격	브레이크 상태인 대상에게 주는 대미지가{0}% 증가
47599409	272	Relentless Blow	Deals {0}% more damage to stunned targets.	Enhance Finisher ++	Ruthless Strike	43	30	30	0	0	1	1	0	0	0	0	0	0	0	0	1	2085854704	677545693	0	1	手加減無しの一撃	ブレイク中の対象に与えるダメージが{0}％増加する	毫不留情的一击	对破防中目标所造成的伤害增加{0}%。	毫不留情的一擊	給予破防中目標的傷害增加{0}%。	사정없는 일격	브레이크 상태인 대상에게 주는 대미지가{0}% 증가
1679876469	273	Stun Burst	Deals {0}% more damage to stunned targets.	Ruthless Strike	Relentless Blow	48	35	35	0	0	1	1	0	0	0	0	0	0	0	0	1	2085854704	677545693	0	1	ブレイクバースト	ブレイク中の対象に与えるダメージが{0}％増加する	破防爆发	对破防中目标所造成的伤害增加{0}%。	破防爆發	給予破防中目標的傷害增加{0}%。	브레이크 버스트	브레이크 상태인 대상에게 주는 대미지가{0}% 증가
321376739	274	Stun Burst+	Deals {0}% more damage to stunned targets.			50	40	40	0	0	1	1	0	0	0	0	0	0	0	0	0	2085854704	677545693	1	1	ブレイクバースト＋	ブレイク中の対象に与えるダメージが{0}％増加する	破防爆发＋	对破防中目标所造成的伤害增加{0}%。	破防爆發+	給予破防中目標的傷害增加{0}%。	브레이크 버스트＋	브레이크 상태인 대상에게 주는 대미지가{0}% 증가
2087138188	275	Merciless Strike	Deals {0}% more damage to stunned targets.	Stun Burst	Ruler of Shadow and Light	55	45	45	0	0	1	1	0	0	0	0	0	0	0	0	0	2085854704	677545693	1	1	無慈悲な一撃	ブレイク中の対象に与えるダメージが{0}％増加する	冷酷无赦的一击	对破防中目标所造成的伤害增加{0}%。	冷酷無赦的一擊	給予破防中目標的傷害增加{0}%。	무자비한 일격	브레이크 상태인 대상에게 주는 대미지가{0}% 증가
190841626	276	Merciless Strike+	Deals {0}% more damage to stunned targets.			60	50	50	0	0	1	1	0	0	0	0	0	0	0	0	0	2085854704	677545693	1	1	無慈悲な一撃＋	ブレイク中の対象に与えるダメージが{0}％増加する	冷酷无赦的一击＋	对破防中目标所造成的伤害增加{0}%。	冷酷無赦的一擊+	給予破防中目標的傷害增加{0}%。	무자비한 일격＋	브레이크 상태인 대상에게 주는 대미지가{0}% 증가
1833865731	277	Stun Damage	Increases stun damage by {0}%.			13	10	10	0	0	1	1	0	0	0	0	0	0	0	0	1	2085854704	1628810824	0	1	ブレイクダメージ	ブレイクダメージが{0}％増加する	破防伤害	破防伤害提升{0}%。	破防傷害	破防傷害上升{0}%。	브레이크 대미지	브레이크 대미지가 {0}% 증가한다
196623431	278	Stun Damage+	Increases stun damage by {0}%.			21	15	15	0	0	1	1	0	0	0	0	0	0	0	0	1	2085854704	1628810824	0	1	ブレイクダメージ＋	ブレイクダメージが{0}％増加する	破防伤害＋	破防伤害提升{0}%。	破防傷害+	破防傷害上升{0}%。	브레이크 대미지＋	브레이크 대미지가 {0}% 증가한다
2092895441	279	Stun Damage++	Increases stun damage by {0}%.			30	20	20	0	0	1	1	0	0	0	0	0	0	0	0	1	2085854704	1628810824	0	1	ブレイクダメージ＋＋	ブレイクダメージが{0}％増加する	破防伤害＋＋	破防伤害提升{0}%。	破防傷害++	破防傷害上升{0}%。	브레이크 대미지＋＋	브레이크 대미지가 {0}% 증가한다
488924812	280	Tenacious Blow	Increases stun damage by {0}%.	Stun Damage	Stun Damage+	37	30	30	0	0	1	1	0	0	0	0	0	0	0	0	1	2085854704	1628810824	0	1	執着する一撃	ブレイクダメージが{0}％増加する	执着一击	破防伤害提升{0}%。	執著一擊	破防傷害上升{0}%。	집착하는 일격	브레이크 대미지가 {0}% 증가한다
1780700698	281	Relentless Blow	Increases stun damage by {0}%.	Stun Damage++	Tenacious Blow	43	40	40	0	0	1	1	0	0	0	0	0	0	0	0	1	2085854704	1628810824	0	1	執拗な一撃	ブレイクダメージが{0}％増加する	固执一击	破防伤害提升{0}%。	執拗一擊	破防傷害上升{0}%。	집요한 일격	브레이크 대미지가 {0}% 증가한다
215349344	282	Regal Destruction	Increases stun damage by {0}%.	Tenacious Blow	Relentless Blow	48	50	50	0	0	1	1	0	0	0	0	0	0	0	0	1	2085854704	1628810824	0	1	破壊王	ブレイクダメージが{0}％増加する	破坏王	破防伤害提升{0}%。	破壞王	破防傷害上升{0}%。	파괴왕	브레이크 대미지가 {0}% 증가한다
2077411530	283	Regal Destruction+	Increases stun damage by {0}%.			50	60	60	0	0	1	1	0	0	0	0	0	0	0	0	0	2085854704	1628810824	1	1	破壊王＋	ブレイクダメージが{0}％増加する	破坏王＋	破防伤害提升{0}%。	破壞王+	破防傷害上升{0}%。	파괴왕＋	브레이크 대미지가 {0}% 증가한다
345123495	284	Divine Destruction	Increases stun damage by {0}%.	Regal Destruction	Fairy Blessing	55	70	70	0	0	1	1	0	0	0	0	0	0	0	0	0	2085854704	1628810824	1	1	破壊神	ブレイクダメージが{0}％増加する	破坏神	破防伤害提升{0}%。	破壞神	破防傷害上升{0}%。	파괴신	브레이크 대미지가 {0}% 증가한다
1670715953	285	Divine Destruction+	Increases stun damage by {0}%.			60	80	80	0	0	1	1	0	0	0	0	0	0	0	0	0	2085854704	1628810824	1	1	破壊神＋	ブレイクダメージが{0}％増加する	破坏神＋	破防伤害提升{0}%。	破壞神+	破防傷害上升{0}%。	파괴신＋	브레이크 대미지가 {0}% 증가한다
1410867024	286	Sharpness Up: Phys	Deals an additional {0} power physical damage when attacking.			14	10	10	0	0	1	1	0	0	0	1	0	0	0	0	1	1221006659	1934461108	0	1	鋭さが増す・物理	攻撃に威力{0}の物理追加ダメージが発生する	增强锐利度·物理	攻击时追加造成威力{0}的物理伤害。	增強銳利度‧物理	攻擊時，可造成威力{0}的物理追加傷害。	날카로움 증가ㆍ물리	공격에 위력 {0}만큼물리속성 추가 대미지가 발생한다
854503702	287	Sharpen Edge: Phys	Deals an additional {0} power physical damage when attacking.			22	15	15	0	0	1	1	0	0	0	1	0	0	0	0	1	1221006659	1934461108	0	1	切れ味が増す・物理	攻撃に威力{0}の物理追加ダメージが発生する	增加锋利度·物理	攻击时追加造成威力{0}的物理伤害。	增加鋒利度‧物理	攻擊時，可造成威力{0}的物理追加傷害。	예리함 증가ㆍ물리	공격에 위력 {0}만큼물리속성 추가 대미지가 발생한다
1172930948	288	Aggression Up: Phys	Deals an additional {0} power physical damage when attacking.			28	20	20	0	0	1	1	0	0	0	1	0	0	0	0	1	1221006659	1934461108	0	1	攻撃性能が増す・物理	攻撃に威力{0}の物理追加ダメージが発生する	增强攻击性能·物理	攻击时追加造成威力{0}的物理伤害。	增強攻擊性能‧物理	攻擊時，可造成威力{0}的物理追加傷害。	공격 성능 증가ㆍ물리	공격에 위력 {0}만큼물리속성 추가 대미지가 발생한다
611511263	289	Barrage Attack: Phys	Deals an additional {0} power physical damage when attacking.	Sharpness Up: Phys	Sharpen Edge: Phys	34	25	25	0	0	1	1	0	0	0	1	0	0	0	0	1	1221006659	1934461108	0	1	連打の追撃・物理	攻撃に威力{0}の物理追加ダメージが発生する	连打的追击·物理	攻击时追加造成威力{0}的物理伤害。	連打的追擊‧物理	攻擊時，可造成威力{0}的物理追加傷害。	연타 추격ㆍ물리	공격에 위력 {0}만큼물리속성 추가 대미지가 발생한다
1400232777	290	Skillful Attack: Phys	Deals an additional {0} power physical damage when attacking.	Aggression Up: Phys	Barrage Attack: Phys	40	30	30	0	0	1	1	0	0	0	1	0	0	0	0	0	1221006659	1934461108	1	1	快刀乱麻の追撃・物理	攻撃に威力{0}の物理追加ダメージが発生する	快刀乱麻的追击·物理	攻击时追加造成威力{0}的物理伤害。	快刀亂麻的追擊‧物理	攻擊時，可造成威力{0}的物理追加傷害。	쾌도난마의 추격ㆍ물리	공격에 위력 {0}만큼물리속성 추가 대미지가 발생한다
1671897646	291	Skillful Attack: Phys+	Deals an additional {0} power physical damage when attacking.			45	35	35	0	0	1	1	0	0	0	1	0	0	0	0	0	1221006659	1934461108	1	1	快刀乱麻の追撃・物理＋	攻撃に威力{0}の物理追加ダメージが発生する	快刀乱麻的追击·物理＋	攻击时追加造成威力{0}的物理伤害。	快刀亂麻的追擊‧物理+	攻擊時，可造成威力{0}的物理追加傷害。	쾌도난마의 추격ㆍ물리＋	공격에 위력 {0}만큼물리속성 추가 대미지가 발생한다
897807629	292	Persistent Attack: Phys	Deals an additional {0} power physical damage when attacking.	Barrage Attack: Phys	Fairy Boon	50	40	40	0	0	1	1	0	0	0	1	0	0	0	0	0	1221006659	1934461108	1	1	点滴穿石の追撃・物理	攻撃に威力{0}の物理追加ダメージが発生する	水滴石穿的追击·物理	攻击时追加造成威力{0}的物理伤害。	點滴穿石的追擊‧物理	攻擊時，可造成威力{0}的物理追加傷害。	점적천석의 추격ㆍ물리	공격에 위력 {0}만큼물리속성 추가 대미지가 발생한다
1115964827	293	Persistent Attack: Phys+	Deals an additional {0} power physical damage when attacking.			55	60	60	0	0	1	1	0	0	0	1	0	0	0	0	0	1221006659	1934461108	1	1	点滴穿石の追撃・物理＋	攻撃に威力{0}の物理追加ダメージが発生する	水滴石穿的追击·物理＋	攻击时追加造成威力{0}的物理伤害。	點滴穿石的追擊‧物理+	攻擊時，可造成威力{0}的物理追加傷害。	점적천석의 추격ㆍ물리＋	공격에 위력 {0}만큼물리속성 추가 대미지가 발생한다
1198225806	294	Sharpness Up: Magic	Deals an additional {0} power magic damage when attacking.			14	10	10	0	0	1	1	0	0	0	1	0	0	0	0	1	1221006659	696892015	0	1	鋭さが増す・魔法	攻撃に威力{0}の魔法追加ダメージが発生する	增强锐利度·魔法	攻击时追加造成威力{0}的魔法伤害。	增強銳利度‧魔法	攻擊時，可造成威力{0}的魔法追加傷害。	날카로움 증가ㆍ마법	공격에 위력 {0}만큼마법속성 추가 대미지가 발생한다
563992524	295	Sharpen Edge: Magic	Deals an additional {0} power magic damage when attacking.			22	15	15	0	0	1	1	0	0	0	1	0	0	0	0	1	1221006659	696892015	0	1	切れ味が増す・魔法	攻撃に威力{0}の魔法追加ダメージが発生する	增加锋利度·魔法	攻击时追加造成威力{0}的魔法伤害。	增加鋒利度‧魔法	攻擊時，可造成威力{0}的魔法追加傷害。	예리함 증가ㆍ마법	공격에 위력 {0}만큼마법속성 추가 대미지가 발생한다
1452992350	296	Aggression Up: Magic	Deals an additional {0} power magic damage when attacking.			28	20	20	0	0	1	1	0	0	0	1	0	0	0	0	1	1221006659	696892015	0	1	攻撃性能が増す・魔法	攻撃に威力{0}の魔法追加ダメージが発生する	增强攻击性能·魔法	攻击时追加造成威力{0}的魔法伤害。	增強攻擊性能‧魔法	攻擊時，可造成威力{0}的魔法追加傷害。	공격 성능 증가ㆍ마법	공격에 위력 {0}만큼마법속성 추가 대미지가 발생한다
922848513	297	Barrage Attack: Magic	Deals an additional {0} power magic damage when attacking.	Sharpness Up: Magic	Sharpen Edge: Magic	34	25	25	0	0	1	1	0	0	0	1	0	0	0	0	1	1221006659	696892015	0	1	連打の追撃・魔法	攻撃に威力{0}の魔法追加ダメージが発生する	连打的追击·魔法	攻击时追加造成威力{0}的魔法伤害。	連打的追擊‧魔法	攻擊時，可造成威力{0}的魔法追加傷害。	연타 추격ㆍ마법	공격에 위력 {0}만큼마법속성 추가 대미지가 발생한다
1074183575	298	Skillful Attack: Magic	Deals an additional {0} power magic damage when attacking.	Aggression Up: Magic	Barrage Attack: Magic	40	30	30	0	0	1	1	0	0	0	1	0	0	0	0	0	1221006659	696892015	1	1	快刀乱麻の追撃・魔法	攻撃に威力{0}の魔法追加ダメージが発生する	快刀乱麻的追击·魔法	攻击时追加造成威力{0}的魔法伤害。	快刀亂麻的追擊‧魔法	攻擊時，可造成威力{0}的魔法追加傷害。	쾌도난마의 추격ㆍ마법	공격에 위력 {0}만큼마법속성 추가 대미지가 발생한다
2088229970	299	Skillful Attack: Magic+	Deals an additional {0} power magic damage when attacking.			45	35	35	0	0	1	1	0	0	0	1	0	0	0	0	0	1221006659	696892015	1	1	快刀乱麻の追撃・魔法＋	攻撃に威力{0}の魔法追加ダメージが発生する	快刀乱麻的追击·魔法＋	攻击时追加造成威力{0}的魔法伤害。	快刀亂麻的追擊‧魔法+	攻擊時，可造成威力{0}的魔法追加傷害。	쾌도난마의 추격ㆍ마법＋	공격에 위력 {0}만큼마법속성 추가 대미지가 발생한다
653267923	300	Persistent Attack: Magic	Deals an additional {0} power magic damage when attacking.	Barrage Attack: Magic	Fairy Tune	50	40	40	0	0	1	1	0	0	0	1	0	0	0	0	0	1221006659	696892015	1	1	点滴穿石の追撃・魔法	攻撃に威力{0}の魔法追加ダメージが発生する	水滴石穿的追击·魔法	攻击时追加造成威力{0}的魔法伤害。	點滴穿石的追擊‧魔法	攻擊時，可造成威力{0}的魔法追加傷害。	점적천석의 추격ㆍ마법	공격에 위력 {0}만큼마법속성 추가 대미지가 발생한다
1375150917	301	Persistent Attack: Magic+	Deals an additional {0} power magic damage when attacking.			55	60	60	0	0	1	1	0	0	0	1	0	0	0	0	0	1221006659	696892015	1	1	点滴穿石の追撃・魔法＋	攻撃に威力{0}の魔法追加ダメージが発生する	水滴石穿的追击·魔法＋	攻击时追加造成威力{0}的魔法伤害。	點滴穿石的追擊‧魔法+	攻擊時，可造成威力{0}的魔法追加傷害。	점적천석의 추격ㆍ마법＋	공격에 위력 {0}만큼마법속성 추가 대미지가 발생한다
1510010318	302	Sharpness Up: Fire	Deals an additional {0} power fire damage when attacking.			14	10	10	0	0	1	1	0	0	0	1	0	0	0	0	1	1221006659	1714659862	0	1	鋭さが増す・火	攻撃に威力{0}の火追加ダメージが発生する	增强锐利度·火	攻击时追加造成威力{0}的火伤害。	增強銳利度‧火	攻擊時，可造成威力{0}的火追加傷害。	날카로움 증가ㆍ화	공격에 위력 {0}만큼화속성 추가 대미지가 발생한다
1022772108	303	Sharpen Edge: Fire	Deals an additional {0} power fire damage when attacking.			22	15	15	0	0	1	1	0	0	0	1	0	0	0	0	1	1221006659	1714659862	0	1	切れ味が増す・火	攻撃に威力{0}の火追加ダメージが発生する	增加锋利度·火	攻击时追加造成威力{0}的火伤害。	增加鋒利度‧火	攻擊時，可造成威力{0}的火追加傷害。	예리함 증가ㆍ화	공격에 위력 {0}만큼화속성 추가 대미지가 발생한다
1274114846	304	Aggression Up: Fire	Deals an additional {0} power fire damage when attacking.			28	20	20	0	0	1	1	0	0	0	1	0	0	0	0	1	1221006659	1714659862	0	1	攻撃性能が増す・火	攻撃に威力{0}の火追加ダメージが発生する	增强攻击性能·火	攻击时追加造成威力{0}的火伤害。	增強攻擊性能‧火	攻擊時，可造成威力{0}的火追加傷害。	공격 성능 증가ㆍ화	공격에 위력 {0}만큼화속성 추가 대미지가 발생한다
711596353	305	Barrage Attack: Fire	Deals an additional {0} power fire damage when attacking.	Sharpness Up: Fire	Sharpen Edge: Fire	34	25	25	0	0	1	1	0	0	0	1	0	0	0	0	1	1221006659	1714659862	0	1	連打の追撃・火	攻撃に威力{0}の火追加ダメージが発生する	连打的追击·火	攻击时追加造成威力{0}的火伤害。	連打的追擊‧火	攻擊時，可造成威力{0}的火追加傷害。	연타 추격ㆍ화	공격에 위력 {0}만큼화속성 추가 대미지가 발생한다
1567435223	306	Skillful Attack: Fire	Deals an additional {0} power fire damage when attacking.	Aggression Up: Fire	Barrage Attack: Fire	40	30	30	0	0	1	1	0	0	0	1	0	0	0	0	0	1221006659	1714659862	1	1	快刀乱麻の追撃・火	攻撃に威力{0}の火追加ダメージが発生する	快刀乱麻的追击·火	攻击时追加造成威力{0}的火伤害。	快刀亂麻的追擊‧火	攻擊時，可造成威力{0}的火追加傷害。	쾌도난마의 추격ㆍ화	공격에 위력 {0}만큼화속성 추가 대미지가 발생한다
1387742665	307	Skillful Attack: Fire+	Deals an additional {0} power fire damage when attacking.			45	35	35	0	0	1	1	0	0	0	1	0	0	0	0	0	1221006659	1714659862	1	1	快刀乱麻の追撃・火＋	攻撃に威力{0}の火追加ダメージが発生する	快刀乱麻的追击·火＋	攻击时追加造成威力{0}的火伤害。	快刀亂麻的追擊‧火+	攻擊時，可造成威力{0}的火追加傷害。	쾌도난마의 추격ㆍ화＋	공격에 위력 {0}만큼화속성 추가 대미지가 발생한다
1000048531	308	Persistent Attack: Fire	Deals an additional {0} power fire damage when attacking.	Barrage Attack: Fire	Fairy Unity	50	40	40	0	0	1	1	0	0	0	1	0	0	0	0	0	1221006659	1714659862	1	1	点滴穿石の追撃・火	攻撃に威力{0}の火追加ダメージが発生する	水滴石穿的追击·火	攻击时追加造成威力{0}的火伤害。	點滴穿石的追擊‧火	攻擊時，可造成威力{0}的火追加傷害。	점적천석의 추격ㆍ화	공격에 위력 {0}만큼화속성 추가 대미지가 발생한다
1285338885	309	Persistent Attack: Fire+	Deals an additional {0} power fire damage when attacking.			55	60	60	0	0	1	1	0	0	0	1	0	0	0	0	0	1221006659	1714659862	1	1	点滴穿石の追撃・火＋	攻撃に威力{0}の火追加ダメージが発生する	水滴石穿的追击·火＋	攻击时追加造成威力{0}的火伤害。	點滴穿石的追擊‧火+	攻擊時，可造成威力{0}的火追加傷害。	점적천석의 추격ㆍ화＋	공격에 위력 {0}만큼화속성 추가 대미지가 발생한다
1914881192	310	Sharpness Up: Ice	Deals an additional {0} power ice damage when attacking.			14	10	10	0	0	1	1	0	0	0	1	0	0	0	0	1	1221006659	1217627849	0	1	鋭さが増す・氷	攻撃に威力{0}の氷追加ダメージが発生する	增强锐利度·冰	攻击时追加造成威力{0}的冰伤害。	增強銳利度‧冰	攻擊時，可造成威力{0}的冰追加傷害。	날카로움 증가ㆍ빙	공격에 위력 {0}만큼빙속성 추가 대미지가 발생한다
349465326	311	Sharpen Edge: Ice	Deals an additional {0} power ice damage when attacking.			22	15	15	0	0	1	1	0	0	0	1	0	0	0	0	1	1221006659	1217627849	0	1	切れ味が増す・氷	攻撃に威力{0}の氷追加ダメージが発生する	增加锋利度·冰	攻击时追加造成威力{0}的冰伤害。	增加鋒利度‧冰	攻擊時，可造成威力{0}的冰追加傷害。	예리함 증가ㆍ빙	공격에 위력 {0}만큼빙속성 추가 대미지가 발생한다
1674795644	312	Aggression Up: Ice	Deals an additional {0} power ice damage when attacking.			28	20	20	0	0	1	1	0	0	0	1	0	0	0	0	1	1221006659	1217627849	0	1	攻撃性能が増す・氷	攻撃に威力{0}の氷追加ダメージが発生する	增强攻击性能·冰	攻击时追加造成威力{0}的冰伤害。	增強攻擊性能‧冰	攻擊時，可造成威力{0}的冰追加傷害。	공격 성능 증가ㆍ빙	공격에 위력 {0}만큼빙속성 추가 대미지가 발생한다
38285351	313	Barrage Attack: Ice	Deals an additional {0} power ice damage when attacking.	Sharpness Up: Ice	Sharpen Edge: Ice	34	25	25	0	0	1	1	0	0	0	1	0	0	0	0	1	1221006659	1217627849	0	1	連打の追撃・氷	攻撃に威力{0}の氷追加ダメージが発生する	连打的追击·冰	攻击时追加造成威力{0}的冰伤害。	連打的追擊‧冰	攻擊時，可造成威力{0}的冰追加傷害。	연타 추격ㆍ빙	공격에 위력 {0}만큼빙속성 추가 대미지가 발생한다
1968111793	314	Skillful Attack: Ice	Deals an additional {0} power ice damage when attacking.	Aggression Up: Ice	Barrage Attack: Ice	40	30	30	0	0	1	1	0	0	0	1	0	0	0	0	0	1221006659	1217627849	1	1	快刀乱麻の追撃・氷	攻撃に威力{0}の氷追加ダメージが発生する	快刀乱麻的追击·冰	攻击时追加造成威力{0}的冰伤害。	快刀亂麻的追擊‧冰	攻擊時，可造成威力{0}的冰追加傷害。	쾌도난마의 추격ㆍ빙	공격에 위력 {0}만큼빙속성 추가 대미지가 발생한다
9757772	315	Skillful Attack: Ice+	Deals an additional {0} power ice damage when attacking.			45	35	35	0	0	1	1	0	0	0	1	0	0	0	0	0	1221006659	1217627849	1	1	快刀乱麻の追撃・氷＋	攻撃に威力{0}の氷追加ダメージが発生する	快刀乱麻的追击·冰＋	攻击时追加造成威力{0}的冰伤害。	快刀亂麻的追擊‧冰+	攻擊時，可造成威力{0}的冰追加傷害。	쾌도난마의 추격ㆍ빙＋	공격에 위력 {0}만큼빙속성 추가 대미지가 발생한다
330936053	316	Persistent Attack: Ice	Deals an additional {0} power ice damage when attacking.	Barrage Attack: Ice	Pure Determination	50	40	40	0	0	1	1	0	0	0	1	0	0	0	0	0	1221006659	1217627849	1	1	点滴穿石の追撃・氷	攻撃に威力{0}の氷追加ダメージが発生する	水滴石穿的追击·冰	攻击时追加造成威力{0}的冰伤害。	點滴穿石的追擊‧冰	攻擊時，可造成威力{0}的冰追加傷害。	점적천석의 추격ㆍ빙	공격에 위력 {0}만큼빙속성 추가 대미지가 발생한다
1690213987	317	Persistent Attack: Ice+	Deals an additional {0} power ice damage when attacking.			55	60	60	0	0	1	1	0	0	0	1	0	0	0	0	0	1221006659	1217627849	1	1	点滴穿石の追撃・氷＋	攻撃に威力{0}の氷追加ダメージが発生する	水滴石穿的追击·冰＋	攻击时追加造成威力{0}的冰伤害。	點滴穿石的追擊‧冰+	攻擊時，可造成威力{0}的冰追加傷害。	점적천석의 추격ㆍ빙＋	공격에 위력 {0}만큼빙속성 추가 대미지가 발생한다
730492312	318	Sharpness Up: Bolt	Deals an additional {0} power bolt damage when attacking.			14	10	10	0	0	1	1	0	0	0	1	0	0	0	0	1	1221006659	439414244	0	1	鋭さが増す・雷	攻撃に威力{0}の雷追加ダメージが発生する	增强锐利度·雷	攻击时追加造成威力{0}的雷伤害。	增強銳利度‧雷	攻擊時，可造成威力{0}的雷追加傷害。	날카로움 증가ㆍ뇌	공격에 위력 {0}만큼뇌속성 추가 대미지가 발생한다
1300022238	319	Sharpen Edge: Bolt	Deals an additional {0} power bolt damage when attacking.			22	15	15	0	0	1	1	0	0	0	1	0	0	0	0	1	1221006659	439414244	0	1	切れ味が増す・雷	攻撃に威力{0}の雷追加ダメージが発生する	增加锋利度·雷	攻击时追加造成威力{0}的雷伤害。	增加鋒利度‧雷	攻擊時，可造成威力{0}的雷追加傷害。	예리함 증가ㆍ뇌	공격에 위력 {0}만큼뇌속성 추가 대미지가 발생한다
981201740	320	Aggression Up: Bolt	Deals an additional {0} power bolt damage when attacking.			28	20	20	0	0	1	1	0	0	0	1	0	0	0	0	1	1221006659	439414244	0	1	攻撃性能が増す・雷	攻撃に威力{0}の雷追加ダメージが発生する	增强攻击性能·雷	攻击时追加造成威力{0}的雷伤害。	增強攻擊性能‧雷	攻擊時，可造成威力{0}的雷追加傷害。	공격 성능 증가ㆍ뇌	공격에 위력 {0}만큼뇌속성 추가 대미지가 발생한다
1541445911	321	Barrage Attack: Bolt	Deals an additional {0} power bolt damage when attacking.	Sharpness Up: Bolt	Sharpen Edge: Bolt	34	25	25	0	0	1	1	0	0	0	1	0	0	0	0	1	1221006659	439414244	0	1	連打の追撃・雷	攻撃に威力{0}の雷追加ダメージが発生する	连打的追击·雷	攻击时追加造成威力{0}的雷伤害。	連打的追擊‧雷	攻擊時，可造成威力{0}的雷追加傷害。	연타 추격ㆍ뇌	공격에 위력 {0}만큼뇌속성 추가 대미지가 발생한다
753379713	322	Skillful Attack: Bolt	Deals an additional {0} power bolt damage when attacking.	Aggression Up: Bolt	Barrage Attack: Bolt	40	30	30	0	0	1	1	0	0	0	1	0	0	0	0	0	1221006659	439414244	1	1	快刀乱麻の追撃・雷	攻撃に威力{0}の雷追加ダメージが発生する	快刀乱麻的追击·雷	攻击时追加造成威力{0}的雷伤害。	快刀亂麻的追擊‧雷	攻擊時，可造成威力{0}的雷追加傷害。	쾌도난마의 추격ㆍ뇌	공격에 위력 {0}만큼뇌속성 추가 대미지가 발생한다
767877256	323	Skillful Attack: Bolt+	Deals an additional {0} power bolt damage when attacking.			45	35	35	0	0	1	1	0	0	0	1	0	0	0	0	0	1221006659	439414244	1	1	快刀乱麻の追撃・雷＋	攻撃に威力{0}の雷追加ダメージが発生する	快刀乱麻的追击·雷＋	攻击时追加造成威力{0}的雷伤害。	快刀亂麻的追擊‧雷+	攻擊時，可造成威力{0}的雷追加傷害。	쾌도난마의 추격ㆍ뇌＋	공격에 위력 {0}만큼뇌속성 추가 대미지가 발생한다
1242630085	324	Persistent Attack: Bolt	Deals an additional {0} power bolt damage when attacking.	Barrage Attack: Bolt	Guardian's Pride	50	40	40	0	0	1	1	0	0	0	1	0	0	0	0	0	1221006659	439414244	1	1	点滴穿石の追撃・雷	攻撃に威力{0}の雷追加ダメージが発生する	水滴石穿的追击·雷	攻击时追加造成威力{0}的雷伤害。	點滴穿石的追擊‧雷	攻擊時，可造成威力{0}的雷追加傷害。	점적천석의 추격ㆍ뇌	공격에 위력 {0}만큼뇌속성 추가 대미지가 발생한다
1024866131	325	Persistent Attack: Bolt+	Deals an additional {0} power bolt damage when attacking.			55	60	60	0	0	1	1	0	0	0	1	0	0	0	0	0	1221006659	439414244	1	1	点滴穿石の追撃・雷＋	攻撃に威力{0}の雷追加ダメージが発生する	水滴石穿的追击·雷＋	攻击时追加造成威力{0}的雷伤害。	點滴穿石的追擊‧雷+	攻擊時，可造成威力{0}的雷追加傷害。	점적천석의 추격ㆍ뇌＋	공격에 위력 {0}만큼뇌속성 추가 대미지가 발생한다
2046466222	326	Sharpness Up: Air	Deals an additional {0} power air damage when attacking.			14	10	10	0	0	1	1	0	0	0	1	0	0	0	0	1	1221006659	535232295	0	1	鋭さが増す・風	攻撃に威力{0}の風追加ダメージが発生する	增强锐利度·风	攻击时追加造成威力{0}的风伤害。	增強銳利度‧風	攻擊時，可造成威力{0}的風追加傷害。	날카로움 증가ㆍ풍	공격에 위력 {0}만큼풍속성 추가 대미지가 발생한다
520894184	327	Sharpen Edge: Air	Deals an additional {0} power air damage when attacking.			22	15	15	0	0	1	1	0	0	0	1	0	0	0	0	1	1221006659	535232295	0	1	切れ味が増す・風	攻撃に威力{0}の風追加ダメージが発生する	增加锋利度·风	攻击时追加造成威力{0}的风伤害。	增加鋒利度‧風	攻擊時，可造成威力{0}的風追加傷害。	예리함 증가ㆍ풍	공격에 위력 {0}만큼풍속성 추가 대미지가 발생한다
1745553022	328	Aggression Up: Air	Deals an additional {0} power air damage when attacking.			28	20	20	0	0	1	1	0	0	0	1	0	0	0	0	1	1221006659	535232295	0	1	攻撃性能が増す・風	攻撃に威力{0}の風追加ダメージが発生する	增强攻击性能·风	攻击时追加造成威力{0}的风伤害。	增強攻擊性能‧風	攻擊時，可造成威力{0}的風追加傷害。	공격 성능 증가ㆍ풍	공격에 위력 {0}만큼풍속성 추가 대미지가 발생한다
160459811	329	Barrage Attack: Air	Deals an additional {0} power air damage when attacking.	Sharpness Up: Air	Sharpen Edge: Air	34	25	25	0	0	1	1	0	0	0	1	0	0	0	0	1	1221006659	535232295	0	1	連打の追撃・風	攻撃に威力{0}の風追加ダメージが発生する	连打的追击·风	攻击时追加造成威力{0}的风伤害。	連打的追擊‧風	攻擊時，可造成威力{0}的風追加傷害。	연타 추격ㆍ풍	공격에 위력 {0}만큼풍속성 추가 대미지가 발생한다
2123848885	330	Skillful Attack: Air	Deals an additional {0} power air damage when attacking.	Aggression Up: Air	Barrage Attack: Air	40	30	30	0	0	1	1	0	0	0	1	0	0	0	0	0	1221006659	535232295	1	1	快刀乱麻の追撃・風	攻撃に威力{0}の風追加ダメージが発生する	快刀乱麻的追击·风	攻击时追加造成威力{0}的风伤害。	快刀亂麻的追擊‧風	攻擊時，可造成威力{0}的風追加傷害。	쾌도난마의 추격ㆍ풍	공격에 위력 {0}만큼풍속성 추가 대미지가 발생한다
270298753	331	Skillful Attack: Air+	Deals an additional {0} power air damage when attacking.			45	35	35	0	0	1	1	0	0	0	1	0	0	0	0	0	1221006659	535232295	1	1	快刀乱麻の追撃・風＋	攻撃に威力{0}の風追加ダメージが発生する	快刀乱麻的追击·风＋	攻击时追加造成威力{0}的风伤害。	快刀亂麻的追擊‧風+	攻擊時，可造成威力{0}的風追加傷害。	쾌도난마의 추격ㆍ풍＋	공격에 위력 {0}만큼풍속성 추가 대미지가 발생한다
409072369	332	Persistent Attack: Air	Deals an additional {0} power air damage when attacking.	Barrage Attack: Air	Guardian's Pride	50	40	40	0	0	1	1	0	0	0	1	0	0	0	0	0	1221006659	535232295	1	1	点滴穿石の追撃・風	攻撃に威力{0}の風追加ダメージが発生する	水滴石穿的追击·风	攻击时追加造成威力{0}的风伤害。	點滴穿石的追擊‧風	攻擊時，可造成威力{0}的風追加傷害。	점적천석의 추격ㆍ풍	공격에 위력 {0}만큼풍속성 추가 대미지가 발생한다
1869005415	333	Persistent Attack: Air+	Deals an additional {0} power air damage when attacking.			55	60	60	0	0	1	1	0	0	0	1	0	0	0	0	0	1221006659	535232295	1	1	点滴穿石の追撃・風＋	攻撃に威力{0}の風追加ダメージが発生する	水滴石穿的追击·风＋	攻击时追加造成威力{0}的风伤害。	點滴穿石的追擊‧風+	攻擊時，可造成威力{0}的風追加傷害。	점적천석의 추격ㆍ풍＋	공격에 위력 {0}만큼풍속성 추가 대미지가 발생한다
1518989954	334	Proficient Interrupt	Grants {0} TP upon performing an Interrupt.			27	5	5	0	0	1	0	0	0	0	0	0	0	1	0	1	1135783895	818412435	0	1	割り込み上手	インタラプト時、ＴＰを{0}獲得する	抢先高手	中断时可获得{0}TP。	搶先高手	中斷時，獲得{0}TP。	끼어들기 고수	인터럽트 시, TP를 {0} 획득한다
1014979780	335	Proficient Interrupt+	Grants {0} TP upon performing an Interrupt.			40	10	10	0	0	1	0	0	0	0	0	0	0	1	0	1	1135783895	818412435	0	1	割り込み上手＋	インタラプト時、ＴＰを{0}獲得する	抢先高手＋	中断时可获得{0}TP。	搶先高手+	中斷時，獲得{0}TP。	끼어들기 고수＋	인터럽트 시, TP를 {0} 획득한다
1266183250	336	Proficient Interrupt++	Grants {0} TP upon performing an Interrupt.	Proficient Interrupt	Proficient Interrupt+	50	20	20	0	0	1	0	0	0	0	0	0	0	1	0	0	1135783895	818412435	1	1	割り込み上手＋＋	インタラプト時、ＴＰを{0}獲得する	抢先高手＋＋	中断时可获得{0}TP。	搶先高手++	中斷時，獲得{0}TP。	끼어들기 고수＋＋	인터럽트 시, TP를 {0} 획득한다
540667834	337	Aggressive Interrupt	Boosts the item's power and recovery by {0}％ when it is used during an Interrupt.			27	20	20	0	0	1	1	1	0	0	0	0	0	0	0	1	1135783895	972821713	0	1	割り込み強撃	インタラプト時に使用すると、威力と回復力が{0}％増加する	抢先强击	若在中断时使用，威力和恢复力提升{0}%。	搶先強擊	若在中斷時使用，威力和回復力上升{0}%。	끼어들기 강격	인터럽트 시에 사용하면위력과 회복력이 {0}％ 증가한다
1187987964	338	Aggressive Interrupt+	Boosts the item's power and recovery by {0}％ when it is used during an Interrupt.			40	30	30	0	0	1	1	1	0	0	0	0	0	0	0	1	1135783895	972821713	0	1	割り込み強撃＋	インタラプト時に使用すると、威力と回復力が{0}％増加する	抢先强击＋	若在中断时使用，威力和恢复力提升{0}%。	搶先強擊+	若在中斷時使用，威力和回復力上升{0}%。	끼어들기 강격＋	인터럽트 시에 사용하면위력과 회복력이 {0}％ 증가한다
835219818	339	Aggressive Interrupt++	Boosts the item's power and recovery by {0}％ when it is used during an Interrupt.	Aggressive Interrupt	Aggressive Interrupt+	50	40	40	0	0	1	1	1	0	0	0	0	0	0	0	0	1135783895	972821713	1	1	割り込み強撃＋＋	インタラプト時に使用すると、威力と回復力が{0}％増加する	抢先强击＋＋	若在中断时使用，威力和恢复力提升{0}%。	搶先強擊++	若在中斷時使用，威力和回復力上升{0}%。	끼어들기 강격＋＋	인터럽트 시에 사용하면위력과 회복력이 {0}％ 증가한다
202645357	340	Proficient Mix	Grants {0} TP when performing Item Mix.			27	5	5	0	0	1	0	0	0	0	0	0	0	1	0	1	1135783895	860926713	0	1	混ぜ上手	アイテムミックス時、ＴＰを{0}獲得する	搅拌高手	道具混搭时可获得{0}TP。	攪拌高手	道具混搭時，獲得{0}TP。	섞기 고수	아이템 믹스 시, TP를 {0} 획득한다
1793241385	341	Proficient Mix+	Grants {0} TP when performing Item Mix.			40	10	10	0	0	1	0	0	0	0	0	0	0	1	0	1	1135783895	860926713	0	1	混ぜ上手＋	アイテムミックス時、ＴＰを{0}獲得する	搅拌高手＋	道具混搭时可获得{0}TP。	攪拌高手+	道具混搭時，獲得{0}TP。	섞기 고수＋	아이템 믹스 시, TP를 {0} 획득한다
501580223	342	Proficient Mix++	Grants {0} TP when performing Item Mix.	Proficient Mix	Proficient Mix+	50	20	20	0	0	1	0	0	0	0	0	0	0	1	0	0	1135783895	860926713	1	1	混ぜ上手＋＋	アイテムミックス時、ＴＰを{0}獲得する	搅拌高手＋＋	道具混搭时可获得{0}TP。	攪拌高手++	道具混搭時，獲得{0}TP。	섞기 고수＋＋	아이템 믹스 시, TP를 {0} 획득한다
725369862	343	Enhance Mix	Boost the item's power and recovery by {0}% when performing Item Mix.			27	100	100	0	0	1	1	1	0	0	0	0	0	0	0	1	1135783895	1392255940	0	1	混合強化	アイテムミックス時の威力と回復力が{0}％増加する	混合强化	道具混搭时，威力和恢复力提升{0}%。	混合強化	道具混搭時，威力和回復力上升{0}%。	혼합 강화	아이템 믹스 시의위력과 회복력이 {0}% 증가한다
1305143876	344	Enhance Mix+	Boost the item's power and recovery by {0}% when performing Item Mix.			40	125	125	0	0	1	1	1	0	0	0	0	0	0	0	1	1135783895	1392255940	0	1	混合強化＋	アイテムミックス時の威力と回復力が{0}％増加する	混合强化＋	道具混搭时，威力和恢复力提升{0}%。	混合強化+	道具混搭時，威力和回復力上升{0}%。	혼합 강화＋	아이템 믹스 시의위력과 회복력이 {0}% 증가한다
986569430	345	Enhance Mix++	Boost the item's power and recovery by {0}% when performing Item Mix.	Enhance Mix	Enhance Mix+	50	150	150	0	0	1	1	1	0	0	0	0	0	0	0	0	1135783895	1392255940	1	1	混合強化＋＋	アイテムミックス時の威力と回復力が{0}％増加する	混合强化＋＋	道具混搭时，威力和恢复力提升{0}%。	混合強化++	道具混搭時，威力和回復力上升{0}%。	혼합 강화＋＋	아이템 믹스 시의위력과 회복력이 {0}% 증가한다
195702134	346	Proficient Link	Boosts skill power by {0}% upon performing a Multi-Action.			39	30	30	0	0	1	0	0	0	0	0	0	1	0	0	1	1135783895	1331594630	0	1	連携上手	マルチアクション時、スキルの威力が{0}％上昇する	联手高手	进行多重行动时，技能威力提升{0}%。	聯手高手	展開多重行動時，技能威力上升{0}%。	연계 고수	멀티 액션 시,스킬의 위력이 {0}% 상승한다
490271886	347	AP Consumption	Consumes {0}% AP when using the item. Power and recovery is boosted based on the amount of AP consumed.			16	10	10	0	0	1	1	1	0	0	0	0	0	0	0	1	2075481065	1128540471	0	1	AP消費	アイテム使用時、ＡＰを{0}％消費する。消費分に応じて威力と回復力が上昇する	消耗AP	使用道具时，消耗{0}％AP。根据消耗量提升威力和恢复力。	消耗AP	使用道具時，消耗{0}AP。並依據消耗量使威力和回復力上升。	AP 소비	아이템 사용 시, AP를 {0}% 소비한다.소비한 양에 따라 위력과 회복력이 상승한다
2077121224	348	AP Consumption+	Consumes {0}% AP when using the item. Power and recovery is boosted based on the amount of AP consumed.			27	20	20	0	0	1	1	1	0	0	0	0	0	0	0	1	2075481065	1128540471	0	1	AP消費＋	アイテム使用時、ＡＰを{0}％消費する。消費分に応じて威力と回復力が上昇する	消耗AP＋	使用道具时，消耗{0}％AP。根据消耗量提升威力和恢复力。	消耗AP+	使用道具時，消耗{0}AP。並依據消耗量使威力和回復力上升。	AP 소비＋	아이템 사용 시, AP를 {0}% 소비한다.소비한 양에 따라 위력과 회복력이 상승한다
214526558	349	AP Consumption++	Consumes {0}% AP when using the item. Power and recovery is boosted based on the amount of AP consumed.	AP Consumption	AP Consumption+	34	30	30	0	0	1	1	1	0	0	0	0	0	0	0	0	2075481065	1128540471	1	1	AP消費＋＋	アイテム使用時、ＡＰを{0}％消費する。消費分に応じて威力と回復力が上昇する	消耗AP＋＋	使用道具时，消耗{0}％AP。根据消耗量提升威力和恢复力。	消耗AP++	使用道具時，消耗{0}AP。並依據消耗量使威力和回復力上升。	AP 소비＋＋	아이템 사용 시, AP를 {0}% 소비한다.소비한 양에 따라 위력과 회복력이 상승한다
1834090499	350	Sap Vitality	Consumes {0}% AP when using the item. Power and recovery is boosted based on the amount of AP consumed.	AP Consumption+	AP Consumption++	40	40	40	0	0	1	1	1	0	0	0	0	0	0	0	0	2075481065	1128540471	1	1	活力を削る	アイテム使用時、ＡＰを{0}％消費する。消費分に応じて威力と回復力が上昇する	削减活力	使用道具时，消耗{0}％AP。根据消耗量提升威力和恢复力。	削減活力	使用道具時，消耗{0}AP。並依據消耗量使威力和回復力上升。	활력 고갈	아이템 사용 시, AP를 {0}% 소비한다.소비한 양에 따라 위력과 회복력이 상승한다
271095549	351	HP Consumption	Consumes {0}% HP when using the item. Power and recovery is boosted based on the amount of AP consumed.			16	10	10	0	0	1	1	1	0	0	0	0	0	0	0	1	2075481065	270033044	0	1	HP消費	アイテム使用時、ＨＰを{0}％消費する。消費分に応じて威力と回復力が上昇する	消耗HP	使用道具时，消耗{0}％HP。根据消耗量提升威力和恢复力。	消耗HP	使用道具時，消耗{0}HP。並依據消耗量使威力和回復力上升。	HP 소비	아이템 사용 시, HP를 {0}% 소비한다.소비한 양에 따라 위력과 회복력이 상승한다
1994275001	352	HP Consumption+	Consumes {0}% HP when using the item. Power and recovery is boosted based on the amount of AP consumed.			27	20	20	0	0	1	1	1	0	0	0	0	0	0	0	1	2075481065	270033044	0	1	HP消費＋	アイテム使用時、ＨＰを{0}％消費する。消費分に応じて威力と回復力が上昇する	消耗HP＋	使用道具时，消耗{0}％HP。根据消耗量提升威力和恢复力。	消耗HP+	使用道具時，消耗{0}HP。並依據消耗量使威力和回復力上升。	HP 소비＋	아이템 사용 시, HP를 {0}% 소비한다.소비한 양에 따라 위력과 회복력이 상승한다
31000623	353	HP Consumption++	Consumes {0}% HP when using the item. Power and recovery is boosted based on the amount of AP consumed.	HP Consumption	HP Consumption+	34	30	30	0	0	1	1	1	0	0	0	0	0	0	0	0	2075481065	270033044	1	1	HP消費＋＋	アイテム使用時、ＨＰを{0}％消費する。消費分に応じて威力と回復力が上昇する	消耗HP＋＋	使用道具时，消耗{0}％HP。根据消耗量提升威力和恢复力。	消耗HP++	使用道具時，消耗{0}HP。並依據消耗量使威力和回復力上升。	HP 소비＋＋	아이템 사용 시, HP를 {0}% 소비한다.소비한 양에 따라 위력과 회복력이 상승한다
1614963316	354	Sap Life	Consumes {0}% HP when using the item. Power and recovery is boosted based on the amount of AP consumed.	HP Consumption+	HP Consumption++	40	40	40	0	0	1	1	1	0	0	0	0	0	0	0	0	2075481065	270033044	1	1	命を削る	アイテム使用時、ＨＰを{0}％消費する。消費分に応じて威力と回復力が上昇する	削减生命	使用道具时，消耗{0}％HP。根据消耗量提升威力和恢复力。	削減生命	使用道具時，消耗{0}HP。並依據消耗量使威力和回復力上升。	생명 고갈	아이템 사용 시, HP를 {0}% 소비한다.소비한 양에 따라 위력과 회복력이 상승한다
522010794	355	Grant HP Recovery	Restore {0}% of the target's HP.			25	10	10	0	0	1	0	1	0	1	0	0	0	0	0	1	905217877	178690153	0	1	ＨＰ回復付与	対象のＨＰを{0}％回復する	赋予HP恢复	恢复目标{0}%的HP。	賦予HP回復	回復目標HP{0}%。	HP 회복 부여	대상의 HP를 {0}% 회복한다
2045505264	356	Grant HP Recovery+	Restore {0}% of the target's HP.			40	15	15	0	0	1	0	1	0	1	0	0	0	0	0	1	905217877	178690153	0	1	ＨＰ回復付与＋	対象のＨＰを{0}％回復する	赋予HP恢复＋	恢复目标{0}%的HP。	賦予HP回復+	回復目標HP{0}%。	HP 회복 부여＋	대상의 HP를 {0}% 회복한다
250404474	357	Healing Boon	Restore {0}% of the target's HP.	Grant HP Recovery	Grant HP Recovery+	45	20	20	0	0	1	0	1	0	1	0	0	0	0	0	0	905217877	178690153	1	1	治癒の恩恵	対象のＨＰを{0}％回復する	治愈恩惠	恢复目标{0}%的HP。	治癒恩惠	回復目標HP{0}%。	치유의 은총	대상의 HP를 {0}% 회복한다
1870115877	358	Grant Revival	Revives the target with {0}% HP if they are KO'd.			30	1	1	0	0	1	0	1	0	0	0	0	0	0	0	1	905217877	1651527833	0	1	蘇生付与	対象をＨＰ{0}％の状態で戦闘不能状態から復活させる	赋予复活	使目标从无法战斗的状态中复活，并恢复其{0}%的HP。	賦予復活	使目標脫離無法戰鬥狀態，並以HP{0}%的狀態復活。	소생 부여	대상을 HP {0}%의 상태로전투불능 상태에서 부활시킨다
410027187	359	Grant Revival+	Revives the target with {0}% HP if they are KO'd.			40	10	10	0	0	1	0	1	0	0	0	0	0	0	0	1	905217877	1651527833	0	1	蘇生付与＋	対象をＨＰ{0}％の状態で戦闘不能状態から復活させる	赋予复活＋	使目标从无法战斗的状态中复活，并恢复其{0}%的HP。	賦予復活+	使目標脫離無法戰鬥狀態，並以HP{0}%的狀態復活。	소생 부여＋	대상을 HP {0}%의 상태로전투불능 상태에서 부활시킨다
2122722039	360	Grant Revival++	Revives the target with {0}% HP if they are KO'd.	Grant Revival	Grant Revival+	60	50	50	0	0	1	0	1	0	0	0	0	0	0	0	0	905217877	1651527833	1	1	蘇生付与＋＋	対象をＨＰ{0}％の状態で戦闘不能状態から復活させる	赋予复活＋＋	使目标从无法战斗的状态中复活，并恢复其{0}%的HP。	賦予復活++	使目標脫離無法戰鬥狀態，並以HP{0}%的狀態復活。	소생 부여＋＋	대상을 HP {0}%의 상태로전투불능 상태에서 부활시킨다
1611808916	361	HP Charge	Increases max HP by {0}.			5	10	10	0	0	1	0	0	0	0	0	0	1	1	0	1	1360299425	1360299425	0	1	ＨＰ強化	最大ＨＰが{0}上昇する	HP强化	HP最大值提升{0}。	HP強化	HP最大值上升{0}。	HP강화	최대HP가 {0} 상승
115666646	362	HP Boost	Increases max HP by {0}.			15	15	15	0	0	1	0	0	0	0	0	0	1	1	0	1	1360299425	1360299425	0	1	ＨＰ大増量	最大ＨＰが{0}上昇する	HP大增量	HP最大值提升{0}。	HP大增量	HP最大值上升{0}。	HP대증량	최대HP가 {0} 상승
1910758976	363	HP Supercharge	Increases max HP by {0}.			20	20	20	0	0	1	0	0	0	0	0	0	1	1	0	1	1360299425	1360299425	0	1	ＨＰ超強化	最大ＨＰが{0}上昇する	HP超强化	HP最大值提升{0}。	HP超強化	HP最大值上升{0}。	HP초강화	최대HP가 {0} 상승
276345885	364	Swelling Power	Increases max HP by {0}.	HP Charge	HP Boost	25	25	25	0	0	1	0	0	0	0	0	0	1	1	0	1	1360299425	1360299425	0	1	みなぎる力	最大ＨＰが{0}上昇する	洋溢之力	HP最大值提升{0}。	洋溢之力	HP最大值上升{0}。	가득차는 힘	최대HP가 {0} 상승
1736410251	365	Overflowing Life	Increases max HP by {0}.	HP Boost	HP Supercharge	30	30	30	0	0	1	0	0	0	0	0	0	1	1	0	0	1360299425	1360299425	1	1	あふれる力	最大ＨＰが{0}上昇する	满溢之力	HP最大值提升{0}。	滿溢之力	HP最大值上升{0}。	넘쳐나는 힘	최대HP가 {0} 상승
25766607	366	Life Force	Increases max HP by {0}.	Swelling Power	Overflowing Life	35	40	40	0	0	1	0	0	0	0	0	0	1	1	0	0	1360299425	1360299425	1	1	生命の力	最大ＨＰが{0}上昇する	生命之力	HP最大值提升{0}。	生命之力	HP最大值上升{0}。	생명의 힘	최대HP가 {0} 상승
1468572608	367	Life Force+	Increases max HP by {0}.			45	50	50	0	0	1	0	0	0	0	0	0	1	1	0	0	1360299425	1360299425	1	1	生命の力＋	最大ＨＰが{0}上昇する	生命之力＋	HP最大值提升{0}。	生命之力+	HP最大值上升{0}。	생명의 힘＋	최대HP가 {0} 상승
1989024345	368	Awakened Vitality	Increases max HP by {0}.	Life Force	Fairy Tune	55	60	60	0	0	1	0	0	0	0	0	0	1	1	0	0	1360299425	1360299425	1	1	生命力の覚醒	最大ＨＰが{0}上昇する	生命力的觉醒	HP最大值提升{0}。	生命力的覺醒	HP最大值上升{0}。	생명력 각성	최대HP가 {0} 상승
184986003	369	Awakened Vitality+	Increases max HP by {0}.			60	70	70	0	0	1	0	0	0	0	0	0	1	1	0	0	1360299425	1360299425	1	1	生命力の覚醒＋	最大ＨＰが{0}上昇する	生命力的觉醒＋	HP最大值提升{0}。	生命力的覺醒+	HP最大值上升{0}。	생명력 각성＋	최대HP가 {0} 상승
490246425	370	ATK Charge	Increases ATK by {0}.			5	5	5	0	0	1	0	0	0	0	1	0	0	1	0	1	1057447733	1964213878	0	1	攻撃強化	攻撃力が{0}上昇する	攻击强化	攻击力提升{0}。	攻擊強化	攻擊力上升{0}。	공격 강화	공격력이 {0} 상승
2077114205	371	ATK Boost	Increases ATK by {0}.			15	10	10	0	0	1	0	0	0	0	1	0	0	1	0	1	1057447733	1964213878	0	1	攻撃ブースト	攻撃力が{0}上昇する	攻击加成	攻击力提升{0}。	攻擊加成	攻擊力上升{0}。	공격 부스트	공격력이 {0} 상승
214503371	372	ATK Supercharge	Increases ATK by {0}.			20	15	15	0	0	1	0	0	0	0	1	0	0	1	0	1	1057447733	1964213878	0	1	攻撃力超強化	攻撃力が{0}上昇する	攻击超强化	攻击力提升{0}。	攻擊超強化	攻擊力上升{0}。	공격력 초강화	공격력이 {0} 상승
1834116502	373	Beastly Power	Increases ATK by {0}.	ATK Charge	ATK Boost	25	20	20	0	0	1	0	0	0	0	1	0	0	1	0	1	1057447733	1964213878	0	1	猛獣の力	攻撃力が{0}上昇する	猛兽之力	攻击力提升{0}。	猛獸之力	攻擊力上升{0}。	맹수의 힘	공격력이 {0} 상승
441799936	374	Power of Destruction	Increases ATK by {0}.	ATK Boost	ATK Supercharge	30	25	25	0	0	1	0	0	0	0	1	0	0	1	0	0	1057447733	1964213878	1	1	破壊の力	攻撃力が{0}上昇する	破坏之力	攻击力提升{0}。	破壞之力	攻擊力上升{0}。	파괴의 힘	공격력이 {0} 상승
2091121478	375	War God's Power	Increases ATK by {0}.	Beastly Power	Power of Destruction	35	30	30	0	0	1	0	0	0	0	1	0	0	1	0	0	1057447733	1964213878	1	1	軍神の力	攻撃力が{0}上昇する	军神之力	攻击力提升{0}。	軍神之力	攻擊力上升{0}。	군신의 힘	공격력이 {0} 상승
1533011680	376	War God's Power+	Increases ATK by {0}.			45	35	35	0	0	1	0	0	0	0	1	0	0	1	0	0	1057447733	1964213878	1	1	軍神の力＋	攻撃力が{0}上昇する	军神之力＋	攻击力提升{0}。	軍神之力+	攻擊力上升{0}。	군신의 힘＋	공격력이 {0} 상승
195349460	377	Awakened Power	Increases ATK by {0}.	War God's Power	Fairy Unity	55	40	40	0	0	1	0	0	0	0	1	0	0	1	0	0	1057447733	1964213878	1	1	力の覚醒	攻撃力が{0}上昇する	力量的觉醒	攻击力提升{0}。	力量的覺醒	攻擊力上升{0}。	힘의 각성	공격력이 {0} 상승
1878837947	378	Awakened Power+	Increases ATK by {0}.			60	45	45	0	0	1	0	0	0	0	1	0	0	1	0	0	1057447733	1964213878	1	1	力の覚醒＋	攻撃力が{0}上昇する	力量的觉醒＋	攻击力提升{0}。	力量的覺醒+	攻擊力上升{0}。	힘의 각성＋	공격력이 {0} 상승
501258683	379	DEF Charge	Increases DEF by {0}.			5	5	5	0	0	1	0	0	0	0	0	1	0	1	0	1	1071601559	1816169662	0	1	防御強化	防御力が{0}上昇する	防御强化	防御力提升{0}。	防禦強化	防禦力上升{0}。	방어 강화	방어력이 {0} 상승
2065053695	380	DEF Boost	Increases DEF by {0}.			15	10	10	0	0	1	0	0	0	0	0	1	0	1	0	1	1071601559	1816169662	0	1	防御ブースト	防御力が{0}上昇する	防御加成	防御力提升{0}。	防禦加成	防禦力上升{0}。	방어 부스트	방어력이 {0} 상승
202442601	381	DEF Supercharge	Increases DEF by {0}.			20	15	15	0	0	1	0	0	0	0	0	1	0	1	0	1	1071601559	1816169662	0	1	防御力超強化	防御力が{0}上昇する	防御力超强化	防御力提升{0}。	防禦力超強化	防禦力上升{0}。	방어력 초강화	방어력이 {0} 상승
1837788470	382	Steel Protection	Increases DEF by {0}.	DEF Charge	DEF Boost	25	20	20	0	0	1	0	0	0	0	0	1	0	1	0	1	1071601559	1816169662	0	1	鋼鉄の守り	防御力が{0}上昇する	钢铁守备	防御力提升{0}。	鋼鐵守備	防禦力上升{0}。	강철의 수호	방어력이 {0} 상승
445472164	383	Diamond Defense	Increases DEF by {0}.	DEF Boost	DEF Supercharge	30	25	25	0	0	1	0	0	0	0	0	1	0	1	0	0	1071601559	1816169662	1	1	輝石の守り	防御力が{0}上昇する	辉石守备	防御力提升{0}。	輝石守備	防禦力上升{0}。	휘석의 수호	방어력이 {0} 상승
2088498150	384	Dragonscale Protection	Increases DEF by {0}.	Steel Protection	Diamond Defense	35	30	30	0	0	1	0	0	0	0	0	1	0	1	0	0	1071601559	1816169662	1	1	竜鱗の守り	防御力が{0}上昇する	龙鳞守备	防御力提升{0}。	龍鱗守備	防禦力上升{0}。	용린의 수호	방어력이 {0} 상승
321603363	385	Dragonscale Protection+	Increases DEF by {0}.			45	35	35	0	0	1	0	0	0	0	0	1	0	1	0	0	1071601559	1816169662	1	1	竜鱗の守り＋	防御力が{0}上昇する	龙鳞守备＋	防御力提升{0}。	龍鱗守備+	防禦力上升{0}。	용린의 수호＋	방어력이 {0} 상승
192725872	386	Awakened Protection	Increases DEF by {0}.	Dragonscale Protection	Pure Determination	55	40	40	0	0	1	0	0	0	0	0	1	0	1	0	0	1071601559	1816169662	1	1	守りの覚醒	防御力が{0}上昇する	守备的觉醒	防御力提升{0}。	守備的覺醒	防禦力上升{0}。	수호의 각성	방어력이 {0} 상승
663251834	387	Awakened Protection+	Increases DEF by {0}.			60	45	45	0	0	1	0	0	0	0	0	1	0	1	0	0	1071601559	1816169662	1	1	守りの覚醒＋	防御力が{0}上昇する	守备的觉醒＋	防御力提升{0}。	守備的覺醒+	防禦力上升{0}。	수호의 각성＋	방어력이 {0} 상승
20610017	388	SPD Charge	Increases SPD by {0}.			5	5	5	0	0	1	0	0	0	0	0	0	1	1	0	1	587576781	1914056673	0	1	素早さ強化	素早さが{0}上昇する	敏捷强化	敏捷提升{0}。	敏捷強化	敏捷上升{0}。	민첩성 강화	민첩성이 {0} 상승
1741477285	389	SPD Boost	Increases SPD by {0}.			15	10	10	0	0	1	0	0	0	0	0	0	1	1	0	1	587576781	1914056673	0	1	素早さブースト	素早さが{0}上昇する	敏捷加成	敏捷提升{0}。	敏捷加成	敏捷上升{0}。	민첩성 부스트	민첩성이 {0} 상승
281797939	390	SPD Supercharge	Increases SPD by {0}.			20	15	15	0	0	1	0	0	0	0	0	0	1	1	0	1	587576781	1914056673	0	1	素早さ超強化	素早さが{0}上昇する	敏捷超强化	敏捷提升{0}。	敏捷超強化	敏捷上升{0}。	민첩성 초강화	민첩성이 {0} 상승
1901105008	391	Speed of Skanda	Increases SPD by {0}.	SPD Charge	SPD Boost	25	20	20	0	0	1	0	0	0	0	0	0	1	1	0	1	587576781	1914056673	0	1	韋駄天の脚力	素早さが{0}上昇する	韦驮天的脚力	敏捷提升{0}。	韋馱天的腳力	敏捷上升{0}。	위타천의 각력	민첩성이 {0} 상승
106414074	392	Speed of Gods	Increases SPD by {0}.	SPD Boost	SPD Supercharge	30	25	25	0	0	1	0	0	0	0	0	0	1	1	0	0	587576781	1914056673	1	1	神速の脚力	素早さが{0}上昇する	神速的脚力	敏捷提升{0}。	神速的腳力	敏捷上升{0}。	신속의 각력	민첩성이 {0} 상승
1621168572	393	Speed of Light	Increases SPD by {0}.	Speed of Skanda	Speed of Gods	35	30	30	0	0	1	0	0	0	0	0	0	1	1	0	0	587576781	1914056673	1	1	光速の脚力	素早さが{0}上昇する	光速的脚力	敏捷提升{0}。	光速的腳力	敏捷上升{0}。	광속의 각력	민첩성이 {0} 상승
2073556033	394	Speed of Light+	Increases SPD by {0}.			45	35	35	0	0	1	0	0	0	0	0	0	1	1	0	0	587576781	1914056673	1	1	光速の脚力＋	素早さが{0}上昇する	光速的脚力＋	敏捷提升{0}。	光速的腳力+	敏捷上升{0}。	광속의 각력＋	민첩성이 {0} 상승
396763434	395	Awakened Speed	Increases SPD by {0}.	Speed of Light	The Power of Love	50	40	40	0	0	1	0	0	0	0	0	0	1	1	0	0	587576781	1914056673	1	1	速さの覚醒	素早さが{0}上昇する	速度的觉醒	敏捷提升{0}。	速度的覺醒	敏捷上升{0}。	속도의 각성	민첩성이 {0} 상승
1328863260	396	Awakened Speed+	Increases SPD by {0}.			55	45	45	0	0	1	0	0	0	0	0	0	1	1	0	0	587576781	1914056673	1	1	速さの覚醒＋	素早さが{0}上昇する	速度的觉醒＋	敏捷提升{0}。	速度的覺醒+	敏捷上升{0}。	속도의 각성＋	민첩성이 {0} 상승
1046560754	397	ATK-DEF Charge	Increases ATK and DEF by {0}.	ATK Charge	DEF Charge	25	10	10	10	10	1	0	0	0	0	1	1	0	1	0	1	1541775006	1242034929	0	1	攻防強化	攻撃力と防御力が{0}上昇する	攻防强化	攻击力与防御力提升{0}。	攻防強化	攻擊力與防禦力上升{0}。	공방 강화	공격력과 방어력이 {0} 상승
1486328248	398	ATK-SPD Charge	Increases ATK and SPD by {0}.	ATK Charge	SPD Charge	25	10	10	10	10	1	0	0	0	0	1	0	1	1	0	1	1541775006	1806613532	0	1	攻速強化	攻撃力と素早さが{0}上昇する	攻速强化	攻击力与敏捷提升{0}。	攻速強化	攻擊力與敏捷上升{0}。	공속 강화	공격력과 민첩성이 {0} 상승
798007586	399	DEF-SPD Charge	Increases DEF and SPD by {0}.	DEF Charge	SPD Charge	25	10	10	10	10	1	0	0	0	0	0	1	1	1	0	1	1541775006	384434385	0	1	防速強化	素早さと防御力が{0}上昇する	防速强化	防御力与敏捷提升{0}。	防速強化	防禦力與敏捷上升{0}。	방속 강화	방어력과 민첩성이 {0} 상승
1309395837	400	ATK-DEF Boost	Increases ATK and DEF by {0}.	ATK Boost	DEF Boost	40	15	15	15	15	1	0	0	0	0	1	1	0	1	0	1	1541775006	1242034929	0	1	攻防ブースト	攻撃力と防御力が{0}上昇する	攻防加成	攻击力与防御力提升{0}。	攻防加成	攻擊力與防禦力上升{0}。	공방 부스트	공격력과 방어력이 {0} 상승
957152235	401	ATK-SPD Boost	Increases ATK and SPD by {0}.	ATK Boost	SPD Boost	40	15	15	15	15	1	0	0	0	0	1	0	1	1	0	1	1541775006	1806613532	0	1	攻速ブースト	攻撃力と素早さが{0}上昇する	攻速加成	攻击力与敏捷提升{0}。	攻速加成	攻擊力與敏捷上升{0}。	공속 부스트	공격력과 민첩성이 {0} 상승
1610241455	402	DEF-SPD Boost	Increases DEF and SPD by {0}.	DEF Boost	SPD Boost	40	15	15	15	15	1	0	0	0	0	0	1	1	1	0	1	1541775006	384434385	0	1	防速ブースト	素早さと防御力が{0}上昇する	防速加成	防御力与敏捷提升{0}。	防速加成	防禦力與敏捷上升{0}。	방속 부스트	방어력과 민첩성이 {0} 상승
687695161	403	ATK-DEF Supercharge	Increases ATK and DEF by {0}.	ATK Supercharge	DEF Supercharge	45	20	20	20	20	1	0	0	0	0	1	1	0	1	0	0	1541775006	1242034929	1	1	攻防超強化	攻撃力と防御力が{0}上昇する	攻防超强化	攻击力与防御力提升{0}。	攻防超強化	攻擊力與防禦力上升{0}。	공방 초강화	공격력과 방어력이 {0} 상승
1203603286	404	ATK-SPD Supercharge	Increases ATK and SPD by {0}.	ATK Supercharge	SPD Supercharge	50	20	20	20	20	1	0	0	0	0	1	0	1	1	0	0	1541775006	1806613532	1	1	攻速超強化	攻撃力と素早さが{0}上昇する	攻速超强化	攻击力与敏捷提升{0}。	攻速超強化	攻擊力與敏捷上升{0}。	공속 초강화	공격력과 민첩성이 {0} 상승
817543104	405	DEF-SPD Supercharge	Increases DEF and SPD by {0}.	DEF Supercharge	SPD Supercharge	55	20	20	20	20	1	0	0	0	0	0	1	1	1	0	0	1541775006	384434385	1	1	防速超強化	素早さと防御力が{0}上昇する	防速超强化	防御力与敏捷提升{0}。	防速超強化	防禦力與敏捷上升{0}。	방속 초강화	방어력과 민첩성이 {0} 상승
47750854	406	All Stats Charge	Increases all stats by {0}.	ATK-SPD Charge	DEF-SPD Charge	40	5	5	0	0	1	0	0	0	0	1	1	1	1	0	1	1541775006	105900541	0	1	全能力強化	全ての能力値が{0}上昇する	全能力强化	所有能力值提升{0}。	全能力強化	所有能力值上升{0}。	전능력 강화	모든 능력치가 {0} 상승
1680748672	407	All Stats Boost	Increases all stats by {0}.	ATK-SPD Boost	DEF-SPD Boost	45	10	10	0	0	1	0	0	0	0	1	1	1	1	0	1	1541775006	105900541	0	1	全能力ブースト	全ての能力値が{0}上昇する	全能力加成	所有能力值提升{0}。	全能力加成	所有能力值上升{0}。	전능력 부스트	모든 능력치가 {0} 상승
321454102	408	All Stats Supercharge	Increases all stats by {0}.	ATK-SPD Supercharge	DEF-SPD Supercharge	55	20	20	0	0	1	0	0	0	0	1	1	1	1	0	0	1541775006	105900541	1	1	全能力超強化	全ての能力値が{0}上昇する	全能力超强化	所有能力值提升{0}。	全能力超強化	所有能力值上升{0}。	전능력 초강화	모든 능력치가 {0} 상승
1924295243	409	All Stats Power	Increases all stats by {0}.	All Stats Supercharge	Guardian's Pride	58	30	30	0	0	1	0	0	0	0	1	1	1	1	0	0	1541775006	105900541	1	1	全能の力	全ての能力値が{0}上昇する	全能之力	所有能力值提升{0}。	全能之力	所有能力值上升{0}。	전능의 힘	모든 능력치가 {0} 상승
1603539769	410	All Stats Power+	Increases all stats by {0}.			60	50	50	0	0	1	0	0	0	0	1	1	1	1	0	0	1541775006	105900541	1	1	全能の力＋	全ての能力値が{0}上昇する	全能之力＋	所有能力值提升{0}。	全能之力+	所有能力值上升{0}。	전능의 힘＋	모든 능력치가 {0} 상승
2076647967	411	Parameters +8%	Increases all stats by {0}%.			38	8	8	0	0	1	0	0	0	0	1	1	1	1	0	1	1541775006	1013487860	0	1	パラメータ＋８％	全ての能力値が{0}％上昇する	参数＋8%	所有能力值提升{0}。	參數+8%	所有能力值上升{0}。	파라미터＋8%	모든 능력치가 {0}% 상승
489786459	412	Parameters +10%	Increases all stats by {0}%.			43	10	10	0	0	1	0	0	0	0	1	1	1	1	0	1	1541775006	1013487860	0	1	パラメータ＋１０％	全ての能力値が{0}％上昇する	参数＋10%	所有能力值提升{0}。	參數+10%	所有能力值上升{0}。	파라미터＋10%	모든 능력치가 {0}% 상승
1781972173	413	Enhanced Body	Increases all stats by {0}%.	Parameters +8%	Parameters +10%	50	12	12	0	0	1	0	0	0	0	1	1	1	1	0	1	1541775006	1013487860	0	1	肉体を強化する	全ての能力値が{0}％上昇する	肉体强化	所有能力值提升{0}。	肉體強化	所有能力值上升{0}。	육체 강화	모든 능력치가 {0}% 상승
195942034	414	Superenhanced Body	Increases all stats by {0}%.	Parameters +10%	Enhanced Body	52	15	15	0	0	1	0	0	0	0	1	1	1	1	0	1	1541775006	1013487860	0	1	肉体を超強化する	全ての能力値が{0}％上昇する	肉体超强化	所有能力值提升{0}。	肉體超強化	所有能力值上升{0}。	육체 초강화	모든 능력치가 {0}% 상승
2091574792	415	Developed Body	Increases all stats by {0}%.	Enhanced Body	Superenhanced Body	55	20	20	0	0	1	0	0	0	0	1	1	1	1	0	0	1541775006	1013487860	1	1	肉体を超進化させる	全ての能力値が{0}％上昇する	肉体超进化	所有能力值提升{0}。	肉體超進化	所有能力值上升{0}。	육체 초진화	모든 능력치가 {0}% 상승
442255426	416	Evolved Body	Increases all stats by {0}%.	Developed Body	Fairy Boon	58	25	25	0	0	1	0	0	0	0	1	1	1	1	0	0	1541775006	1013487860	1	1	エボルブボディ	全ての能力値が{0}％上昇する	灵体进化	所有能力值提升{0}。	靈體進化	所有能力值上升{0}。	이볼브 보디	모든 능력치가 {0}% 상승
1381641130	417	Evolved Body+	Increases all stats by {0}%.			60	30	30	0	0	1	0	0	0	0	1	1	1	1	0	0	1541775006	1013487860	1	1	エボルブボディ＋	全ての能力値が{0}％上昇する	灵体进化＋	所有能力值提升{0}。	靈體進化+	所有能力值上升{0}。	이볼브 보디＋	모든 능력치가 {0}% 상승
1389971177	418	DEX Charge	Increases DEX by {0}.			6	5	5	0	0	1	0	0	0	0	0	1	1	1	0	1	2075481065	660864627	0	1	器用さ強化	器用さが{0}上昇する	灵巧强化	灵巧提升{0}。	靈巧強化	靈巧上升{0}。	솜씨 강화	솜씨가 {0} 상승
875554989	419	DEX Boost	Increases DEX by {0}.			20	7	7	0	0	1	0	0	0	0	0	1	1	1	0	1	2075481065	660864627	0	1	器用さブースト	器用さが{0}上昇する	灵巧加成	灵巧提升{0}。	靈巧加成	靈巧上升{0}。	솜씨 부스트	솜씨가 {0} 상승
1126750267	420	DEX Supercharge	Increases DEX by {0}.			30	10	10	0	0	1	0	0	0	0	0	1	1	1	0	1	2075481065	660864627	0	1	器用さ超強化	器用さが{0}上昇する	灵巧超强化	灵巧提升{0}。	靈巧超強化	靈巧上升{0}。	솜씨 초강화	솜씨가 {0} 상승
582201958	421	Skillful Handling	Increases DEX by {0}.	DEX Charge	DEX Boost	35	12	12	0	0	1	0	0	0	0	0	1	1	1	0	1	2075481065	660864627	0	1	巧者の手捌き	器用さが{0}上昇する	巧匠手法	灵巧提升{0}。	巧者手法	靈巧上升{0}。	달인의 솜씨	솜씨가 {0} 상승
1437893360	422	Skillful Technique	Increases DEX by {0}.	DEX Boost	DEX Supercharge	40	15	15	0	0	1	0	0	0	0	0	1	1	1	0	0	2075481065	660864627	1	1	巧者の妙技	器用さが{0}上昇する	巧匠奇技	灵巧提升{0}。	巧者奇技	靈巧上升{0}。	달인의 묘기	솜씨가 {0} 상승
859974838	423	Skillful Strike	Increases DEX by {0}.	Skillful Handling	Skillful Technique	45	18	18	0	0	1	0	0	0	0	0	1	1	1	0	0	2075481065	660864627	1	1	巧者の瞬技	器用さが{0}上昇する	巧匠瞬技	灵巧提升{0}。	巧者瞬技	靈巧上升{0}。	달인의 신기	솜씨가 {0} 상승
1999232704	424	Skillful Strike+	Increases DEX by {0}.			50	20	20	0	0	1	0	0	0	0	0	1	1	1	0	0	2075481065	660864627	1	1	巧者の瞬技＋	器用さが{0}上昇する	瞬间技艺＋	灵巧提升{0}。	瞬間技藝+	靈巧上升{0}。	달인의 신기＋	솜씨가 {0} 상승
1145379876	425	Awakened DEX	Increases DEX by {0}.	Skillful Strike	Fairy Blessing	55	25	25	0	0	1	0	0	0	0	0	1	1	1	0	0	2075481065	660864627	1	1	器用さの覚醒	器用さが{0}上昇する	灵巧觉醒	灵巧提升{0}。	靈巧覺醒	靈巧上升{0}。	솜씨 각성	솜씨가 {0} 상승
1133179547	426	Awakened DEX+	Increases DEX by {0}.			60	30	30	0	0	1	0	0	0	0	0	1	1	1	0	0	2075481065	660864627	1	1	器用さの覚醒＋	器用さが{0}上昇する	灵巧觉醒＋	灵巧提升{0}。	靈巧覺醒+	靈巧上升{0}。	솜씨 각성＋	솜씨가 {0} 상승
1678706567	427	Physical Resistance Up	Raises physical resistance by {0}%.			8	5	5	0	0	1	0	0	0	0	0	1	1	0	0	1	1071601559	1851776534	0	1	物理耐性上昇	物理属性耐性が{0}％上昇する	物理耐性提升	物理耐性提升{0}%。	物理耐性上升	物理耐性上升{0}%。	물리내성 상승	물리내성이 {0}% 상승한다
49916355	428	Physical Resistance Up+	Raises physical resistance by {0}%.			12	8	8	0	0	1	0	0	0	0	0	1	1	0	0	1	1071601559	1851776534	0	1	物理耐性上昇＋	物理属性耐性が{0}％上昇する	物理耐性提升＋	物理耐性提升{0}%。	物理耐性上升+	物理耐性上升{0}%。	물리내성 상승＋	물리내성이 {0}% 상승한다
1979619669	429	Physical Resistance Up++	Raises physical resistance by {0}%.			16	10	10	0	0	1	0	0	0	0	0	1	1	0	0	1	1071601559	1851776534	0	1	物理耐性上昇＋＋	物理属性耐性が{0}％上昇する	物理耐性提升＋＋	物理耐性提升{0}%。	物理耐性上升++	物理耐性上升{0}%。	물리내성 상승＋＋	물리내성이 {0}% 상승한다
342225672	430	Physical Resistance Charge	Raises physical resistance by {0}%.	Physical Resistance Up	Physical Resistance Up+	30	13	13	0	0	1	0	0	0	0	0	1	1	0	0	1	1071601559	1851776534	0	1	物理耐性強化	物理属性耐性が{0}％上昇する	物理耐性强化	物理耐性提升{0}%。	物理耐性強化	物理耐性上升{0}%。	물리내성 강화	물리내성이 {0}% 상승한다
1667416990	431	Physical Resistance Boost	Raises physical resistance by {0}%.	Physical Resistance Up+	Physical Resistance Up++	35	15	15	0	0	1	0	0	0	0	0	1	1	0	0	1	1071601559	1851776534	0	1	物理耐性ブースト	物理属性耐性が{0}％上昇する	物理耐性加成	物理耐性提升{0}%。	物理耐性加成	物理耐性上升{0}%。	물리내성 부스트	물리내성이 {0}% 상승한다
93613532	432	Physical Resistance Supercharge	Raises physical resistance by {0}%.	Physical Resistance Charge	Physical Resistance Boost	45	18	18	0	0	1	0	0	0	0	0	1	1	0	0	1	1071601559	1851776534	0	1	物理耐性超強化	物理属性耐性が{0}％上昇する	物理耐性超强化	物理耐性提升{0}%。	物理耐性超強化	物理耐性上升{0}%。	물리내성 초강화	물리내성이 {0}% 상승한다
1922260302	433	Physical Resistance Supercharge+	Raises physical resistance by {0}%.			50	20	20	0	0	1	0	0	0	0	0	1	1	0	0	0	1071601559	1851776534	1	1	物理耐性超強化＋	物理属性耐性が{0}％上昇する	物理耐性超强化＋	物理耐性提升{0}%。	物理耐性超強化+	物理耐性上升{0}%。	물리내성 초강화＋	물리내성이 {0}% 상승한다
500416291	434	Physical Resistance Master	Raises physical resistance by {0}%.	Physical Resistance Supercharge	Guardian's Pride	55	23	23	0	0	1	0	0	0	0	0	1	1	0	0	0	1071601559	1851776534	1	1	物理耐性マスター	物理属性耐性が{0}％上昇する	物理耐性大师	物理耐性提升{0}%。	物理耐性大師	物理耐性上升{0}%。	물리내성 마스터	물리내성이 {0}% 상승한다
1792315317	435	Physical Resistance Master+	Raises physical resistance by {0}%.			60	25	25	0	0	1	0	0	0	0	0	1	1	0	0	0	1071601559	1851776534	1	1	物理耐性マスター＋	物理属性耐性が{0}％上昇する	物理耐性大师＋	物理耐性提升{0}%。	物理耐性大師+	物理耐性上升{0}%。	물리내성 마스터＋	물리내성이 {0}% 상승한다
443791519	436	Magic Resistance Up	Raises magic resistance by {0}%.			8	5	5	0	0	1	0	0	0	0	0	1	1	0	0	1	1071601559	1821556204	0	1	魔法耐性上昇	魔法属性耐性が{0}％上昇する	魔法耐性提升	魔法耐性提升{0}%。	魔法耐性上升	魔法耐性上升{0}%。	마법내성 상승	마법내성이 {0}% 상승한다
2089096923	437	Magic Resistance Up+	Raises magic resistance by {0}%.			12	8	8	0	0	1	0	0	0	0	0	1	1	0	0	1	1071601559	1821556204	0	1	魔法耐性上昇＋	魔法属性耐性が{0}％上昇する	魔法耐性提升＋	魔法耐性提升{0}%。	魔法耐性上升+	魔法耐性上升{0}%。	마법내성 상승＋	마법내성이 {0}% 상승한다
193078861	438	Magic Resistance Up++	Raises magic resistance by {0}%.			16	10	10	0	0	1	0	0	0	0	0	1	1	0	0	1	1071601559	1821556204	0	1	魔法耐性上昇＋＋	魔法属性耐性が{0}％上昇する	魔法耐性提升＋＋	魔法耐性提升{0}%。	魔法耐性上升++	魔法耐性上升{0}%。	마법내성 상승＋＋	마법내성이 {0}% 상승한다
1780042770	439	Magic Resistance Charge	Raises magic resistance by {0}%.	Magic Resistance Up	Magic Resistance Up+	30	13	13	0	0	1	0	0	0	0	0	1	1	0	0	1	1071601559	1821556204	0	1	魔法耐性強化	魔法属性耐性が{0}％上昇する	魔法耐性强化	魔法耐性提升{0}%。	魔法耐性強化	魔法耐性上升{0}%。	마법내성 강화	마법내성이 {0}% 상승한다
488537224	440	Magic Resistance Boost	Raises magic resistance by {0}%.	Magic Resistance Up+	Magic Resistance Up++	35	15	15	0	0	1	0	0	0	0	0	1	1	0	0	1	1071601559	1821556204	0	1	魔法耐性ブースト	魔法属性耐性が{0}％上昇する	魔法耐性加成	魔法耐性提升{0}%。	魔法耐性加成	魔法耐性上升{0}%。	마법내성 부스트	마법내성이 {0}% 상승한다
2078855874	441	Magic Resistance Supercharge	Raises magic resistance by {0}%.	Magic Resistance Charge	Magic Resistance Boost	45	18	18	0	0	1	0	0	0	0	0	1	1	0	0	1	1071601559	1821556204	0	1	魔法耐性超強化	魔法属性耐性が{0}％上昇する	魔法耐性超强化	魔法耐性提升{0}%。	魔法耐性超強化	魔法耐性上升{0}%。	마법내성 초강화	마법내성이 {0}% 상승한다
217047636	442	Magic Resistance Supercharge+	Raises magic resistance by {0}%.			50	20	20	0	0	1	0	0	0	0	0	1	1	0	0	0	1071601559	1821556204	1	1	魔法耐性超強化＋	魔法属性耐性が{0}％上昇する	魔法耐性超强化＋	魔法耐性提升{0}%。	魔法耐性超強化+	魔法耐性上升{0}%。	마법내성 초강화＋	마법내성이 {0}% 상승한다
1672413243	443	Magic Resistance Master	Raises magic resistance by {0}%.	Magic Resistance Supercharge	Pure Determination	55	23	23	0	0	1	0	0	0	0	0	1	1	0	0	0	1071601559	1821556204	1	1	魔法耐性マスター	魔法属性耐性が{0}％上昇する	魔法耐性大师	魔法耐性提升{0}%。	魔法耐性大師	魔法耐性上升{0}%。	마법내성 마스터	마법내성이 {0}% 상승한다
346566829	444	Magic Resistance Master+	Raises magic resistance by {0}%.			60	25	25	0	0	1	0	0	0	0	0	1	1	0	0	0	1071601559	1821556204	1	1	魔法耐性マスター＋	魔法属性耐性が{0}％上昇する	魔法耐性大师＋	魔法耐性提升{0}%。	魔法耐性大師+	魔法耐性上升{0}%。	마법내성 마스터＋	마법내성이 {0}% 상승한다
632327955	445	Fire Resistance Up	Raises fire resistance by {0}%.			8	5	5	0	0	1	0	0	0	0	0	1	1	0	0	1	1071601559	118698441	0	1	火耐性上昇	火属性耐性が{0}％上昇する	火耐性提升	火耐性提升{0}%。	火耐性上升	火耐性上升{0}%。	화내성 상승	화내성이 {0}% 상승한다
1128669527	446	Fire Resistance Up+	Raises fire resistance by {0}%.			12	8	8	0	0	1	0	0	0	0	0	1	1	0	0	1	1071601559	118698441	0	1	火耐性上昇＋	火属性耐性が{0}％上昇する	火耐性提升＋	火耐性提升{0}%。	火耐性上升+	火耐性上升{0}%。	화내성 상승＋	화내성이 {0}% 상승한다
876679617	447	Fire Resistance Up++	Raises fire resistance by {0}%.			16	10	10	0	0	1	0	0	0	0	0	1	1	0	0	1	1071601559	118698441	0	1	火耐性上昇＋＋	火属性耐性が{0}％上昇する	火耐性提升＋＋	火耐性提升{0}%。	火耐性上升++	火耐性上升{0}%。	화내성 상승＋＋	화내성이 {0}% 상승한다
1440381854	448	Fire Resistance Charge	Raises fire resistance by {0}%.	Fire Resistance Up	Fire Resistance Up+	30	13	13	0	0	1	0	0	0	0	0	1	1	0	0	1	1071601559	118698441	0	1	火耐性強化	火属性耐性が{0}％上昇する	火耐性强化	火耐性提升{0}%。	火耐性強化	火耐性上升{0}%。	화내성 강화	화내성이 {0}% 상승한다
584928012	449	Fire Resistance Boost	Raises fire resistance by {0}%.	Fire Resistance Up+	Fire Resistance Up++	35	15	15	0	0	1	0	0	0	0	0	1	1	0	0	1	1071601559	118698441	0	1	火耐性ブースト	火属性耐性が{0}％上昇する	火耐性加成	火耐性提升{0}%。	火耐性加成	火耐性上升{0}%。	화내성 부스트	화내성이 {0}% 상승한다
1143727438	450	Fire Resistance Supercharge	Raises fire resistance by {0}%.	Fire Resistance Charge	Fire Resistance Boost	45	18	18	0	0	1	0	0	0	0	0	1	1	0	0	1	1071601559	118698441	0	1	火耐性超強化	火属性耐性が{0}％上昇する	火耐性超强化	火耐性提升{0}%。	火耐性超強化	火耐性上升{0}%。	화내성 초강화	화내성이 {0}% 상승한다
858576344	451	Fire Resistance Supercharge+	Raises fire resistance by {0}%.			50	20	20	0	0	1	0	0	0	0	0	1	1	0	0	0	1071601559	118698441	1	1	火耐性超強化＋	火属性耐性が{0}％上昇する	火耐性超强化＋	火耐性提升{0}%。	火耐性超強化+	火耐性上升{0}%。	화내성 초강화＋	화내성이 {0}% 상승한다
1550596023	452	Fire Resistance Master	Raises fire resistance by {0}%.	Fire Resistance Supercharge	Dreamt Up Secret Art	55	23	23	0	0	1	0	0	0	0	0	1	1	0	0	0	1071601559	118698441	1	1	火耐性マスター	火属性耐性が{0}％上昇する	火耐性大师	火耐性提升{0}%。	火耐性大師	火耐性上升{0}%。	화내성 마스터	화내성이 {0}% 상승한다
728434465	453	Fire Resistance Master+	Raises fire resistance by {0}%.			60	25	25	0	0	1	0	0	0	0	0	1	1	0	0	0	1071601559	118698441	1	1	火耐性マスター＋	火属性耐性が{0}％上昇する	火耐性大师＋	火耐性提升{0}%。	火耐性大師+	火耐性上升{0}%。	화내성 마스터＋	화내성이 {0}% 상승한다
451035380	454	Ice Resistance Up	Raises ice resistance by {0}%.			8	5	5	0	0	1	0	0	0	0	0	1	1	0	0	1	1071601559	1813434714	0	1	氷耐性上昇	氷属性耐性が{0}％上昇する	冰耐性提升	冰耐性提升{0}%。	冰耐性上升	冰耐性上升{0}%。	빙내성 상승	빙내성이 {0}% 상승한다
2081746614	455	Ice Resistance Up+	Raises ice resistance by {0}%.			12	8	8	0	0	1	0	0	0	0	0	1	1	0	0	1	1071601559	1813434714	0	1	氷耐性上昇＋	氷属性耐性が{0}％上昇する	冰耐性提升＋	冰耐性提升{0}%。	冰耐性上升+	冰耐性上升{0}%。	빙내성 상승＋	빙내성이 {0}% 상승한다
185851424	456	Ice Resistance Up++	Raises ice resistance by {0}%.			16	10	10	0	0	1	0	0	0	0	0	1	1	0	0	1	1071601559	1813434714	0	1	氷耐性上昇＋＋	氷属性耐性が{0}％上昇する	冰耐性提升＋＋	冰耐性提升{0}%。	冰耐性上升++	冰耐性上升{0}%。	빙내성 상승＋＋	빙내성이 {0}% 상승한다
1787343997	457	Ice Resistance Charge	Raises ice resistance by {0}%.	Ice Resistance Up	Ice Resistance Up+	30	13	13	0	0	1	0	0	0	0	0	1	1	0	0	1	1071601559	1813434714	0	1	氷耐性強化	氷属性耐性が{0}％上昇する	冰耐性强化	冰耐性提升{0}%。	冰耐性強化	冰耐性上升{0}%。	빙내성 강화	빙내성이 {0}% 상승한다
495944939	458	Ice Resistance Boost	Raises ice resistance by {0}%.	Ice Resistance Up+	Ice Resistance Up++	35	15	15	0	0	1	0	0	0	0	0	1	1	0	0	1	1071601559	1813434714	0	1	氷耐性ブースト	氷属性耐性が{0}％上昇する	冰耐性加成	冰耐性提升{0}%。	冰耐性加成	冰耐性上升{0}%。	빙내성 부스트	빙내성이 {0}% 상승한다
2071538351	459	Ice Resistance Supercharge	Raises ice resistance by {0}%.	Ice Resistance Charge	Ice Resistance Boost	45	18	18	0	0	1	0	0	0	0	0	1	1	0	0	1	1071601559	1813434714	0	1	氷耐性超強化	氷属性耐性が{0}％上昇する	冰耐性超强化	冰耐性提升{0}%。	冰耐性超強化	冰耐性上升{0}%。	빙내성 초강화	빙내성이 {0}% 상승한다
209590841	460	Ice Resistance Supercharge+	Raises ice resistance by {0}%.			50	20	20	0	0	1	0	0	0	0	0	1	1	0	0	0	1071601559	1813434714	1	1	氷耐性超強化＋	氷属性耐性が{0}％上昇する	冰耐性超强化＋	冰耐性提升{0}%。	冰耐性超強化+	冰耐性上升{0}%。	빙내성 초강화＋	빙내성이 {0}% 상승한다
1665071192	461	Ice Resistance Master	Raises ice resistance by {0}%.	Ice Resistance Supercharge	The Power of Love	55	23	23	0	0	1	0	0	0	0	0	1	1	0	0	0	1071601559	1813434714	1	1	氷耐性マスター	氷属性耐性が{0}％上昇する	冰耐性大师	冰耐性提升{0}%。	冰耐性大師	冰耐性上升{0}%。	빙내성 마스터	빙내성이 {0}% 상승한다
339331266	462	Ice Resistance Master+	Raises ice resistance by {0}%.			60	25	25	0	0	1	0	0	0	0	0	1	1	0	0	0	1071601559	1813434714	1	1	氷耐性マスター＋	氷属性耐性が{0}％上昇する	冰耐性大师＋	冰耐性提升{0}%。	冰耐性大師+	冰耐性上升{0}%。	빙내성 마스터＋	빙내성이 {0}% 상승한다
856505847	463	Bolt Resistance Up	Raises bolt resistance by {0}%.			8	5	5	0	0	1	0	0	0	0	0	1	1	0	0	1	1071601559	121316528	0	1	雷耐性上昇	雷属性耐性が{0}％上昇する	雷耐性提升	雷耐性提升{0}%。	雷耐性上升	雷耐性上升{0}%。	뇌내성 상승	뇌내성이 {0}% 상승한다
1442550707	464	Bolt Resistance Up+	Raises bolt resistance by {0}%.			12	8	8	0	0	1	0	0	0	0	0	1	1	0	0	1	1071601559	121316528	0	1	雷耐性上昇＋	雷属性耐性が{0}％上昇する	雷耐性提升＋	雷耐性提升{0}%。	雷耐性上升+	雷耐性上升{0}%。	뇌내성 상승＋	뇌내성이 {0}% 상승한다
586982181	465	Bolt Resistance Up++	Raises bolt resistance by {0}%.			16	10	10	0	0	1	0	0	0	0	0	1	1	0	0	1	1071601559	121316528	0	1	雷耐性上昇＋＋	雷属性耐性が{0}％上昇する	雷耐性提升＋＋	雷耐性提升{0}%。	雷耐性上升++	雷耐性上升{0}%。	뇌내성 상승＋＋	뇌내성이 {0}% 상승한다
1130875256	466	Bolt Resistance Charge	Raises bolt resistance by {0}%.	Bolt Resistance Up	Bolt Resistance Up+	30	13	13	0	0	1	0	0	0	0	0	1	1	0	0	1	1071601559	121316528	0	1	雷耐性強化	雷属性耐性が{0}％上昇する	雷耐性强化	雷耐性提升{0}%。	雷耐性強化	雷耐性上升{0}%。	뇌내성 강화	뇌내성이 {0}% 상승한다
878770670	467	Bolt Resistance Boost	Raises bolt resistance by {0}%.	Bolt Resistance Up+	Bolt Resistance Up++	35	15	15	0	0	1	0	0	0	0	0	1	1	0	0	1	1071601559	121316528	0	1	雷耐性ブースト	雷属性耐性が{0}％上昇する	雷耐性加成	雷耐性提升{0}%。	雷耐性加成	雷耐性上升{0}%。	뇌내성 부스트	뇌내성이 {0}% 상승한다
1385584556	468	Bolt Resistance Supercharge	Raises bolt resistance by {0}%.	Bolt Resistance Charge	Bolt Resistance Boost	45	18	18	0	0	1	0	0	0	0	0	1	1	0	0	1	1071601559	121316528	0	1	雷耐性超強化	雷属性耐性が{0}％上昇する	雷耐性超强化	雷耐性提升{0}%。	雷耐性超強化	雷耐性上升{0}%。	뇌내성 초강화	뇌내성이 {0}% 상승한다
630286142	469	Bolt Resistance Supercharge+	Raises bolt resistance by {0}%.			50	20	20	0	0	1	0	0	0	0	0	1	1	0	0	0	1071601559	121316528	1	1	雷耐性超強化＋	雷属性耐性が{0}％上昇する	雷耐性超强化＋	雷耐性提升{0}%。	雷耐性超強化+	雷耐性上升{0}%。	뇌내성 초강화＋	뇌내성이 {0}% 상승한다
1255245139	470	Bolt Resistance Master	Raises bolt resistance by {0}%.	Bolt Resistance Supercharge	Seeker of Magic	55	23	23	0	0	1	0	0	0	0	0	1	1	0	0	0	1071601559	121316528	1	1	雷耐性マスター	雷属性耐性が{0}％上昇する	雷耐性大师	雷耐性提升{0}%。	雷耐性大師	雷耐性上升{0}%。	뇌내성 마스터	뇌내성이 {0}% 상승한다
1037481413	471	Bolt Resistance Master+	Raises bolt resistance by {0}%.			60	25	25	0	0	1	0	0	0	0	0	1	1	0	0	0	1071601559	121316528	1	1	雷耐性マスター＋	雷属性耐性が{0}％上昇する	雷耐性大师＋	雷耐性提升{0}%。	雷耐性大師+	雷耐性上升{0}%。	뇌내성 마스터＋	뇌내성이 {0}% 상승한다
105577073	472	Air Resistance Up	Raises air resistance by {0}%.			8	5	5	0	0	1	0	0	0	0	0	1	1	0	0	1	1071601559	1996315168	0	1	風耐性上昇	風属性耐性が{0}％上昇する	风耐性提升	风耐性提升{0}%。	風耐性上升	風耐性上升{0}%。	풍내성 상승	풍내성이 {0}% 상승한다
1622955061	473	Air Resistance Up+	Raises air resistance by {0}%.			12	8	8	0	0	1	0	0	0	0	0	1	1	0	0	1	1071601559	1996315168	0	1	風耐性上昇＋	風属性耐性が{0}％上昇する	风耐性提升＋	风耐性提升{0}%。	風耐性上升+	風耐性上升{0}%。	풍내성 상승＋	풍내성이 {0}% 상승한다
398156963	474	Air Resistance Up++	Raises air resistance by {0}%.			16	10	10	0	0	1	0	0	0	0	0	1	1	0	0	1	1071601559	1996315168	0	1	風耐性上昇＋＋	風属性耐性が{0}％上昇する	风耐性提升＋＋	风耐性提升{0}%。	風耐性上升++	風耐性上升{0}%。	풍내성 상승＋＋	풍내성이 {0}% 상승한다
1981812478	475	Air Resistance Charge	Raises air resistance by {0}%.	Air Resistance Up	Air Resistance Up+	30	13	13	0	0	1	0	0	0	0	0	1	1	0	0	1	1071601559	1996315168	0	1	風耐性強化	風属性耐性が{0}％上昇する	风耐性强化	风耐性提升{0}%。	風耐性強化	風耐性上升{0}%。	풍내성 강화	풍내성이 {0}% 상승한다
19349096	476	Air Resistance Boost	Raises air resistance by {0}%.	Air Resistance Up+	Air Resistance Up++	35	15	15	0	0	1	0	0	0	0	0	1	1	0	0	1	1071601559	1996315168	0	1	風耐性ブースト	風属性耐性が{0}％上昇する	风耐性加成	风耐性提升{0}%。	風耐性加成	風耐性上升{0}%。	풍내성 부스트	풍내성이 {0}% 상승한다
1741787182	477	Air Resistance Supercharge	Raises air resistance by {0}%.	Air Resistance Charge	Air Resistance Boost	45	18	18	0	0	1	0	0	0	0	0	1	1	0	0	1	1071601559	1996315168	0	1	風耐性超強化	風属性耐性が{0}％上昇する	风耐性超强化	风耐性提升{0}%。	風耐性超強化	風耐性上升{0}%。	풍내성 초강화	풍내성이 {0}% 상승한다
282501308	478	Air Resistance Supercharge+	Raises air resistance by {0}%.			50	20	20	0	0	1	0	0	0	0	0	1	1	0	0	0	1071601559	1996315168	1	1	風耐性超強化＋	風属性耐性が{0}％上昇する	风耐性超强化＋	风耐性提升{0}%。	風耐性超強化+	風耐性上升{0}%。	풍내성 초강화＋	풍내성이 {0}% 상승한다
2140553941	479	Air Resistance Master	Raises air resistance by {0}%.	Air Resistance Supercharge	Ruler of Shadow and Light	55	23	23	0	0	1	0	0	0	0	0	1	1	0	0	0	1071601559	1996315168	1	1	風耐性マスター	風属性耐性が{0}％上昇する	风耐性大师	风耐性提升{0}%。	風耐性大師	風耐性上升{0}%。	풍내성 마스터	풍내성이 {0}% 상승한다
143749699	480	Air Resistance Master+	Raises air resistance by {0}%.			60	25	25	0	0	1	0	0	0	0	0	1	1	0	0	0	1071601559	1996315168	1	1	風耐性マスター＋	風属性耐性が{0}％上昇する	风耐性大师＋	风耐性提升{0}%。	風耐性大師+	風耐性上升{0}%。	풍내성 마스터＋	풍내성이 {0}% 상승한다
1205109228	481	AP Consumed -10%	Reduces the AP consumption of skills by {0}%.			31	10	10	0	0	1	0	0	0	0	0	0	1	1	0	1	1221006659	851940068	0	1	消費AP－１０％	スキルの消費ＡＰが{0}％減少する	消耗AP-10%	技能AP消耗量减少{0}%。	消耗AP-10%	技能AP消耗量減少{0}%。	소비 AP－10%	스킬의 소비AP가 {0}% 감소한다
555888558	482	AP Consumed -15%	Reduces the AP consumption of skills by {0}%.			38	15	15	0	0	1	0	0	0	0	0	0	1	1	0	1	1221006659	851940068	0	1	消費AP－１５％	スキルの消費ＡＰが{0}％減少する	消耗AP-15%	技能AP消耗量减少{0}%。	消耗AP-15%	技能AP消耗量減少{0}%。	소비 AP－15%	스킬의 소비AP가 {0}% 감소한다
1445273400	483	AP Consumed -20%	Reduces the AP consumption of skills by {0}%.			43	20	20	0	0	1	0	0	0	0	0	0	1	1	0	1	1221006659	851940068	0	1	消費AP－２０％	スキルの消費ＡＰが{0}％減少する	消耗AP-20%	技能AP消耗量减少{0}%。	消耗AP-20%	技能AP消耗量減少{0}%。	소비 AP－20%	스킬의 소비AP가 {0}% 감소한다
935228773	484	Reduce AP Consumed	Reduces the AP consumption of skills by {0}%.	AP Consumed -10%	AP Consumed -15%	48	30	30	0	0	1	0	0	0	0	0	0	1	1	0	1	1221006659	851940068	0	1	消費AP削減	スキルの消費ＡＰが{0}％減少する	消耗AP削减	技能AP消耗量减少{0}%。	消耗AP削減	技能AP消耗量減少{0}%。	소비 AP 삭감	스킬의 소비AP가 {0}% 감소한다
1085883891	485	Compress AP Consumed	Reduces the AP consumption of skills by {0}%.	AP Consumed -20%	Reduce AP Consumed	53	40	40	0	0	1	0	0	0	0	0	0	1	1	0	1	1221006659	851940068	0	1	消費AP圧縮	スキルの消費ＡＰが{0}％減少する	消耗AP缩减	技能AP消耗量减少{0}%。	消耗AP減縮	技能AP消耗量減少{0}%。	소비 AP 압축	스킬의 소비AP가 {0}% 감소한다
642771895	486	Halve AP Consumed	Reduces the AP consumption of skills by {0}%.	Reduce AP Consumed	Compress AP Consumed	55	50	50	0	0	1	0	0	0	0	0	0	1	1	0	0	1221006659	851940068	1	1	消費AP半減	スキルの消費ＡＰが{0}％減少する	消耗AP减半	技能AP消耗量减少{0}%。	消耗AP減半	技能AP消耗量減少{0}%。	소비 AP 반감	스킬의 소비AP가 {0}% 감소한다
1363729185	487	Minimize AP Consumed	Reduces the AP consumption of skills by {0}%.	Compress AP Consumed	Halve AP Consumed	60	60	60	0	0	1	0	0	0	0	0	0	1	1	0	0	1221006659	851940068	1	1	消費AP縮小	スキルの消費ＡＰが{0}％減少する	消耗AP紧缩	技能AP消耗量减少{0}%。	消耗AP緊縮	技能AP消耗量減少{0}%。	소비 AP 축소	스킬의 소비AP가 {0}% 감소한다
1140267522	488	Skill Power +10%	Boosts skill power by {0}%, but increases AP consumption by {1}%.			10	10	10	10	10	1	0	0	0	0	1	0	0	1	0	1	1221006659	1221006659	0	1	スキル威力＋１０％	スキルの威力が{0}％増加する。代わりに消費ＡＰが{1}％上昇する	技能威力＋10%	技能威力提升{0}%。相对的，AP消耗量提升{1}%。	技能威力+10%	技能的威力上升{0}%。不過，AP消耗量會上升{1}%。	스킬 위력＋10%	스킬의 위력이 {0}% 증가하는 대신소비AP가 {1}% 상승한다
620868676	489	Skill Power +12%	Boosts skill power by {0}%, but increases AP consumption by {1}%.			20	12	12	15	15	1	0	0	0	0	1	0	0	1	0	1	1221006659	1221006659	0	1	スキル威力＋１２％	スキルの威力が{0}％増加する。代わりに消費ＡＰが{1}％上昇する	技能威力＋12%	技能威力提升{0}%。相对的，AP消耗量提升{1}%。	技能威力+12%	技能的威力上升{0}%。不過，AP消耗量會上升{1}%。	스킬 위력＋12%	스킬의 위력이 {0}% 증가하는 대신소비AP가 {1}% 상승한다
1376158930	490	Skill Power +15%	Boosts skill power by {0}%, but increases AP consumption by {1}%.			30	15	15	20	20	1	0	0	0	0	1	0	0	1	0	1	1221006659	1221006659	0	1	スキル威力＋１５％	スキルの威力が{0}％増加する。代わりに消費ＡＰが{1}％上昇する	技能威力＋15%	技能威力提升{0}%。相对的，AP消耗量提升{1}%。	技能威力+15%	技能的威力上升{0}%。不過，AP消耗量會上升{1}%。	스킬 위력＋15%	스킬의 위력이 {0}% 증가하는 대신소비AP가 {1}% 상승한다
865988239	491	Skill Charge	Boosts skill power by {0}%, but increases AP consumption by {1}%.	Skill Power +10%	Skill Power +12%	35	20	20	25	25	1	0	0	0	0	1	0	0	1	0	1	1221006659	1221006659	0	1	スキル強化	スキルの威力が{0}％増加する。代わりに消費ＡＰが{1}％上昇する	技能强化	技能威力提升{0}%。相对的，AP消耗量提升{1}%。	技能強化	技能的威力上升{0}%。不過，AP消耗量會上升{1}%。	스킬 강화	스킬의 위력이 {0}% 증가하는 대신소비AP가 {1}% 상승한다
1151000089	492	Skill Boost	Boosts skill power by {0}%, but increases AP consumption by {1}%.	Skill Power +12%	Skill Power +15%	40	25	25	30	30	1	0	0	0	0	1	0	0	1	0	1	1221006659	1221006659	0	1	スキルブースト	スキルの威力が{0}％増加する。代わりに消費ＡＰが{1}％上昇する	技能加成	技能威力提升{0}%。相对的，AP消耗量提升{1}%。	技能加成	技能的威力上升{0}%。不過，AP消耗量會上升{1}%。	스킬 부스트	스킬의 위력이 {0}% 증가하는 대신소비AP가 {1}% 상승한다
577531997	493	Skill Supercharge	Boosts skill power by {0}%, but increases AP consumption by {1}%.	Skill Charge	Skill Boost	45	35	35	35	35	1	0	0	0	0	1	0	0	1	0	0	1221006659	1221006659	1	1	スキル超強化	スキルの威力が{0}％増加する。代わりに消費ＡＰが{1}％上昇する	技能超强化	技能威力提升{0}%。相对的，AP消耗量提升{1}%。	技能超強化	技能的威力上升{0}%。不過，AP消耗量會上升{1}%。	스킬 초강화	스킬의 위력이 {0}% 증가하는 대신소비AP가 {1}% 상승한다
1433092299	494	Perfect Skills	Boosts skill power by {0}%, but increases AP consumption by {1}%.	Skill Supercharge	Fairy Unity	55	50	50	40	40	1	0	0	0	0	1	0	0	1	0	0	1221006659	1221006659	1	1	超絶スキル	スキルの威力が{0}％増加する。代わりに消費ＡＰが{1}％上昇する	超绝技能	技能威力提升{0}%。相对的，AP消耗量提升{1}%。	超絕技能	技能的威力上升{0}%。不過，AP消耗量會上升{1}%。	초절 스킬	스킬의 위력이 {0}% 증가하는 대신소비AP가 {1}% 상승한다
2111664505	495	Perfect Skills +	Boosts skill power by {0}%, but increases AP consumption by {1}%.			60	60	60	45	45	1	0	0	0	0	1	0	0	1	0	0	1221006659	1221006659	1	1	超絶スキル＋	スキルの威力が{0}％増加する。代わりに消費ＡＰが{1}％上昇する	超绝技能＋	技能威力提升{0}%。相对的，AP消耗量提升{1}%。	超絕技能+	技能的威力上升{0}%。不過，AP消耗量會上升{1}%。	초절 스킬＋	스킬의 위력이 {0}% 증가하는 대신소비AP가 {1}% 상승한다
975938214	496	Eco Skill Use	Boosts skill power by {0}% and reduces AP consumption by {1}%.			20	5	5	5	5	1	0	0	0	0	1	0	0	1	0	1	1221006659	170985088	0	1	エコスキル	スキルの威力が{0}％増加し、消費ＡＰが{1}％減少する	节省技能	技能威力提升{0}%，且AP消耗量减少{1}%。	節省技能	技能的威力上升{0}%，AP消耗量減少{1}%。	에코 스킬	스킬의 위력이 {0}% 증가하고소비AP가 {1}% 감소한다
1294766644	497	Reduce Skill Cost	Boosts skill power by {0}% and reduces AP consumption by {1}%.			30	8	8	8	8	1	0	0	0	0	1	0	0	1	0	1	1221006659	170985088	0	1	コスト圧縮スキル	スキルの威力が{0}％増加し、消費ＡＰが{1}％減少する	成本压缩技能	技能威力提升{0}%，且AP消耗量减少{1}%。	成本壓縮技能	技能的威力上升{0}%，AP消耗量減少{1}%。	코스트 압축 스킬	스킬의 위력이 {0}% 증가하고소비AP가 {1}% 감소한다
770382807	498	Saving on Skills	Boosts skill power by {0}% and reduces AP consumption by {1}%.	Eco Skill Use	Reduce Skill Cost	40	10	10	10	10	1	0	0	0	0	1	0	0	1	0	1	1221006659	170985088	0	1	セービングスキル	スキルの威力が{0}％増加し、消費ＡＰが{1}％減少する	储存技能	技能威力提升{0}%，且AP消耗量减少{1}%。	儲存技能	技能的威力上升{0}%，AP消耗量減少{1}%。	세이빙 스킬	스킬의 위력이 {0}% 증가하고소비AP가 {1}% 감소한다
1525427009	499	Expert Skill	Boosts skill power by {0}% and reduces AP consumption by {1}%.	Saving on Skills	Fairy Boon	50	15	15	15	15	1	0	0	0	0	1	0	0	1	0	0	1221006659	170985088	1	1	熟練者の技能	スキルの威力が{0}％増加し、消費ＡＰが{1}％減少する	熟练者的技能	技能威力提升{0}%，且AP消耗量减少{1}%。	熟練者的技能	技能的威力上升{0}%，AP消耗量減少{1}%。	숙련자의 기술	스킬의 위력이 {0}% 증가하고소비AP가 {1}% 감소한다
1008370949	500	Super Skill	Boosts skill power by {0}% and reduces AP consumption by {1}%.			55	20	20	20	20	1	0	0	0	0	1	0	0	1	0	0	1221006659	170985088	1	1	スーパースキル	スキルの威力が{0}％増加し、消費ＡＰが{1}％減少する	超级技能	技能威力提升{0}%，且AP消耗量减少{1}%。	超級技能	技能的威力上升{0}%，AP消耗量減少{1}%。	슈퍼 스킬	스킬의 위력이 {0}% 증가하고소비AP가 {1}% 감소한다
601334543	501	Boost Drops on Defeat	Boosts item drop rate at the end of battle by {0}%.			45	10	10	0	0	1	0	0	0	0	1	1	1	1	1	1	1141382177	1232636230	0	1	撃破時ドロップ増加	戦闘終了時のドロップ率が{0}％上昇する	击败时增加掉落	战斗结束时道具掉落率提升{0}%。	擊敗時掉落增加	戰鬥結束時的掉落機率上升{0}%。	격파시 드롭 증가	전투 종료 시의 드롭률이 {0}% 상승한다
126982968	502	Enchanting Tail	Raises the likelihood of being targeted by enemy attacks and boosts evasion rate by {1}％.			12	5	5	3	3	1	0	0	0	0	0	1	0	0	0	1	1135783895	1932444153	1	1	魅惑のしっぽ	敵から攻撃を受ける確率が上昇し、回避率が{1}％上昇する	魅惑的尾巴	受到敌人攻击的概率提升，且回避率提升{1}%。	魅惑的尾巴	受到敵人攻擊的機率上升，迴避率上升{1}%。	매혹적인 꼬리	적의 공격을 받을 확률이 상승하고회피율이 {1}% 상승한다
1634153842	503	Piping Hot	Deals an additional {0} power fire damage to the target and lowers its fire resistance by {1}％.			25	20	20	10	10	1	1	0	0	0	0	0	0	0	0	1	1221006659	1932444153	1	1	アツアツ	対象に威力{0}の火追加ダメージを与え、火耐性を{1}％低下させる	热腾腾	追加对目标造成威力{0}的火伤害，并使其火耐性下降{1}%。	熱騰騰	對目標造成威力{0}的火追加傷害，並使其火耐性下降{1}%。	뜨끈뜨끈	대상에게 위력 {0}만큼 화속성 추가 대미지를주고 화내성을 {1}% 저하시킨다
375391716	504	Slippery Component	Restores {0}％ of the target's HP and Cures Poison.			17	15	15	100	100	1	0	1	0	1	0	0	0	0	0	1	905217877	1932444153	1	1	ヌメリ成分	対象のＨＰを{0}％回復し、毒状態を治療する	滑溜成分	恢复目标{0}%的HP，并治疗中毒状态。	滑溜成分	回復目標HP{0}%，並治療中毒狀態。	매끈거리는 성분	대상의 HP를 {0}% 회복하고독 상태를 치료한다
2012966841	505	Darkness's Venom	Has a {0}% chance to inflict Poison on the target, and weakens its physical skill power by {1}%.			20	40	40	20	20	1	0	0	1	0	0	0	0	0	0	1	672248277	1932444153	1	1	暗黒の猛毒	対象に{0}％の確率で毒を付与し、物理スキル威力を{1}％低下させる	黑暗剧毒	有{0}%的概率赋予目标中毒，并使其物理技能威力下降{1}%	黑暗劇毒	以{0}%的機率賦予目標中毒，並使其物理技能威力下降{1}%。	암흑의 맹독	대상에게 {0}%의 확률로 독을 부여하고물리스킬 위력을 {1}% 저하시킨다
16539439	506	Silky	Reduces item WT by {0}%. Has a {1}% chance to not expend uses.			18	10	10	10	10	1	1	1	1	1	0	0	0	0	0	1	2075481065	1932444153	1	1	さらさら	アイテムのWTを{0}％短縮する。{1}％の確率で使用回数を消費しない	清爽的	道具的WT缩短{0}%。有{1}%的概率不消耗使用次数。	清爽的	道具的WT縮短{0}%。有{1}%的機率不消耗使用次數。	살랑살랑	아이템의 WT를 {0}% 단축한다.{1}%의 확률로 사용횟수를 소비하지 않는다
1711993195	507	Perfectly Round	Boosts DEF by {0}. Restores HP by {1}% upon acting.			25	15	15	10	10	1	0	0	0	0	0	1	0	1	0	1	1071601559	1932444153	1	1	完璧な丸み	防御力が{0}上昇し、行動時にＨＰが{1}％回復する	完美的圆形	防御力提升{0}。行动时恢复{1}%的HP。	完美的圓形	防禦力上升{0}。行動時，回復HP{1}%。	완벽한 둥그러미	방어력이 {0} 상승하고행동 시에 HP가 {1}% 회복한다
286114301	508	Ever-Changing	Boosts the Item Level by {0}% and greatly raises sales price. In exchange, also raises duplication cost and restock cost.			20	10	10	10	10	1	1	1	1	1	1	1	1	1	1	1	1084648366	1932444153	1	1	変幻自在	アイテムレベルが{0}％上昇し、売却価格が大きく上がる。代わりに複製価格や補充価格も上がる	变幻自在	道具的品质提升{0}%，且出售价格大幅上涨。相对的，复制价格和补充价格也会上涨。	變幻自在	道具的品質上升{0}%，出售價格大幅上升。不過，複製價格和補充價格也會上升。	자유자재	아이템 레벨이 {0}% 상승하고,매각 가격이 크게 상승하는 대신복제 가격이나 보충 가격도 상승한다
2118984596	509	Frozen Delicacy	Restores {0}% of the target's HP and raises their ice resistance by {1}%.			25	15	15	20	20	1	0	1	0	0	0	0	0	0	0	1	905217877	1932444153	1	1	凍てつく美味しさ	対象のＨＰを{0}％回復し、氷耐性を{1}％上昇させる	使人冻结的美味	恢复目标{0}%的HP，并使其冰耐性提升{1}%。	使人凍結的美味	回復目標HP{0}%，並使其冰耐性上升{1}%。	얼어붙은 맛	대상의 HP를 {0}% 회복하고빙내성을 {1}% 상승시킨다
155849478	510	Sticky	Boosts magic and bolt resistances by {0}%.			18	20	20	20	20	1	0	0	0	0	0	1	0	1	0	1	1071601559	1932444153	1	1	粘り強い	魔法耐性と雷耐性が{0}％上昇する	顽强	魔法耐性和雷耐性提升{0}%。	頑強	魔法耐性和雷耐性上升{0}%。	강한 끈기	마법내성과 뇌내성이 {0}% 상승한다
1770887905	511	Golden Glow	Greatly raises sales price.			40	200	200	0	0	1	1	1	1	1	1	1	1	1	1	1	1084648366	1932444153	1	1	黄金の輝き	お店の売却価格が大きく上昇する	金色光芒	出售价格大幅上涨。	金色光芒	出售價格大幅上升。	황금빛	상점의 매각 가격이 크게 상승한다
512404087	512	Sturdy	Boosts DEF by {0}, but reduces SPD by {1}.			20	40	40	-20	-20	1	0	0	0	0	0	1	0	1	0	1	1541775006	1932444153	1	1	頑丈	防御力が{0}上昇するが、代わりに素早さが{1}低下する	坚固	防御力提升{0}，但敏捷降低{1}。	堅固	防禦力上升{0}。不過，敏捷會下降{1}。	견고	방어력이 {0} 상승하는 대신민첩성이 {1} 저하한다
2021393459	513	Spine-Chilling	Has a {0}% chance to inflict Frostbite on the target. Has a {1}% chance to instantly KO the target.			13	30	30	10	10	1	1	0	0	0	0	0	0	0	0	1	672248277	1932444153	1	1	背筋が凍る	対象に{0}％の確率でカチコチを付与し、{1}％の確率で即座に戦闘不能にする	毛骨悚然	有{0}%的概率赋予目标僵直，并有{1}%的概率使其立刻无法战斗。	毛骨悚然	以{0}%的機率賦予目標僵硬，並有{1}%的機率使其立刻無法戰鬥。	오싹해지는 등골	대상에게 {0}%의 확률로 동상을 부여하고{1}%의 확률로 즉시 전투불능으로 만든다
259732645	514	Awakening Heal	Revives the target with {0}% HP if they are KO'd.			21	10	10	0	0	1	0	1	0	1	0	0	0	0	0	1	905217877	1932444153	1	1	気付けの癒し	対象をＨＰ{0}％の状態で戦闘不能状態から復活させる	提神的治愈	使目标从无法战斗的状态中复活，并恢复其{0}%的HP。	提神的治癒	使目標脫離無法戰鬥狀態，並以HP{0}%的狀態復活。	마음의 평화	대상을 HP {0}%의 상태로전투불능 상태에서 부활시킨다
1860198138	515	Windrider	Boosts SPD by {1}, and reduces skill WT by {0}%.			18	3	3	20	20	1	0	0	0	0	0	0	1	1	0	1	587576781	1932444153	1	1	風に乗る	素早さが{1}上昇し、スキルのＷＴが{0}%短縮される	乘着风	敏捷提升{1}，且技能的WT缩短{0}%。	乘著風	敏捷上升{1}，技能的WT縮短{0}%。	순풍	민첩성이 {1} 상승하고스킬의 WT가 {0}% 단축된다
434597488	516	Superhard	Boosts DEF by {0} and ATK by {1}.			40	40	40	10	10	1	0	0	0	0	1	1	0	1	0	1	1071601559	1932444153	1	1	超硬度	防御力が{0}上昇し、攻撃力が{1}上昇する	超硬度	防御力提升{0}，且攻击力提升{1}。	超硬度	防禦力上升{0}，攻擊力上升{1}。	초경도	방어력이 {0} 상승하고공격력이 {1} 상승한다
2131869738	517	Life Awakening	Restores {0}% of the target's HP and {1}% of the user's HP.			12	10	10	30	30	1	0	1	0	0	0	0	0	0	0	1	905217877	1932444153	1	1	目覚める生命	対象のＨＰを{0}％回復し、使用者のＨＰを{1}％回復する	觉醒的生命	恢复目标{0}%的HP，并恢复使用者{1}%的HP。	覺醒的生命	回復目標HP{0}%，並回復使用者的HP{1}%。	깨어나는 생명	대상의 HP를 {0}% 회복하고사용자의 HP를 {1}% 회복한다
135721148	518	Dragon's Vitality	Boosts HP by {1}. Restores {0} HP after defeating an enemy.			45	10	10	50	50	1	0	0	0	0	0	0	1	1	0	1	905217877	1932444153	1	1	竜の生命力	ＨＰが{1}上昇し、敵撃破時にＨＰを{0}回復する	龙的生命力	HP提升{1}，击败敌人时恢复{0}HP。	龍的生命力	HP上升{1}。擊敗敵人時，回復{0}HP。	용의 생명력	HP가 {1} 상승하고적 격파 시에 HP를 {0} 회복한다
1733694163	519	Fresh and Juicy	Increases item uses by {0}. Has a {1}% chance to critical hit.			45	2	2	20	20	1	1	0	0	0	0	0	0	0	0	1	2075481065	1932444153	1	1	みずみずしい	アイテムの使用回数が{0}回分増加し、{1}％の確率でクリティカルが発生する	水嫩	道具的使用次数增加{0}次，并有{1}%的概率发生暴击。	水嫩	道具的使用次數增加{0}次，並有{1}%的機率發生重擊。	신선함	아이템의 사용횟수가 {0}회만큼 증가하고{1}%의 확률로 크리티컬이 발생한다
273752645	520	Mystic Shimmer	Increases item uses by {0}. Restores {1}% of the target's HP.			40	2	2	10	10	1	0	0	0	1	0	0	0	0	0	1	2075481065	1932444153	1	1	神秘の輝き	アイテムの使用回数が{0}回分増加し、対象のＨＰを{1}％回復する	神秘光辉	道具的使用次数增加{0}次，并恢复目标{1}%的HP。	神秘光輝	道具的使用次數增加{0}次，並回復目標HP{1}%。	신비한 빛	아이템의 사용횟수가 {0}회만큼 증가하고대상의 HP를 {1}% 회복한다
1117833508	521	Deflects Evil	Cures all status effects from the target and boosts their evasion rate by {1}.			30	100	100	5	5	1	0	1	0	0	0	0	0	0	0	1	905217877	1932444153	1	1	退魔の力	対象の全ての状態異常を治療し、回避率を{1}％上昇させる	退魔之力	治疗目标所有的异常状态，并使其回避率提升{1}。	退魔之力	治療目標的所有異常狀態，並使其迴避率上升{1}。	퇴마의 힘	대상의 모든 상태이상을 치료하고회피율을 {1}% 상승시킨다
900200886	522	Magnetic	Has a {0}% chance to inflict Paralysis on the target. Deals an additional {1} power bolt damage.			11	20	20	10	10	1	1	0	0	0	0	0	0	0	0	1	672248277	1932444153	1	1	磁気を帯びた	対象に{0}％の確率で麻痺を付与し、威力{1}の雷追加ダメージを与える	附带磁力	有{0}%的概率赋予目标麻痹，并追加对其造成威力{1}的雷伤害。	附帶磁力	以{0}%的機率賦予目標麻痺，並造成威力{1}的雷追加傷害。	자기 현상	대상에게 {0}%의 확률로 마비를 부여하고위력 {1}만큼 뇌속성 추가 대미지를 준다
1397839856	523	Rare Metal	Boosts ATK by {0} and bolt skill power by {1}%.			36	30	30	10	10	1	0	0	0	0	1	0	0	1	0	1	1057447733	1932444153	1	1	レアメタル	攻撃力が{0}上昇し、雷スキル威力が{1}％上昇する	稀有金属	攻击力提升{0}，雷技能威力提升{1}%。	稀有金屬	攻擊力上升{0}，雷技能威力上升{1}%。	레어 메탈	공격력이 {0} 상승하고뇌속성 스킬 위력이 {1}% 상승한다
609642342	524	Flammable	Boosts ATK by {0} and fire skill power by {1}%.			36	30	30	10	10	1	0	0	0	0	1	0	0	1	0	1	1057447733	1932444153	1	1	良く燃える	攻撃力が{0}上昇し、火スキル威力が{1}％上昇する	易燃	攻击力提升{0}，火技能威力提升{1}%。	易燃	攻擊力上升{0}，火技能威力上升{1}%。	가연성	공격력이 {0} 상승하고화속성 스킬 위력이 {1}% 상승한다
1171066171	525	Wing Edge	Boosts ATK by {0} and air skill power by {1}%.			36	30	30	10	10	1	0	0	0	0	1	0	0	1	0	1	1057447733	1932444153	1	1	ウイングエッジ	攻撃力が{0}上昇し、風スキル威力が{1}％上昇する	风刃	攻击力提升{0}，风技能威力提升{1}%。	風刃	攻擊力上升{0}，風技能威力上升{1}%。	윙 에지	공격력이 {0} 상승하고풍속성 스킬 위력이 {1}% 상승한다
852114861	526	Free Spirit	Boosts ATK by {0} and ice skill power by {1}%.			36	30	30	10	10	1	0	0	0	0	1	0	0	1	0	1	1057447733	1932444153	1	1	自由な魂	攻撃力が{0}上昇し、氷スキル威力が{1}％上昇する	自由之魂	攻击力提升{0}，冰技能威力提升{1}%。	自由之魂	攻擊力上升{0}，冰技能威力上升{1}%。	자유로운 혼	공격력이 {0} 상승하고빙속성 스킬 위력이 {1}% 상승한다
1413256169	527	Ominous Pressure	Boosts ATK by {0} and magic skill power by {1}%.			36	30	30	10	10	1	0	0	0	0	1	0	0	1	0	1	1057447733	1932444153	1	1	禍々しい気迫	攻撃力が{0}上昇し、魔法スキル威力が{1}％上昇する	不祥气势	攻击力提升{0}，魔法技能威力提升{1}%。	不祥氣勢	攻擊力上升{0}，魔法技能威力上升{1}%。	불길한 기백	공격력이 {0} 상승하고마법속성 스킬 위력이 {1}% 상승한다
591111039	528	Latent Awakening	Boosts ATK by {0} and physical skill power by {1}%.			36	30	30	10	10	1	0	0	0	0	1	0	0	1	0	1	1057447733	1932444153	1	1	潜在覚醒	攻撃力が{0}上昇し、物理スキル威力が{1}％上昇する	潜在觉醒	攻击力提升{0}，物理技能威力提升{1}%。	潛在覺醒	攻擊力上升{0}，物理技能威力上升{1}%。	잠재각성	공격력이 {0} 상승하고물리속성 스킬 위력이 {1}% 상승한다
1283146002	529	Surging Strength	When using the item, reduces WT by {0}% and has a {1}% chance to critical hit.			40	15	15	30	30	1	1	0	0	0	0	0	0	0	0	1	2075481065	1932444153	1	1	みなぎる胆力	アイテム使用時のＷＴが{0}％短縮され、{1}％の確率でクリティカルが発生する	浑身是胆	使用道具时的WT缩短{0}%，并有{1}%的概率发生暴击。	渾身是膽	使用道具時的WT縮短{0}%，並有{1}%的機率發生重擊。	넘쳐흐르는 담력	아이템 사용 시의 WT가 {0}% 단축되고{1}%의 확률로 크리티컬이 발생한다
998011272	530	Harvest Blessing	Cures all status effects from the target and user.			40	100	100	100	100	1	0	1	0	0	0	0	0	0	0	1	905217877	1932444153	1	1	豊穣の恵み	対象と使用者の状態異常をすべて治療する	丰收的恩惠	治疗目标和使用者的所有异常状态。	豐收的恩惠	治療目標和使用者的所有異常狀態。	풍작의 은총	대상과 사용자의 상태이상을 모두 치료한다
1539045475	531	Puni	Boosts DEF by {0}, but reduces ATK by {1}.			10	20	20	-10	-10	1	0	0	0	0	0	1	1	1	0	1	1541775006	1932444153	1	1	ぷにぷに	防御力が{0}上昇するが、代わりに攻撃力が{1}低下する	噗尼噗尼	防御力提升{0}，但攻击力降低{1}。	噗尼噗尼	防禦力上升{0}。不過，攻擊力會下降{1}。	푸니푸니	방어력이 {0} 상승하는 대신공격력이 {1} 저하한다
750569717	532	Pinnacle of Alchemy	Boosts ATK by {0}, but reduces skill power by {1}%.			36	30	30	30	30	1	0	0	0	0	1	0	0	1	0	1	1221006659	1932444153	1	1	錬金術の頂	攻撃力が{0}上昇し、スキル威力が{1}％上昇する	炼金术巅峰	攻击力提升{0}，且技能威力提升{1}%。	鍊金術巔峰	攻擊力上升{0}，技能威力上升{1}%。	연금술의 정점	공격력이 {0} 상승하고스킬 위력이 {1}% 상승한다
1246389937	533	Sun's Radiance	Cures Burns from the target and raises their fire resistance by {1}%.			36	100	100	30	30	1	0	1	0	0	0	0	0	0	0	1	2075481065	1932444153	1	1	太陽の輝き	対象の火傷状態を治療し、火耐性を{1}％上昇させる	太阳光辉	治疗目标的火伤状态，并使其火耐性提升{1}%。	太陽光輝	治療目標的燒傷狀態，並使其火耐性上升{1}%。	태양의 빛	대상의 화상 상태를 치료하고화내성을 {1}% 상승시킨다
1028478503	534	Sea of Cheese	Selecting this during Trait Transfer raises Item Level by {0}% and raises sales price.			36	10	10	40	40	1	1	1	1	1	1	1	1	1	1	1	1084648366	1932444153	1	1	チーズの海	特性引継ぎ時に選択すると、アイテムレベルを{0}％上昇させ、売却価格が上がる	奶酪之海	若在继承特性时选择，可使道具等级提升{0}%，出售价格上涨。	乳酪之海	若在繼承特性時選擇，可使道具等級上升{0}%，出售價格上升。	치즈의 바다	특성 인계 시에 선택하면아이템 레벨을 {0}% 상승시키고매각 가격이 상승한다
1557544060	535	Stop Time	Reduces the target's SPD by {1}% and boosts the user's SPD by {0}%.			36	20	20	20	20	1	0	0	1	0	0	0	0	0	0	1	2075481065	1932444153	1	1	時を止める	対象の素早さを{1}％低下させ、使用者の素早さが{0}％上昇する	时间暂停	使目标的敏捷下降{1}%，且使用者的敏捷提升{0}%。	暫停時間	使目標的敏捷下降{1}%，使用者的敏捷上升{0}%。	시간 정지	대상의 민첩성을 {1}% 저하시키고사용자의 민첩성이 {0}% 상승한다
735120622	536	Freshly Picked	Boosts the target's critical rate by {0}% and ATK by {1}%.			36	20	20	20	20	1	0	0	0	1	0	0	0	0	0	1	2075481065	1932444153	1	1	採れたて新鮮	対象のクリティカル確率を{0}％上昇させ、攻撃力を{1}％上昇させる	刚摘的最新鲜	使目标的暴击率提升{0}%，攻击力提升{1}%。	剛摘的最新鮮	使目標的重擊率上升{0}%、攻擊力上升{1}%。	신선한 채집물	대상의 크리티컬 확률을 {0}% 상승시키고공격력을 {1}% 상승시킨다
975213118	537	Abundant Aroma	Remove Blindness from the target and raises their air resistance by {1}%.			36	100	100	40	40	1	0	0	0	1	0	0	0	0	0	1	2075481065	1932444153	1	1	香り豊か	対象の暗闇状態を治療し、風耐性を{1}％上昇させる	馥郁香气	治疗目标的盲目状态，并使其风耐性提升{1}%。	濃郁香氣	治療目標的盲目狀態，並使其風耐性上升{1}%。	그윽한 향기	대상의 암흑 상태를 치료하고풍내성을 {1}% 상승시킨다
1432383569	538	Fine Medicine Source	Restores {0}% of the target's HP and ATK by {1}%.			36	10	10	15	15	1	0	1	0	0	0	0	0	0	0	1	2075481065	1932444153	1	1	良薬の素	対象のＨＰを{0}％回復し、攻撃力を{1}％上昇させる	良药之材	恢复目标{0}%的HP，并使其技能威力提升{1}%。	良藥之材	回復目標HP{0}%，並使其技能威力上升{1}%。	명약의 재료	대상의 HP를 {0}% 회복하고공격력을 {1}% 상승시킨다
577192135	539	Divine Scent	Has a {0}% chance to inflict Sleep and Frostbite on the target.			36	40	40	40	40	1	1	0	1	0	0	0	0	0	0	1	672248277	1932444153	1	1	とてもいい香り	対象に{0}％の確率で睡眠とカチコチを付与する	非常好闻的香气	有{0}%的概率赋予目标睡眠和僵直。	非常好聞的香氣	以{0}%的機率賦予目標睡眠和僵硬。	향긋한 향기	대상에게 {0}%의 확률로수면과 동상을 부여한다
351956646	540	Take to the Skies	Boosts the user's SPD by {0}% and has a {1}% chance to not expend uses.			36	30	30	20	20	1	1	1	1	1	0	0	0	0	0	1	2075481065	1932444153	1	1	飛び回る	使用者の素早さを{0}％上昇させ、{1}％の確率で使用回数を消費しない	四处飞舞	使目标的敏捷提升{0}%，并有{1}%的概率不消耗使用次数。	四處飛舞	使用者的敏捷上升{0}%，有{1}%的機率不消耗使用次數。	날아다니기	사용자의 민첩성을 {0}% 상승시키고{1}%의 확률로 사용횟수를 소비하지 않는다
1677549108	541	Melt-in-Your-Mouth	Cures Sleep from the target and boosts evasion rate by {1}%.			36	100	100	8	8	1	0	1	0	0	0	0	0	0	0	1	2075481065	1932444153	1	1	とろけるおいしさ	対象の睡眠を治療し、回避率を{1}％上昇させる	入口即化的美味	治疗目标的睡眠状态，并使其回避率提升{1}%。	入口即化的美味	治療目標的睡眠狀態，並使其迴避率上升{1}%。	혀가 녹는 맛	대상의 수면을 치료하고회피율을 {1}% 상승시킨다
84668534	542	Spirit's Blessing	Increases the item's recovery by [Maximum number of uses x {0}]% in exchange for expending all uses in one go.			36	15	15	0	0	1	0	1	0	0	0	0	0	0	0	1	2075481065	1932444153	1	1	精霊の祝福	1回でアイテムを使い切る代わりに［最大使用回数×{0}］％回復力が増加する。	精灵的祝福	道具只能使用1次，但其恢复力提升〔最大使用次数×{0}〕%。	精靈的祝福	一次耗盡道具。不過，回復力會上升〔最大使用次數×{0}〕%。	정령의 축복	한 번에 아이템을 다 소모하는 대신회복력이 [최대 사용횟수×{0}]% 증가
1913438432	543	Dollmaking	Raises Item Level by {0}% if transferred during synthesis.			36	15	15	0	0	1	0	0	0	0	0	0	0	0	0	1	1084648366	1932444153	1	1	人形を作る	調合時に引き継がれると、アイテムレベルを{0}％上昇させる	制作人偶	若在调合时继承，可使道具等级提升{0}%。	製作人偶	若在調合時繼承，可使道具等級上升{0}%。	인형 제작	조합 시에 인계되면아이템 레벨을 {0}% 상승시킨다
328706749	544	Memory's Timbre	Inflicts Sleep on the target, but boosts their ATK by {1}%.			36	100	100	40	40	1	1	0	1	0	0	0	0	0	0	1	672248277	1932444153	1	1	思い出の音色	対象に睡眠を付与するが、攻撃力を{1}％上昇させる	回忆中的音色	赋予目标睡眠，但使其攻击力提升{1}%。	回憶中的音色	賦予目標睡眠，但使其攻擊力上升{1}%。	추억의 음색	대상에게 수면을 부여하지만공격력을 {1}% 상승시킨다
1687198251	545	Traditional Cuisine	Reduces the target's SPD by {0}%, but boosts item recovery by [{0} ÷ Number of targets]%.			36	50	50	40	40	1	0	1	0	0	0	0	0	0	0	1	2075481065	1932444153	1	1	伝統料理！	対象の素早さを{0}％低下させるが、代わりにアイテムの回復力が［{1}÷効果範囲の対象］％増加する	传统料理！	使目标的敏捷下降{0}%，但道具的恢复力提升〔{0}÷效果范围内的目标〕%。	傳統料理！	使目標的敏捷下降{0}%。不過，道具的回復力會上升〔{0}÷效果範圍內的目標〕%。	전통요리!	대상의 민첩성을 {0}% 저하시키는 대신아이템의 회복력이 [{1}÷효과범위의 대상]%증가한다
40252527	546	Crispy	Reduces the target's DEF by {0}%, but boosts their SPD by {1}%.			36	20	20	40	40	1	0	0	0	1	0	0	0	0	0	1	2075481065	1932444153	1	1	サクサク	対象の防御力を{0}％低下させるが、代わりに素早さを{1}％上昇させる	酥酥脆脆	使目标的防御力下降{0}%，但敏捷提升{1}%。	酥酥脆脆	使目標的防禦力下降{0}%。不過，其敏捷會上升{1}%。	바삭바삭	대상의 방어력을 {0}% 저하시키는 대신민첩성을 {1}% 상승시킨다
1969292537	547	Big Catch	Boosts item power by [Number of targets x {0}]%, and has a {0}% chance to critical hit.			36	10	10	30	30	1	1	0	0	0	0	0	0	0	0	1	2075481065	1932444153	1	1	大漁！	アイテムの威力が［効果範囲の対象×{0}］％増加し、{1}％の確率でクリティカルが発生する	大丰收！	道具的威力提升〔效果范围内的目标×{0}〕%，并有{0}%的概率发生暴击。	大豐收！	道具的威力上升〔效果範圍內的目標×{0}〕%，並有{0}%的機率發生重擊。	대어!	아이템의 위력이[효과범위의 대상×{0}]% 증가하고{1}%의 확률로 크리티컬이 발생한다
1356967735	548	Pure Determination	Blending this with certain other traits can turn them into even more powerful Traits.			20	0	0	0	0	0	0	0	0	0	0	0	0	0	0	0	126056910	126056910	1	1	無垢なる意志	特定の特性と合成することで、より強力な特性にグレードアップさせることができる	纯洁意志	与特定的特性相合成后，可升级为更强大的特性。	純潔意志	與特定的特性合成後，可升級為更強大的特性。	무구한 의지	특정 특성과 합성하면보다 강력한 특성으로 높일 수 있다
907477363	549	Guardian's Pride	Blending this with certain other traits can turn them into even more powerful Traits.			20	0	0	0	0	0	0	0	0	0	0	0	0	0	0	0	126056910	126056910	1	1	守護者の誇り	特定の特性と合成することで、より強力な特性にグレードアップさせることができる	守护者的荣耀	与特定的特性相合成后，可升级为更强大的特性。	守護者的榮耀	與特定的特性合成後，可升級為更強大的特性。	수호자의 긍지	특정 특성과 합성하면보다 강력한 특성으로 높일 수 있다
1091580389	550	Dreamt Up Secret Art	Blending this with certain other traits can turn them into even more powerful Traits.			20	0	0	0	0	0	0	0	0	0	0	0	0	0	0	0	126056910	126056910	1	1	夢見る秘術	特定の特性と合成することで、より強力な特性にグレードアップさせることができる	梦想的秘术	与特定的特性相合成后，可升级为更强大的特性。	夢想的秘術	與特定的特性合成後，可升級為更強大的特性。	꿈꾸는 비술	특정 특성과 합성하면보다 강력한 특성으로 높일 수 있다
546003898	551	The Power of Love	Blending this with certain other traits can turn them into even more powerful Traits.			20	0	0	0	0	0	0	0	0	0	0	0	0	0	0	0	126056910	126056910	1	1	慈愛の力	特定の特性と合成することで、より強力な特性にグレードアップさせることができる	慈爱的力量	与特定的特性相合成后，可升级为更强大的特性。	慈愛的力量	與特定的特性合成後，可升級為更強大的特性。	자애의 힘	특정 특성과 합성하면보다 강력한 특성으로 높일 수 있다
1468820272	552	Seeker of Magic	Blending this with certain other traits can turn them into even more powerful Traits.			20	0	0	0	0	0	0	0	0	0	0	0	0	0	0	0	126056910	126056910	1	1	魔法の探究者	特定の特性と合成することで、より強力な特性にグレードアップさせることができる	魔法探究者	与特定的特性相合成后，可升级为更强大的特性。	魔法探究者	與特定的特性合成後，可升級為更強大的特性。	마법의 탐구자	특정 특성과 합성하면보다 강력한 특성으로 높일 수 있다
830129514	553	Ruler of Shadow and Light	Blending this with certain other traits can turn them into even more powerful Traits.			20	0	0	0	0	0	0	0	0	0	0	0	0	0	0	0	126056910	126056910	1	1	光と闇を統べるもの	特定の特性と合成することで、より強力な特性にグレードアップさせることができる	光影统治者	与特定的特性相合成后，可升级为更强大的特性。	光影統治者	與特定的特性合成後，可升級為更強大的特性。	빛과 어둠의 지배자	특정 특성과 합성하면보다 강력한 특성으로 높일 수 있다
1182660092	554	Fairy Blessing	Blending this with certain other traits can turn them into even more powerful Traits.			20	0	0	0	0	0	0	0	0	0	0	0	0	0	0	0	126056910	126056910	1	1	妖精の祝福	特定の特性と合成することで、より強力な特性にグレードアップさせることができる	妖精祝福	与特定的特性相合成后，可升级为更强大的特性。	妖精祝福	與特定的特性合成後，可升級為更強大的特性。	요정의 축복	특정 특성과 합성하면보다 강력한 특성으로 높일 수 있다
691869587	555	Fairy Boon	Blending this with certain other traits can turn them into even more powerful Traits.			20	0	0	0	0	0	0	0	0	0	0	0	0	0	0	0	126056910	126056910	1	1	妖精の恩恵	特定の特性と合成することで、より強力な特性にグレードアップさせることができる	妖精恩惠	与特定的特性相合成后，可升级为更强大的特性。	妖精恩惠	與特定的特性合成後，可升級為更強大的特性。	요정의 은총	특정 특성과 합성하면보다 강력한 특성으로 높일 수 있다
1580869381	556	Fairy Tune	Blending this with certain other traits can turn them into even more powerful Traits.			20	0	0	0	0	0	0	0	0	0	0	0	0	0	0	0	126056910	126056910	1	1	妖精の調べ	特定の特性と合成することで、より強力な特性にグレードアップさせることができる	妖精旋律	与特定的特性相合成后，可升级为更强大的特性。	妖精旋律	與特定的特性合成後，可升級為更強大的特性。	요정의 선율	특정 특성과 합성하면보다 강력한 특성으로 높일 수 있다
1056812770	557	Fairy Unity	Blending this with certain other traits can turn them into even more powerful Traits.			20	0	0	0	0	0	0	0	0	0	0	0	0	0	0	0	126056910	126056910	1	1	妖精の結び	特定の特性と合成することで、より強力な特性にグレードアップさせることができる	妖精结缘	与特定的特性相合成后，可升级为更强大的特性。	妖精結緣	與特定的特性合成後，可升級為更強大的特性。	요정의 인연	특정 특성과 합성하면보다 강력한 특성으로 높일 수 있다
